GPU: NVIDIA GB10 (SMs=48, cc 12.1) omp_threads=20
tierC order: 131 137 149 167 173 ... (608 primes, 2849254 words) magic-mod OK
*** n=9 a=990326631884761 d=301907130726300 (K=790 shift=0)
*** n=10 a=17124437792129731 d=301907130726300 (K=790 shift=0)
*** n=12 a=29380768861003741 d=301907130726300 (K=790 shift=0)
*** n=16 a=48436489147192801 d=301907130726300 (K=790 shift=0)
*** n=22 a=33536382033800131 d=301907130726300 (K=790 shift=0)
*** n=25 a=72401887103848237 d=301907130726300 (K=790 shift=0)
K=790 sh=0 MOD=1133661268029390 thr=1732900 res=4.67e+09 tierC=608 surv=447 bits=447 conf=447 best=25 gpu=1.31s cpu=0.03s (3.56e+09 res/s)
*** n=27 a=22613650319610967 d=302289291651270 (K=791 shift=0)
K=791 sh=0 MOD=1314244478865930 thr=1732900 res=6.199e+09 tierC=607 surv=1063 bits=1063 conf=1054 best=27 gpu=1.98s cpu=0.07s (3.13e+09 res/s)
K=792 sh=0 MOD=1133661268029390 thr=1732900 res=4.67e+09 tierC=608 surv=485 bits=485 conf=485 best=27 gpu=1.39s cpu=0.04s (3.37e+09 res/s)
K=793 sh=0 MOD=1133661268029390 thr=1732900 res=4.67e+09 tierC=608 surv=460 bits=460 conf=460 best=27 gpu=1.35s cpu=0.03s (3.46e+09 res/s)
K=794 sh=0 MOD=1133661268029390 thr=1732900 res=4.67e+09 tierC=608 surv=475 bits=475 conf=475 best=27 gpu=1.34s cpu=0.04s (3.48e+09 res/s)
*** n=28 a=28283260549955977 d=303817935351150 (K=795 shift=0)
K=795 sh=0 MOD=1133661268029390 thr=1732900 res=4.67e+09 tierC=608 surv=422 bits=422 conf=422 best=28 gpu=1.35s cpu=0.03s (3.45e+09 res/s)
*** n=29 a=68640923396207077 d=304200096276120 (K=796 shift=0)
K=796 sh=0 MOD=1133661268029390 thr=1732900 res=4.67e+09 tierC=608 surv=493 bits=493 conf=493 best=29 gpu=1.34s cpu=0.04s (3.47e+09 res/s)
K=797 sh=0 MOD=1133661268029390 thr=1732900 res=4.67e+09 tierC=607 surv=514 bits=514 conf=513 best=29 gpu=1.35s cpu=0.04s (3.45e+09 res/s)
K=798 sh=0 MOD=1133661268029390 thr=1732900 res=4.67e+09 tierC=608 surv=436 bits=436 conf=436 best=29 gpu=1.36s cpu=0.03s (3.45e+09 res/s)
K=799 sh=0 MOD=1133661268029390 thr=1732900 res=4.67e+09 tierC=608 surv=457 bits=457 conf=457 best=29 gpu=1.35s cpu=0.03s (3.46e+09 res/s)
K=800 sh=0 MOD=1133661268029390 thr=1732900 res=4.67e+09 tierC=608 surv=423 bits=423 conf=423 best=29 gpu=1.35s cpu=0.03s (3.46e+09 res/s)
K=801 sh=0 MOD=1668647484402810 thr=2739100 res=1.1e+10 tierC=607 surv=1956 bits=1956 conf=1935 best=29 gpu=3.46s cpu=0.14s (3.17e+09 res/s)
K=802 sh=0 MOD=1133661268029390 thr=1732900 res=4.67e+09 tierC=607 surv=538 bits=538 conf=538 best=29 gpu=1.47s cpu=0.04s (3.19e+09 res/s)
K=803 sh=0 MOD=1133661268029390 thr=1732900 res=4.67e+09 tierC=608 surv=476 bits=476 conf=476 best=29 gpu=1.35s cpu=0.03s (3.45e+09 res/s)
*** n=30 a=64980771249907237 d=307257383675880 (K=804 shift=0)
K=804 sh=0 MOD=1133661268029390 thr=1732900 res=4.67e+09 tierC=608 surv=447 bits=447 conf=447 best=30 gpu=1.35s cpu=0.04s (3.45e+09 res/s)
K=805 sh=0 MOD=1133661268029390 thr=1732900 res=4.67e+09 tierC=608 surv=418 bits=418 conf=418 best=30 gpu=1.35s cpu=0.03s (3.46e+09 res/s)
K=806 sh=0 MOD=1133661268029390 thr=1732900 res=4.67e+09 tierC=608 surv=473 bits=473 conf=473 best=30 gpu=1.35s cpu=0.03s (3.46e+09 res/s)
K=807 sh=0 MOD=1133661268029390 thr=1732900 res=4.67e+09 tierC=607 surv=605 bits=605 conf=603 best=30 gpu=1.39s cpu=0.05s (3.37e+09 res/s)
K=808 sh=0 MOD=1470392337741090 thr=1974700 res=7.928e+09 tierC=607 surv=1430 bits=1430 conf=1415 best=30 gpu=2.52s cpu=0.10s (3.14e+09 res/s)
K=809 sh=0 MOD=1133661268029390 thr=1732900 res=4.67e+09 tierC=607 surv=527 bits=527 conf=526 best=30 gpu=1.42s cpu=0.04s (3.3e+09 res/s)
K=810 sh=0 MOD=1133661268029390 thr=1732900 res=4.67e+09 tierC=608 surv=417 bits=417 conf=417 best=30 gpu=1.36s cpu=0.03s (3.45e+09 res/s)
K=811 sh=0 MOD=1133661268029390 thr=1732900 res=4.67e+09 tierC=608 surv=474 bits=474 conf=474 best=30 gpu=1.35s cpu=0.04s (3.46e+09 res/s)
K=812 sh=0 MOD=1133661268029390 thr=1732900 res=4.67e+09 tierC=608 surv=425 bits=425 conf=425 best=30 gpu=1.35s cpu=0.03s (3.45e+09 res/s)
K=813 sh=0 MOD=1133661268029390 thr=1732900 res=4.67e+09 tierC=608 surv=450 bits=450 conf=450 best=30 gpu=1.35s cpu=0.03s (3.46e+09 res/s)
K=814 sh=0 MOD=1133661268029390 thr=1732900 res=4.67e+09 tierC=608 surv=480 bits=480 conf=480 best=30 gpu=1.35s cpu=0.04s (3.46e+09 res/s)
K=815 sh=0 MOD=1133661268029390 thr=1732900 res=4.67e+09 tierC=608 surv=480 bits=480 conf=480 best=30 gpu=1.35s cpu=0.04s (3.45e+09 res/s)
*** n=32 a=23284449359894029 d=311843314775520 (K=816 shift=0)
K=816 sh=0 MOD=1133661268029390 thr=1732900 res=4.67e+09 tierC=608 surv=502 bits=502 conf=502 best=32 gpu=1.35s cpu=0.04s (3.45e+09 res/s)
K=817 sh=0 MOD=1133661268029390 thr=1732900 res=4.67e+09 tierC=608 surv=469 bits=469 conf=469 best=32 gpu=1.35s cpu=0.03s (3.47e+09 res/s)
K=818 sh=0 MOD=1133661268029390 thr=1732900 res=4.67e+09 tierC=608 surv=482 bits=482 conf=482 best=32 gpu=1.35s cpu=0.04s (3.46e+09 res/s)
*** n=36 a=6028498975766917 d=312989797550430 (K=819 shift=0)
K=819 sh=0 MOD=1133661268029390 thr=1732900 res=4.67e+09 tierC=608 surv=457 bits=457 conf=457 best=36 gpu=1.35s cpu=0.04s (3.45e+09 res/s)
K=820 sh=0 MOD=1133661268029390 thr=1732900 res=4.67e+09 tierC=608 surv=445 bits=445 conf=445 best=36 gpu=1.35s cpu=0.03s (3.46e+09 res/s)
K=821 sh=0 MOD=1133661268029390 thr=1732900 res=4.67e+09 tierC=607 surv=493 bits=493 conf=493 best=36 gpu=1.35s cpu=0.04s (3.46e+09 res/s)
K=822 sh=0 MOD=1133661268029390 thr=1732900 res=4.67e+09 tierC=607 surv=811 bits=811 conf=808 best=36 gpu=1.49s cpu=0.06s (3.13e+09 res/s)
K=823 sh=0 MOD=1133661268029390 thr=1732900 res=4.67e+09 tierC=608 surv=460 bits=460 conf=460 best=36 gpu=1.37s cpu=0.03s (3.4e+09 res/s)
K=824 sh=0 MOD=1133661268029390 thr=1732900 res=4.67e+09 tierC=608 surv=458 bits=458 conf=458 best=36 gpu=1.35s cpu=0.03s (3.46e+09 res/s)
K=825 sh=0 MOD=1133661268029390 thr=1732900 res=4.67e+09 tierC=608 surv=479 bits=479 conf=479 best=36 gpu=1.35s cpu=0.03s (3.45e+09 res/s)
K=826 sh=0 MOD=19214597763210 thr=1732900 res=4.67e+09 tierC=608 surv=475 bits=475 conf=470 best=36 gpu=1.35s cpu=0.02s (3.47e+09 res/s)
K=827 sh=0 MOD=1133661268029390 thr=1732900 res=4.67e+09 tierC=607 surv=434 bits=434 conf=434 best=36 gpu=1.34s cpu=0.03s (3.49e+09 res/s)
K=828 sh=0 MOD=1133661268029390 thr=1732900 res=4.67e+09 tierC=608 surv=475 bits=475 conf=475 best=36 gpu=1.36s cpu=0.03s (3.43e+09 res/s)
K=829 sh=0 MOD=1133661268029390 thr=1732900 res=4.67e+09 tierC=608 surv=458 bits=458 conf=458 best=36 gpu=1.35s cpu=0.03s (3.47e+09 res/s)
K=830 sh=0 MOD=1789272603757230 thr=3396484 res=1.364e+10 tierC=607 surv=2414 bits=2414 conf=2393 best=36 gpu=4.28s cpu=0.17s (3.19e+09 res/s)
K=831 sh=0 MOD=1133661268029390 thr=1732900 res=4.67e+09 tierC=608 surv=433 bits=433 conf=433 best=36 gpu=1.49s cpu=0.03s (3.13e+09 res/s)
K=832 sh=0 MOD=1133661268029390 thr=1732900 res=4.67e+09 tierC=608 surv=485 bits=485 conf=485 best=36 gpu=1.35s cpu=0.04s (3.45e+09 res/s)
K=833 sh=0 MOD=1133661268029390 thr=1732900 res=4.67e+09 tierC=608 surv=452 bits=452 conf=452 best=36 gpu=1.36s cpu=0.03s (3.44e+09 res/s)
K=834 sh=0 MOD=1133661268029390 thr=1732900 res=4.67e+09 tierC=608 surv=443 bits=443 conf=443 best=36 gpu=1.36s cpu=0.03s (3.43e+09 res/s)
K=835 sh=0 MOD=1133661268029390 thr=1732900 res=4.67e+09 tierC=607 surv=701 bits=701 conf=696 best=36 gpu=1.46s cpu=0.05s (3.2e+09 res/s)
*** n=37 a=72428693102327629 d=319486533274920 (K=836 shift=0)
K=836 sh=0 MOD=1133661268029390 thr=1732900 res=4.67e+09 tierC=608 surv=432 bits=432 conf=432 best=37 gpu=1.38s cpu=0.03s (3.4e+09 res/s)
K=837 sh=0 MOD=1133661268029390 thr=1732900 res=4.67e+09 tierC=608 surv=464 bits=464 conf=464 best=37 gpu=1.36s cpu=0.04s (3.43e+09 res/s)
K=838 sh=0 MOD=1133661268029390 thr=1732900 res=4.67e+09 tierC=607 surv=560 bits=560 conf=560 best=37 gpu=1.37s cpu=0.04s (3.4e+09 res/s)
K=839 sh=0 MOD=1133661268029390 thr=1732900 res=4.67e+09 tierC=607 surv=466 bits=466 conf=466 best=37 gpu=1.37s cpu=0.04s (3.41e+09 res/s)
K=840 sh=0 MOD=1133661268029390 thr=1732900 res=4.67e+09 tierC=608 surv=473 bits=473 conf=473 best=37 gpu=1.36s cpu=0.04s (3.43e+09 res/s)
K=841 sh=0 MOD=1133661268029390 thr=1732900 res=4.67e+09 tierC=608 surv=418 bits=418 conf=418 best=37 gpu=1.36s cpu=0.03s (3.43e+09 res/s)
K=842 sh=0 MOD=1133661268029390 thr=1732900 res=4.67e+09 tierC=608 surv=488 bits=488 conf=488 best=37 gpu=1.36s cpu=0.04s (3.44e+09 res/s)
K=843 sh=0 MOD=1133661268029390 thr=1732900 res=4.67e+09 tierC=607 surv=596 bits=596 conf=592 best=37 gpu=1.40s cpu=0.04s (3.35e+09 res/s)
K=844 sh=0 MOD=1133661268029390 thr=1732900 res=4.67e+09 tierC=608 surv=492 bits=492 conf=492 best=37 gpu=1.37s cpu=0.04s (3.42e+09 res/s)
K=845 sh=0 MOD=1133661268029390 thr=1732900 res=4.67e+09 tierC=608 surv=437 bits=437 conf=437 best=37 gpu=1.36s cpu=0.03s (3.42e+09 res/s)
K=846 sh=0 MOD=1133661268029390 thr=1732900 res=4.67e+09 tierC=608 surv=478 bits=478 conf=478 best=37 gpu=1.36s cpu=0.04s (3.43e+09 res/s)
K=847 sh=0 MOD=1133661268029390 thr=1732900 res=4.67e+09 tierC=608 surv=512 bits=512 conf=512 best=37 gpu=1.36s cpu=0.04s (3.43e+09 res/s)
K=848 sh=0 MOD=1133661268029390 thr=1732900 res=4.67e+09 tierC=608 surv=427 bits=427 conf=427 best=37 gpu=1.37s cpu=0.03s (3.42e+09 res/s)
K=849 sh=0 MOD=1133661268029390 thr=1732900 res=4.67e+09 tierC=608 surv=463 bits=463 conf=463 best=37 gpu=1.35s cpu=0.04s (3.45e+09 res/s)
K=850 sh=0 MOD=1133661268029390 thr=1732900 res=4.67e+09 tierC=608 surv=462 bits=462 conf=462 best=37 gpu=1.36s cpu=0.03s (3.44e+09 res/s)
K=851 sh=0 MOD=1133661268029390 thr=1732900 res=4.67e+09 tierC=608 surv=467 bits=467 conf=467 best=37 gpu=1.36s cpu=0.04s (3.44e+09 res/s)
K=852 sh=0 MOD=15967060113090 thr=133300 res=3.592e+08 tierC=608 surv=31 bits=31 conf=30 best=37 gpu=0.16s cpu=0.01s (2.2e+09 res/s)
K=853 sh=0 MOD=1133661268029390 thr=1732900 res=4.67e+09 tierC=608 surv=474 bits=474 conf=474 best=37 gpu=1.33s cpu=0.04s (3.5e+09 res/s)
K=854 sh=0 MOD=1133661268029390 thr=1732900 res=4.67e+09 tierC=608 surv=484 bits=484 conf=484 best=37 gpu=1.36s cpu=0.04s (3.43e+09 res/s)
K=855 sh=0 MOD=1133661268029390 thr=1732900 res=4.67e+09 tierC=608 surv=464 bits=464 conf=464 best=37 gpu=1.36s cpu=0.04s (3.43e+09 res/s)
K=856 sh=0 MOD=1387940430951870 thr=1732900 res=6.958e+09 tierC=607 surv=1229 bits=1229 conf=1218 best=37 gpu=2.23s cpu=0.09s (3.12e+09 res/s)
K=857 sh=0 MOD=1133661268029390 thr=1732900 res=4.67e+09 tierC=607 surv=511 bits=511 conf=511 best=37 gpu=1.41s cpu=0.04s (3.31e+09 res/s)
K=858 sh=0 MOD=1133661268029390 thr=1732900 res=4.67e+09 tierC=608 surv=446 bits=446 conf=446 best=37 gpu=1.36s cpu=0.03s (3.44e+09 res/s)
K=859 sh=0 MOD=1133661268029390 thr=1732900 res=4.67e+09 tierC=608 surv=486 bits=486 conf=486 best=37 gpu=1.36s cpu=0.04s (3.44e+09 res/s)
K=860 sh=0 MOD=1133661268029390 thr=1732900 res=4.67e+09 tierC=608 surv=469 bits=469 conf=469 best=37 gpu=1.36s cpu=0.03s (3.43e+09 res/s)
K=861 sh=0 MOD=1133661268029390 thr=1732900 res=4.67e+09 tierC=608 surv=440 bits=440 conf=440 best=37 gpu=1.36s cpu=0.03s (3.43e+09 res/s)
K=862 sh=0 MOD=1133661268029390 thr=1732900 res=4.67e+09 tierC=607 surv=488 bits=488 conf=488 best=37 gpu=1.37s cpu=0.03s (3.42e+09 res/s)
K=863 sh=0 MOD=1133661268029390 thr=1732900 res=4.67e+09 tierC=607 surv=504 bits=504 conf=504 best=37 gpu=1.36s cpu=0.04s (3.43e+09 res/s)
K=864 sh=0 MOD=1133661268029390 thr=1732900 res=4.67e+09 tierC=608 surv=426 bits=426 conf=426 best=37 gpu=1.36s cpu=0.03s (3.42e+09 res/s)
K=865 sh=0 MOD=1133661268029390 thr=1732900 res=4.67e+09 tierC=607 surv=697 bits=697 conf=692 best=37 gpu=1.45s cpu=0.05s (3.22e+09 res/s)
K=866 sh=0 MOD=1133661268029390 thr=1732900 res=4.67e+09 tierC=608 surv=470 bits=470 conf=470 best=37 gpu=1.37s cpu=0.03s (3.4e+09 res/s)
K=867 sh=0 MOD=1133661268029390 thr=1732900 res=4.67e+09 tierC=608 surv=488 bits=488 conf=488 best=37 gpu=1.36s cpu=0.03s (3.43e+09 res/s)
K=868 sh=0 MOD=1133661268029390 thr=1732900 res=4.67e+09 tierC=608 surv=430 bits=430 conf=430 best=37 gpu=1.36s cpu=0.03s (3.44e+09 res/s)
K=869 sh=0 MOD=1133661268029390 thr=1732900 res=4.67e+09 tierC=608 surv=443 bits=443 conf=443 best=37 gpu=1.36s cpu=0.03s (3.44e+09 res/s)
K=870 sh=0 MOD=1133661268029390 thr=1732900 res=4.67e+09 tierC=608 surv=433 bits=433 conf=433 best=37 gpu=1.36s cpu=0.03s (3.45e+09 res/s)
K=871 sh=0 MOD=1133661268029390 thr=1732900 res=4.67e+09 tierC=608 surv=476 bits=476 conf=476 best=37 gpu=1.36s cpu=0.04s (3.44e+09 res/s)
K=872 sh=0 MOD=1133661268029390 thr=1732900 res=4.67e+09 tierC=608 surv=448 bits=448 conf=448 best=37 gpu=1.36s cpu=0.03s (3.44e+09 res/s)
K=873 sh=0 MOD=1133661268029390 thr=1732900 res=4.67e+09 tierC=608 surv=496 bits=496 conf=496 best=37 gpu=1.36s cpu=0.04s (3.44e+09 res/s)
K=874 sh=0 MOD=1133661268029390 thr=1732900 res=4.67e+09 tierC=608 surv=481 bits=481 conf=481 best=37 gpu=1.36s cpu=0.04s (3.43e+09 res/s)
K=875 sh=0 MOD=1133661268029390 thr=1732900 res=4.67e+09 tierC=608 surv=453 bits=453 conf=453 best=37 gpu=1.36s cpu=0.03s (3.43e+09 res/s)
K=876 sh=0 MOD=1133661268029390 thr=1732900 res=4.67e+09 tierC=608 surv=462 bits=462 conf=462 best=37 gpu=1.36s cpu=0.03s (3.43e+09 res/s)
K=877 sh=0 MOD=1133661268029390 thr=1732900 res=4.67e+09 tierC=608 surv=481 bits=481 conf=481 best=37 gpu=1.36s cpu=0.04s (3.44e+09 res/s)
K=878 sh=0 MOD=1133661268029390 thr=1732900 res=4.67e+09 tierC=608 surv=437 bits=437 conf=437 best=37 gpu=1.36s cpu=0.03s (3.44e+09 res/s)
K=879 sh=0 MOD=1133661268029390 thr=1732900 res=4.67e+09 tierC=607 surv=603 bits=603 conf=601 best=37 gpu=1.39s cpu=0.04s (3.36e+09 res/s)
K=880 sh=0 MOD=1133661268029390 thr=1732900 res=4.67e+09 tierC=608 surv=487 bits=487 conf=487 best=37 gpu=1.37s cpu=0.04s (3.42e+09 res/s)
K=881 sh=0 MOD=1133661268029390 thr=1732900 res=4.67e+09 tierC=607 surv=511 bits=511 conf=511 best=37 gpu=1.36s cpu=0.04s (3.42e+09 res/s)
K=882 sh=0 MOD=1133661268029390 thr=1732900 res=4.67e+09 tierC=608 surv=481 bits=481 conf=481 best=37 gpu=1.37s cpu=0.04s (3.42e+09 res/s)
K=883 sh=0 MOD=1133661268029390 thr=1732900 res=4.67e+09 tierC=608 surv=465 bits=465 conf=465 best=37 gpu=1.37s cpu=0.03s (3.42e+09 res/s)
K=884 sh=0 MOD=1133661268029390 thr=1732900 res=4.67e+09 tierC=608 surv=489 bits=489 conf=489 best=37 gpu=1.36s cpu=0.04s (3.44e+09 res/s)
K=885 sh=0 MOD=19214597763210 thr=1732900 res=4.67e+09 tierC=608 surv=472 bits=472 conf=469 best=37 gpu=1.36s cpu=0.03s (3.43e+09 res/s)
K=886 sh=0 MOD=1133661268029390 thr=1732900 res=4.67e+09 tierC=607 surv=560 bits=560 conf=560 best=37 gpu=1.35s cpu=0.04s (3.45e+09 res/s)
K=887 sh=0 MOD=1133661268029390 thr=1732900 res=4.67e+09 tierC=607 surv=542 bits=542 conf=541 best=37 gpu=1.37s cpu=0.04s (3.42e+09 res/s)
K=888 sh=0 MOD=1133661268029390 thr=1732900 res=4.67e+09 tierC=608 surv=439 bits=439 conf=439 best=37 gpu=1.36s cpu=0.03s (3.42e+09 res/s)
K=889 sh=0 MOD=1133661268029390 thr=1732900 res=4.67e+09 tierC=608 surv=490 bits=490 conf=490 best=37 gpu=1.36s cpu=0.03s (3.43e+09 res/s)
K=890 sh=0 MOD=1668647484402810 thr=2739100 res=1.1e+10 tierC=607 surv=2050 bits=2050 conf=2036 best=37 gpu=3.49s cpu=0.14s (3.15e+09 res/s)
K=891 sh=0 MOD=1133661268029390 thr=1732900 res=4.67e+09 tierC=608 surv=464 bits=464 conf=464 best=37 gpu=1.47s cpu=0.03s (3.18e+09 res/s)
K=892 sh=0 MOD=1133661268029390 thr=1732900 res=4.67e+09 tierC=608 surv=441 bits=441 conf=441 best=37 gpu=1.36s cpu=0.03s (3.44e+09 res/s)
K=893 sh=0 MOD=1133661268029390 thr=1732900 res=4.67e+09 tierC=608 surv=436 bits=436 conf=436 best=37 gpu=1.36s cpu=0.03s (3.44e+09 res/s)
K=894 sh=0 MOD=1133661268029390 thr=1732900 res=4.67e+09 tierC=607 surv=787 bits=787 conf=785 best=37 gpu=1.48s cpu=0.05s (3.15e+09 res/s)
K=895 sh=0 MOD=1133661268029390 thr=1732900 res=4.67e+09 tierC=607 surv=597 bits=597 conf=594 best=37 gpu=1.47s cpu=0.04s (3.18e+09 res/s)
K=896 sh=0 MOD=1133661268029390 thr=1732900 res=4.67e+09 tierC=608 surv=444 bits=444 conf=444 best=37 gpu=1.37s cpu=0.03s (3.41e+09 res/s)
K=897 sh=0 MOD=1133661268029390 thr=1732900 res=4.67e+09 tierC=608 surv=430 bits=430 conf=430 best=37 gpu=1.35s cpu=0.03s (3.45e+09 res/s)
K=898 sh=0 MOD=1133661268029390 thr=1732900 res=4.67e+09 tierC=607 surv=562 bits=562 conf=562 best=37 gpu=1.36s cpu=0.04s (3.43e+09 res/s)
K=899 sh=0 MOD=1133661268029390 thr=1732900 res=4.67e+09 tierC=608 surv=470 bits=470 conf=470 best=37 gpu=1.36s cpu=0.03s (3.42e+09 res/s)
K=900 sh=0 MOD=1133661268029390 thr=1732900 res=4.67e+09 tierC=608 surv=454 bits=454 conf=454 best=37 gpu=1.36s cpu=0.04s (3.44e+09 res/s)
K=901 sh=0 MOD=1133661268029390 thr=1732900 res=4.67e+09 tierC=608 surv=453 bits=453 conf=453 best=37 gpu=1.36s cpu=0.03s (3.44e+09 res/s)
K=902 sh=0 MOD=1133661268029390 thr=1732900 res=4.67e+09 tierC=608 surv=455 bits=455 conf=455 best=37 gpu=1.36s cpu=0.03s (3.43e+09 res/s)
K=903 sh=0 MOD=1133661268029390 thr=1732900 res=4.67e+09 tierC=608 surv=473 bits=473 conf=473 best=37 gpu=1.36s cpu=0.04s (3.43e+09 res/s)
K=904 sh=0 MOD=1314244478865930 thr=1732900 res=6.199e+09 tierC=607 surv=1121 bits=1121 conf=1112 best=37 gpu=2.00s cpu=0.08s (3.1e+09 res/s)
K=905 sh=0 MOD=1133661268029390 thr=1732900 res=4.67e+09 tierC=608 surv=465 bits=465 conf=465 best=37 gpu=1.40s cpu=0.03s (3.33e+09 res/s)
K=906 sh=0 MOD=1133661268029390 thr=1732900 res=4.67e+09 tierC=608 surv=427 bits=427 conf=427 best=37 gpu=1.36s cpu=0.03s (3.43e+09 res/s)
K=907 sh=0 MOD=1133661268029390 thr=1732900 res=4.67e+09 tierC=608 surv=441 bits=441 conf=441 best=37 gpu=1.36s cpu=0.03s (3.44e+09 res/s)
K=908 sh=0 MOD=1133661268029390 thr=1732900 res=4.67e+09 tierC=607 surv=612 bits=612 conf=608 best=37 gpu=1.40s cpu=0.05s (3.33e+09 res/s)
K=909 sh=0 MOD=1470392337741090 thr=1974700 res=7.928e+09 tierC=607 surv=1438 bits=1438 conf=1426 best=37 gpu=2.55s cpu=0.10s (3.11e+09 res/s)
K=910 sh=0 MOD=1133661268029390 thr=1732900 res=4.67e+09 tierC=608 surv=479 bits=479 conf=479 best=37 gpu=1.42s cpu=0.04s (3.28e+09 res/s)
K=911 sh=0 MOD=1133661268029390 thr=1732900 res=4.67e+09 tierC=607 surv=477 bits=477 conf=477 best=37 gpu=1.37s cpu=0.04s (3.41e+09 res/s)
K=912 sh=0 MOD=1133661268029390 thr=1732900 res=4.67e+09 tierC=608 surv=464 bits=464 conf=464 best=37 gpu=1.36s cpu=0.03s (3.44e+09 res/s)
K=913 sh=0 MOD=1789272603757230 thr=3396484 res=1.364e+10 tierC=607 surv=2322 bits=2322 conf=2300 best=37 gpu=4.30s cpu=0.16s (3.17e+09 res/s)
K=914 sh=0 MOD=1133661268029390 thr=1732900 res=4.67e+09 tierC=608 surv=510 bits=510 conf=510 best=37 gpu=1.49s cpu=0.04s (3.14e+09 res/s)
K=915 sh=0 MOD=1133661268029390 thr=1732900 res=4.67e+09 tierC=608 surv=465 bits=465 conf=465 best=37 gpu=1.36s cpu=0.04s (3.43e+09 res/s)
K=916 sh=0 MOD=1133661268029390 thr=1732900 res=4.67e+09 tierC=608 surv=457 bits=457 conf=457 best=37 gpu=1.36s cpu=0.04s (3.45e+09 res/s)
K=917 sh=0 MOD=1133661268029390 thr=1732900 res=4.67e+09 tierC=607 surv=824 bits=824 conf=821 best=37 gpu=1.52s cpu=0.06s (3.08e+09 res/s)
K=918 sh=0 MOD=1133661268029390 thr=1732900 res=4.67e+09 tierC=608 surv=476 bits=476 conf=476 best=37 gpu=1.38s cpu=0.04s (3.38e+09 res/s)
K=919 sh=0 MOD=1133661268029390 thr=1732900 res=4.67e+09 tierC=608 surv=489 bits=489 conf=489 best=37 gpu=1.36s cpu=0.04s (3.44e+09 res/s)
K=920 sh=0 MOD=1133661268029390 thr=1732900 res=4.67e+09 tierC=608 surv=463 bits=463 conf=463 best=37 gpu=1.36s cpu=0.04s (3.42e+09 res/s)
K=921 sh=0 MOD=1133661268029390 thr=1732900 res=4.67e+09 tierC=608 surv=474 bits=474 conf=474 best=37 gpu=1.36s cpu=0.04s (3.44e+09 res/s)
K=922 sh=0 MOD=1133661268029390 thr=1732900 res=4.67e+09 tierC=607 surv=511 bits=511 conf=510 best=37 gpu=1.36s cpu=0.04s (3.42e+09 res/s)
K=923 sh=0 MOD=15967060113090 thr=133300 res=3.592e+08 tierC=608 surv=30 bits=30 conf=30 best=37 gpu=0.17s cpu=0.01s (2.18e+09 res/s)
K=924 sh=0 MOD=1133661268029390 thr=1732900 res=4.67e+09 tierC=608 surv=480 bits=480 conf=480 best=37 gpu=1.33s cpu=0.04s (3.5e+09 res/s)
K=925 sh=0 MOD=1133661268029390 thr=1732900 res=4.67e+09 tierC=608 surv=452 bits=452 conf=452 best=37 gpu=1.36s cpu=0.03s (3.44e+09 res/s)
K=926 sh=0 MOD=1133661268029390 thr=1732900 res=4.67e+09 tierC=608 surv=457 bits=457 conf=457 best=37 gpu=1.36s cpu=0.03s (3.44e+09 res/s)
K=927 sh=0 MOD=1133661268029390 thr=1732900 res=4.67e+09 tierC=608 surv=479 bits=479 conf=479 best=37 gpu=1.36s cpu=0.04s (3.44e+09 res/s)
K=928 sh=0 MOD=1133661268029390 thr=1732900 res=4.67e+09 tierC=608 surv=484 bits=484 conf=484 best=37 gpu=1.36s cpu=0.04s (3.43e+09 res/s)
K=929 sh=0 MOD=1133661268029390 thr=1732900 res=4.67e+09 tierC=607 surv=476 bits=476 conf=476 best=37 gpu=1.36s cpu=0.04s (3.43e+09 res/s)
K=930 sh=0 MOD=1133661268029390 thr=1732900 res=4.67e+09 tierC=608 surv=459 bits=459 conf=459 best=37 gpu=1.36s cpu=0.03s (3.44e+09 res/s)
K=931 sh=0 MOD=1133661268029390 thr=1732900 res=4.67e+09 tierC=608 surv=449 bits=449 conf=449 best=37 gpu=1.36s cpu=0.04s (3.43e+09 res/s)
K=932 sh=0 MOD=1133661268029390 thr=1732900 res=4.67e+09 tierC=607 surv=610 bits=610 conf=606 best=37 gpu=1.42s cpu=0.04s (3.3e+09 res/s)
K=933 sh=0 MOD=1133661268029390 thr=1732900 res=4.67e+09 tierC=607 surv=570 bits=570 conf=568 best=37 gpu=1.39s cpu=0.04s (3.35e+09 res/s)
K=934 sh=0 MOD=1133661268029390 thr=1732900 res=4.67e+09 tierC=607 surv=549 bits=549 conf=549 best=37 gpu=1.37s cpu=0.04s (3.4e+09 res/s)
K=935 sh=0 MOD=1133661268029390 thr=1732900 res=4.67e+09 tierC=608 surv=478 bits=478 conf=478 best=37 gpu=1.37s cpu=0.04s (3.42e+09 res/s)
K=936 sh=0 MOD=1133661268029390 thr=1732900 res=4.67e+09 tierC=608 surv=455 bits=455 conf=455 best=37 gpu=1.36s cpu=0.03s (3.43e+09 res/s)
K=937 sh=0 MOD=1133661268029390 thr=1732900 res=4.67e+09 tierC=608 surv=459 bits=459 conf=459 best=37 gpu=1.36s cpu=0.03s (3.44e+09 res/s)
K=938 sh=0 MOD=1133661268029390 thr=1732900 res=4.67e+09 tierC=608 surv=430 bits=430 conf=430 best=37 gpu=1.35s cpu=0.03s (3.45e+09 res/s)
K=939 sh=0 MOD=1133661268029390 thr=1732900 res=4.67e+09 tierC=608 surv=456 bits=456 conf=456 best=37 gpu=1.36s cpu=0.03s (3.44e+09 res/s)
K=940 sh=0 MOD=1133661268029390 thr=1732900 res=4.67e+09 tierC=608 surv=459 bits=459 conf=459 best=37 gpu=1.36s cpu=0.04s (3.44e+09 res/s)
K=941 sh=0 MOD=1133661268029390 thr=1732900 res=4.67e+09 tierC=607 surv=534 bits=534 conf=534 best=37 gpu=1.36s cpu=0.04s (3.44e+09 res/s)
K=942 sh=0 MOD=1133661268029390 thr=1732900 res=4.67e+09 tierC=608 surv=439 bits=439 conf=439 best=37 gpu=1.37s cpu=0.03s (3.42e+09 res/s)
K=943 sh=0 MOD=1133661268029390 thr=1732900 res=4.67e+09 tierC=608 surv=460 bits=460 conf=460 best=37 gpu=1.36s cpu=0.03s (3.45e+09 res/s)
K=944 sh=0 MOD=19214597763210 thr=1732900 res=4.67e+09 tierC=608 surv=451 bits=451 conf=450 best=37 gpu=1.36s cpu=0.03s (3.44e+09 res/s)
K=945 sh=0 MOD=1133661268029390 thr=1732900 res=4.67e+09 tierC=608 surv=447 bits=447 conf=447 best=37 gpu=1.35s cpu=0.04s (3.46e+09 res/s)
K=946 sh=0 MOD=1133661268029390 thr=1732900 res=4.67e+09 tierC=608 surv=420 bits=420 conf=420 best=37 gpu=1.36s cpu=0.03s (3.43e+09 res/s)
K=947 sh=0 MOD=1133661268029390 thr=1732900 res=4.67e+09 tierC=607 surv=469 bits=469 conf=469 best=37 gpu=1.36s cpu=0.03s (3.44e+09 res/s)
K=948 sh=0 MOD=1133661268029390 thr=1732900 res=4.67e+09 tierC=608 surv=437 bits=437 conf=437 best=37 gpu=1.36s cpu=0.03s (3.44e+09 res/s)
K=949 sh=0 MOD=1133661268029390 thr=1732900 res=4.67e+09 tierC=608 surv=446 bits=446 conf=446 best=37 gpu=1.36s cpu=0.03s (3.44e+09 res/s)
K=950 sh=0 MOD=1133661268029390 thr=1732900 res=4.67e+09 tierC=608 surv=477 bits=477 conf=477 best=37 gpu=1.35s cpu=0.04s (3.45e+09 res/s)
K=951 sh=0 MOD=1133661268029390 thr=1732900 res=4.67e+09 tierC=607 surv=557 bits=557 conf=554 best=37 gpu=1.39s cpu=0.04s (3.37e+09 res/s)
K=952 sh=0 MOD=1133661268029390 thr=1732900 res=4.67e+09 tierC=608 surv=450 bits=450 conf=450 best=37 gpu=1.37s cpu=0.04s (3.42e+09 res/s)
K=953 sh=0 MOD=1133661268029390 thr=1732900 res=4.67e+09 tierC=607 surv=508 bits=508 conf=508 best=37 gpu=1.36s cpu=0.04s (3.44e+09 res/s)
K=954 sh=0 MOD=1133661268029390 thr=1732900 res=4.67e+09 tierC=608 surv=455 bits=455 conf=455 best=37 gpu=1.36s cpu=0.04s (3.43e+09 res/s)
K=955 sh=0 MOD=1133661268029390 thr=1732900 res=4.67e+09 tierC=607 surv=646 bits=646 conf=642 best=37 gpu=1.44s cpu=0.04s (3.25e+09 res/s)
K=956 sh=0 MOD=1133661268029390 thr=1732900 res=4.67e+09 tierC=607 surv=578 bits=578 conf=574 best=37 gpu=1.42s cpu=0.04s (3.29e+09 res/s)
K=957 sh=0 MOD=1133661268029390 thr=1732900 res=4.67e+09 tierC=608 surv=483 bits=483 conf=483 best=37 gpu=1.37s cpu=0.04s (3.42e+09 res/s)
K=958 sh=0 MOD=1133661268029390 thr=1732900 res=4.67e+09 tierC=607 surv=518 bits=518 conf=518 best=37 gpu=1.37s cpu=0.04s (3.42e+09 res/s)
K=959 sh=0 MOD=1133661268029390 thr=1732900 res=4.67e+09 tierC=607 surv=830 bits=830 conf=825 best=37 gpu=1.51s cpu=0.06s (3.1e+09 res/s)
K=960 sh=0 MOD=1133661268029390 thr=1732900 res=4.67e+09 tierC=608 surv=464 bits=464 conf=464 best=37 gpu=1.38s cpu=0.04s (3.38e+09 res/s)
K=961 sh=0 MOD=1133661268029390 thr=1732900 res=4.67e+09 tierC=608 surv=480 bits=480 conf=480 best=37 gpu=1.36s cpu=0.04s (3.44e+09 res/s)
K=962 sh=0 MOD=1133661268029390 thr=1732900 res=4.67e+09 tierC=608 surv=464 bits=464 conf=464 best=37 gpu=1.36s cpu=0.04s (3.44e+09 res/s)
K=963 sh=0 MOD=1387940430951870 thr=1732900 res=6.958e+09 tierC=607 surv=1202 bits=1202 conf=1189 best=37 gpu=2.23s cpu=0.09s (3.12e+09 res/s)
K=964 sh=0 MOD=1133661268029390 thr=1732900 res=4.67e+09 tierC=608 surv=452 bits=452 conf=452 best=37 gpu=1.41s cpu=0.03s (3.32e+09 res/s)
K=965 sh=0 MOD=1133661268029390 thr=1732900 res=4.67e+09 tierC=608 surv=449 bits=449 conf=449 best=37 gpu=1.36s cpu=0.03s (3.43e+09 res/s)
K=966 sh=0 MOD=1133661268029390 thr=1732900 res=4.67e+09 tierC=608 surv=429 bits=429 conf=429 best=37 gpu=1.35s cpu=0.03s (3.45e+09 res/s)
K=967 sh=0 MOD=1133661268029390 thr=1732900 res=4.67e+09 tierC=608 surv=449 bits=449 conf=449 best=37 gpu=1.36s cpu=0.04s (3.44e+09 res/s)
K=968 sh=0 MOD=1133661268029390 thr=1732900 res=4.67e+09 tierC=608 surv=450 bits=450 conf=450 best=37 gpu=1.36s cpu=0.03s (3.43e+09 res/s)
K=969 sh=0 MOD=1133661268029390 thr=1732900 res=4.67e+09 tierC=608 surv=449 bits=449 conf=449 best=37 gpu=1.36s cpu=0.03s (3.43e+09 res/s)
K=970 sh=0 MOD=1133661268029390 thr=1732900 res=4.67e+09 tierC=608 surv=486 bits=486 conf=486 best=37 gpu=1.36s cpu=0.04s (3.43e+09 res/s)
K=971 sh=0 MOD=1133661268029390 thr=1732900 res=4.67e+09 tierC=607 surv=471 bits=471 conf=471 best=37 gpu=1.36s cpu=0.04s (3.43e+09 res/s)
K=972 sh=0 MOD=1133661268029390 thr=1732900 res=4.67e+09 tierC=608 surv=496 bits=496 conf=496 best=37 gpu=1.36s cpu=0.04s (3.42e+09 res/s)
K=973 sh=0 MOD=1133661268029390 thr=1732900 res=4.67e+09 tierC=608 surv=469 bits=469 conf=469 best=37 gpu=1.36s cpu=0.03s (3.43e+09 res/s)
K=974 sh=0 MOD=1133661268029390 thr=1732900 res=4.67e+09 tierC=608 surv=456 bits=456 conf=456 best=37 gpu=1.36s cpu=0.04s (3.44e+09 res/s)
K=975 sh=0 MOD=1133661268029390 thr=1732900 res=4.67e+09 tierC=608 surv=482 bits=482 conf=482 best=37 gpu=1.36s cpu=0.04s (3.43e+09 res/s)
K=976 sh=0 MOD=1133661268029390 thr=1732900 res=4.67e+09 tierC=608 surv=470 bits=470 conf=470 best=37 gpu=1.36s cpu=0.03s (3.42e+09 res/s)
K=977 sh=0 MOD=1133661268029390 thr=1732900 res=4.67e+09 tierC=607 surv=488 bits=488 conf=488 best=37 gpu=1.36s cpu=0.04s (3.42e+09 res/s)
K=978 sh=0 MOD=1133661268029390 thr=1732900 res=4.67e+09 tierC=608 surv=484 bits=484 conf=484 best=37 gpu=1.36s cpu=0.03s (3.43e+09 res/s)
K=979 sh=0 MOD=1668647484402810 thr=2739100 res=1.1e+10 tierC=607 surv=1954 bits=1954 conf=1934 best=37 gpu=3.49s cpu=0.14s (3.15e+09 res/s)
K=980 sh=0 MOD=1133661268029390 thr=1732900 res=4.67e+09 tierC=608 surv=473 bits=473 conf=473 best=37 gpu=1.47s cpu=0.03s (3.18e+09 res/s)
K=981 sh=0 MOD=1133661268029390 thr=1732900 res=4.67e+09 tierC=608 surv=460 bits=460 conf=460 best=37 gpu=1.36s cpu=0.03s (3.43e+09 res/s)
K=982 sh=0 MOD=1133661268029390 thr=1732900 res=4.67e+09 tierC=607 surv=528 bits=528 conf=528 best=37 gpu=1.37s cpu=0.04s (3.42e+09 res/s)
K=983 sh=0 MOD=1133661268029390 thr=1732900 res=4.67e+09 tierC=607 surv=488 bits=488 conf=488 best=37 gpu=1.37s cpu=0.04s (3.41e+09 res/s)
K=984 sh=0 MOD=1133661268029390 thr=1732900 res=4.67e+09 tierC=608 surv=416 bits=416 conf=416 best=37 gpu=1.36s cpu=0.03s (3.42e+09 res/s)
K=985 sh=0 MOD=1133661268029390 thr=1732900 res=4.67e+09 tierC=607 surv=628 bits=628 conf=621 best=37 gpu=1.41s cpu=0.04s (3.3e+09 res/s)
K=986 sh=0 MOD=1133661268029390 thr=1732900 res=4.67e+09 tierC=608 surv=432 bits=432 conf=432 best=37 gpu=1.36s cpu=0.03s (3.45e+09 res/s)
GPU BEST n=37  units=197 covered=1.422e+19 raw a  survivors=107655 confirmed=107412  282.3s INTERRUPTED
resume: 197 units already recorded in experiments/2026-10-03-cuda/c1.jsonl
GPU: NVIDIA GB10 (SMs=48, cc 12.1) omp_threads=20
tierC order: 131 137 149 167 173 ... (608 primes, 2849254 words) magic-mod OK
*** n=7 a=48851075481531151 d=377192832945390 (K=987 shift=0)
*** n=9 a=67900798617203881 d=377192832945390 (K=987 shift=0)
*** n=12 a=71673172926967411 d=377192832945390 (K=987 shift=0)
*** n=16 a=28950690620057131 d=377192832945390 (K=987 shift=0)
*** n=17 a=54539611509691351 d=377192832945390 (K=987 shift=0)
*** n=27 a=55080086603631631 d=377192832945390 (K=987 shift=0)
K=987 sh=0 MOD=1133661268029390 thr=1732900 res=4.67e+09 tierC=608 surv=493 bits=493 conf=493 best=27 gpu=1.33s cpu=0.04s (3.52e+09 res/s)
K=988 sh=0 MOD=1133661268029390 thr=1732900 res=4.67e+09 tierC=608 surv=479 bits=479 conf=479 best=27 gpu=1.37s cpu=0.04s (3.41e+09 res/s)
*** n=30 a=55713068523144721 d=377957154795330 (K=989 shift=0)
K=989 sh=0 MOD=1133661268029390 thr=1732900 res=4.67e+09 tierC=608 surv=455 bits=455 conf=455 best=30 gpu=1.37s cpu=0.04s (3.4e+09 res/s)
K=990 sh=0 MOD=1133661268029390 thr=1732900 res=4.67e+09 tierC=608 surv=409 bits=409 conf=409 best=30 gpu=1.36s cpu=0.04s (3.43e+09 res/s)
K=991 sh=0 MOD=1133661268029390 thr=1732900 res=4.67e+09 tierC=608 surv=515 bits=515 conf=515 best=30 gpu=1.36s cpu=0.05s (3.43e+09 res/s)
K=992 sh=0 MOD=1133661268029390 thr=1732900 res=4.67e+09 tierC=608 surv=495 bits=495 conf=495 best=30 gpu=1.36s cpu=0.04s (3.42e+09 res/s)
K=993 sh=0 MOD=1133661268029390 thr=1732900 res=4.67e+09 tierC=608 surv=460 bits=460 conf=460 best=30 gpu=1.37s cpu=0.04s (3.41e+09 res/s)
K=994 sh=0 MOD=15967060113090 thr=133300 res=3.592e+08 tierC=608 surv=30 bits=30 conf=30 best=30 gpu=0.17s cpu=0.01s (2.09e+09 res/s)
*** n=31 a=70647667681707181 d=380250120345150 (K=995 shift=0)
K=995 sh=0 MOD=1133661268029390 thr=1732900 res=4.67e+09 tierC=608 surv=449 bits=449 conf=449 best=31 gpu=1.33s cpu=0.04s (3.51e+09 res/s)
*** n=33 a=88748953613158579 d=380632281270120 (K=996 shift=0)
K=996 sh=0 MOD=1789272603757230 thr=3396484 res=1.364e+10 tierC=607 surv=2459 bits=2459 conf=2436 best=33 gpu=4.31s cpu=0.20s (3.16e+09 res/s)
K=997 sh=0 MOD=1133661268029390 thr=1732900 res=4.67e+09 tierC=608 surv=468 bits=468 conf=468 best=33 gpu=1.53s cpu=0.04s (3.06e+09 res/s)
K=998 sh=0 MOD=1133661268029390 thr=1732900 res=4.67e+09 tierC=608 surv=494 bits=494 conf=494 best=33 gpu=1.37s cpu=0.04s (3.41e+09 res/s)
K=999 sh=0 MOD=1133661268029390 thr=1732900 res=4.67e+09 tierC=608 surv=433 bits=433 conf=433 best=33 gpu=1.36s cpu=0.04s (3.42e+09 res/s)
K=1000 sh=0 MOD=1133661268029390 thr=1732900 res=4.67e+09 tierC=608 surv=468 bits=468 conf=468 best=33 gpu=1.36s cpu=0.04s (3.42e+09 res/s)
K=1001 sh=0 MOD=1133661268029390 thr=1732900 res=4.67e+09 tierC=608 surv=461 bits=461 conf=461 best=33 gpu=1.37s cpu=0.04s (3.41e+09 res/s)
K=1002 sh=0 MOD=1133661268029390 thr=1732900 res=4.67e+09 tierC=607 surv=734 bits=734 conf=731 best=33 gpu=1.46s cpu=0.06s (3.2e+09 res/s)
K=1003 sh=0 MOD=19214597763210 thr=1732900 res=4.67e+09 tierC=608 surv=421 bits=421 conf=415 best=33 gpu=1.39s cpu=0.03s (3.37e+09 res/s)
K=1004 sh=0 MOD=1133661268029390 thr=1732900 res=4.67e+09 tierC=607 surv=621 bits=621 conf=618 best=33 gpu=1.40s cpu=0.05s (3.34e+09 res/s)
K=1005 sh=0 MOD=1133661268029390 thr=1732900 res=4.67e+09 tierC=608 surv=437 bits=437 conf=437 best=33 gpu=1.38s cpu=0.04s (3.39e+09 res/s)
K=1006 sh=0 MOD=1133661268029390 thr=1732900 res=4.67e+09 tierC=607 surv=546 bits=546 conf=546 best=33 gpu=1.36s cpu=0.05s (3.42e+09 res/s)
K=1007 sh=0 MOD=1133661268029390 thr=1732900 res=4.67e+09 tierC=608 surv=459 bits=459 conf=459 best=33 gpu=1.37s cpu=0.04s (3.41e+09 res/s)
*** n=36 a=49370045486957797 d=385218212369760 (K=1008 shift=0)
K=1008 sh=0 MOD=1133661268029390 thr=1732900 res=4.67e+09 tierC=608 surv=453 bits=453 conf=453 best=36 gpu=1.37s cpu=0.05s (3.42e+09 res/s)
K=1009 sh=0 MOD=1133661268029390 thr=1732900 res=4.67e+09 tierC=608 surv=434 bits=434 conf=434 best=36 gpu=313.44s cpu=0.04s (1.49e+07 res/s)
K=1010 sh=0 MOD=1470392337741090 thr=1974700 res=7.928e+09 tierC=607 surv=1403 bits=1403 conf=1396 best=36 gpu=2.51s cpu=0.12s (3.15e+09 res/s)
K=1011 sh=0 MOD=1133661268029390 thr=1732900 res=4.67e+09 tierC=608 surv=455 bits=455 conf=455 best=36 gpu=1.85s cpu=0.04s (2.52e+09 res/s)
K=1012 sh=0 MOD=1133661268029390 thr=1732900 res=4.67e+09 tierC=608 surv=475 bits=475 conf=475 best=36 gpu=2.48s cpu=0.04s (1.89e+09 res/s)
K=1013 sh=0 MOD=1133661268029390 thr=1732900 res=4.67e+09 tierC=607 surv=469 bits=469 conf=469 best=36 gpu=2.76s cpu=0.04s (1.69e+09 res/s)
K=1014 sh=0 MOD=1133661268029390 thr=1732900 res=4.67e+09 tierC=608 surv=463 bits=463 conf=463 best=36 gpu=2.16s cpu=0.04s (2.16e+09 res/s)
K=1015 sh=0 MOD=1133661268029390 thr=1732900 res=4.67e+09 tierC=608 surv=472 bits=472 conf=472 best=36 gpu=2.41s cpu=0.05s (1.94e+09 res/s)
K=1016 sh=0 MOD=1133661268029390 thr=1732900 res=4.67e+09 tierC=608 surv=470 bits=470 conf=470 best=36 gpu=2.81s cpu=0.04s (1.66e+09 res/s)
K=1017 sh=0 MOD=1314244478865930 thr=1732900 res=6.199e+09 tierC=607 surv=1111 bits=1111 conf=1105 best=36 gpu=2.17s cpu=0.09s (2.86e+09 res/s)
K=1018 sh=0 MOD=1133661268029390 thr=1732900 res=4.67e+09 tierC=607 surv=534 bits=534 conf=534 best=36 gpu=1.41s cpu=0.04s (3.31e+09 res/s)
K=1019 sh=0 MOD=1133661268029390 thr=1732900 res=4.67e+09 tierC=607 surv=485 bits=485 conf=485 best=36 gpu=1.36s cpu=0.04s (3.43e+09 res/s)
K=1020 sh=0 MOD=1133661268029390 thr=1732900 res=4.67e+09 tierC=608 surv=445 bits=445 conf=445 best=36 gpu=1.36s cpu=0.04s (3.43e+09 res/s)
K=1021 sh=0 MOD=1133661268029390 thr=1732900 res=4.67e+09 tierC=608 surv=473 bits=473 conf=473 best=36 gpu=1.36s cpu=0.04s (3.44e+09 res/s)
K=1022 sh=0 MOD=1133661268029390 thr=1732900 res=4.67e+09 tierC=608 surv=453 bits=453 conf=453 best=36 gpu=1.35s cpu=0.04s (3.45e+09 res/s)
*** n=45 a=41994498358814113 d=390950626244310 (K=1023 shift=0)
K=1023 sh=0 MOD=1133661268029390 thr=1732900 res=4.67e+09 tierC=608 surv=507 bits=507 conf=507 best=45 gpu=1.36s cpu=0.04s (3.44e+09 res/s)
K=1024 sh=0 MOD=1133661268029390 thr=1732900 res=4.67e+09 tierC=608 surv=459 bits=459 conf=459 best=45 gpu=1.36s cpu=0.04s (3.44e+09 res/s)
K=1025 sh=0 MOD=1133661268029390 thr=1732900 res=4.67e+09 tierC=608 surv=426 bits=426 conf=426 best=45 gpu=1.36s cpu=0.04s (3.44e+09 res/s)
K=1026 sh=0 MOD=1133661268029390 thr=1732900 res=4.67e+09 tierC=608 surv=450 bits=450 conf=450 best=45 gpu=1.35s cpu=0.04s (3.46e+09 res/s)
K=1027 sh=0 MOD=1133661268029390 thr=1732900 res=4.67e+09 tierC=608 surv=452 bits=452 conf=452 best=45 gpu=1.35s cpu=0.04s (3.45e+09 res/s)
K=1028 sh=0 MOD=1133661268029390 thr=1732900 res=4.67e+09 tierC=607 surv=619 bits=619 conf=615 best=45 gpu=1.40s cpu=0.05s (3.35e+09 res/s)
K=1029 sh=0 MOD=1133661268029390 thr=1732900 res=4.67e+09 tierC=608 surv=454 bits=454 conf=454 best=45 gpu=1.36s cpu=0.04s (3.43e+09 res/s)
K=1030 sh=0 MOD=1133661268029390 thr=1732900 res=4.67e+09 tierC=608 surv=458 bits=458 conf=458 best=45 gpu=1.36s cpu=0.04s (3.44e+09 res/s)
K=1031 sh=0 MOD=1133661268029390 thr=1732900 res=4.67e+09 tierC=607 surv=473 bits=473 conf=473 best=45 gpu=1.35s cpu=0.04s (3.45e+09 res/s)
K=1032 sh=0 MOD=1133661268029390 thr=1732900 res=4.67e+09 tierC=608 surv=436 bits=436 conf=436 best=45 gpu=1.36s cpu=0.04s (3.44e+09 res/s)
K=1033 sh=0 MOD=1133661268029390 thr=1732900 res=4.67e+09 tierC=608 surv=483 bits=483 conf=483 best=45 gpu=1.36s cpu=0.04s (3.43e+09 res/s)
K=1034 sh=0 MOD=1133661268029390 thr=1732900 res=4.67e+09 tierC=608 surv=503 bits=503 conf=503 best=45 gpu=1.36s cpu=0.04s (3.44e+09 res/s)
K=1035 sh=0 MOD=1133661268029390 thr=1732900 res=4.67e+09 tierC=608 surv=467 bits=467 conf=467 best=45 gpu=1.37s cpu=0.04s (3.41e+09 res/s)
K=1036 sh=0 MOD=1133661268029390 thr=1732900 res=4.67e+09 tierC=608 surv=444 bits=444 conf=444 best=45 gpu=1.36s cpu=0.04s (3.43e+09 res/s)
K=1037 sh=0 MOD=1133661268029390 thr=1732900 res=4.67e+09 tierC=608 surv=457 bits=457 conf=457 best=45 gpu=1.36s cpu=0.04s (3.43e+09 res/s)
K=1038 sh=0 MOD=1133661268029390 thr=1732900 res=4.67e+09 tierC=607 surv=706 bits=706 conf=704 best=45 gpu=1.46s cpu=0.06s (3.2e+09 res/s)
K=1039 sh=0 MOD=1133661268029390 thr=1732900 res=4.67e+09 tierC=608 surv=471 bits=471 conf=471 best=45 gpu=1.38s cpu=0.04s (3.39e+09 res/s)
K=1040 sh=0 MOD=1133661268029390 thr=1732900 res=4.67e+09 tierC=608 surv=431 bits=431 conf=431 best=45 gpu=1.37s cpu=0.04s (3.42e+09 res/s)
K=1041 sh=0 MOD=1133661268029390 thr=1732900 res=4.67e+09 tierC=607 surv=568 bits=568 conf=567 best=45 gpu=1.38s cpu=0.05s (3.38e+09 res/s)
K=1042 sh=0 MOD=1133661268029390 thr=1732900 res=4.67e+09 tierC=607 surv=545 bits=545 conf=545 best=45 gpu=1.37s cpu=0.05s (3.4e+09 res/s)
*** n=47 a=37602398524510951 d=398593844743710 (K=1043 shift=0)
K=1043 sh=0 MOD=1133661268029390 thr=1732900 res=4.67e+09 tierC=607 surv=733 bits=733 conf=730 best=47 gpu=1.49s cpu=0.06s (3.13e+09 res/s)
K=1044 sh=0 MOD=1133661268029390 thr=1732900 res=4.67e+09 tierC=608 surv=443 bits=443 conf=443 best=47 gpu=1.39s cpu=0.04s (3.36e+09 res/s)
K=1045 sh=0 MOD=1133661268029390 thr=1732900 res=4.67e+09 tierC=608 surv=481 bits=481 conf=481 best=47 gpu=1.37s cpu=0.04s (3.42e+09 res/s)
K=1046 sh=0 MOD=1133661268029390 thr=1732900 res=4.67e+09 tierC=608 surv=502 bits=502 conf=502 best=47 gpu=1.37s cpu=0.04s (3.42e+09 res/s)
K=1047 sh=0 MOD=1133661268029390 thr=1732900 res=4.67e+09 tierC=608 surv=467 bits=467 conf=467 best=47 gpu=1.37s cpu=0.04s (3.42e+09 res/s)
K=1048 sh=0 MOD=1133661268029390 thr=1732900 res=4.67e+09 tierC=607 surv=869 bits=869 conf=862 best=47 gpu=1.52s cpu=0.07s (3.07e+09 res/s)
K=1049 sh=0 MOD=1133661268029390 thr=1732900 res=4.67e+09 tierC=607 surv=473 bits=473 conf=473 best=47 gpu=1.40s cpu=0.04s (3.35e+09 res/s)
K=1050 sh=0 MOD=1133661268029390 thr=1732900 res=4.67e+09 tierC=608 surv=458 bits=458 conf=458 best=47 gpu=1.36s cpu=0.04s (3.43e+09 res/s)
K=1051 sh=0 MOD=1133661268029390 thr=1732900 res=4.67e+09 tierC=608 surv=406 bits=406 conf=406 best=47 gpu=1.36s cpu=0.04s (3.42e+09 res/s)
K=1052 sh=0 MOD=1133661268029390 thr=1732900 res=4.67e+09 tierC=607 surv=590 bits=590 conf=587 best=47 gpu=1.40s cpu=0.05s (3.33e+09 res/s)
K=1053 sh=0 MOD=1133661268029390 thr=1732900 res=4.67e+09 tierC=608 surv=457 bits=457 conf=457 best=47 gpu=1.37s cpu=0.04s (3.4e+09 res/s)
K=1054 sh=0 MOD=1133661268029390 thr=1732900 res=4.67e+09 tierC=608 surv=500 bits=500 conf=500 best=47 gpu=1.36s cpu=0.04s (3.42e+09 res/s)
K=1055 sh=0 MOD=1133661268029390 thr=1732900 res=4.67e+09 tierC=608 surv=445 bits=445 conf=445 best=47 gpu=1.37s cpu=0.04s (3.41e+09 res/s)
K=1056 sh=0 MOD=1133661268029390 thr=1732900 res=4.67e+09 tierC=608 surv=461 bits=461 conf=461 best=47 gpu=1.36s cpu=0.04s (3.43e+09 res/s)
K=1057 sh=0 MOD=1133661268029390 thr=1732900 res=4.67e+09 tierC=608 surv=451 bits=451 conf=451 best=47 gpu=1.37s cpu=0.04s (3.42e+09 res/s)
K=1058 sh=0 MOD=1133661268029390 thr=1732900 res=4.67e+09 tierC=608 surv=438 bits=438 conf=438 best=47 gpu=1.36s cpu=0.04s (3.42e+09 res/s)
K=1059 sh=0 MOD=1133661268029390 thr=1732900 res=4.67e+09 tierC=607 surv=552 bits=552 conf=551 best=47 gpu=1.38s cpu=0.05s (3.39e+09 res/s)
K=1060 sh=0 MOD=1133661268029390 thr=1732900 res=4.67e+09 tierC=608 surv=472 bits=472 conf=472 best=47 gpu=1.37s cpu=0.04s (3.4e+09 res/s)
K=1061 sh=0 MOD=1133661268029390 thr=1732900 res=4.67e+09 tierC=607 surv=492 bits=492 conf=492 best=47 gpu=1.36s cpu=0.04s (3.43e+09 res/s)
K=1062 sh=0 MOD=19214597763210 thr=1732900 res=4.67e+09 tierC=608 surv=437 bits=437 conf=425 best=47 gpu=1.37s cpu=0.03s (3.4e+09 res/s)
K=1063 sh=0 MOD=1133661268029390 thr=1732900 res=4.67e+09 tierC=608 surv=433 bits=433 conf=433 best=47 gpu=1.35s cpu=0.04s (3.46e+09 res/s)
K=1064 sh=0 MOD=1133661268029390 thr=1732900 res=4.67e+09 tierC=608 surv=480 bits=480 conf=480 best=47 gpu=1.36s cpu=0.04s (3.43e+09 res/s)
K=1065 sh=0 MOD=15967060113090 thr=133300 res=3.592e+08 tierC=608 surv=42 bits=42 conf=42 best=47 gpu=0.17s cpu=0.01s (2.14e+09 res/s)
K=1066 sh=0 MOD=1133661268029390 thr=1732900 res=4.67e+09 tierC=608 surv=461 bits=461 conf=461 best=47 gpu=1.34s cpu=0.04s (3.5e+09 res/s)
K=1067 sh=0 MOD=1133661268029390 thr=1732900 res=4.67e+09 tierC=608 surv=438 bits=438 conf=438 best=47 gpu=1.37s cpu=0.04s (3.42e+09 res/s)
K=1068 sh=0 MOD=1668647484402810 thr=2739100 res=1.1e+10 tierC=607 surv=1910 bits=1910 conf=1900 best=47 gpu=3.49s cpu=0.16s (3.15e+09 res/s)
K=1069 sh=0 MOD=1133661268029390 thr=1732900 res=4.67e+09 tierC=608 surv=469 bits=469 conf=469 best=47 gpu=1.48s cpu=0.04s (3.15e+09 res/s)
K=1070 sh=0 MOD=1387940430951870 thr=1732900 res=6.958e+09 tierC=607 surv=1191 bits=1191 conf=1186 best=47 gpu=2.24s cpu=0.10s (3.1e+09 res/s)
K=1071 sh=0 MOD=1133661268029390 thr=1732900 res=4.67e+09 tierC=608 surv=491 bits=491 conf=491 best=47 gpu=1.42s cpu=0.04s (3.29e+09 res/s)
K=1072 sh=0 MOD=1133661268029390 thr=1732900 res=4.67e+09 tierC=608 surv=474 bits=474 conf=474 best=47 gpu=1.37s cpu=0.04s (3.41e+09 res/s)
K=1073 sh=0 MOD=1133661268029390 thr=1732900 res=4.67e+09 tierC=608 surv=440 bits=440 conf=440 best=47 gpu=1.37s cpu=0.04s (3.41e+09 res/s)
K=1074 sh=0 MOD=1133661268029390 thr=1732900 res=4.67e+09 tierC=607 surv=619 bits=619 conf=616 best=47 gpu=1.45s cpu=0.05s (3.22e+09 res/s)
K=1075 sh=0 MOD=1133661268029390 thr=1732900 res=4.67e+09 tierC=608 surv=453 bits=453 conf=453 best=47 gpu=1.38s cpu=0.04s (3.39e+09 res/s)
K=1076 sh=0 MOD=1133661268029390 thr=1732900 res=4.67e+09 tierC=607 surv=608 bits=608 conf=605 best=47 gpu=1.41s cpu=0.05s (3.32e+09 res/s)
K=1077 sh=0 MOD=1133661268029390 thr=1732900 res=4.67e+09 tierC=607 surv=540 bits=540 conf=539 best=47 gpu=1.40s cpu=0.05s (3.34e+09 res/s)
K=1078 sh=0 MOD=1133661268029390 thr=1732900 res=4.67e+09 tierC=608 surv=457 bits=457 conf=457 best=47 gpu=1.37s cpu=0.04s (3.41e+09 res/s)
K=1079 sh=0 MOD=1789272603757230 thr=3396484 res=1.364e+10 tierC=607 surv=2459 bits=2459 conf=2438 best=47 gpu=4.31s cpu=0.20s (3.17e+09 res/s)
K=1080 sh=0 MOD=1133661268029390 thr=1732900 res=4.67e+09 tierC=608 surv=496 bits=496 conf=496 best=47 gpu=1.53s cpu=0.04s (3.06e+09 res/s)
K=1081 sh=0 MOD=1133661268029390 thr=1732900 res=4.67e+09 tierC=608 surv=459 bits=459 conf=459 best=47 gpu=1.36s cpu=0.04s (3.43e+09 res/s)
K=1082 sh=0 MOD=1133661268029390 thr=1732900 res=4.67e+09 tierC=608 surv=439 bits=439 conf=439 best=47 gpu=1.36s cpu=0.04s (3.42e+09 res/s)
K=1083 sh=0 MOD=1133661268029390 thr=1732900 res=4.67e+09 tierC=608 surv=418 bits=418 conf=418 best=47 gpu=1.36s cpu=0.04s (3.43e+09 res/s)
K=1084 sh=0 MOD=1133661268029390 thr=1732900 res=4.67e+09 tierC=608 surv=471 bits=471 conf=471 best=47 gpu=1.36s cpu=0.04s (3.43e+09 res/s)
K=1085 sh=0 MOD=1133661268029390 thr=1732900 res=4.67e+09 tierC=608 surv=460 bits=460 conf=460 best=47 gpu=1.36s cpu=0.04s (3.42e+09 res/s)
K=1086 sh=0 MOD=1133661268029390 thr=1732900 res=4.67e+09 tierC=608 surv=450 bits=450 conf=450 best=47 gpu=1.37s cpu=0.04s (3.42e+09 res/s)
K=1087 sh=0 MOD=1133661268029390 thr=1732900 res=4.67e+09 tierC=608 surv=474 bits=474 conf=474 best=47 gpu=1.36s cpu=0.04s (3.43e+09 res/s)
K=1088 sh=0 MOD=1133661268029390 thr=1732900 res=4.67e+09 tierC=608 surv=458 bits=458 conf=458 best=47 gpu=1.37s cpu=0.04s (3.42e+09 res/s)
K=1089 sh=0 MOD=1133661268029390 thr=1732900 res=4.67e+09 tierC=608 surv=474 bits=474 conf=474 best=47 gpu=1.37s cpu=0.04s (3.42e+09 res/s)
K=1090 sh=0 MOD=1133661268029390 thr=1732900 res=4.67e+09 tierC=608 surv=424 bits=424 conf=424 best=47 gpu=1.36s cpu=0.04s (3.43e+09 res/s)
K=1091 sh=0 MOD=1133661268029390 thr=1732900 res=4.67e+09 tierC=607 surv=522 bits=522 conf=522 best=47 gpu=1.36s cpu=0.04s (3.43e+09 res/s)
K=1092 sh=0 MOD=1133661268029390 thr=1732900 res=4.67e+09 tierC=608 surv=494 bits=494 conf=494 best=47 gpu=18.72s cpu=0.04s (2.49e+08 res/s)
K=1093 sh=0 MOD=1133661268029390 thr=1732900 res=4.67e+09 tierC=608 surv=457 bits=457 conf=457 best=47 gpu=1.37s cpu=0.04s (3.42e+09 res/s)
K=1094 sh=0 MOD=1133661268029390 thr=1732900 res=4.67e+09 tierC=608 surv=459 bits=459 conf=459 best=47 gpu=1.36s cpu=0.04s (3.42e+09 res/s)
K=1095 sh=0 MOD=1133661268029390 thr=1732900 res=4.67e+09 tierC=608 surv=454 bits=454 conf=454 best=47 gpu=1.36s cpu=0.04s (3.43e+09 res/s)
K=1096 sh=0 MOD=1133661268029390 thr=1732900 res=4.67e+09 tierC=607 surv=822 bits=822 conf=814 best=47 gpu=1.51s cpu=0.07s (3.1e+09 res/s)
K=1097 sh=0 MOD=1133661268029390 thr=1732900 res=4.67e+09 tierC=607 surv=466 bits=466 conf=466 best=47 gpu=1.39s cpu=0.04s (3.35e+09 res/s)
K=1098 sh=0 MOD=1133661268029390 thr=1732900 res=4.67e+09 tierC=608 surv=471 bits=471 conf=471 best=47 gpu=1.36s cpu=0.04s (3.42e+09 res/s)
K=1099 sh=0 MOD=1133661268029390 thr=1732900 res=4.67e+09 tierC=608 surv=490 bits=490 conf=490 best=47 gpu=1.37s cpu=0.04s (3.41e+09 res/s)
K=1100 sh=0 MOD=1133661268029390 thr=1732900 res=4.67e+09 tierC=608 surv=472 bits=472 conf=472 best=47 gpu=1.37s cpu=0.04s (3.41e+09 res/s)
K=1101 sh=0 MOD=1133661268029390 thr=1732900 res=4.67e+09 tierC=608 surv=484 bits=484 conf=484 best=47 gpu=1.36s cpu=0.04s (3.42e+09 res/s)
K=1102 sh=0 MOD=1133661268029390 thr=1732900 res=4.67e+09 tierC=608 surv=436 bits=436 conf=436 best=47 gpu=1.37s cpu=0.04s (3.41e+09 res/s)
K=1103 sh=0 MOD=1133661268029390 thr=1732900 res=4.67e+09 tierC=607 surv=462 bits=462 conf=462 best=47 gpu=1.36s cpu=0.04s (3.43e+09 res/s)
K=1104 sh=0 MOD=1133661268029390 thr=1732900 res=4.67e+09 tierC=608 surv=435 bits=435 conf=435 best=47 gpu=1.37s cpu=0.04s (3.41e+09 res/s)
K=1105 sh=0 MOD=1133661268029390 thr=1732900 res=4.67e+09 tierC=608 surv=473 bits=473 conf=473 best=47 gpu=1.37s cpu=0.04s (3.42e+09 res/s)
K=1106 sh=0 MOD=1133661268029390 thr=1732900 res=4.67e+09 tierC=608 surv=475 bits=475 conf=475 best=47 gpu=1.37s cpu=0.04s (3.41e+09 res/s)
K=1107 sh=0 MOD=1133661268029390 thr=1732900 res=4.67e+09 tierC=608 surv=481 bits=481 conf=481 best=47 gpu=1.37s cpu=0.04s (3.41e+09 res/s)
K=1108 sh=0 MOD=1133661268029390 thr=1732900 res=4.67e+09 tierC=608 surv=453 bits=453 conf=453 best=47 gpu=1.36s cpu=0.04s (3.43e+09 res/s)
K=1109 sh=0 MOD=1133661268029390 thr=1732900 res=4.67e+09 tierC=607 surv=465 bits=465 conf=465 best=47 gpu=1.36s cpu=0.04s (3.42e+09 res/s)
K=1110 sh=0 MOD=1133661268029390 thr=1732900 res=4.67e+09 tierC=608 surv=431 bits=431 conf=431 best=47 gpu=1.36s cpu=0.04s (3.43e+09 res/s)
K=1111 sh=0 MOD=1470392337741090 thr=1974700 res=7.928e+09 tierC=607 surv=1366 bits=1366 conf=1352 best=47 gpu=2.54s cpu=0.11s (3.12e+09 res/s)
K=1112 sh=0 MOD=1133661268029390 thr=1732900 res=4.67e+09 tierC=608 surv=502 bits=502 conf=502 best=47 gpu=1.45s cpu=0.04s (3.23e+09 res/s)
K=1113 sh=0 MOD=1133661268029390 thr=1732900 res=4.67e+09 tierC=608 surv=410 bits=410 conf=410 best=47 gpu=1.37s cpu=0.04s (3.41e+09 res/s)
K=1114 sh=0 MOD=1133661268029390 thr=1732900 res=4.67e+09 tierC=607 surv=518 bits=518 conf=518 best=47 gpu=1.37s cpu=0.04s (3.42e+09 res/s)
K=1115 sh=0 MOD=1133661268029390 thr=1732900 res=4.67e+09 tierC=608 surv=494 bits=494 conf=494 best=47 gpu=1.37s cpu=0.04s (3.42e+09 res/s)
K=1116 sh=0 MOD=1133661268029390 thr=1732900 res=4.67e+09 tierC=608 surv=496 bits=496 conf=496 best=47 gpu=1.37s cpu=0.04s (3.41e+09 res/s)
K=1117 sh=0 MOD=1133661268029390 thr=1732900 res=4.67e+09 tierC=608 surv=481 bits=481 conf=481 best=47 gpu=1.36s cpu=0.04s (3.43e+09 res/s)
K=1118 sh=0 MOD=1133661268029390 thr=1732900 res=4.67e+09 tierC=608 surv=487 bits=487 conf=487 best=47 gpu=1.36s cpu=0.04s (3.42e+09 res/s)
K=1119 sh=0 MOD=1133661268029390 thr=1732900 res=4.67e+09 tierC=608 surv=454 bits=454 conf=454 best=47 gpu=1.37s cpu=0.04s (3.4e+09 res/s)
K=1120 sh=0 MOD=1133661268029390 thr=1732900 res=4.67e+09 tierC=608 surv=446 bits=446 conf=446 best=47 gpu=1.37s cpu=0.04s (3.42e+09 res/s)
K=1121 sh=0 MOD=19214597763210 thr=1732900 res=4.67e+09 tierC=608 surv=472 bits=472 conf=467 best=47 gpu=1.37s cpu=0.03s (3.41e+09 res/s)
K=1122 sh=0 MOD=1133661268029390 thr=1732900 res=4.67e+09 tierC=608 surv=457 bits=457 conf=457 best=47 gpu=1.36s cpu=0.04s (3.44e+09 res/s)
K=1123 sh=0 MOD=1133661268029390 thr=1732900 res=4.67e+09 tierC=608 surv=497 bits=497 conf=497 best=47 gpu=8.13s cpu=0.04s (5.74e+08 res/s)
K=1124 sh=0 MOD=1133661268029390 thr=1732900 res=4.67e+09 tierC=607 surv=595 bits=595 conf=592 best=47 gpu=1.40s cpu=0.05s (3.32e+09 res/s)
K=1125 sh=0 MOD=1133661268029390 thr=1732900 res=4.67e+09 tierC=608 surv=474 bits=474 conf=474 best=47 gpu=1.37s cpu=0.04s (3.4e+09 res/s)
K=1126 sh=0 MOD=1133661268029390 thr=1732900 res=4.67e+09 tierC=607 surv=553 bits=553 conf=553 best=47 gpu=1.37s cpu=0.05s (3.4e+09 res/s)
K=1127 sh=0 MOD=1133661268029390 thr=1732900 res=4.67e+09 tierC=608 surv=472 bits=472 conf=472 best=47 gpu=1.37s cpu=0.04s (3.4e+09 res/s)
K=1128 sh=0 MOD=1133661268029390 thr=1732900 res=4.67e+09 tierC=608 surv=449 bits=449 conf=449 best=47 gpu=1.37s cpu=0.04s (3.42e+09 res/s)
K=1129 sh=0 MOD=1133661268029390 thr=1732900 res=4.67e+09 tierC=608 surv=464 bits=464 conf=464 best=47 gpu=1.37s cpu=0.04s (3.42e+09 res/s)
K=1130 sh=0 MOD=1314244478865930 thr=1732900 res=6.199e+09 tierC=607 surv=1081 bits=1081 conf=1076 best=47 gpu=2.00s cpu=0.09s (3.1e+09 res/s)
K=1131 sh=0 MOD=1133661268029390 thr=1732900 res=4.67e+09 tierC=608 surv=457 bits=457 conf=457 best=47 gpu=1.41s cpu=0.04s (3.3e+09 res/s)
K=1132 sh=0 MOD=1133661268029390 thr=1732900 res=4.67e+09 tierC=608 surv=433 bits=433 conf=433 best=47 gpu=1.37s cpu=0.04s (3.41e+09 res/s)
K=1133 sh=0 MOD=1133661268029390 thr=1732900 res=4.67e+09 tierC=608 surv=445 bits=445 conf=445 best=47 gpu=1.36s cpu=0.04s (3.43e+09 res/s)
K=1134 sh=0 MOD=1133661268029390 thr=1732900 res=4.67e+09 tierC=608 surv=452 bits=452 conf=452 best=47 gpu=1.36s cpu=0.04s (3.44e+09 res/s)
K=1135 sh=0 MOD=1133661268029390 thr=1732900 res=4.67e+09 tierC=607 surv=602 bits=602 conf=597 best=47 gpu=1.42s cpu=0.05s (3.29e+09 res/s)
K=1136 sh=0 MOD=15967060113090 thr=133300 res=3.592e+08 tierC=608 surv=44 bits=44 conf=44 best=47 gpu=0.18s cpu=0.01s (2.03e+09 res/s)
K=1137 sh=0 MOD=1133661268029390 thr=1732900 res=4.67e+09 tierC=608 surv=441 bits=441 conf=441 best=47 gpu=1.33s cpu=0.04s (3.5e+09 res/s)
K=1138 sh=0 MOD=1133661268029390 thr=1732900 res=4.67e+09 tierC=607 surv=503 bits=503 conf=503 best=47 gpu=1.36s cpu=0.04s (3.43e+09 res/s)
K=1139 sh=0 MOD=1133661268029390 thr=1732900 res=4.67e+09 tierC=608 surv=474 bits=474 conf=474 best=47 gpu=1.37s cpu=0.04s (3.41e+09 res/s)
K=1140 sh=0 MOD=1133661268029390 thr=1732900 res=4.67e+09 tierC=608 surv=446 bits=446 conf=446 best=47 gpu=1.37s cpu=0.04s (3.42e+09 res/s)
K=1141 sh=0 MOD=1133661268029390 thr=1732900 res=4.67e+09 tierC=608 surv=433 bits=433 conf=433 best=47 gpu=1.36s cpu=0.04s (3.43e+09 res/s)
K=1142 sh=0 MOD=1133661268029390 thr=1732900 res=4.67e+09 tierC=608 surv=427 bits=427 conf=427 best=47 gpu=1.36s cpu=0.04s (3.42e+09 res/s)
K=1143 sh=0 MOD=1133661268029390 thr=1732900 res=4.67e+09 tierC=608 surv=436 bits=436 conf=436 best=47 gpu=1.37s cpu=0.04s (3.41e+09 res/s)
K=1144 sh=0 MOD=1133661268029390 thr=1732900 res=4.67e+09 tierC=608 surv=439 bits=439 conf=439 best=47 gpu=10.11s cpu=0.04s (4.62e+08 res/s)
K=1145 sh=0 MOD=1133661268029390 thr=1732900 res=4.67e+09 tierC=608 surv=432 bits=432 conf=432 best=47 gpu=1.37s cpu=0.04s (3.42e+09 res/s)
K=1146 sh=0 MOD=1133661268029390 thr=1732900 res=4.67e+09 tierC=607 surv=704 bits=704 conf=703 best=47 gpu=1.44s cpu=0.07s (3.24e+09 res/s)
K=1147 sh=0 MOD=1133661268029390 thr=1732900 res=4.67e+09 tierC=608 surv=446 bits=446 conf=446 best=47 gpu=1.40s cpu=0.04s (3.34e+09 res/s)
K=1148 sh=0 MOD=1133661268029390 thr=1732900 res=4.67e+09 tierC=608 surv=459 bits=459 conf=459 best=47 gpu=1.37s cpu=0.04s (3.42e+09 res/s)
K=1149 sh=0 MOD=1133661268029390 thr=1732900 res=4.67e+09 tierC=607 surv=521 bits=521 conf=520 best=47 gpu=1.38s cpu=0.04s (3.38e+09 res/s)
K=1150 sh=0 MOD=1133661268029390 thr=1732900 res=4.67e+09 tierC=608 surv=450 bits=450 conf=450 best=47 gpu=1.37s cpu=0.04s (3.42e+09 res/s)
K=1151 sh=0 MOD=1133661268029390 thr=1732900 res=4.67e+09 tierC=607 surv=506 bits=506 conf=506 best=47 gpu=1.36s cpu=0.04s (3.42e+09 res/s)
K=1152 sh=0 MOD=1133661268029390 thr=1732900 res=4.67e+09 tierC=608 surv=476 bits=476 conf=476 best=47 gpu=1.37s cpu=0.04s (3.41e+09 res/s)
K=1153 sh=0 MOD=1133661268029390 thr=1732900 res=4.67e+09 tierC=608 surv=478 bits=478 conf=478 best=47 gpu=1.37s cpu=0.04s (3.41e+09 res/s)
K=1154 sh=0 MOD=1133661268029390 thr=1732900 res=4.67e+09 tierC=608 surv=442 bits=442 conf=442 best=47 gpu=1.36s cpu=0.04s (3.42e+09 res/s)
K=1155 sh=0 MOD=1133661268029390 thr=1732900 res=4.67e+09 tierC=608 surv=469 bits=469 conf=469 best=47 gpu=1.37s cpu=0.04s (3.42e+09 res/s)
K=1156 sh=0 MOD=1133661268029390 thr=1732900 res=4.67e+09 tierC=608 surv=491 bits=491 conf=491 best=47 gpu=1.37s cpu=0.04s (3.42e+09 res/s)
K=1157 sh=0 MOD=1668647484402810 thr=2739100 res=1.1e+10 tierC=607 surv=1927 bits=1927 conf=1913 best=47 gpu=3.48s cpu=0.16s (3.16e+09 res/s)
K=1158 sh=0 MOD=1133661268029390 thr=1732900 res=4.67e+09 tierC=608 surv=442 bits=442 conf=442 best=47 gpu=1.47s cpu=0.04s (3.18e+09 res/s)
GPU BEST n=47  units=172 covered=1.229e+19 raw a  survivors=92450 confirmed=92270  597.6s INTERRUPTED
resume: 369 units already recorded in experiments/2026-10-03-cuda/c1.jsonl
GPU: NVIDIA GB10 (SMs=48, cc 12.1) omp_threads=20
shared memory per block: 101376 max, using 65536
tierC order: 131 137 149 167 173 ... (608 primes, 2849254 words) magic-mod OK
*** n=7 a=4408662836904511 d=442924512040230 (K=1159 shift=0)
*** n=8 a=46881958494041971 d=442924512040230 (K=1159 shift=0)
*** n=9 a=23837356231533631 d=442924512040230 (K=1159 shift=0)
*** n=14 a=49761124187008081 d=442924512040230 (K=1159 shift=0)
*** n=15 a=20316904690223611 d=442924512040230 (K=1159 shift=0)
*** n=16 a=52777154623841551 d=442924512040230 (K=1159 shift=0)
*** n=19 a=54693726187048231 d=442924512040230 (K=1159 shift=0)
*** n=23 a=36533788821103291 d=442924512040230 (K=1159 shift=0)
K=1159 sh=0 MOD=1133661268029390 thr=1732900 res=4.67e+09 tierC=608 surv=466 bits=466 conf=466 best=23 gpu=0.50s cpu=0.09s (9.28e+09 res/s)
*** n=26 a=7566410101714243 d=443306672965200 (K=1160 shift=0)
K=1160 sh=0 MOD=1133661268029390 thr=1732900 res=4.67e+09 tierC=608 surv=465 bits=465 conf=465 best=26 gpu=0.60s cpu=0.09s (7.83e+09 res/s)
K=1161 sh=0 MOD=1133661268029390 thr=1732900 res=4.67e+09 tierC=608 surv=454 bits=454 conf=454 best=26 gpu=0.60s cpu=0.08s (7.84e+09 res/s)
*** n=28 a=60123993028758397 d=444070994815140 (K=1162 shift=0)
*** n=30 a=12127099514354953 d=444070994815140 (K=1162 shift=0)
K=1162 sh=0 MOD=1789272603757230 thr=3396484 res=1.364e+10 tierC=607 surv=2408 bits=2408 conf=2402 best=30 gpu=1.75s cpu=0.44s (7.81e+09 res/s)
K=1163 sh=0 MOD=1133661268029390 thr=1732900 res=4.67e+09 tierC=607 surv=551 bits=551 conf=551 best=30 gpu=0.94s cpu=0.10s (4.95e+09 res/s)
K=1164 sh=0 MOD=1133661268029390 thr=1732900 res=4.67e+09 tierC=608 surv=465 bits=465 conf=465 best=30 gpu=0.60s cpu=0.08s (7.75e+09 res/s)
K=1165 sh=0 MOD=1133661268029390 thr=1732900 res=4.67e+09 tierC=607 surv=587 bits=587 conf=583 best=30 gpu=0.62s cpu=0.11s (7.59e+09 res/s)
K=1166 sh=0 MOD=1133661268029390 thr=1732900 res=4.67e+09 tierC=608 surv=442 bits=442 conf=442 best=30 gpu=0.61s cpu=0.08s (7.65e+09 res/s)
K=1167 sh=0 MOD=1133661268029390 thr=1732900 res=4.67e+09 tierC=607 surv=564 bits=564 conf=563 best=30 gpu=0.59s cpu=0.10s (7.88e+09 res/s)
K=1168 sh=0 MOD=1133661268029390 thr=1732900 res=4.67e+09 tierC=608 surv=465 bits=465 conf=465 best=30 gpu=0.61s cpu=0.08s (7.69e+09 res/s)
*** n=36 a=58552713556145221 d=446746121289930 (K=1169 shift=0)
K=1169 sh=0 MOD=1133661268029390 thr=1732900 res=4.67e+09 tierC=607 surv=661 bits=661 conf=658 best=36 gpu=0.64s cpu=0.12s (7.32e+09 res/s)
K=1170 sh=0 MOD=1133661268029390 thr=1732900 res=4.67e+09 tierC=608 surv=466 bits=466 conf=466 best=36 gpu=0.62s cpu=0.08s (7.49e+09 res/s)
K=1171 sh=0 MOD=1133661268029390 thr=1732900 res=4.67e+09 tierC=608 surv=444 bits=444 conf=444 best=36 gpu=0.59s cpu=0.08s (7.96e+09 res/s)
K=1172 sh=0 MOD=1133661268029390 thr=1732900 res=4.67e+09 tierC=607 surv=554 bits=554 conf=550 best=36 gpu=0.61s cpu=0.10s (7.7e+09 res/s)
K=1173 sh=0 MOD=1133661268029390 thr=1732900 res=4.67e+09 tierC=608 surv=472 bits=472 conf=472 best=36 gpu=0.61s cpu=0.09s (7.67e+09 res/s)
K=1174 sh=0 MOD=1133661268029390 thr=1732900 res=4.67e+09 tierC=607 surv=525 bits=525 conf=525 best=36 gpu=0.59s cpu=0.09s (7.87e+09 res/s)
K=1175 sh=0 MOD=1133661268029390 thr=1732900 res=4.67e+09 tierC=608 surv=491 bits=491 conf=491 best=36 gpu=0.60s cpu=0.09s (7.81e+09 res/s)
K=1176 sh=0 MOD=1133661268029390 thr=1732900 res=4.67e+09 tierC=608 surv=425 bits=425 conf=425 best=36 gpu=0.60s cpu=0.08s (7.79e+09 res/s)
K=1177 sh=0 MOD=1387940430951870 thr=1732900 res=6.958e+09 tierC=607 surv=1232 bits=1232 conf=1223 best=36 gpu=0.94s cpu=0.22s (7.39e+09 res/s)
K=1178 sh=0 MOD=1133661268029390 thr=1732900 res=4.67e+09 tierC=608 surv=432 bits=432 conf=432 best=36 gpu=0.72s cpu=0.08s (6.45e+09 res/s)
K=1179 sh=0 MOD=1133661268029390 thr=1732900 res=4.67e+09 tierC=607 surv=827 bits=827 conf=825 best=36 gpu=0.66s cpu=0.15s (7.08e+09 res/s)
K=1180 sh=0 MOD=19214597763210 thr=1732900 res=4.67e+09 tierC=608 surv=467 bits=467 conf=463 best=36 gpu=0.66s cpu=0.07s (7.08e+09 res/s)
K=1181 sh=0 MOD=1133661268029390 thr=1732900 res=4.67e+09 tierC=607 surv=467 bits=467 conf=467 best=36 gpu=0.57s cpu=0.08s (8.15e+09 res/s)
K=1182 sh=0 MOD=1133661268029390 thr=1732900 res=4.67e+09 tierC=607 surv=650 bits=650 conf=649 best=36 gpu=0.63s cpu=0.11s (7.44e+09 res/s)
K=1183 sh=0 MOD=1133661268029390 thr=1732900 res=4.67e+09 tierC=608 surv=462 bits=462 conf=462 best=36 gpu=0.62s cpu=0.08s (7.51e+09 res/s)
K=1184 sh=0 MOD=1133661268029390 thr=1732900 res=4.67e+09 tierC=608 surv=502 bits=502 conf=502 best=36 gpu=0.59s cpu=0.09s (7.96e+09 res/s)
K=1185 sh=0 MOD=1133661268029390 thr=1732900 res=4.67e+09 tierC=608 surv=482 bits=482 conf=482 best=36 gpu=0.60s cpu=0.09s (7.78e+09 res/s)
K=1186 sh=0 MOD=1133661268029390 thr=1732900 res=4.67e+09 tierC=607 surv=519 bits=519 conf=519 best=36 gpu=0.60s cpu=0.09s (7.79e+09 res/s)
K=1187 sh=0 MOD=1133661268029390 thr=1732900 res=4.67e+09 tierC=607 surv=483 bits=483 conf=483 best=36 gpu=0.60s cpu=0.09s (7.76e+09 res/s)
K=1188 sh=0 MOD=1133661268029390 thr=1732900 res=4.67e+09 tierC=608 surv=506 bits=506 conf=506 best=36 gpu=0.60s cpu=0.10s (7.77e+09 res/s)
K=1189 sh=0 MOD=1133661268029390 thr=1732900 res=4.67e+09 tierC=608 surv=457 bits=457 conf=457 best=36 gpu=0.60s cpu=0.08s (7.73e+09 res/s)
K=1190 sh=0 MOD=1133661268029390 thr=1732900 res=4.67e+09 tierC=608 surv=478 bits=478 conf=478 best=36 gpu=0.59s cpu=0.09s (7.88e+09 res/s)
K=1191 sh=0 MOD=1133661268029390 thr=1732900 res=4.67e+09 tierC=608 surv=498 bits=498 conf=498 best=36 gpu=0.59s cpu=0.09s (7.87e+09 res/s)
K=1192 sh=0 MOD=1133661268029390 thr=1732900 res=4.67e+09 tierC=607 surv=789 bits=789 conf=784 best=36 gpu=0.66s cpu=0.14s (7.08e+09 res/s)
K=1193 sh=0 MOD=1133661268029390 thr=1732900 res=4.67e+09 tierC=607 surv=516 bits=516 conf=516 best=36 gpu=0.65s cpu=0.09s (7.18e+09 res/s)
K=1194 sh=0 MOD=1133661268029390 thr=1732900 res=4.67e+09 tierC=608 surv=460 bits=460 conf=460 best=36 gpu=0.60s cpu=0.08s (7.79e+09 res/s)
K=1195 sh=0 MOD=1133661268029390 thr=1732900 res=4.67e+09 tierC=607 surv=625 bits=625 conf=622 best=36 gpu=0.62s cpu=0.11s (7.56e+09 res/s)
K=1196 sh=0 MOD=1133661268029390 thr=1732900 res=4.67e+09 tierC=608 surv=491 bits=491 conf=491 best=36 gpu=0.62s cpu=0.09s (7.57e+09 res/s)
K=1197 sh=0 MOD=1133661268029390 thr=1732900 res=4.67e+09 tierC=608 surv=454 bits=454 conf=454 best=36 gpu=0.60s cpu=0.08s (7.82e+09 res/s)
K=1198 sh=0 MOD=1133661268029390 thr=1732900 res=4.67e+09 tierC=607 surv=518 bits=518 conf=518 best=36 gpu=0.59s cpu=0.10s (7.86e+09 res/s)
K=1199 sh=0 MOD=1133661268029390 thr=1732900 res=4.67e+09 tierC=608 surv=502 bits=502 conf=502 best=36 gpu=0.61s cpu=0.09s (7.67e+09 res/s)
K=1200 sh=0 MOD=1133661268029390 thr=1732900 res=4.67e+09 tierC=608 surv=459 bits=459 conf=459 best=36 gpu=0.60s cpu=0.08s (7.76e+09 res/s)
K=1201 sh=0 MOD=1133661268029390 thr=1732900 res=4.67e+09 tierC=608 surv=458 bits=458 conf=458 best=36 gpu=0.59s cpu=0.08s (7.89e+09 res/s)
K=1202 sh=0 MOD=1133661268029390 thr=1732900 res=4.67e+09 tierC=608 surv=451 bits=451 conf=451 best=36 gpu=0.59s cpu=0.08s (7.88e+09 res/s)
*** n=38 a=41853464162391913 d=459739592738910 (K=1203 shift=0)
K=1203 sh=0 MOD=1133661268029390 thr=1732900 res=4.67e+09 tierC=607 surv=503 bits=503 conf=502 best=38 gpu=0.61s cpu=0.09s (7.71e+09 res/s)
K=1204 sh=0 MOD=1133661268029390 thr=1732900 res=4.67e+09 tierC=608 surv=448 bits=448 conf=448 best=38 gpu=0.60s cpu=0.08s (7.77e+09 res/s)
K=1205 sh=0 MOD=1133661268029390 thr=1732900 res=4.67e+09 tierC=608 surv=431 bits=431 conf=431 best=38 gpu=0.59s cpu=0.08s (7.98e+09 res/s)
K=1206 sh=0 MOD=1133661268029390 thr=1732900 res=4.67e+09 tierC=608 surv=439 bits=439 conf=439 best=38 gpu=0.59s cpu=0.08s (7.92e+09 res/s)
K=1207 sh=0 MOD=15967060113090 thr=133300 res=3.592e+08 tierC=608 surv=43 bits=43 conf=43 best=38 gpu=0.14s cpu=0.01s (2.5e+09 res/s)
K=1208 sh=0 MOD=1133661268029390 thr=1732900 res=4.67e+09 tierC=608 surv=503 bits=503 conf=503 best=38 gpu=0.52s cpu=0.09s (8.92e+09 res/s)
K=1209 sh=0 MOD=1133661268029390 thr=1732900 res=4.67e+09 tierC=608 surv=448 bits=448 conf=448 best=38 gpu=0.60s cpu=0.08s (7.78e+09 res/s)
K=1210 sh=0 MOD=1133661268029390 thr=1732900 res=4.67e+09 tierC=608 surv=434 bits=434 conf=434 best=38 gpu=0.59s cpu=0.08s (7.9e+09 res/s)
K=1211 sh=0 MOD=1133661268029390 thr=1732900 res=4.67e+09 tierC=607 surv=730 bits=730 conf=727 best=38 gpu=0.63s cpu=0.13s (7.39e+09 res/s)
K=1212 sh=0 MOD=1470392337741090 thr=1974700 res=7.928e+09 tierC=607 surv=1415 bits=1415 conf=1407 best=38 gpu=1.12s cpu=0.25s (7.1e+09 res/s)
K=1213 sh=0 MOD=1133661268029390 thr=1732900 res=4.67e+09 tierC=608 surv=440 bits=440 conf=440 best=38 gpu=0.76s cpu=0.08s (6.17e+09 res/s)
K=1214 sh=0 MOD=1133661268029390 thr=1732900 res=4.67e+09 tierC=608 surv=437 bits=437 conf=437 best=38 gpu=0.59s cpu=0.08s (7.93e+09 res/s)
K=1215 sh=0 MOD=1133661268029390 thr=1732900 res=4.67e+09 tierC=608 surv=469 bits=469 conf=469 best=38 gpu=0.59s cpu=0.09s (7.91e+09 res/s)
K=1216 sh=0 MOD=1133661268029390 thr=1732900 res=4.67e+09 tierC=608 surv=426 bits=426 conf=426 best=38 gpu=0.60s cpu=0.08s (7.84e+09 res/s)
K=1217 sh=0 MOD=1133661268029390 thr=1732900 res=4.67e+09 tierC=607 surv=486 bits=486 conf=486 best=38 gpu=0.59s cpu=0.09s (7.9e+09 res/s)
K=1218 sh=0 MOD=1133661268029390 thr=1732900 res=4.67e+09 tierC=608 surv=478 bits=478 conf=478 best=38 gpu=0.60s cpu=0.09s (7.83e+09 res/s)
K=1219 sh=0 MOD=1133661268029390 thr=1732900 res=4.67e+09 tierC=608 surv=438 bits=438 conf=438 best=38 gpu=0.60s cpu=0.08s (7.8e+09 res/s)
K=1220 sh=0 MOD=1133661268029390 thr=1732900 res=4.67e+09 tierC=608 surv=442 bits=442 conf=442 best=38 gpu=0.59s cpu=0.08s (7.92e+09 res/s)
K=1221 sh=0 MOD=1133661268029390 thr=1732900 res=4.67e+09 tierC=608 surv=472 bits=472 conf=472 best=38 gpu=0.60s cpu=0.09s (7.85e+09 res/s)
K=1222 sh=0 MOD=1133661268029390 thr=1732900 res=4.67e+09 tierC=608 surv=464 bits=464 conf=464 best=38 gpu=0.60s cpu=0.09s (7.85e+09 res/s)
K=1223 sh=0 MOD=1133661268029390 thr=1732900 res=4.67e+09 tierC=607 surv=467 bits=467 conf=467 best=38 gpu=0.60s cpu=0.09s (7.8e+09 res/s)
K=1224 sh=0 MOD=1133661268029390 thr=1732900 res=4.67e+09 tierC=608 surv=403 bits=403 conf=403 best=38 gpu=0.60s cpu=0.07s (7.84e+09 res/s)
*** n=40 a=4606260161169757 d=468147133088250 (K=1225 shift=0)
K=1225 sh=0 MOD=1133661268029390 thr=1732900 res=4.67e+09 tierC=608 surv=425 bits=425 conf=425 best=40 gpu=0.58s cpu=0.08s (8.01e+09 res/s)
K=1226 sh=0 MOD=1133661268029390 thr=1732900 res=4.67e+09 tierC=608 surv=477 bits=477 conf=477 best=40 gpu=0.59s cpu=0.09s (7.91e+09 res/s)
K=1227 sh=0 MOD=1133661268029390 thr=1732900 res=4.67e+09 tierC=608 surv=451 bits=451 conf=451 best=40 gpu=0.61s cpu=0.09s (7.72e+09 res/s)
K=1228 sh=0 MOD=1133661268029390 thr=1732900 res=4.67e+09 tierC=608 surv=463 bits=463 conf=463 best=40 gpu=0.60s cpu=0.08s (7.8e+09 res/s)
K=1229 sh=0 MOD=1133661268029390 thr=1732900 res=4.67e+09 tierC=607 surv=451 bits=451 conf=451 best=40 gpu=0.60s cpu=0.08s (7.82e+09 res/s)
K=1230 sh=0 MOD=1133661268029390 thr=1732900 res=4.67e+09 tierC=608 surv=444 bits=444 conf=444 best=40 gpu=0.59s cpu=0.08s (7.89e+09 res/s)
K=1231 sh=0 MOD=1133661268029390 thr=1732900 res=4.67e+09 tierC=608 surv=466 bits=466 conf=466 best=40 gpu=0.59s cpu=0.08s (7.93e+09 res/s)
K=1232 sh=0 MOD=1133661268029390 thr=1732900 res=4.67e+09 tierC=608 surv=491 bits=491 conf=491 best=40 gpu=0.59s cpu=0.09s (7.86e+09 res/s)
K=1233 sh=0 MOD=1133661268029390 thr=1732900 res=4.67e+09 tierC=607 surv=754 bits=754 conf=750 best=40 gpu=0.67s cpu=0.13s (6.98e+09 res/s)
K=1234 sh=0 MOD=1133661268029390 thr=1732900 res=4.67e+09 tierC=607 surv=520 bits=520 conf=520 best=40 gpu=0.64s cpu=0.09s (7.28e+09 res/s)
K=1235 sh=0 MOD=1133661268029390 thr=1732900 res=4.67e+09 tierC=608 surv=435 bits=435 conf=435 best=40 gpu=0.60s cpu=0.08s (7.74e+09 res/s)
K=1236 sh=0 MOD=1133661268029390 thr=1732900 res=4.67e+09 tierC=608 surv=471 bits=471 conf=471 best=40 gpu=0.59s cpu=0.08s (7.92e+09 res/s)
K=1237 sh=0 MOD=1133661268029390 thr=1732900 res=4.67e+09 tierC=608 surv=441 bits=441 conf=441 best=40 gpu=0.59s cpu=0.08s (7.87e+09 res/s)
K=1238 sh=0 MOD=1133661268029390 thr=1732900 res=4.67e+09 tierC=608 surv=506 bits=506 conf=506 best=40 gpu=0.59s cpu=0.09s (7.91e+09 res/s)
K=1239 sh=0 MOD=19214597763210 thr=1732900 res=4.67e+09 tierC=608 surv=468 bits=468 conf=468 best=40 gpu=0.60s cpu=0.07s (7.81e+09 res/s)
K=1240 sh=0 MOD=1133661268029390 thr=1732900 res=4.67e+09 tierC=608 surv=454 bits=454 conf=454 best=40 gpu=0.58s cpu=0.08s (8.06e+09 res/s)
K=1241 sh=0 MOD=1133661268029390 thr=1732900 res=4.67e+09 tierC=608 surv=415 bits=415 conf=415 best=40 gpu=0.59s cpu=0.08s (7.92e+09 res/s)
K=1242 sh=0 MOD=1133661268029390 thr=1732900 res=4.67e+09 tierC=608 surv=434 bits=434 conf=434 best=40 gpu=0.59s cpu=0.08s (7.96e+09 res/s)
K=1243 sh=0 MOD=1314244478865930 thr=1732900 res=6.199e+09 tierC=607 surv=1119 bits=1119 conf=1111 best=40 gpu=0.86s cpu=0.20s (7.19e+09 res/s)
K=1244 sh=0 MOD=1133661268029390 thr=1732900 res=4.67e+09 tierC=607 surv=572 bits=572 conf=569 best=40 gpu=0.73s cpu=0.11s (6.42e+09 res/s)
K=1245 sh=0 MOD=1789272603757230 thr=3396484 res=1.364e+10 tierC=607 surv=2384 bits=2384 conf=2371 best=40 gpu=1.79s cpu=0.43s (7.63e+09 res/s)
K=1246 sh=0 MOD=1668647484402810 thr=2739100 res=1.1e+10 tierC=607 surv=1926 bits=1926 conf=1919 best=40 gpu=1.79s cpu=0.36s (6.14e+09 res/s)
K=1247 sh=0 MOD=1133661268029390 thr=1732900 res=4.67e+09 tierC=608 surv=459 bits=459 conf=459 best=40 gpu=0.87s cpu=0.08s (5.35e+09 res/s)
K=1248 sh=0 MOD=1133661268029390 thr=1732900 res=4.67e+09 tierC=608 surv=482 bits=482 conf=482 best=40 gpu=0.59s cpu=0.09s (7.91e+09 res/s)
K=1249 sh=0 MOD=1133661268029390 thr=1732900 res=4.67e+09 tierC=608 surv=498 bits=498 conf=498 best=40 gpu=0.60s cpu=0.09s (7.82e+09 res/s)
K=1250 sh=0 MOD=1133661268029390 thr=1732900 res=4.67e+09 tierC=608 surv=448 bits=448 conf=448 best=40 gpu=0.60s cpu=0.08s (7.78e+09 res/s)
K=1251 sh=0 MOD=1133661268029390 thr=1732900 res=4.67e+09 tierC=608 surv=436 bits=436 conf=436 best=40 gpu=0.59s cpu=0.08s (7.86e+09 res/s)
K=1252 sh=0 MOD=1133661268029390 thr=1732900 res=4.67e+09 tierC=608 surv=449 bits=449 conf=449 best=40 gpu=0.59s cpu=0.08s (7.89e+09 res/s)
K=1253 sh=0 MOD=1133661268029390 thr=1732900 res=4.67e+09 tierC=607 surv=706 bits=706 conf=703 best=40 gpu=0.64s cpu=0.12s (7.35e+09 res/s)
K=1254 sh=0 MOD=1133661268029390 thr=1732900 res=4.67e+09 tierC=608 surv=446 bits=446 conf=446 best=40 gpu=0.63s cpu=0.08s (7.41e+09 res/s)
K=1255 sh=0 MOD=1133661268029390 thr=1732900 res=4.67e+09 tierC=607 surv=600 bits=600 conf=597 best=40 gpu=0.62s cpu=0.10s (7.56e+09 res/s)
K=1256 sh=0 MOD=1133661268029390 thr=1732900 res=4.67e+09 tierC=608 surv=470 bits=470 conf=470 best=40 gpu=0.61s cpu=0.09s (7.62e+09 res/s)
K=1257 sh=0 MOD=1133661268029390 thr=1732900 res=4.67e+09 tierC=607 surv=526 bits=526 conf=525 best=40 gpu=0.60s cpu=0.10s (7.74e+09 res/s)
K=1258 sh=0 MOD=1133661268029390 thr=1732900 res=4.67e+09 tierC=608 surv=460 bits=460 conf=460 best=40 gpu=0.60s cpu=0.08s (7.72e+09 res/s)
K=1259 sh=0 MOD=1133661268029390 thr=1732900 res=4.67e+09 tierC=607 surv=484 bits=484 conf=484 best=40 gpu=0.60s cpu=0.09s (7.85e+09 res/s)
K=1260 sh=0 MOD=1133661268029390 thr=1732900 res=4.67e+09 tierC=608 surv=459 bits=459 conf=459 best=40 gpu=0.60s cpu=0.08s (7.78e+09 res/s)
K=1261 sh=0 MOD=1133661268029390 thr=1732900 res=4.67e+09 tierC=608 surv=477 bits=477 conf=477 best=40 gpu=0.60s cpu=0.09s (7.84e+09 res/s)
K=1262 sh=0 MOD=1133661268029390 thr=1732900 res=4.67e+09 tierC=608 surv=464 bits=464 conf=464 best=40 gpu=0.60s cpu=0.08s (7.77e+09 res/s)
K=1263 sh=0 MOD=1133661268029390 thr=1732900 res=4.67e+09 tierC=608 surv=453 bits=453 conf=453 best=40 gpu=0.59s cpu=0.08s (7.87e+09 res/s)
K=1264 sh=0 MOD=1133661268029390 thr=1732900 res=4.67e+09 tierC=608 surv=461 bits=461 conf=461 best=40 gpu=0.59s cpu=0.08s (7.88e+09 res/s)
K=1265 sh=0 MOD=1133661268029390 thr=1732900 res=4.67e+09 tierC=608 surv=451 bits=451 conf=451 best=40 gpu=0.59s cpu=0.08s (7.86e+09 res/s)
K=1266 sh=0 MOD=1133661268029390 thr=1732900 res=4.67e+09 tierC=608 surv=437 bits=437 conf=437 best=40 gpu=0.59s cpu=0.08s (7.91e+09 res/s)
K=1267 sh=0 MOD=1133661268029390 thr=1732900 res=4.67e+09 tierC=608 surv=487 bits=487 conf=487 best=40 gpu=0.59s cpu=0.09s (7.87e+09 res/s)
K=1268 sh=0 MOD=1133661268029390 thr=1732900 res=4.67e+09 tierC=607 surv=578 bits=578 conf=575 best=40 gpu=0.61s cpu=0.10s (7.6e+09 res/s)
K=1269 sh=0 MOD=1133661268029390 thr=1732900 res=4.67e+09 tierC=608 surv=459 bits=459 conf=459 best=40 gpu=0.61s cpu=0.08s (7.66e+09 res/s)
K=1270 sh=0 MOD=1133661268029390 thr=1732900 res=4.67e+09 tierC=608 surv=461 bits=461 conf=461 best=40 gpu=0.59s cpu=0.09s (7.93e+09 res/s)
K=1271 sh=0 MOD=1133661268029390 thr=1732900 res=4.67e+09 tierC=608 surv=442 bits=442 conf=442 best=40 gpu=0.60s cpu=0.08s (7.84e+09 res/s)
K=1272 sh=0 MOD=1133661268029390 thr=1732900 res=4.67e+09 tierC=608 surv=471 bits=471 conf=471 best=40 gpu=0.59s cpu=0.09s (7.9e+09 res/s)
K=1273 sh=0 MOD=1133661268029390 thr=1732900 res=4.67e+09 tierC=608 surv=501 bits=501 conf=501 best=40 gpu=0.60s cpu=0.09s (7.82e+09 res/s)
K=1274 sh=0 MOD=1133661268029390 thr=1732900 res=4.67e+09 tierC=608 surv=498 bits=498 conf=498 best=40 gpu=0.60s cpu=0.09s (7.77e+09 res/s)
K=1275 sh=0 MOD=1133661268029390 thr=1732900 res=4.67e+09 tierC=608 surv=482 bits=482 conf=482 best=40 gpu=0.60s cpu=0.09s (7.78e+09 res/s)
K=1276 sh=0 MOD=1133661268029390 thr=1732900 res=4.67e+09 tierC=608 surv=488 bits=488 conf=488 best=40 gpu=0.60s cpu=0.09s (7.83e+09 res/s)
K=1277 sh=0 MOD=1133661268029390 thr=1732900 res=4.67e+09 tierC=607 surv=485 bits=485 conf=485 best=40 gpu=0.60s cpu=0.09s (7.75e+09 res/s)
K=1278 sh=0 MOD=15967060113090 thr=133300 res=3.592e+08 tierC=608 surv=32 bits=32 conf=32 best=40 gpu=0.15s cpu=0.02s (2.46e+09 res/s)
K=1279 sh=0 MOD=1133661268029390 thr=1732900 res=4.67e+09 tierC=608 surv=482 bits=482 conf=482 best=40 gpu=0.53s cpu=0.09s (8.89e+09 res/s)
K=1280 sh=0 MOD=1133661268029390 thr=1732900 res=4.67e+09 tierC=608 surv=462 bits=462 conf=462 best=40 gpu=0.60s cpu=0.08s (7.84e+09 res/s)
K=1281 sh=0 MOD=1133661268029390 thr=1732900 res=4.67e+09 tierC=608 surv=426 bits=426 conf=426 best=40 gpu=0.59s cpu=0.08s (7.86e+09 res/s)
K=1282 sh=0 MOD=1133661268029390 thr=1732900 res=4.67e+09 tierC=607 surv=489 bits=489 conf=489 best=40 gpu=0.59s cpu=0.09s (7.91e+09 res/s)
K=1283 sh=0 MOD=1133661268029390 thr=1732900 res=4.67e+09 tierC=607 surv=465 bits=465 conf=465 best=40 gpu=0.60s cpu=0.09s (7.78e+09 res/s)
K=1284 sh=0 MOD=1387940430951870 thr=1732900 res=6.958e+09 tierC=607 surv=1243 bits=1243 conf=1235 best=40 gpu=0.96s cpu=0.22s (7.22e+09 res/s)
K=1285 sh=0 MOD=1133661268029390 thr=1732900 res=4.67e+09 tierC=607 surv=614 bits=614 conf=612 best=40 gpu=0.75s cpu=0.11s (6.2e+09 res/s)
K=1286 sh=0 MOD=1133661268029390 thr=1732900 res=4.67e+09 tierC=608 surv=431 bits=431 conf=431 best=40 gpu=0.62s cpu=0.08s (7.57e+09 res/s)
K=1287 sh=0 MOD=1133661268029390 thr=1732900 res=4.67e+09 tierC=608 surv=452 bits=452 conf=452 best=40 gpu=0.59s cpu=0.08s (7.88e+09 res/s)
K=1288 sh=0 MOD=1133661268029390 thr=1732900 res=4.67e+09 tierC=608 surv=420 bits=420 conf=420 best=40 gpu=0.59s cpu=0.08s (7.89e+09 res/s)
K=1289 sh=0 MOD=1133661268029390 thr=1732900 res=4.67e+09 tierC=607 surv=505 bits=505 conf=505 best=40 gpu=0.59s cpu=0.09s (7.9e+09 res/s)
K=1290 sh=0 MOD=1133661268029390 thr=1732900 res=4.67e+09 tierC=608 surv=480 bits=480 conf=480 best=40 gpu=0.60s cpu=0.09s (7.75e+09 res/s)
K=1291 sh=0 MOD=1133661268029390 thr=1732900 res=4.67e+09 tierC=608 surv=450 bits=450 conf=450 best=40 gpu=0.60s cpu=0.08s (7.8e+09 res/s)
K=1292 sh=0 MOD=1133661268029390 thr=1732900 res=4.67e+09 tierC=608 surv=453 bits=453 conf=453 best=40 gpu=0.59s cpu=0.08s (7.87e+09 res/s)
K=1293 sh=0 MOD=1133661268029390 thr=1732900 res=4.67e+09 tierC=607 surv=549 bits=549 conf=548 best=40 gpu=0.60s cpu=0.09s (7.79e+09 res/s)
K=1294 sh=0 MOD=1133661268029390 thr=1732900 res=4.67e+09 tierC=607 surv=458 bits=458 conf=458 best=40 gpu=0.61s cpu=0.09s (7.7e+09 res/s)
K=1295 sh=0 MOD=1133661268029390 thr=1732900 res=4.67e+09 tierC=608 surv=470 bits=470 conf=470 best=40 gpu=0.59s cpu=0.09s (7.86e+09 res/s)
K=1296 sh=0 MOD=1133661268029390 thr=1732900 res=4.67e+09 tierC=608 surv=475 bits=475 conf=475 best=40 gpu=0.60s cpu=0.08s (7.76e+09 res/s)
K=1297 sh=0 MOD=1133661268029390 thr=1732900 res=4.67e+09 tierC=608 surv=464 bits=464 conf=464 best=40 gpu=0.59s cpu=0.09s (7.87e+09 res/s)
K=1298 sh=0 MOD=19214597763210 thr=1732900 res=4.67e+09 tierC=608 surv=465 bits=465 conf=462 best=40 gpu=0.60s cpu=0.07s (7.79e+09 res/s)
K=1299 sh=0 MOD=1133661268029390 thr=1732900 res=4.67e+09 tierC=608 surv=473 bits=473 conf=473 best=40 gpu=0.58s cpu=0.09s (8.06e+09 res/s)
K=1300 sh=0 MOD=1133661268029390 thr=1732900 res=4.67e+09 tierC=608 surv=430 bits=430 conf=430 best=40 gpu=0.60s cpu=0.08s (7.85e+09 res/s)
K=1301 sh=0 MOD=1133661268029390 thr=1732900 res=4.67e+09 tierC=607 surv=468 bits=468 conf=468 best=40 gpu=0.59s cpu=0.08s (7.92e+09 res/s)
K=1302 sh=0 MOD=1133661268029390 thr=1732900 res=4.67e+09 tierC=608 surv=480 bits=480 conf=480 best=40 gpu=0.60s cpu=0.09s (7.84e+09 res/s)
K=1303 sh=0 MOD=1133661268029390 thr=1732900 res=4.67e+09 tierC=608 surv=422 bits=422 conf=422 best=40 gpu=0.60s cpu=0.08s (7.8e+09 res/s)
K=1304 sh=0 MOD=1133661268029390 thr=1732900 res=4.67e+09 tierC=608 surv=497 bits=497 conf=497 best=40 gpu=0.59s cpu=0.09s (7.94e+09 res/s)
K=1305 sh=0 MOD=1133661268029390 thr=1732900 res=4.67e+09 tierC=608 surv=465 bits=465 conf=465 best=40 gpu=0.60s cpu=0.09s (7.76e+09 res/s)
K=1306 sh=0 MOD=1133661268029390 thr=1732900 res=4.67e+09 tierC=607 surv=533 bits=533 conf=533 best=40 gpu=0.60s cpu=0.10s (7.81e+09 res/s)
K=1307 sh=0 MOD=1133661268029390 thr=1732900 res=4.67e+09 tierC=607 surv=454 bits=454 conf=454 best=40 gpu=0.61s cpu=0.08s (7.67e+09 res/s)
K=1308 sh=0 MOD=1133661268029390 thr=1732900 res=4.67e+09 tierC=608 surv=437 bits=437 conf=437 best=40 gpu=0.60s cpu=0.08s (7.84e+09 res/s)
K=1309 sh=0 MOD=1133661268029390 thr=1732900 res=4.67e+09 tierC=608 surv=476 bits=476 conf=476 best=40 gpu=0.59s cpu=0.09s (7.9e+09 res/s)
K=1310 sh=0 MOD=1133661268029390 thr=1732900 res=4.67e+09 tierC=607 surv=810 bits=810 conf=810 best=40 gpu=0.67s cpu=0.15s (6.93e+09 res/s)
K=1311 sh=0 MOD=1133661268029390 thr=1732900 res=4.67e+09 tierC=608 surv=486 bits=486 conf=486 best=40 gpu=0.66s cpu=0.09s (7.04e+09 res/s)
K=1312 sh=0 MOD=1133661268029390 thr=1732900 res=4.67e+09 tierC=608 surv=465 bits=465 conf=465 best=40 gpu=0.60s cpu=0.08s (7.75e+09 res/s)
K=1313 sh=0 MOD=1470392337741090 thr=1974700 res=7.928e+09 tierC=607 surv=1403 bits=1403 conf=1400 best=40 gpu=1.08s cpu=0.25s (7.37e+09 res/s)
K=1314 sh=0 MOD=1133661268029390 thr=1732900 res=4.67e+09 tierC=608 surv=414 bits=414 conf=414 best=40 gpu=0.76s cpu=0.08s (6.18e+09 res/s)
K=1315 sh=0 MOD=1133661268029390 thr=1732900 res=4.67e+09 tierC=607 surv=592 bits=592 conf=590 best=40 gpu=0.61s cpu=0.11s (7.66e+09 res/s)
K=1316 sh=0 MOD=1133661268029390 thr=1732900 res=4.67e+09 tierC=608 surv=445 bits=445 conf=445 best=40 gpu=0.62s cpu=0.08s (7.56e+09 res/s)
K=1317 sh=0 MOD=1133661268029390 thr=1732900 res=4.67e+09 tierC=608 surv=452 bits=452 conf=452 best=40 gpu=0.59s cpu=0.08s (7.88e+09 res/s)
K=1318 sh=0 MOD=1133661268029390 thr=1732900 res=4.67e+09 tierC=607 surv=517 bits=517 conf=517 best=40 gpu=0.60s cpu=0.10s (7.79e+09 res/s)
K=1319 sh=0 MOD=1133661268029390 thr=1732900 res=4.67e+09 tierC=607 surv=478 bits=478 conf=478 best=40 gpu=0.61s cpu=0.09s (7.7e+09 res/s)
K=1320 sh=0 MOD=1133661268029390 thr=1732900 res=4.67e+09 tierC=608 surv=513 bits=513 conf=513 best=40 gpu=0.60s cpu=0.09s (7.83e+09 res/s)
K=1321 sh=0 MOD=1133661268029390 thr=1732900 res=4.67e+09 tierC=608 surv=428 bits=428 conf=428 best=40 gpu=0.60s cpu=0.08s (7.74e+09 res/s)
K=1322 sh=0 MOD=1133661268029390 thr=1732900 res=4.67e+09 tierC=608 surv=417 bits=417 conf=417 best=40 gpu=0.58s cpu=0.08s (8.11e+09 res/s)
K=1323 sh=0 MOD=1133661268029390 thr=1732900 res=4.67e+09 tierC=608 surv=487 bits=487 conf=487 best=40 gpu=0.57s cpu=0.09s (8.14e+09 res/s)
GPU BEST n=40  units=165 covered=1.182e+19 raw a  survivors=88818 confirmed=88700  104.3s INTERRUPTED
resume: 534 units already recorded in experiments/2026-10-03-cuda/c1.jsonl
GPU: NVIDIA GB10 (SMs=48, cc 12.1) omp_threads=20
shared memory per block: 101376 max, using 65536
tierC order: 131 137 149 167 173 ... (608 primes, 2849254 words) magic-mod OK
*** n=7 a=62122447512660571 d=505981064660280 (K=1324 shift=0)
*** n=11 a=18639262919768881 d=505981064660280 (K=1324 shift=0)
*** n=16 a=19461688761385861 d=505981064660280 (K=1324 shift=0)
*** n=22 a=28331263810143991 d=505981064660280 (K=1324 shift=0)
*** n=23 a=43361929638122383 d=505981064660280 (K=1324 shift=0)
*** n=28 a=38446375856993143 d=505981064660280 (K=1324 shift=0)
*** n=29 a=41270518043706319 d=505981064660280 (K=1324 shift=0)
K=1324 sh=0 MOD=1133661268029390 thr=1732900 res=4.67e+09 tierC=608 surv=473 bits=473 conf=473 best=29 gpu=0.51s cpu=0.09s prep=0.01s (9.18e+09 res/s)
K=1325 sh=0 MOD=1133661268029390 thr=1732900 res=4.67e+09 tierC=608 surv=447 bits=447 conf=447 best=29 gpu=0.60s cpu=0.08s prep=0.01s (7.79e+09 res/s)
K=1326 sh=0 MOD=1133661268029390 thr=1732900 res=4.67e+09 tierC=608 surv=467 bits=467 conf=467 best=29 gpu=0.60s cpu=0.08s prep=0.01s (7.82e+09 res/s)
K=1327 sh=0 MOD=1133661268029390 thr=1732900 res=4.67e+09 tierC=608 surv=461 bits=461 conf=461 best=29 gpu=0.59s cpu=0.08s prep=0.01s (7.86e+09 res/s)
*** n=35 a=18108828852233293 d=507509708360160 (K=1328 shift=0)
K=1328 sh=0 MOD=1789272603757230 thr=3396484 res=1.364e+10 tierC=607 surv=2456 bits=2456 conf=2446 best=35 gpu=1.77s cpu=0.44s prep=0.01s (7.7e+09 res/s)
K=1329 sh=0 MOD=1133661268029390 thr=1732900 res=4.67e+09 tierC=607 surv=548 bits=548 conf=547 best=35 gpu=0.96s cpu=0.10s prep=0.01s (4.85e+09 res/s)
K=1330 sh=0 MOD=1133661268029390 thr=1732900 res=4.67e+09 tierC=608 surv=436 bits=436 conf=436 best=35 gpu=0.61s cpu=0.08s prep=0.01s (7.66e+09 res/s)
K=1331 sh=0 MOD=1133661268029390 thr=1732900 res=4.67e+09 tierC=608 surv=476 bits=476 conf=476 best=35 gpu=0.60s cpu=0.08s prep=0.01s (7.84e+09 res/s)
K=1332 sh=0 MOD=1133661268029390 thr=1732900 res=4.67e+09 tierC=608 surv=461 bits=461 conf=461 best=35 gpu=0.59s cpu=0.08s prep=0.01s (7.87e+09 res/s)
K=1333 sh=0 MOD=1133661268029390 thr=1732900 res=4.67e+09 tierC=608 surv=439 bits=439 conf=439 best=35 gpu=0.60s cpu=0.08s prep=0.01s (7.84e+09 res/s)
K=1334 sh=0 MOD=1133661268029390 thr=1732900 res=4.67e+09 tierC=608 surv=492 bits=492 conf=492 best=35 gpu=0.59s cpu=0.09s prep=0.01s (7.88e+09 res/s)
K=1335 sh=0 MOD=1668647484402810 thr=2739100 res=1.1e+10 tierC=607 surv=1904 bits=1904 conf=1891 best=35 gpu=1.46s cpu=0.34s prep=0.01s (7.56e+09 res/s)
K=1336 sh=0 MOD=1133661268029390 thr=1732900 res=4.67e+09 tierC=607 surv=714 bits=714 conf=710 best=35 gpu=0.90s cpu=0.13s prep=0.01s (5.2e+09 res/s)
K=1337 sh=0 MOD=1133661268029390 thr=1732900 res=4.67e+09 tierC=607 surv=696 bits=696 conf=694 best=35 gpu=0.68s cpu=0.13s prep=0.01s (6.9e+09 res/s)
K=1338 sh=0 MOD=1133661268029390 thr=1732900 res=4.67e+09 tierC=608 surv=476 bits=476 conf=476 best=35 gpu=0.64s cpu=0.09s prep=0.01s (7.35e+09 res/s)
K=1339 sh=0 MOD=1133661268029390 thr=1732900 res=4.67e+09 tierC=608 surv=495 bits=495 conf=495 best=35 gpu=0.60s cpu=0.09s prep=0.01s (7.82e+09 res/s)
K=1340 sh=0 MOD=1133661268029390 thr=1732900 res=4.67e+09 tierC=608 surv=443 bits=443 conf=443 best=35 gpu=0.60s cpu=0.08s prep=0.01s (7.75e+09 res/s)
K=1341 sh=0 MOD=1133661268029390 thr=1732900 res=4.67e+09 tierC=607 surv=757 bits=757 conf=754 best=35 gpu=0.65s cpu=0.13s prep=0.01s (7.15e+09 res/s)
K=1342 sh=0 MOD=1133661268029390 thr=1732900 res=4.67e+09 tierC=608 surv=427 bits=427 conf=427 best=35 gpu=0.65s cpu=0.08s prep=0.01s (7.24e+09 res/s)
K=1343 sh=0 MOD=1133661268029390 thr=1732900 res=4.67e+09 tierC=608 surv=475 bits=475 conf=475 best=35 gpu=0.59s cpu=0.08s prep=0.01s (7.87e+09 res/s)
K=1344 sh=0 MOD=1133661268029390 thr=1732900 res=4.67e+09 tierC=608 surv=476 bits=476 conf=476 best=35 gpu=0.59s cpu=0.09s prep=0.01s (7.86e+09 res/s)
K=1345 sh=0 MOD=1133661268029390 thr=1732900 res=4.67e+09 tierC=607 surv=605 bits=605 conf=603 best=35 gpu=0.62s cpu=0.11s prep=0.01s (7.56e+09 res/s)
K=1346 sh=0 MOD=1133661268029390 thr=1732900 res=4.67e+09 tierC=608 surv=463 bits=463 conf=463 best=35 gpu=0.62s cpu=0.09s prep=0.01s (7.56e+09 res/s)
K=1347 sh=0 MOD=1133661268029390 thr=1732900 res=4.67e+09 tierC=607 surv=546 bits=546 conf=545 best=35 gpu=0.60s cpu=0.10s prep=0.01s (7.78e+09 res/s)
K=1348 sh=0 MOD=1133661268029390 thr=1732900 res=4.67e+09 tierC=608 surv=475 bits=475 conf=475 best=35 gpu=0.61s cpu=0.09s prep=0.01s (7.67e+09 res/s)
K=1349 sh=0 MOD=15967060113090 thr=133300 res=3.592e+08 tierC=608 surv=46 bits=46 conf=45 best=35 gpu=0.15s cpu=0.01s prep=0.01s (2.46e+09 res/s)
K=1350 sh=0 MOD=1133661268029390 thr=1732900 res=4.67e+09 tierC=608 surv=460 bits=460 conf=460 best=35 gpu=0.52s cpu=0.08s prep=0.01s (8.9e+09 res/s)
K=1351 sh=0 MOD=1133661268029390 thr=1732900 res=4.67e+09 tierC=608 surv=430 bits=430 conf=430 best=35 gpu=0.60s cpu=0.08s prep=0.01s (7.84e+09 res/s)
K=1352 sh=0 MOD=1133661268029390 thr=1732900 res=4.67e+09 tierC=608 surv=442 bits=442 conf=442 best=35 gpu=0.59s cpu=0.08s prep=0.01s (7.97e+09 res/s)
K=1353 sh=0 MOD=1133661268029390 thr=1732900 res=4.67e+09 tierC=608 surv=495 bits=495 conf=495 best=35 gpu=0.59s cpu=0.09s prep=0.01s (7.89e+09 res/s)
K=1354 sh=0 MOD=1133661268029390 thr=1732900 res=4.67e+09 tierC=607 surv=510 bits=510 conf=510 best=35 gpu=0.60s cpu=0.10s prep=0.01s (7.75e+09 res/s)
K=1355 sh=0 MOD=1133661268029390 thr=1732900 res=4.67e+09 tierC=608 surv=434 bits=434 conf=434 best=35 gpu=0.61s cpu=0.08s prep=0.01s (7.71e+09 res/s)
K=1356 sh=0 MOD=1314244478865930 thr=1732900 res=6.199e+09 tierC=607 surv=1073 bits=1073 conf=1068 best=35 gpu=0.86s cpu=0.19s prep=0.01s (7.19e+09 res/s)
K=1357 sh=0 MOD=19214597763210 thr=1732900 res=4.67e+09 tierC=608 surv=468 bits=468 conf=467 best=35 gpu=0.70s cpu=0.07s prep=0.01s (6.64e+09 res/s)
K=1358 sh=0 MOD=1133661268029390 thr=1732900 res=4.67e+09 tierC=608 surv=447 bits=447 conf=447 best=35 gpu=0.58s cpu=0.08s prep=0.01s (8.04e+09 res/s)
K=1359 sh=0 MOD=1133661268029390 thr=1732900 res=4.67e+09 tierC=608 surv=476 bits=476 conf=476 best=35 gpu=0.59s cpu=0.09s prep=0.01s (7.87e+09 res/s)
*** n=36 a=19739725250956123 d=519738857959200 (K=1360 shift=0)
K=1360 sh=0 MOD=1133661268029390 thr=1732900 res=4.67e+09 tierC=608 surv=465 bits=465 conf=465 best=36 gpu=0.60s cpu=0.09s prep=0.01s (7.78e+09 res/s)
K=1361 sh=0 MOD=1133661268029390 thr=1732900 res=4.67e+09 tierC=607 surv=490 bits=490 conf=490 best=36 gpu=0.60s cpu=0.09s prep=0.01s (7.77e+09 res/s)
K=1362 sh=0 MOD=1133661268029390 thr=1732900 res=4.67e+09 tierC=607 surv=605 bits=605 conf=603 best=36 gpu=0.63s cpu=0.11s prep=0.01s (7.4e+09 res/s)
K=1363 sh=0 MOD=1133661268029390 thr=1732900 res=4.67e+09 tierC=608 surv=431 bits=431 conf=431 best=36 gpu=0.62s cpu=0.08s prep=0.01s (7.5e+09 res/s)
K=1364 sh=0 MOD=1133661268029390 thr=1732900 res=4.67e+09 tierC=608 surv=436 bits=436 conf=436 best=36 gpu=0.59s cpu=0.09s prep=0.01s (7.88e+09 res/s)
K=1365 sh=0 MOD=1133661268029390 thr=1732900 res=4.67e+09 tierC=608 surv=449 bits=449 conf=449 best=36 gpu=0.60s cpu=0.08s prep=0.01s (7.75e+09 res/s)
K=1366 sh=0 MOD=1133661268029390 thr=1732900 res=4.67e+09 tierC=607 surv=474 bits=474 conf=474 best=36 gpu=0.59s cpu=0.09s prep=0.01s (7.88e+09 res/s)
K=1367 sh=0 MOD=1133661268029390 thr=1732900 res=4.67e+09 tierC=607 surv=510 bits=510 conf=510 best=36 gpu=0.60s cpu=0.09s prep=0.01s (7.79e+09 res/s)
K=1368 sh=0 MOD=1133661268029390 thr=1732900 res=4.67e+09 tierC=608 surv=490 bits=490 conf=490 best=36 gpu=0.60s cpu=0.09s prep=0.01s (7.75e+09 res/s)
K=1369 sh=0 MOD=1133661268029390 thr=1732900 res=4.67e+09 tierC=608 surv=426 bits=426 conf=426 best=36 gpu=0.60s cpu=0.08s prep=0.01s (7.79e+09 res/s)
K=1370 sh=0 MOD=1133661268029390 thr=1732900 res=4.67e+09 tierC=607 surv=832 bits=832 conf=832 best=36 gpu=0.66s cpu=0.15s prep=0.01s (7.1e+09 res/s)
K=1371 sh=0 MOD=1133661268029390 thr=1732900 res=4.67e+09 tierC=608 surv=429 bits=429 conf=429 best=36 gpu=0.66s cpu=0.08s prep=0.01s (7.08e+09 res/s)
K=1372 sh=0 MOD=1133661268029390 thr=1732900 res=4.67e+09 tierC=608 surv=470 bits=470 conf=470 best=36 gpu=0.59s cpu=0.09s prep=0.01s (7.91e+09 res/s)
K=1373 sh=0 MOD=1133661268029390 thr=1732900 res=4.67e+09 tierC=607 surv=490 bits=490 conf=490 best=36 gpu=0.60s cpu=0.09s prep=0.01s (7.81e+09 res/s)
K=1374 sh=0 MOD=1133661268029390 thr=1732900 res=4.67e+09 tierC=608 surv=452 bits=452 conf=452 best=36 gpu=0.60s cpu=0.08s prep=0.01s (7.82e+09 res/s)
K=1375 sh=0 MOD=1133661268029390 thr=1732900 res=4.67e+09 tierC=608 surv=455 bits=455 conf=455 best=36 gpu=0.59s cpu=0.08s prep=0.01s (7.85e+09 res/s)
K=1376 sh=0 MOD=1133661268029390 thr=1732900 res=4.67e+09 tierC=608 surv=462 bits=462 conf=462 best=36 gpu=0.60s cpu=0.08s prep=0.01s (7.84e+09 res/s)
K=1377 sh=0 MOD=1133661268029390 thr=1732900 res=4.67e+09 tierC=608 surv=462 bits=462 conf=462 best=36 gpu=0.60s cpu=0.09s prep=0.01s (7.84e+09 res/s)
K=1378 sh=0 MOD=1133661268029390 thr=1732900 res=4.67e+09 tierC=608 surv=464 bits=464 conf=464 best=36 gpu=0.60s cpu=0.09s prep=0.01s (7.8e+09 res/s)
K=1379 sh=0 MOD=1133661268029390 thr=1732900 res=4.67e+09 tierC=607 surv=668 bits=668 conf=667 best=36 gpu=0.63s cpu=0.12s prep=0.01s (7.36e+09 res/s)
K=1380 sh=0 MOD=1133661268029390 thr=1732900 res=4.67e+09 tierC=608 surv=458 bits=458 conf=458 best=36 gpu=0.63s cpu=0.08s prep=0.01s (7.43e+09 res/s)
K=1381 sh=0 MOD=1133661268029390 thr=1732900 res=4.67e+09 tierC=608 surv=452 bits=452 conf=452 best=36 gpu=0.59s cpu=0.08s prep=0.01s (7.87e+09 res/s)
K=1382 sh=0 MOD=1133661268029390 thr=1732900 res=4.67e+09 tierC=608 surv=453 bits=453 conf=453 best=36 gpu=0.59s cpu=0.08s prep=0.01s (7.9e+09 res/s)
*** n=37 a=31177748384232181 d=528528559233510 (K=1383 shift=0)
K=1383 sh=0 MOD=1133661268029390 thr=1732900 res=4.67e+09 tierC=607 surv=496 bits=496 conf=495 best=37 gpu=0.60s cpu=0.09s prep=0.01s (7.77e+09 res/s)
K=1384 sh=0 MOD=1133661268029390 thr=1732900 res=4.67e+09 tierC=607 surv=697 bits=697 conf=693 best=37 gpu=0.64s cpu=0.12s prep=0.01s (7.28e+09 res/s)
K=1385 sh=0 MOD=1133661268029390 thr=1732900 res=4.67e+09 tierC=608 surv=452 bits=452 conf=452 best=37 gpu=0.63s cpu=0.08s prep=0.01s (7.38e+09 res/s)
K=1386 sh=0 MOD=1133661268029390 thr=1732900 res=4.67e+09 tierC=608 surv=485 bits=485 conf=485 best=37 gpu=0.59s cpu=0.09s prep=0.01s (7.85e+09 res/s)
K=1387 sh=0 MOD=1133661268029390 thr=1732900 res=4.67e+09 tierC=608 surv=460 bits=460 conf=460 best=37 gpu=0.60s cpu=0.09s prep=0.01s (7.79e+09 res/s)
K=1388 sh=0 MOD=1133661268029390 thr=1732900 res=4.67e+09 tierC=607 surv=570 bits=570 conf=568 best=37 gpu=0.61s cpu=0.10s prep=0.01s (7.67e+09 res/s)
K=1389 sh=0 MOD=1133661268029390 thr=1732900 res=4.67e+09 tierC=608 surv=465 bits=465 conf=465 best=37 gpu=0.61s cpu=0.08s prep=0.01s (7.61e+09 res/s)
K=1390 sh=0 MOD=1133661268029390 thr=1732900 res=4.67e+09 tierC=608 surv=449 bits=449 conf=449 best=37 gpu=0.59s cpu=0.08s prep=0.01s (7.86e+09 res/s)
K=1391 sh=0 MOD=1387940430951870 thr=1732900 res=6.958e+09 tierC=607 surv=1195 bits=1195 conf=1192 best=37 gpu=0.96s cpu=0.22s prep=0.01s (7.26e+09 res/s)
K=1392 sh=0 MOD=1133661268029390 thr=1732900 res=4.67e+09 tierC=608 surv=442 bits=442 conf=442 best=37 gpu=0.73s cpu=0.08s prep=0.01s (6.41e+09 res/s)
K=1393 sh=0 MOD=1133661268029390 thr=1732900 res=4.67e+09 tierC=608 surv=465 bits=465 conf=465 best=37 gpu=0.59s cpu=0.09s prep=0.01s (7.89e+09 res/s)
K=1394 sh=0 MOD=1133661268029390 thr=1732900 res=4.67e+09 tierC=608 surv=456 bits=456 conf=456 best=37 gpu=0.60s cpu=0.08s prep=0.01s (7.79e+09 res/s)
K=1395 sh=0 MOD=1133661268029390 thr=1732900 res=4.67e+09 tierC=608 surv=463 bits=463 conf=463 best=37 gpu=0.59s cpu=0.09s prep=0.01s (7.88e+09 res/s)
K=1396 sh=0 MOD=1133661268029390 thr=1732900 res=4.67e+09 tierC=608 surv=475 bits=475 conf=475 best=37 gpu=0.60s cpu=0.09s prep=0.01s (7.85e+09 res/s)
K=1397 sh=0 MOD=1133661268029390 thr=1732900 res=4.67e+09 tierC=608 surv=434 bits=434 conf=434 best=37 gpu=0.60s cpu=0.08s prep=0.01s (7.82e+09 res/s)
K=1398 sh=0 MOD=1133661268029390 thr=1732900 res=4.67e+09 tierC=607 surv=604 bits=604 conf=603 best=37 gpu=0.62s cpu=0.11s prep=0.01s (7.54e+09 res/s)
K=1399 sh=0 MOD=1133661268029390 thr=1732900 res=4.67e+09 tierC=608 surv=469 bits=469 conf=469 best=37 gpu=0.62s cpu=0.08s prep=0.01s (7.53e+09 res/s)
K=1400 sh=0 MOD=1133661268029390 thr=1732900 res=4.67e+09 tierC=608 surv=453 bits=453 conf=453 best=37 gpu=0.60s cpu=0.08s prep=0.01s (7.85e+09 res/s)
K=1401 sh=0 MOD=1133661268029390 thr=1732900 res=4.67e+09 tierC=607 surv=533 bits=533 conf=532 best=37 gpu=0.60s cpu=0.10s prep=0.01s (7.8e+09 res/s)
K=1402 sh=0 MOD=1133661268029390 thr=1732900 res=4.67e+09 tierC=607 surv=490 bits=490 conf=490 best=37 gpu=0.61s cpu=0.09s prep=0.01s (7.67e+09 res/s)
K=1403 sh=0 MOD=1133661268029390 thr=1732900 res=4.67e+09 tierC=608 surv=477 bits=477 conf=477 best=37 gpu=0.60s cpu=0.09s prep=0.01s (7.75e+09 res/s)
K=1404 sh=0 MOD=1133661268029390 thr=1732900 res=4.67e+09 tierC=608 surv=434 bits=434 conf=434 best=37 gpu=0.60s cpu=0.08s prep=0.01s (7.8e+09 res/s)
K=1405 sh=0 MOD=1133661268029390 thr=1732900 res=4.67e+09 tierC=607 surv=562 bits=562 conf=560 best=37 gpu=0.62s cpu=0.10s prep=0.01s (7.57e+09 res/s)
K=1406 sh=0 MOD=1133661268029390 thr=1732900 res=4.67e+09 tierC=608 surv=473 bits=473 conf=473 best=37 gpu=0.61s cpu=0.08s prep=0.01s (7.62e+09 res/s)
K=1407 sh=0 MOD=1133661268029390 thr=1732900 res=4.67e+09 tierC=608 surv=480 bits=480 conf=480 best=37 gpu=0.59s cpu=0.09s prep=0.01s (7.89e+09 res/s)
K=1408 sh=0 MOD=1133661268029390 thr=1732900 res=4.67e+09 tierC=608 surv=473 bits=473 conf=473 best=37 gpu=0.60s cpu=0.08s prep=0.01s (7.81e+09 res/s)
K=1409 sh=0 MOD=1133661268029390 thr=1732900 res=4.67e+09 tierC=607 surv=493 bits=493 conf=493 best=37 gpu=0.60s cpu=0.09s prep=0.01s (7.77e+09 res/s)
K=1410 sh=0 MOD=1133661268029390 thr=1732900 res=4.67e+09 tierC=608 surv=437 bits=437 conf=437 best=37 gpu=0.60s cpu=0.08s prep=0.01s (7.77e+09 res/s)
K=1411 sh=0 MOD=1789272603757230 thr=3396484 res=1.364e+10 tierC=607 surv=2427 bits=2427 conf=2409 best=37 gpu=1.78s cpu=0.45s prep=0.01s (7.67e+09 res/s)
K=1412 sh=0 MOD=1133661268029390 thr=1732900 res=4.67e+09 tierC=607 surv=555 bits=555 conf=553 best=37 gpu=0.98s cpu=0.10s prep=0.01s (4.75e+09 res/s)
K=1413 sh=0 MOD=1133661268029390 thr=1732900 res=4.67e+09 tierC=608 surv=440 bits=440 conf=440 best=37 gpu=0.61s cpu=0.09s prep=0.01s (7.6e+09 res/s)
K=1414 sh=0 MOD=1470392337741090 thr=1974700 res=7.928e+09 tierC=607 surv=1461 bits=1461 conf=1455 best=37 gpu=1.09s cpu=0.27s prep=0.01s (7.3e+09 res/s)
K=1415 sh=0 MOD=1133661268029390 thr=1732900 res=4.67e+09 tierC=608 surv=445 bits=445 conf=445 best=37 gpu=0.79s cpu=0.09s prep=0.01s (5.9e+09 res/s)
K=1416 sh=0 MOD=19214597763210 thr=1732900 res=4.67e+09 tierC=608 surv=489 bits=489 conf=487 best=37 gpu=0.60s cpu=0.07s prep=0.01s (7.82e+09 res/s)
K=1417 sh=0 MOD=1133661268029390 thr=1732900 res=4.67e+09 tierC=608 surv=506 bits=506 conf=506 best=37 gpu=0.58s cpu=0.09s prep=0.01s (8e+09 res/s)
K=1418 sh=0 MOD=1133661268029390 thr=1732900 res=4.67e+09 tierC=608 surv=458 bits=458 conf=458 best=37 gpu=0.60s cpu=0.08s prep=0.01s (7.75e+09 res/s)
K=1419 sh=0 MOD=1133661268029390 thr=1732900 res=4.67e+09 tierC=608 surv=467 bits=467 conf=467 best=37 gpu=0.59s cpu=0.08s prep=0.01s (7.87e+09 res/s)
K=1420 sh=0 MOD=15967060113090 thr=133300 res=3.592e+08 tierC=608 surv=44 bits=44 conf=43 best=37 gpu=0.14s cpu=0.02s prep=0.01s (2.54e+09 res/s)
K=1421 sh=0 MOD=1133661268029390 thr=1732900 res=4.67e+09 tierC=608 surv=460 bits=460 conf=460 best=37 gpu=0.53s cpu=0.09s prep=0.01s (8.85e+09 res/s)
K=1422 sh=0 MOD=1133661268029390 thr=1732900 res=4.67e+09 tierC=608 surv=473 bits=473 conf=473 best=37 gpu=0.60s cpu=0.09s prep=0.01s (7.79e+09 res/s)
K=1423 sh=0 MOD=1133661268029390 thr=1732900 res=4.67e+09 tierC=608 surv=461 bits=461 conf=461 best=37 gpu=0.60s cpu=0.08s prep=0.01s (7.81e+09 res/s)
K=1424 sh=0 MOD=1668647484402810 thr=2739100 res=1.1e+10 tierC=607 surv=1881 bits=1881 conf=1870 best=37 gpu=1.45s cpu=0.35s prep=0.01s (7.58e+09 res/s)
K=1425 sh=0 MOD=1133661268029390 thr=1732900 res=4.67e+09 tierC=608 surv=477 bits=477 conf=477 best=37 gpu=0.86s cpu=0.09s prep=0.01s (5.45e+09 res/s)
K=1426 sh=0 MOD=1133661268029390 thr=1732900 res=4.67e+09 tierC=608 surv=475 bits=475 conf=475 best=37 gpu=0.60s cpu=0.09s prep=0.01s (7.84e+09 res/s)
K=1427 sh=0 MOD=1133661268029390 thr=1732900 res=4.67e+09 tierC=607 surv=513 bits=513 conf=513 best=37 gpu=0.60s cpu=0.09s prep=0.01s (7.78e+09 res/s)
K=1428 sh=0 MOD=1133661268029390 thr=1732900 res=4.67e+09 tierC=608 surv=461 bits=461 conf=461 best=37 gpu=0.60s cpu=0.09s prep=0.01s (7.73e+09 res/s)
K=1429 sh=0 MOD=1133661268029390 thr=1732900 res=4.67e+09 tierC=608 surv=457 bits=457 conf=457 best=37 gpu=0.60s cpu=0.08s prep=0.01s (7.75e+09 res/s)
K=1430 sh=0 MOD=1133661268029390 thr=1732900 res=4.67e+09 tierC=608 surv=435 bits=435 conf=435 best=37 gpu=0.59s cpu=0.08s prep=0.01s (7.89e+09 res/s)
*** n=38 a=49249728356966311 d=546872283632070 (K=1431 shift=0)
K=1431 sh=0 MOD=1133661268029390 thr=1732900 res=4.67e+09 tierC=608 surv=495 bits=495 conf=495 best=38 gpu=0.59s cpu=0.09s prep=0.01s (7.86e+09 res/s)
K=1432 sh=0 MOD=1133661268029390 thr=1732900 res=4.67e+09 tierC=607 surv=675 bits=675 conf=671 best=38 gpu=0.65s cpu=0.12s prep=0.01s (7.17e+09 res/s)
K=1433 sh=0 MOD=1133661268029390 thr=1732900 res=4.67e+09 tierC=607 surv=491 bits=491 conf=491 best=38 gpu=0.63s cpu=0.09s prep=0.01s (7.4e+09 res/s)
K=1434 sh=0 MOD=1133661268029390 thr=1732900 res=4.67e+09 tierC=607 surv=565 bits=565 conf=564 best=38 gpu=0.63s cpu=0.10s prep=0.01s (7.43e+09 res/s)
*** n=47 a=18523198001163499 d=548400927331950 (K=1435 shift=0)
K=1435 sh=0 MOD=1133661268029390 thr=1732900 res=4.67e+09 tierC=608 surv=478 bits=478 conf=478 best=47 gpu=0.61s cpu=0.09s prep=0.01s (7.64e+09 res/s)
K=1436 sh=0 MOD=1133661268029390 thr=1732900 res=4.67e+09 tierC=607 surv=548 bits=548 conf=547 best=47 gpu=0.61s cpu=0.10s prep=0.01s (7.66e+09 res/s)
K=1437 sh=0 MOD=1133661268029390 thr=1732900 res=4.67e+09 tierC=607 surv=532 bits=532 conf=531 best=47 gpu=0.62s cpu=0.10s prep=0.01s (7.58e+09 res/s)
K=1438 sh=0 MOD=1133661268029390 thr=1732900 res=4.67e+09 tierC=607 surv=477 bits=477 conf=477 best=47 gpu=0.61s cpu=0.09s prep=0.01s (7.67e+09 res/s)
K=1439 sh=0 MOD=1133661268029390 thr=1732900 res=4.67e+09 tierC=607 surv=494 bits=494 conf=494 best=47 gpu=0.60s cpu=0.09s prep=0.01s (7.77e+09 res/s)
K=1440 sh=0 MOD=1133661268029390 thr=1732900 res=4.67e+09 tierC=608 surv=432 bits=432 conf=432 best=47 gpu=0.60s cpu=0.08s prep=0.01s (7.79e+09 res/s)
K=1441 sh=0 MOD=1133661268029390 thr=1732900 res=4.67e+09 tierC=607 surv=822 bits=822 conf=818 best=47 gpu=0.66s cpu=0.15s prep=0.01s (7.03e+09 res/s)
K=1442 sh=0 MOD=1133661268029390 thr=1732900 res=4.67e+09 tierC=608 surv=464 bits=464 conf=464 best=47 gpu=0.66s cpu=0.09s prep=0.01s (7.1e+09 res/s)
K=1443 sh=0 MOD=1133661268029390 thr=1732900 res=4.67e+09 tierC=608 surv=486 bits=486 conf=486 best=47 gpu=0.60s cpu=0.09s prep=0.01s (7.75e+09 res/s)
K=1444 sh=0 MOD=1133661268029390 thr=1732900 res=4.67e+09 tierC=608 surv=464 bits=464 conf=464 best=47 gpu=0.60s cpu=0.08s prep=0.01s (7.77e+09 res/s)
K=1445 sh=0 MOD=1133661268029390 thr=1732900 res=4.67e+09 tierC=608 surv=433 bits=433 conf=433 best=47 gpu=0.60s cpu=0.08s prep=0.01s (7.74e+09 res/s)
K=1446 sh=0 MOD=1133661268029390 thr=1732900 res=4.67e+09 tierC=608 surv=501 bits=501 conf=501 best=47 gpu=0.59s cpu=0.09s prep=0.01s (7.88e+09 res/s)
K=1447 sh=0 MOD=1133661268029390 thr=1732900 res=4.67e+09 tierC=608 surv=436 bits=436 conf=436 best=47 gpu=0.61s cpu=0.08s prep=0.01s (7.72e+09 res/s)
K=1448 sh=0 MOD=1133661268029390 thr=1732900 res=4.67e+09 tierC=608 surv=431 bits=431 conf=431 best=47 gpu=0.60s cpu=0.08s prep=0.01s (7.85e+09 res/s)
K=1449 sh=0 MOD=1133661268029390 thr=1732900 res=4.67e+09 tierC=608 surv=409 bits=409 conf=409 best=47 gpu=0.59s cpu=0.08s prep=0.01s (7.85e+09 res/s)
K=1450 sh=0 MOD=1133661268029390 thr=1732900 res=4.67e+09 tierC=608 surv=491 bits=491 conf=491 best=47 gpu=0.59s cpu=0.09s prep=0.01s (7.93e+09 res/s)
K=1451 sh=0 MOD=1133661268029390 thr=1732900 res=4.67e+09 tierC=607 surv=482 bits=482 conf=482 best=47 gpu=0.60s cpu=0.09s prep=0.01s (7.74e+09 res/s)
K=1452 sh=0 MOD=1133661268029390 thr=1732900 res=4.67e+09 tierC=608 surv=438 bits=438 conf=438 best=47 gpu=0.60s cpu=0.08s prep=0.01s (7.74e+09 res/s)
K=1453 sh=0 MOD=1133661268029390 thr=1732900 res=4.67e+09 tierC=608 surv=476 bits=476 conf=476 best=47 gpu=0.59s cpu=0.09s prep=0.01s (7.91e+09 res/s)
K=1454 sh=0 MOD=1133661268029390 thr=1732900 res=4.67e+09 tierC=608 surv=462 bits=462 conf=462 best=47 gpu=0.60s cpu=0.09s prep=0.01s (7.77e+09 res/s)
K=1455 sh=0 MOD=1133661268029390 thr=1732900 res=4.67e+09 tierC=608 surv=457 bits=457 conf=457 best=47 gpu=0.60s cpu=0.09s prep=0.01s (7.82e+09 res/s)
K=1456 sh=0 MOD=1133661268029390 thr=1732900 res=4.67e+09 tierC=608 surv=412 bits=412 conf=412 best=47 gpu=0.60s cpu=0.08s prep=0.01s (7.81e+09 res/s)
K=1457 sh=0 MOD=1133661268029390 thr=1732900 res=4.67e+09 tierC=608 surv=475 bits=475 conf=475 best=47 gpu=0.59s cpu=0.08s prep=0.01s (7.9e+09 res/s)
K=1458 sh=0 MOD=1133661268029390 thr=1732900 res=4.67e+09 tierC=608 surv=456 bits=456 conf=456 best=47 gpu=0.60s cpu=0.09s prep=0.01s (7.82e+09 res/s)
K=1459 sh=0 MOD=1133661268029390 thr=1732900 res=4.67e+09 tierC=608 surv=455 bits=455 conf=455 best=47 gpu=0.60s cpu=0.08s prep=0.01s (7.77e+09 res/s)
K=1460 sh=0 MOD=1133661268029390 thr=1732900 res=4.67e+09 tierC=608 surv=422 bits=422 conf=422 best=47 gpu=0.60s cpu=0.08s prep=0.01s (7.85e+09 res/s)
K=1461 sh=0 MOD=1133661268029390 thr=1732900 res=4.67e+09 tierC=608 surv=444 bits=444 conf=444 best=47 gpu=0.59s cpu=0.08s prep=0.01s (7.92e+09 res/s)
K=1462 sh=0 MOD=1133661268029390 thr=1732900 res=4.67e+09 tierC=608 surv=453 bits=453 conf=453 best=47 gpu=0.60s cpu=0.08s prep=0.01s (7.81e+09 res/s)
K=1463 sh=0 MOD=1133661268029390 thr=1732900 res=4.67e+09 tierC=608 surv=459 bits=459 conf=459 best=47 gpu=0.59s cpu=0.09s prep=0.01s (7.86e+09 res/s)
K=1464 sh=0 MOD=1133661268029390 thr=1732900 res=4.67e+09 tierC=608 surv=429 bits=429 conf=429 best=47 gpu=0.60s cpu=0.08s prep=0.01s (7.75e+09 res/s)
K=1465 sh=0 MOD=1133661268029390 thr=1732900 res=4.67e+09 tierC=607 surv=585 bits=585 conf=583 best=47 gpu=0.61s cpu=0.11s prep=0.01s (7.7e+09 res/s)
K=1466 sh=0 MOD=1133661268029390 thr=1732900 res=4.67e+09 tierC=608 surv=445 bits=445 conf=445 best=47 gpu=0.62s cpu=0.08s prep=0.01s (7.51e+09 res/s)
K=1467 sh=0 MOD=1133661268029390 thr=1732900 res=4.67e+09 tierC=608 surv=473 bits=473 conf=473 best=47 gpu=0.60s cpu=0.08s prep=0.01s (7.83e+09 res/s)
K=1468 sh=0 MOD=1133661268029390 thr=1732900 res=4.67e+09 tierC=608 surv=459 bits=459 conf=459 best=47 gpu=0.60s cpu=0.08s prep=0.01s (7.84e+09 res/s)
K=1469 sh=0 MOD=1314244478865930 thr=1732900 res=6.199e+09 tierC=607 surv=1128 bits=1128 conf=1127 best=47 gpu=0.87s cpu=0.20s prep=0.01s (7.16e+09 res/s)
K=1470 sh=0 MOD=1133661268029390 thr=1732900 res=4.67e+09 tierC=608 surv=485 bits=485 conf=485 best=47 gpu=0.71s cpu=0.09s prep=0.01s (6.55e+09 res/s)
K=1471 sh=0 MOD=1133661268029390 thr=1732900 res=4.67e+09 tierC=608 surv=438 bits=438 conf=438 best=47 gpu=0.60s cpu=0.08s prep=0.01s (7.75e+09 res/s)
K=1472 sh=0 MOD=1133661268029390 thr=1732900 res=4.67e+09 tierC=608 surv=502 bits=502 conf=502 best=47 gpu=0.59s cpu=0.09s prep=0.01s (7.91e+09 res/s)
K=1473 sh=0 MOD=1133661268029390 thr=1732900 res=4.67e+09 tierC=607 surv=529 bits=529 conf=528 best=47 gpu=0.61s cpu=0.10s prep=0.01s (7.66e+09 res/s)
K=1474 sh=0 MOD=1133661268029390 thr=1732900 res=4.67e+09 tierC=608 surv=456 bits=456 conf=456 best=47 gpu=0.61s cpu=0.08s prep=0.01s (7.68e+09 res/s)
K=1475 sh=0 MOD=19214597763210 thr=1732900 res=4.67e+09 tierC=608 surv=471 bits=471 conf=465 best=47 gpu=0.60s cpu=0.07s prep=0.01s (7.84e+09 res/s)
K=1476 sh=0 MOD=1133661268029390 thr=1732900 res=4.67e+09 tierC=608 surv=463 bits=463 conf=463 best=47 gpu=0.58s cpu=0.09s prep=0.01s (8.03e+09 res/s)
K=1477 sh=0 MOD=1133661268029390 thr=1732900 res=4.67e+09 tierC=608 surv=480 bits=480 conf=480 best=47 gpu=0.60s cpu=0.09s prep=0.01s (7.78e+09 res/s)
K=1478 sh=0 MOD=1133661268029390 thr=1732900 res=4.67e+09 tierC=608 surv=418 bits=418 conf=418 best=47 gpu=0.60s cpu=0.08s prep=0.01s (7.77e+09 res/s)
K=1479 sh=0 MOD=1133661268029390 thr=1732900 res=4.67e+09 tierC=608 surv=458 bits=458 conf=458 best=47 gpu=0.59s cpu=0.08s prep=0.01s (7.94e+09 res/s)
K=1480 sh=0 MOD=1133661268029390 thr=1732900 res=4.67e+09 tierC=608 surv=430 bits=430 conf=430 best=47 gpu=0.60s cpu=0.08s prep=0.01s (7.81e+09 res/s)
K=1481 sh=0 MOD=1133661268029390 thr=1732900 res=4.67e+09 tierC=607 surv=457 bits=457 conf=457 best=47 gpu=0.59s cpu=0.08s prep=0.01s (7.89e+09 res/s)
K=1482 sh=0 MOD=1133661268029390 thr=1732900 res=4.67e+09 tierC=608 surv=451 bits=451 conf=451 best=47 gpu=0.60s cpu=0.08s prep=0.01s (7.81e+09 res/s)
K=1483 sh=0 MOD=1133661268029390 thr=1732900 res=4.67e+09 tierC=608 surv=485 bits=485 conf=485 best=47 gpu=0.60s cpu=0.09s prep=0.01s (7.84e+09 res/s)
K=1484 sh=0 MOD=1133661268029390 thr=1732900 res=4.67e+09 tierC=608 surv=455 bits=455 conf=455 best=47 gpu=0.60s cpu=0.08s prep=0.01s (7.76e+09 res/s)
K=1485 sh=0 MOD=1133661268029390 thr=1732900 res=4.67e+09 tierC=608 surv=454 bits=454 conf=454 best=47 gpu=0.60s cpu=0.08s prep=0.01s (7.83e+09 res/s)
K=1486 sh=0 MOD=1133661268029390 thr=1732900 res=4.67e+09 tierC=607 surv=484 bits=484 conf=484 best=47 gpu=0.60s cpu=0.09s prep=0.01s (7.81e+09 res/s)
K=1487 sh=0 MOD=1133661268029390 thr=1732900 res=4.67e+09 tierC=607 surv=484 bits=484 conf=484 best=47 gpu=0.60s cpu=0.09s prep=0.01s (7.72e+09 res/s)
K=1488 sh=0 MOD=1133661268029390 thr=1732900 res=4.67e+09 tierC=608 surv=459 bits=459 conf=459 best=47 gpu=0.60s cpu=0.08s prep=0.01s (7.72e+09 res/s)
K=1489 sh=0 MOD=1133661268029390 thr=1732900 res=4.67e+09 tierC=608 surv=478 bits=478 conf=478 best=47 gpu=0.59s cpu=0.09s prep=0.01s (7.87e+09 res/s)
K=1490 sh=0 MOD=1133661268029390 thr=1732900 res=4.67e+09 tierC=607 surv=771 bits=771 conf=770 best=47 gpu=0.66s cpu=0.14s prep=0.01s (7.06e+09 res/s)
K=1491 sh=0 MOD=15967060113090 thr=133300 res=3.592e+08 tierC=608 surv=33 bits=33 conf=33 best=47 gpu=0.19s cpu=0.01s prep=0.01s (1.85e+09 res/s)
K=1492 sh=0 MOD=1133661268029390 thr=1732900 res=4.67e+09 tierC=608 surv=492 bits=492 conf=492 best=47 gpu=0.53s cpu=0.09s prep=0.01s (8.81e+09 res/s)
K=1493 sh=0 MOD=1133661268029390 thr=1732900 res=4.67e+09 tierC=607 surv=474 bits=474 conf=474 best=47 gpu=0.60s cpu=0.09s prep=0.01s (7.75e+09 res/s)
K=1494 sh=0 MOD=1789272603757230 thr=3396484 res=1.364e+10 tierC=607 surv=2445 bits=2445 conf=2439 best=47 gpu=1.78s cpu=0.45s prep=0.01s (7.68e+09 res/s)
K=1495 sh=0 MOD=1133661268029390 thr=1732900 res=4.67e+09 tierC=608 surv=422 bits=422 conf=422 best=47 gpu=0.96s cpu=0.08s prep=0.01s (4.84e+09 res/s)
K=1496 sh=0 MOD=1133661268029390 thr=1732900 res=4.67e+09 tierC=608 surv=460 bits=460 conf=460 best=47 gpu=0.59s cpu=0.08s prep=0.01s (7.92e+09 res/s)
K=1497 sh=0 MOD=1133661268029390 thr=1732900 res=4.67e+09 tierC=608 surv=471 bits=471 conf=471 best=47 gpu=0.60s cpu=0.09s prep=0.01s (7.82e+09 res/s)
K=1498 sh=0 MOD=1387940430951870 thr=1732900 res=6.958e+09 tierC=607 surv=1264 bits=1264 conf=1258 best=47 gpu=0.96s cpu=0.23s prep=0.01s (7.21e+09 res/s)
K=1499 sh=0 MOD=1133661268029390 thr=1732900 res=4.67e+09 tierC=607 surv=459 bits=459 conf=459 best=47 gpu=0.74s cpu=0.08s prep=0.01s (6.31e+09 res/s)
K=1500 sh=0 MOD=1133661268029390 thr=1732900 res=4.67e+09 tierC=608 surv=468 bits=468 conf=468 best=47 gpu=0.60s cpu=0.09s prep=0.01s (7.82e+09 res/s)
K=1501 sh=0 MOD=1133661268029390 thr=1732900 res=4.67e+09 tierC=608 surv=441 bits=441 conf=441 best=47 gpu=0.60s cpu=0.08s prep=0.01s (7.8e+09 res/s)
K=1502 sh=0 MOD=1133661268029390 thr=1732900 res=4.67e+09 tierC=608 surv=461 bits=461 conf=461 best=47 gpu=0.59s cpu=0.09s prep=0.01s (7.91e+09 res/s)
K=1503 sh=0 MOD=1133661268029390 thr=1732900 res=4.67e+09 tierC=607 surv=727 bits=727 conf=724 best=47 gpu=0.65s cpu=0.13s prep=0.01s (7.19e+09 res/s)
K=1504 sh=0 MOD=1133661268029390 thr=1732900 res=4.67e+09 tierC=608 surv=490 bits=490 conf=490 best=47 gpu=0.64s cpu=0.09s prep=0.01s (7.27e+09 res/s)
K=1505 sh=0 MOD=1133661268029390 thr=1732900 res=4.67e+09 tierC=608 surv=431 bits=431 conf=431 best=47 gpu=0.60s cpu=0.08s prep=0.01s (7.75e+09 res/s)
K=1506 sh=0 MOD=1133661268029390 thr=1732900 res=4.67e+09 tierC=607 surv=619 bits=619 conf=618 best=47 gpu=0.62s cpu=0.11s prep=0.01s (7.53e+09 res/s)
K=1507 sh=0 MOD=1133661268029390 thr=1732900 res=4.67e+09 tierC=607 surv=847 bits=847 conf=843 best=47 gpu=0.70s cpu=0.15s prep=0.01s (6.68e+09 res/s)
K=1508 sh=0 MOD=1133661268029390 thr=1732900 res=4.67e+09 tierC=608 surv=471 bits=471 conf=471 best=47 gpu=0.66s cpu=0.09s prep=0.01s (7.09e+09 res/s)
K=1509 sh=0 MOD=1133661268029390 thr=1732900 res=4.67e+09 tierC=607 surv=535 bits=535 conf=534 best=47 gpu=0.61s cpu=0.10s prep=0.01s (7.71e+09 res/s)
K=1510 sh=0 MOD=1133661268029390 thr=1732900 res=4.67e+09 tierC=608 surv=458 bits=458 conf=458 best=47 gpu=0.61s cpu=0.08s prep=0.01s (7.65e+09 res/s)
K=1511 sh=0 MOD=1133661268029390 thr=1732900 res=4.67e+09 tierC=607 surv=449 bits=449 conf=449 best=47 gpu=0.60s cpu=0.08s prep=0.01s (7.81e+09 res/s)
K=1512 sh=0 MOD=1133661268029390 thr=1732900 res=4.67e+09 tierC=608 surv=475 bits=475 conf=475 best=47 gpu=0.60s cpu=0.08s prep=0.01s (7.84e+09 res/s)
K=1513 sh=0 MOD=1668647484402810 thr=2739100 res=1.1e+10 tierC=607 surv=1901 bits=1901 conf=1886 best=47 gpu=1.46s cpu=0.34s prep=0.01s (7.53e+09 res/s)
K=1514 sh=0 MOD=1133661268029390 thr=1732900 res=4.67e+09 tierC=608 surv=465 bits=465 conf=465 best=47 gpu=0.86s cpu=0.09s prep=0.01s (5.46e+09 res/s)
K=1515 sh=0 MOD=1470392337741090 thr=1974700 res=7.928e+09 tierC=607 surv=1357 bits=1357 conf=1349 best=47 gpu=1.09s cpu=0.25s prep=0.01s (7.27e+09 res/s)
K=1516 sh=0 MOD=1133661268029390 thr=1732900 res=4.67e+09 tierC=608 surv=456 bits=456 conf=456 best=47 gpu=0.77s cpu=0.09s prep=0.01s (6.08e+09 res/s)
K=1517 sh=0 MOD=1133661268029390 thr=1732900 res=4.67e+09 tierC=608 surv=445 bits=445 conf=445 best=47 gpu=0.60s cpu=0.09s prep=0.01s (7.73e+09 res/s)
K=1518 sh=0 MOD=1133661268029390 thr=1732900 res=4.67e+09 tierC=608 surv=462 bits=462 conf=462 best=47 gpu=13.89s cpu=0.08s prep=0.01s (3.36e+08 res/s)
K=1519 sh=0 MOD=1133661268029390 thr=1732900 res=4.67e+09 tierC=608 surv=456 bits=456 conf=456 best=47 gpu=0.59s cpu=0.09s prep=0.01s (7.87e+09 res/s)
K=1520 sh=0 MOD=1133661268029390 thr=1732900 res=4.67e+09 tierC=608 surv=453 bits=453 conf=453 best=47 gpu=0.60s cpu=0.09s prep=0.01s (7.84e+09 res/s)
K=1521 sh=0 MOD=1133661268029390 thr=1732900 res=4.67e+09 tierC=608 surv=442 bits=442 conf=442 best=47 gpu=0.60s cpu=0.09s prep=0.01s (7.81e+09 res/s)
K=1522 sh=0 MOD=1133661268029390 thr=1732900 res=4.67e+09 tierC=607 surv=458 bits=458 conf=458 best=47 gpu=0.60s cpu=0.08s prep=0.01s (7.8e+09 res/s)
K=1523 sh=0 MOD=1133661268029390 thr=1732900 res=4.67e+09 tierC=607 surv=462 bits=462 conf=462 best=47 gpu=0.59s cpu=0.08s prep=0.01s (7.87e+09 res/s)
K=1524 sh=0 MOD=1133661268029390 thr=1732900 res=4.67e+09 tierC=608 surv=460 bits=460 conf=460 best=47 gpu=0.60s cpu=0.08s prep=0.01s (7.85e+09 res/s)
K=1525 sh=0 MOD=1133661268029390 thr=1732900 res=4.67e+09 tierC=608 surv=461 bits=461 conf=461 best=47 gpu=0.59s cpu=0.09s prep=0.01s (7.87e+09 res/s)
K=1526 sh=0 MOD=1133661268029390 thr=1732900 res=4.67e+09 tierC=608 surv=460 bits=460 conf=460 best=47 gpu=0.60s cpu=0.09s prep=0.01s (7.81e+09 res/s)
K=1527 sh=0 MOD=1133661268029390 thr=1732900 res=4.67e+09 tierC=607 surv=518 bits=518 conf=517 best=47 gpu=0.60s cpu=0.09s prep=0.01s (7.78e+09 res/s)
K=1528 sh=0 MOD=1133661268029390 thr=1732900 res=4.67e+09 tierC=607 surv=647 bits=647 conf=644 best=47 gpu=0.64s cpu=0.12s prep=0.01s (7.24e+09 res/s)
K=1529 sh=0 MOD=1133661268029390 thr=1732900 res=4.67e+09 tierC=608 surv=486 bits=486 conf=486 best=47 gpu=0.63s cpu=0.09s prep=0.01s (7.43e+09 res/s)
K=1530 sh=0 MOD=1133661268029390 thr=1732900 res=4.67e+09 tierC=608 surv=447 bits=447 conf=447 best=47 gpu=0.60s cpu=0.08s prep=0.01s (7.74e+09 res/s)
K=1531 sh=0 MOD=1133661268029390 thr=1732900 res=4.67e+09 tierC=608 surv=458 bits=458 conf=458 best=47 gpu=0.59s cpu=0.09s prep=0.01s (7.86e+09 res/s)
K=1532 sh=0 MOD=1133661268029390 thr=1732900 res=4.67e+09 tierC=607 surv=575 bits=575 conf=574 best=47 gpu=0.61s cpu=0.10s prep=0.01s (7.63e+09 res/s)
K=1533 sh=0 MOD=1133661268029390 thr=1732900 res=4.67e+09 tierC=608 surv=480 bits=480 conf=480 best=47 gpu=0.61s cpu=0.09s prep=0.01s (7.61e+09 res/s)
K=1534 sh=0 MOD=19214597763210 thr=1732900 res=4.67e+09 tierC=608 surv=447 bits=447 conf=442 best=47 gpu=0.60s cpu=0.07s prep=0.01s (7.8e+09 res/s)
K=1535 sh=0 MOD=1133661268029390 thr=1732900 res=4.67e+09 tierC=608 surv=449 bits=449 conf=449 best=47 gpu=0.58s cpu=0.08s prep=0.01s (8.07e+09 res/s)
K=1536 sh=0 MOD=1133661268029390 thr=1732900 res=4.67e+09 tierC=608 surv=479 bits=479 conf=479 best=47 gpu=0.59s cpu=0.09s prep=0.01s (7.9e+09 res/s)
K=1537 sh=0 MOD=1133661268029390 thr=1732900 res=4.67e+09 tierC=608 surv=417 bits=417 conf=417 best=47 gpu=0.60s cpu=0.08s prep=0.01s (7.79e+09 res/s)
K=1538 sh=0 MOD=1133661268029390 thr=1732900 res=4.67e+09 tierC=608 surv=420 bits=420 conf=420 best=47 gpu=0.59s cpu=0.08s prep=0.01s (7.98e+09 res/s)
K=1539 sh=0 MOD=1133661268029390 thr=1732900 res=4.67e+09 tierC=608 surv=494 bits=494 conf=494 best=47 gpu=0.59s cpu=0.10s prep=0.01s (7.93e+09 res/s)
K=1540 sh=0 MOD=1133661268029390 thr=1732900 res=4.67e+09 tierC=608 surv=452 bits=452 conf=452 best=47 gpu=0.61s cpu=0.09s prep=0.01s (7.7e+09 res/s)
K=1541 sh=0 MOD=1133661268029390 thr=1732900 res=4.67e+09 tierC=608 surv=435 bits=435 conf=435 best=47 gpu=0.60s cpu=0.08s prep=0.01s (7.78e+09 res/s)
K=1542 sh=0 MOD=1133661268029390 thr=1732900 res=4.67e+09 tierC=607 surv=623 bits=623 conf=622 best=47 gpu=0.61s cpu=0.11s prep=0.01s (7.61e+09 res/s)
K=1543 sh=0 MOD=1133661268029390 thr=1732900 res=4.67e+09 tierC=608 surv=486 bits=486 conf=486 best=47 gpu=0.62s cpu=0.09s prep=0.01s (7.52e+09 res/s)
K=1544 sh=0 MOD=1133661268029390 thr=1732900 res=4.67e+09 tierC=608 surv=465 bits=465 conf=465 best=47 gpu=0.60s cpu=0.09s prep=0.01s (7.82e+09 res/s)
K=1545 sh=0 MOD=1133661268029390 thr=1732900 res=4.67e+09 tierC=608 surv=460 bits=460 conf=460 best=47 gpu=0.60s cpu=0.09s prep=0.01s (7.82e+09 res/s)
K=1546 sh=0 MOD=1133661268029390 thr=1732900 res=4.67e+09 tierC=607 surv=521 bits=521 conf=521 best=47 gpu=0.60s cpu=0.09s prep=0.01s (7.82e+09 res/s)
K=1547 sh=0 MOD=1133661268029390 thr=1732900 res=4.67e+09 tierC=608 surv=458 bits=458 conf=458 best=47 gpu=0.61s cpu=0.09s prep=0.01s (7.66e+09 res/s)
K=1548 sh=0 MOD=1133661268029390 thr=1732900 res=4.67e+09 tierC=608 surv=404 bits=404 conf=404 best=47 gpu=0.60s cpu=0.08s prep=0.01s (7.81e+09 res/s)
K=1549 sh=0 MOD=1133661268029390 thr=1732900 res=4.67e+09 tierC=608 surv=436 bits=436 conf=436 best=47 gpu=0.59s cpu=0.08s prep=0.01s (7.94e+09 res/s)
K=1550 sh=0 MOD=1133661268029390 thr=1732900 res=4.67e+09 tierC=608 surv=457 bits=457 conf=457 best=47 gpu=0.59s cpu=0.08s prep=0.01s (7.91e+09 res/s)
K=1551 sh=0 MOD=1133661268029390 thr=1732900 res=4.67e+09 tierC=608 surv=469 bits=469 conf=469 best=47 gpu=0.59s cpu=0.09s prep=0.01s (7.86e+09 res/s)
K=1552 sh=0 MOD=1133661268029390 thr=1732900 res=4.67e+09 tierC=608 surv=461 bits=461 conf=461 best=47 gpu=0.60s cpu=0.08s prep=0.01s (7.77e+09 res/s)
K=1553 sh=0 MOD=1133661268029390 thr=1732900 res=4.67e+09 tierC=607 surv=453 bits=453 conf=453 best=47 gpu=0.60s cpu=0.08s prep=0.01s (7.83e+09 res/s)
K=1554 sh=0 MOD=1133661268029390 thr=1732900 res=4.67e+09 tierC=608 surv=445 bits=445 conf=445 best=47 gpu=0.59s cpu=0.08s prep=0.01s (7.87e+09 res/s)
K=1555 sh=0 MOD=1133661268029390 thr=1732900 res=4.67e+09 tierC=607 surv=583 bits=583 conf=581 best=47 gpu=0.61s cpu=0.10s prep=0.01s (7.63e+09 res/s)
K=1556 sh=0 MOD=1133661268029390 thr=1732900 res=4.67e+09 tierC=607 surv=534 bits=534 conf=533 best=47 gpu=0.62s cpu=0.10s prep=0.01s (7.49e+09 res/s)
K=1557 sh=0 MOD=1133661268029390 thr=1732900 res=4.67e+09 tierC=607 surv=696 bits=696 conf=694 best=47 gpu=0.66s cpu=0.13s prep=0.01s (7.13e+09 res/s)
K=1558 sh=0 MOD=1133661268029390 thr=1732900 res=4.67e+09 tierC=608 surv=465 bits=465 conf=465 best=47 gpu=0.64s cpu=0.09s prep=0.01s (7.34e+09 res/s)
K=1559 sh=0 MOD=1133661268029390 thr=1732900 res=4.67e+09 tierC=607 surv=489 bits=489 conf=489 best=47 gpu=0.60s cpu=0.09s prep=0.01s (7.82e+09 res/s)
K=1560 sh=0 MOD=1133661268029390 thr=1732900 res=4.67e+09 tierC=608 surv=466 bits=466 conf=466 best=47 gpu=0.60s cpu=0.09s prep=0.01s (7.78e+09 res/s)
K=1561 sh=0 MOD=1133661268029390 thr=1732900 res=4.67e+09 tierC=608 surv=484 bits=484 conf=484 best=47 gpu=0.60s cpu=0.09s prep=0.01s (7.83e+09 res/s)
K=1562 sh=0 MOD=15967060113090 thr=133300 res=3.592e+08 tierC=608 surv=36 bits=36 conf=36 best=47 gpu=0.15s cpu=0.02s prep=0.01s (2.4e+09 res/s)
K=1563 sh=0 MOD=1133661268029390 thr=1732900 res=4.67e+09 tierC=607 surv=544 bits=544 conf=543 best=47 gpu=0.53s cpu=0.10s prep=0.01s (8.79e+09 res/s)
K=1564 sh=0 MOD=1133661268029390 thr=1732900 res=4.67e+09 tierC=608 surv=514 bits=514 conf=514 best=47 gpu=0.61s cpu=0.09s prep=0.01s (7.62e+09 res/s)
K=1565 sh=0 MOD=1133661268029390 thr=1732900 res=4.67e+09 tierC=608 surv=405 bits=405 conf=405 best=47 gpu=0.61s cpu=0.08s prep=0.01s (7.67e+09 res/s)
K=1566 sh=0 MOD=1133661268029390 thr=1732900 res=4.67e+09 tierC=608 surv=444 bits=444 conf=444 best=47 gpu=0.59s cpu=0.08s prep=0.01s (7.88e+09 res/s)
K=1567 sh=0 MOD=1133661268029390 thr=1732900 res=4.67e+09 tierC=608 surv=476 bits=476 conf=476 best=47 gpu=0.59s cpu=0.09s prep=0.01s (7.85e+09 res/s)
K=1568 sh=0 MOD=1133661268029390 thr=1732900 res=4.67e+09 tierC=608 surv=493 bits=493 conf=493 best=47 gpu=0.60s cpu=0.09s prep=0.01s (7.74e+09 res/s)
K=1569 sh=0 MOD=1133661268029390 thr=1732900 res=4.67e+09 tierC=608 surv=475 bits=475 conf=475 best=47 gpu=0.60s cpu=0.09s prep=0.01s (7.76e+09 res/s)
K=1570 sh=0 MOD=1133661268029390 thr=1732900 res=4.67e+09 tierC=608 surv=459 bits=459 conf=459 best=47 gpu=0.60s cpu=0.08s prep=0.01s (7.78e+09 res/s)
K=1571 sh=0 MOD=1133661268029390 thr=1732900 res=4.67e+09 tierC=607 surv=486 bits=486 conf=486 best=47 gpu=0.59s cpu=0.09s prep=0.01s (7.86e+09 res/s)
K=1572 sh=0 MOD=1133661268029390 thr=1732900 res=4.67e+09 tierC=607 surv=865 bits=865 conf=860 best=47 gpu=0.68s cpu=0.16s prep=0.01s (6.92e+09 res/s)
K=1573 sh=0 MOD=1133661268029390 thr=1732900 res=4.67e+09 tierC=608 surv=461 bits=461 conf=461 best=47 gpu=0.67s cpu=0.09s prep=0.01s (7e+09 res/s)
K=1574 sh=0 MOD=1133661268029390 thr=1732900 res=4.67e+09 tierC=608 surv=464 bits=464 conf=464 best=47 gpu=0.60s cpu=0.09s prep=0.01s (7.81e+09 res/s)
K=1575 sh=0 MOD=1133661268029390 thr=1732900 res=4.67e+09 tierC=608 surv=458 bits=458 conf=458 best=47 gpu=0.60s cpu=0.08s prep=0.01s (7.74e+09 res/s)
K=1576 sh=0 MOD=1133661268029390 thr=1732900 res=4.67e+09 tierC=607 surv=675 bits=675 conf=672 best=47 gpu=0.63s cpu=0.12s prep=0.01s (7.39e+09 res/s)
K=1577 sh=0 MOD=1789272603757230 thr=3396484 res=1.364e+10 tierC=607 surv=2384 bits=2384 conf=2376 best=47 gpu=1.81s cpu=0.43s prep=0.01s (7.54e+09 res/s)
K=1578 sh=0 MOD=1133661268029390 thr=1732900 res=4.67e+09 tierC=607 surv=604 bits=604 conf=603 best=47 gpu=0.96s cpu=0.11s prep=0.01s (4.84e+09 res/s)
K=1579 sh=0 MOD=1133661268029390 thr=1732900 res=4.67e+09 tierC=608 surv=465 bits=465 conf=465 best=47 gpu=0.62s cpu=0.08s prep=0.01s (7.5e+09 res/s)
K=1580 sh=0 MOD=1133661268029390 thr=1732900 res=4.67e+09 tierC=608 surv=479 bits=479 conf=479 best=47 gpu=0.60s cpu=0.09s prep=0.01s (7.83e+09 res/s)
K=1581 sh=0 MOD=1133661268029390 thr=1732900 res=4.67e+09 tierC=608 surv=428 bits=428 conf=428 best=47 gpu=0.60s cpu=0.08s prep=0.01s (7.77e+09 res/s)
K=1582 sh=0 MOD=1314244478865930 thr=1732900 res=6.199e+09 tierC=607 surv=1101 bits=1101 conf=1097 best=47 gpu=0.87s cpu=0.20s prep=0.01s (7.15e+09 res/s)
K=1583 sh=0 MOD=1133661268029390 thr=1732900 res=4.67e+09 tierC=607 surv=497 bits=497 conf=497 best=47 gpu=0.71s cpu=0.09s prep=0.01s (6.57e+09 res/s)
K=1584 sh=0 MOD=1133661268029390 thr=1732900 res=4.67e+09 tierC=608 surv=451 bits=451 conf=451 best=47 gpu=0.60s cpu=0.08s prep=0.01s (7.72e+09 res/s)
K=1585 sh=0 MOD=1133661268029390 thr=1732900 res=4.67e+09 tierC=607 surv=557 bits=557 conf=555 best=47 gpu=0.61s cpu=0.10s prep=0.01s (7.68e+09 res/s)
K=1586 sh=0 MOD=1133661268029390 thr=1732900 res=4.67e+09 tierC=608 surv=469 bits=469 conf=469 best=47 gpu=0.61s cpu=0.09s prep=0.01s (7.62e+09 res/s)
K=1587 sh=0 MOD=1133661268029390 thr=1732900 res=4.67e+09 tierC=608 surv=441 bits=441 conf=441 best=47 gpu=0.60s cpu=0.08s prep=0.01s (7.79e+09 res/s)
K=1588 sh=0 MOD=1133661268029390 thr=1732900 res=4.67e+09 tierC=608 surv=458 bits=458 conf=458 best=47 gpu=0.59s cpu=0.09s prep=0.01s (7.88e+09 res/s)
K=1589 sh=0 MOD=1133661268029390 thr=1732900 res=4.67e+09 tierC=607 surv=586 bits=586 conf=585 best=47 gpu=0.63s cpu=0.11s prep=0.01s (7.42e+09 res/s)
K=1590 sh=0 MOD=1133661268029390 thr=1732900 res=4.67e+09 tierC=608 surv=421 bits=421 conf=421 best=47 gpu=0.62s cpu=0.08s prep=0.01s (7.57e+09 res/s)
K=1591 sh=0 MOD=1133661268029390 thr=1732900 res=4.67e+09 tierC=608 surv=459 bits=459 conf=459 best=47 gpu=0.59s cpu=0.08s prep=0.01s (7.9e+09 res/s)
K=1592 sh=0 MOD=1133661268029390 thr=1732900 res=4.67e+09 tierC=608 surv=427 bits=427 conf=427 best=47 gpu=0.60s cpu=0.08s prep=0.01s (7.82e+09 res/s)
K=1593 sh=0 MOD=19214597763210 thr=1732900 res=4.67e+09 tierC=608 surv=455 bits=455 conf=454 best=47 gpu=0.59s cpu=0.07s prep=0.01s (7.86e+09 res/s)
K=1594 sh=0 MOD=1133661268029390 thr=1732900 res=4.67e+09 tierC=607 surv=513 bits=513 conf=513 best=47 gpu=0.58s cpu=0.10s prep=0.01s (8e+09 res/s)
K=1595 sh=0 MOD=1133661268029390 thr=1732900 res=4.67e+09 tierC=608 surv=459 bits=459 conf=459 best=47 gpu=0.61s cpu=0.09s prep=0.01s (7.65e+09 res/s)
K=1596 sh=0 MOD=1133661268029390 thr=1732900 res=4.67e+09 tierC=608 surv=493 bits=493 conf=493 best=47 gpu=0.60s cpu=0.09s prep=0.01s (7.79e+09 res/s)
K=1597 sh=0 MOD=1133661268029390 thr=1732900 res=4.67e+09 tierC=608 surv=443 bits=443 conf=443 best=47 gpu=0.61s cpu=0.08s prep=0.01s (7.69e+09 res/s)
K=1598 sh=0 MOD=1133661268029390 thr=1732900 res=4.67e+09 tierC=608 surv=489 bits=489 conf=489 best=47 gpu=0.59s cpu=0.09s prep=0.01s (7.85e+09 res/s)
K=1599 sh=0 MOD=1133661268029390 thr=1732900 res=4.67e+09 tierC=608 surv=477 bits=477 conf=477 best=47 gpu=0.60s cpu=0.09s prep=0.01s (7.75e+09 res/s)
K=1600 sh=0 MOD=1133661268029390 thr=1732900 res=4.67e+09 tierC=608 surv=480 bits=480 conf=480 best=47 gpu=0.61s cpu=0.09s prep=0.01s (7.71e+09 res/s)
K=1601 sh=0 MOD=1133661268029390 thr=1732900 res=4.67e+09 tierC=607 surv=504 bits=504 conf=504 best=47 gpu=0.60s cpu=0.09s prep=0.01s (7.75e+09 res/s)
K=1602 sh=0 MOD=1668647484402810 thr=2739100 res=1.1e+10 tierC=607 surv=1948 bits=1948 conf=1941 best=47 gpu=1.47s cpu=0.35s prep=0.01s (7.48e+09 res/s)
K=1603 sh=0 MOD=1133661268029390 thr=1732900 res=4.67e+09 tierC=608 surv=462 bits=462 conf=462 best=47 gpu=0.87s cpu=0.09s prep=0.01s (5.4e+09 res/s)
K=1604 sh=0 MOD=1133661268029390 thr=1732900 res=4.67e+09 tierC=607 surv=538 bits=538 conf=537 best=47 gpu=0.61s cpu=0.10s prep=0.01s (7.65e+09 res/s)
K=1605 sh=0 MOD=1387940430951870 thr=1732900 res=6.958e+09 tierC=607 surv=1253 bits=1253 conf=1246 best=47 gpu=0.98s cpu=0.22s prep=0.01s (7.13e+09 res/s)
K=1606 sh=0 MOD=1133661268029390 thr=1732900 res=4.67e+09 tierC=608 surv=454 bits=454 conf=454 best=47 gpu=0.74s cpu=0.08s prep=0.01s (6.32e+09 res/s)
K=1607 sh=0 MOD=1133661268029390 thr=1732900 res=4.67e+09 tierC=607 surv=480 bits=480 conf=480 best=47 gpu=0.60s cpu=0.09s prep=0.01s (7.8e+09 res/s)
K=1608 sh=0 MOD=1133661268029390 thr=1732900 res=4.67e+09 tierC=608 surv=446 bits=446 conf=446 best=47 gpu=0.60s cpu=0.08s prep=0.01s (7.76e+09 res/s)
K=1609 sh=0 MOD=1133661268029390 thr=1732900 res=4.67e+09 tierC=608 surv=458 bits=458 conf=458 best=47 gpu=0.59s cpu=0.08s prep=0.01s (7.85e+09 res/s)
K=1610 sh=0 MOD=1133661268029390 thr=1732900 res=4.67e+09 tierC=608 surv=445 bits=445 conf=445 best=47 gpu=0.60s cpu=0.08s prep=0.01s (7.81e+09 res/s)
K=1611 sh=0 MOD=1133661268029390 thr=1732900 res=4.67e+09 tierC=607 surv=702 bits=702 conf=699 best=47 gpu=0.64s cpu=0.13s prep=0.01s (7.27e+09 res/s)
K=1612 sh=0 MOD=1133661268029390 thr=1732900 res=4.67e+09 tierC=608 surv=432 bits=432 conf=432 best=47 gpu=0.65s cpu=0.08s prep=0.01s (7.19e+09 res/s)
K=1613 sh=0 MOD=1133661268029390 thr=1732900 res=4.67e+09 tierC=607 surv=438 bits=438 conf=438 best=47 gpu=0.60s cpu=0.08s prep=0.01s (7.83e+09 res/s)
K=1614 sh=0 MOD=1133661268029390 thr=1732900 res=4.67e+09 tierC=607 surv=570 bits=570 conf=569 best=47 gpu=0.62s cpu=0.10s prep=0.01s (7.58e+09 res/s)
K=1615 sh=0 MOD=1133661268029390 thr=1732900 res=4.67e+09 tierC=608 surv=430 bits=430 conf=430 best=47 gpu=0.62s cpu=0.08s prep=0.01s (7.58e+09 res/s)
K=1616 sh=0 MOD=1470392337741090 thr=1974700 res=7.928e+09 tierC=607 surv=1433 bits=1433 conf=1424 best=47 gpu=1.08s cpu=0.26s prep=0.01s (7.35e+09 res/s)
K=1617 sh=0 MOD=1133661268029390 thr=1732900 res=4.67e+09 tierC=608 surv=466 bits=466 conf=466 best=47 gpu=0.77s cpu=0.09s prep=0.01s (6.05e+09 res/s)
K=1618 sh=0 MOD=1133661268029390 thr=1732900 res=4.67e+09 tierC=607 surv=525 bits=525 conf=525 best=47 gpu=0.60s cpu=0.10s prep=0.01s (7.8e+09 res/s)
K=1619 sh=0 MOD=1133661268029390 thr=1732900 res=4.67e+09 tierC=607 surv=505 bits=505 conf=505 best=47 gpu=0.61s cpu=0.09s prep=0.01s (7.62e+09 res/s)
K=1620 sh=0 MOD=1133661268029390 thr=1732900 res=4.67e+09 tierC=608 surv=456 bits=456 conf=456 best=47 gpu=0.61s cpu=0.08s prep=0.01s (7.69e+09 res/s)
K=1621 sh=0 MOD=1133661268029390 thr=1732900 res=4.67e+09 tierC=608 surv=460 bits=460 conf=460 best=47 gpu=0.59s cpu=0.09s prep=0.01s (7.86e+09 res/s)
K=1622 sh=0 MOD=1133661268029390 thr=1732900 res=4.67e+09 tierC=608 surv=453 bits=453 conf=453 best=47 gpu=0.60s cpu=0.08s prep=0.01s (7.76e+09 res/s)
K=1623 sh=0 MOD=1133661268029390 thr=1732900 res=4.67e+09 tierC=608 surv=453 bits=453 conf=453 best=47 gpu=0.60s cpu=0.09s prep=0.01s (7.82e+09 res/s)
K=1624 sh=0 MOD=1133661268029390 thr=1732900 res=4.67e+09 tierC=608 surv=471 bits=471 conf=471 best=47 gpu=0.60s cpu=0.09s prep=0.01s (7.76e+09 res/s)
K=1625 sh=0 MOD=1133661268029390 thr=1732900 res=4.67e+09 tierC=608 surv=448 bits=448 conf=448 best=47 gpu=0.60s cpu=0.08s prep=0.01s (7.78e+09 res/s)
K=1626 sh=0 MOD=1133661268029390 thr=1732900 res=4.67e+09 tierC=608 surv=428 bits=428 conf=428 best=47 gpu=0.60s cpu=0.08s prep=0.01s (7.8e+09 res/s)
K=1627 sh=0 MOD=1133661268029390 thr=1732900 res=4.67e+09 tierC=608 surv=468 bits=468 conf=468 best=47 gpu=0.59s cpu=0.09s prep=0.01s (7.91e+09 res/s)
K=1628 sh=0 MOD=1133661268029390 thr=1732900 res=4.67e+09 tierC=608 surv=460 bits=460 conf=460 best=47 gpu=0.60s cpu=0.09s prep=0.01s (7.73e+09 res/s)
K=1629 sh=0 MOD=1133661268029390 thr=1732900 res=4.67e+09 tierC=608 surv=437 bits=437 conf=437 best=47 gpu=0.60s cpu=0.09s prep=0.01s (7.76e+09 res/s)
K=1630 sh=0 MOD=1133661268029390 thr=1732900 res=4.67e+09 tierC=608 surv=529 bits=529 conf=529 best=47 gpu=0.60s cpu=0.09s prep=0.01s (7.79e+09 res/s)
K=1631 sh=0 MOD=1133661268029390 thr=1732900 res=4.67e+09 tierC=607 surv=637 bits=637 conf=636 best=47 gpu=0.63s cpu=0.11s prep=0.01s (7.37e+09 res/s)
K=1632 sh=0 MOD=1133661268029390 thr=1732900 res=4.67e+09 tierC=608 surv=443 bits=443 conf=443 best=47 gpu=0.63s cpu=0.08s prep=0.01s (7.45e+09 res/s)
K=1633 sh=0 MOD=15967060113090 thr=133300 res=3.592e+08 tierC=608 surv=36 bits=36 conf=36 best=47 gpu=0.14s cpu=0.02s prep=0.01s (2.49e+09 res/s)
K=1634 sh=0 MOD=1133661268029390 thr=1732900 res=4.67e+09 tierC=608 surv=462 bits=462 conf=462 best=47 gpu=0.53s cpu=0.09s prep=0.01s (8.77e+09 res/s)
K=1635 sh=0 MOD=1133661268029390 thr=1732900 res=4.67e+09 tierC=608 surv=455 bits=455 conf=455 best=47 gpu=0.60s cpu=0.08s prep=0.01s (7.77e+09 res/s)
K=1636 sh=0 MOD=1133661268029390 thr=1732900 res=4.67e+09 tierC=608 surv=439 bits=439 conf=439 best=47 gpu=0.60s cpu=0.08s prep=0.01s (7.79e+09 res/s)
K=1637 sh=0 MOD=1133661268029390 thr=1732900 res=4.67e+09 tierC=607 surv=445 bits=445 conf=445 best=47 gpu=0.60s cpu=0.08s prep=0.01s (7.83e+09 res/s)
K=1638 sh=0 MOD=1133661268029390 thr=1732900 res=4.67e+09 tierC=608 surv=439 bits=439 conf=439 best=47 gpu=0.60s cpu=0.08s prep=0.01s (7.81e+09 res/s)
K=1639 sh=0 MOD=1133661268029390 thr=1732900 res=4.67e+09 tierC=607 surv=737 bits=737 conf=733 best=47 gpu=0.66s cpu=0.13s prep=0.01s (7.12e+09 res/s)
K=1640 sh=0 MOD=1133661268029390 thr=1732900 res=4.67e+09 tierC=608 surv=488 bits=488 conf=488 best=47 gpu=0.65s cpu=0.09s prep=0.01s (7.22e+09 res/s)
K=1641 sh=0 MOD=1133661268029390 thr=1732900 res=4.67e+09 tierC=608 surv=445 bits=445 conf=445 best=47 gpu=0.61s cpu=0.08s prep=0.01s (7.69e+09 res/s)
K=1642 sh=0 MOD=1133661268029390 thr=1732900 res=4.67e+09 tierC=607 surv=474 bits=474 conf=474 best=47 gpu=0.60s cpu=0.09s prep=0.01s (7.83e+09 res/s)
K=1643 sh=0 MOD=1133661268029390 thr=1732900 res=4.67e+09 tierC=608 surv=453 bits=453 conf=453 best=47 gpu=0.60s cpu=0.08s prep=0.01s (7.72e+09 res/s)
K=1644 sh=0 MOD=1133661268029390 thr=1732900 res=4.67e+09 tierC=607 surv=791 bits=791 conf=787 best=47 gpu=0.67s cpu=0.14s prep=0.01s (6.97e+09 res/s)
K=1645 sh=0 MOD=1133661268029390 thr=1732900 res=4.67e+09 tierC=608 surv=499 bits=499 conf=499 best=47 gpu=0.65s cpu=0.09s prep=0.01s (7.15e+09 res/s)
K=1646 sh=0 MOD=1133661268029390 thr=1732900 res=4.67e+09 tierC=608 surv=446 bits=446 conf=446 best=47 gpu=0.61s cpu=0.09s prep=0.01s (7.69e+09 res/s)
K=1647 sh=0 MOD=1133661268029390 thr=1732900 res=4.67e+09 tierC=608 surv=500 bits=500 conf=500 best=47 gpu=0.60s cpu=0.10s prep=0.01s (7.8e+09 res/s)
K=1648 sh=0 MOD=1133661268029390 thr=1732900 res=4.67e+09 tierC=608 surv=473 bits=473 conf=473 best=47 gpu=0.61s cpu=0.09s prep=0.01s (7.64e+09 res/s)
K=1649 sh=0 MOD=1133661268029390 thr=1732900 res=4.67e+09 tierC=608 surv=480 bits=480 conf=480 best=47 gpu=0.60s cpu=0.09s prep=0.01s (7.76e+09 res/s)
K=1650 sh=0 MOD=1133661268029390 thr=1732900 res=4.67e+09 tierC=608 surv=462 bits=462 conf=462 best=47 gpu=0.61s cpu=0.08s prep=0.01s (7.69e+09 res/s)
K=1651 sh=0 MOD=1133661268029390 thr=1732900 res=4.67e+09 tierC=608 surv=442 bits=442 conf=442 best=47 gpu=0.60s cpu=0.08s prep=0.01s (7.8e+09 res/s)
K=1652 sh=0 MOD=19214597763210 thr=1732900 res=4.67e+09 tierC=608 surv=469 bits=469 conf=468 best=47 gpu=0.59s cpu=0.07s prep=0.01s (7.89e+09 res/s)
K=1653 sh=0 MOD=1133661268029390 thr=1732900 res=4.67e+09 tierC=608 surv=476 bits=476 conf=476 best=47 gpu=0.59s cpu=0.09s prep=0.01s (7.96e+09 res/s)
K=1654 sh=0 MOD=1133661268029390 thr=1732900 res=4.67e+09 tierC=607 surv=460 bits=460 conf=460 best=47 gpu=0.60s cpu=0.09s prep=0.01s (7.74e+09 res/s)
K=1655 sh=0 MOD=1133661268029390 thr=1732900 res=4.67e+09 tierC=608 surv=451 bits=451 conf=451 best=47 gpu=0.60s cpu=0.08s prep=0.01s (7.77e+09 res/s)
K=1656 sh=0 MOD=1133661268029390 thr=1732900 res=4.67e+09 tierC=608 surv=476 bits=476 conf=476 best=47 gpu=0.60s cpu=0.09s prep=0.01s (7.8e+09 res/s)
K=1657 sh=0 MOD=1133661268029390 thr=1732900 res=4.67e+09 tierC=608 surv=503 bits=503 conf=503 best=47 gpu=0.61s cpu=0.09s prep=0.01s (7.7e+09 res/s)
K=1658 sh=0 MOD=1133661268029390 thr=1732900 res=4.67e+09 tierC=608 surv=478 bits=478 conf=478 best=47 gpu=0.61s cpu=0.09s prep=0.01s (7.61e+09 res/s)
K=1659 sh=0 MOD=1133661268029390 thr=1732900 res=4.67e+09 tierC=608 surv=451 bits=451 conf=451 best=47 gpu=0.60s cpu=0.08s prep=0.01s (7.73e+09 res/s)
K=1660 sh=0 MOD=1789272603757230 thr=3396484 res=1.364e+10 tierC=607 surv=2380 bits=2380 conf=2367 best=47 gpu=1.79s cpu=0.44s prep=0.01s (7.63e+09 res/s)
K=1661 sh=0 MOD=1133661268029390 thr=1732900 res=4.67e+09 tierC=608 surv=433 bits=433 conf=433 best=47 gpu=0.95s cpu=0.08s prep=0.01s (4.91e+09 res/s)
K=1662 sh=0 MOD=1133661268029390 thr=1732900 res=4.67e+09 tierC=608 surv=451 bits=451 conf=451 best=47 gpu=0.60s cpu=0.09s prep=0.01s (7.85e+09 res/s)
K=1663 sh=0 MOD=1133661268029390 thr=1732900 res=4.67e+09 tierC=608 surv=438 bits=438 conf=438 best=47 gpu=0.60s cpu=0.08s prep=0.01s (7.78e+09 res/s)
K=1664 sh=0 MOD=1133661268029390 thr=1732900 res=4.67e+09 tierC=608 surv=470 bits=470 conf=470 best=47 gpu=0.60s cpu=0.09s prep=0.01s (7.81e+09 res/s)
K=1665 sh=0 MOD=1133661268029390 thr=1732900 res=4.67e+09 tierC=608 surv=471 bits=471 conf=471 best=47 gpu=0.60s cpu=0.09s prep=0.01s (7.79e+09 res/s)
K=1666 sh=0 MOD=1133661268029390 thr=1732900 res=4.67e+09 tierC=608 surv=455 bits=455 conf=455 best=47 gpu=0.61s cpu=0.09s prep=0.01s (7.72e+09 res/s)
K=1667 sh=0 MOD=1133661268029390 thr=1732900 res=4.67e+09 tierC=607 surv=511 bits=511 conf=511 best=47 gpu=0.60s cpu=0.10s prep=0.01s (7.73e+09 res/s)
K=1668 sh=0 MOD=1133661268029390 thr=1732900 res=4.67e+09 tierC=608 surv=457 bits=457 conf=457 best=47 gpu=0.61s cpu=0.08s prep=0.01s (7.63e+09 res/s)
K=1669 sh=0 MOD=1133661268029390 thr=1732900 res=4.67e+09 tierC=608 surv=415 bits=415 conf=415 best=47 gpu=0.60s cpu=0.08s prep=0.01s (7.8e+09 res/s)
K=1670 sh=0 MOD=1133661268029390 thr=1732900 res=4.67e+09 tierC=607 surv=714 bits=714 conf=713 best=47 gpu=0.65s cpu=0.13s prep=0.01s (7.21e+09 res/s)
K=1671 sh=0 MOD=1133661268029390 thr=1732900 res=4.67e+09 tierC=607 surv=494 bits=494 conf=493 best=47 gpu=0.64s cpu=0.09s prep=0.01s (7.24e+09 res/s)
K=1672 sh=0 MOD=1133661268029390 thr=1732900 res=4.67e+09 tierC=608 surv=456 bits=456 conf=456 best=47 gpu=0.61s cpu=0.08s prep=0.01s (7.69e+09 res/s)
K=1673 sh=0 MOD=1133661268029390 thr=1732900 res=4.67e+09 tierC=607 surv=633 bits=633 conf=632 best=47 gpu=0.62s cpu=0.12s prep=0.01s (7.48e+09 res/s)
K=1674 sh=0 MOD=1133661268029390 thr=1732900 res=4.67e+09 tierC=608 surv=430 bits=430 conf=430 best=47 gpu=0.63s cpu=0.08s prep=0.01s (7.38e+09 res/s)
K=1675 sh=0 MOD=1133661268029390 thr=1732900 res=4.67e+09 tierC=608 surv=476 bits=476 conf=476 best=47 gpu=0.60s cpu=0.09s prep=0.01s (7.82e+09 res/s)
K=1676 sh=0 MOD=1133661268029390 thr=1732900 res=4.67e+09 tierC=607 surv=537 bits=537 conf=536 best=47 gpu=0.61s cpu=0.10s prep=0.01s (7.62e+09 res/s)
K=1677 sh=0 MOD=1133661268029390 thr=1732900 res=4.67e+09 tierC=608 surv=443 bits=443 conf=443 best=47 gpu=0.61s cpu=0.08s prep=0.01s (7.63e+09 res/s)
K=1678 sh=0 MOD=1133661268029390 thr=1732900 res=4.67e+09 tierC=607 surv=489 bits=489 conf=489 best=47 gpu=0.60s cpu=0.09s prep=0.01s (7.81e+09 res/s)
K=1679 sh=0 MOD=1133661268029390 thr=1732900 res=4.67e+09 tierC=608 surv=468 bits=468 conf=468 best=47 gpu=0.60s cpu=0.09s prep=0.01s (7.75e+09 res/s)
K=1680 sh=0 MOD=1133661268029390 thr=1732900 res=4.67e+09 tierC=608 surv=454 bits=454 conf=454 best=47 gpu=0.60s cpu=0.09s prep=0.01s (7.77e+09 res/s)
K=1681 sh=0 MOD=1133661268029390 thr=1732900 res=4.67e+09 tierC=608 surv=456 bits=456 conf=456 best=47 gpu=0.60s cpu=0.08s prep=0.01s (7.77e+09 res/s)
K=1682 sh=0 MOD=1133661268029390 thr=1732900 res=4.67e+09 tierC=608 surv=470 bits=470 conf=470 best=47 gpu=0.60s cpu=0.09s prep=0.01s (7.82e+09 res/s)
K=1683 sh=0 MOD=1133661268029390 thr=1732900 res=4.67e+09 tierC=608 surv=458 bits=458 conf=458 best=47 gpu=0.60s cpu=0.09s prep=0.01s (7.77e+09 res/s)
K=1684 sh=0 MOD=1133661268029390 thr=1732900 res=4.67e+09 tierC=608 surv=475 bits=475 conf=475 best=47 gpu=0.60s cpu=0.09s prep=0.01s (7.8e+09 res/s)
K=1685 sh=0 MOD=1133661268029390 thr=1732900 res=4.67e+09 tierC=608 surv=431 bits=431 conf=431 best=47 gpu=0.60s cpu=0.08s prep=0.01s (7.77e+09 res/s)
K=1686 sh=0 MOD=1133661268029390 thr=1732900 res=4.67e+09 tierC=607 surv=559 bits=559 conf=558 best=47 gpu=0.62s cpu=0.10s prep=0.01s (7.58e+09 res/s)
K=1687 sh=0 MOD=1133661268029390 thr=1732900 res=4.67e+09 tierC=608 surv=460 bits=460 conf=460 best=47 gpu=0.61s cpu=0.08s prep=0.01s (7.61e+09 res/s)
K=1688 sh=0 MOD=1133661268029390 thr=1732900 res=4.67e+09 tierC=608 surv=456 bits=456 conf=456 best=47 gpu=0.59s cpu=0.09s prep=0.01s (7.85e+09 res/s)
K=1689 sh=0 MOD=1133661268029390 thr=1732900 res=4.67e+09 tierC=607 surv=557 bits=557 conf=556 best=47 gpu=0.60s cpu=0.10s prep=0.01s (7.73e+09 res/s)
K=1690 sh=0 MOD=1133661268029390 thr=1732900 res=4.67e+09 tierC=608 surv=479 bits=479 conf=479 best=47 gpu=0.61s cpu=0.09s prep=0.01s (7.6e+09 res/s)
K=1691 sh=0 MOD=1668647484402810 thr=2739100 res=1.1e+10 tierC=607 surv=1909 bits=1909 conf=1903 best=47 gpu=1.46s cpu=0.35s prep=0.01s (7.52e+09 res/s)
K=1692 sh=0 MOD=1133661268029390 thr=1732900 res=4.67e+09 tierC=608 surv=446 bits=446 conf=446 best=47 gpu=0.86s cpu=0.08s prep=0.01s (5.42e+09 res/s)
K=1693 sh=0 MOD=1133661268029390 thr=1732900 res=4.67e+09 tierC=608 surv=473 bits=473 conf=473 best=47 gpu=0.59s cpu=0.09s prep=0.01s (7.87e+09 res/s)
K=1694 sh=0 MOD=1133661268029390 thr=1732900 res=4.67e+09 tierC=608 surv=464 bits=464 conf=464 best=47 gpu=0.60s cpu=0.08s prep=0.01s (7.79e+09 res/s)
K=1695 sh=0 MOD=1314244478865930 thr=1732900 res=6.199e+09 tierC=607 surv=1082 bits=1082 conf=1073 best=47 gpu=0.87s cpu=0.19s prep=0.01s (7.15e+09 res/s)
K=1696 sh=0 MOD=1133661268029390 thr=1732900 res=4.67e+09 tierC=608 surv=468 bits=468 conf=468 best=47 gpu=0.71s cpu=0.08s prep=0.01s (6.6e+09 res/s)
K=1697 sh=0 MOD=1133661268029390 thr=1732900 res=4.67e+09 tierC=607 surv=500 bits=500 conf=500 best=47 gpu=0.60s cpu=0.09s prep=0.01s (7.82e+09 res/s)
K=1698 sh=0 MOD=1133661268029390 thr=1732900 res=4.67e+09 tierC=608 surv=463 bits=463 conf=463 best=47 gpu=0.60s cpu=0.09s prep=0.01s (7.74e+09 res/s)
K=1699 sh=0 MOD=1133661268029390 thr=1732900 res=4.67e+09 tierC=608 surv=458 bits=458 conf=458 best=47 gpu=0.60s cpu=0.09s prep=0.01s (7.79e+09 res/s)
K=1700 sh=0 MOD=1133661268029390 thr=1732900 res=4.67e+09 tierC=608 surv=450 bits=450 conf=450 best=47 gpu=0.60s cpu=0.08s prep=0.01s (7.77e+09 res/s)
K=1701 sh=0 MOD=1133661268029390 thr=1732900 res=4.67e+09 tierC=608 surv=461 bits=461 conf=461 best=47 gpu=0.60s cpu=0.09s prep=0.01s (7.83e+09 res/s)
K=1702 sh=0 MOD=1133661268029390 thr=1732900 res=4.67e+09 tierC=608 surv=468 bits=468 conf=468 best=47 gpu=0.60s cpu=0.09s prep=0.01s (7.83e+09 res/s)
K=1703 sh=0 MOD=1133661268029390 thr=1732900 res=4.67e+09 tierC=607 surv=850 bits=850 conf=849 best=47 gpu=0.68s cpu=0.15s prep=0.01s (6.89e+09 res/s)
K=1704 sh=0 MOD=15967060113090 thr=133300 res=3.592e+08 tierC=608 surv=38 bits=38 conf=38 best=47 gpu=0.21s cpu=0.02s prep=0.01s (1.67e+09 res/s)
K=1705 sh=0 MOD=1133661268029390 thr=1732900 res=4.67e+09 tierC=608 surv=472 bits=472 conf=472 best=47 gpu=0.53s cpu=0.09s prep=0.01s (8.85e+09 res/s)
K=1706 sh=0 MOD=1133661268029390 thr=1732900 res=4.67e+09 tierC=608 surv=469 bits=469 conf=469 best=47 gpu=0.60s cpu=0.08s prep=0.01s (7.78e+09 res/s)
K=1707 sh=0 MOD=1133661268029390 thr=1732900 res=4.67e+09 tierC=607 surv=488 bits=488 conf=487 best=47 gpu=0.60s cpu=0.09s prep=0.01s (7.8e+09 res/s)
K=1708 sh=0 MOD=1133661268029390 thr=1732900 res=4.67e+09 tierC=608 surv=497 bits=497 conf=497 best=47 gpu=0.60s cpu=0.09s prep=0.01s (7.75e+09 res/s)
K=1709 sh=0 MOD=1133661268029390 thr=1732900 res=4.67e+09 tierC=607 surv=449 bits=449 conf=449 best=47 gpu=0.60s cpu=0.08s prep=0.01s (7.75e+09 res/s)
K=1710 sh=0 MOD=1133661268029390 thr=1732900 res=4.67e+09 tierC=608 surv=464 bits=464 conf=464 best=47 gpu=0.59s cpu=0.09s prep=0.01s (7.86e+09 res/s)
K=1711 sh=0 MOD=19214597763210 thr=1732900 res=4.67e+09 tierC=608 surv=437 bits=437 conf=433 best=47 gpu=0.60s cpu=0.07s prep=0.01s (7.81e+09 res/s)
K=1712 sh=0 MOD=1387940430951870 thr=1732900 res=6.958e+09 tierC=607 surv=1204 bits=1204 conf=1193 best=47 gpu=0.94s cpu=0.21s prep=0.01s (7.37e+09 res/s)
K=1713 sh=0 MOD=1133661268029390 thr=1732900 res=4.67e+09 tierC=608 surv=458 bits=458 conf=458 best=47 gpu=0.72s cpu=0.08s prep=0.01s (6.46e+09 res/s)
K=1714 sh=0 MOD=1133661268029390 thr=1732900 res=4.67e+09 tierC=607 surv=492 bits=492 conf=492 best=47 gpu=0.60s cpu=0.09s prep=0.01s (7.83e+09 res/s)
K=1715 sh=0 MOD=1133661268029390 thr=1732900 res=4.67e+09 tierC=608 surv=502 bits=502 conf=502 best=47 gpu=0.61s cpu=0.09s prep=0.01s (7.7e+09 res/s)
K=1716 sh=0 MOD=1133661268029390 thr=1732900 res=4.67e+09 tierC=608 surv=469 bits=469 conf=469 best=47 gpu=0.60s cpu=0.09s prep=0.01s (7.75e+09 res/s)
K=1717 sh=0 MOD=1470392337741090 thr=1974700 res=7.928e+09 tierC=607 surv=1428 bits=1428 conf=1416 best=47 gpu=1.08s cpu=0.25s prep=0.01s (7.34e+09 res/s)
K=1718 sh=0 MOD=1133661268029390 thr=1732900 res=4.67e+09 tierC=608 surv=470 bits=470 conf=470 best=47 gpu=0.77s cpu=0.09s prep=0.01s (6.1e+09 res/s)
K=1719 sh=0 MOD=1133661268029390 thr=1732900 res=4.67e+09 tierC=607 surv=647 bits=647 conf=645 best=47 gpu=0.64s cpu=0.12s prep=0.01s (7.31e+09 res/s)
K=1720 sh=0 MOD=1133661268029390 thr=1732900 res=4.67e+09 tierC=608 surv=472 bits=472 conf=472 best=47 gpu=0.63s cpu=0.10s prep=0.01s (7.38e+09 res/s)
K=1721 sh=0 MOD=1133661268029390 thr=1732900 res=4.67e+09 tierC=607 surv=443 bits=443 conf=443 best=47 gpu=0.61s cpu=0.09s prep=0.01s (7.62e+09 res/s)
K=1722 sh=0 MOD=1133661268029390 thr=1732900 res=4.67e+09 tierC=608 surv=457 bits=457 conf=457 best=47 gpu=0.60s cpu=0.09s prep=0.01s (7.73e+09 res/s)
K=1723 sh=0 MOD=1133661268029390 thr=1732900 res=4.67e+09 tierC=608 surv=476 bits=476 conf=476 best=47 gpu=0.60s cpu=0.09s prep=0.01s (7.81e+09 res/s)
K=1724 sh=0 MOD=1133661268029390 thr=1732900 res=4.67e+09 tierC=607 surv=559 bits=559 conf=558 best=47 gpu=0.61s cpu=0.10s prep=0.01s (7.7e+09 res/s)
K=1725 sh=0 MOD=1133661268029390 thr=1732900 res=4.67e+09 tierC=608 surv=470 bits=470 conf=470 best=47 gpu=0.61s cpu=0.09s prep=0.01s (7.6e+09 res/s)
K=1726 sh=0 MOD=1133661268029390 thr=1732900 res=4.67e+09 tierC=607 surv=475 bits=475 conf=475 best=47 gpu=0.60s cpu=0.09s prep=0.01s (7.78e+09 res/s)
K=1727 sh=0 MOD=1133661268029390 thr=1732900 res=4.67e+09 tierC=608 surv=442 bits=442 conf=442 best=47 gpu=0.60s cpu=0.08s prep=0.01s (7.77e+09 res/s)
K=1728 sh=0 MOD=1133661268029390 thr=1732900 res=4.67e+09 tierC=608 surv=485 bits=485 conf=485 best=47 gpu=0.59s cpu=0.09s prep=0.01s (7.85e+09 res/s)
K=1729 sh=0 MOD=1133661268029390 thr=1732900 res=4.67e+09 tierC=608 surv=477 bits=477 conf=477 best=47 gpu=0.60s cpu=0.08s prep=0.01s (7.72e+09 res/s)
K=1730 sh=0 MOD=1133661268029390 thr=1732900 res=4.67e+09 tierC=607 surv=688 bits=688 conf=687 best=47 gpu=0.64s cpu=0.12s prep=0.01s (7.28e+09 res/s)
K=1731 sh=0 MOD=1133661268029390 thr=1732900 res=4.67e+09 tierC=608 surv=466 bits=466 conf=466 best=47 gpu=0.63s cpu=0.08s prep=0.01s (7.36e+09 res/s)
K=1732 sh=0 MOD=1133661268029390 thr=1732900 res=4.67e+09 tierC=608 surv=437 bits=437 conf=437 best=47 gpu=0.59s cpu=0.08s prep=0.01s (7.86e+09 res/s)
K=1733 sh=0 MOD=1133661268029390 thr=1732900 res=4.67e+09 tierC=607 surv=511 bits=511 conf=511 best=47 gpu=0.59s cpu=0.09s prep=0.01s (7.88e+09 res/s)
K=1734 sh=0 MOD=1133661268029390 thr=1732900 res=4.67e+09 tierC=608 surv=501 bits=501 conf=501 best=47 gpu=0.60s cpu=0.09s prep=0.01s (7.75e+09 res/s)
K=1735 sh=0 MOD=1133661268029390 thr=1732900 res=4.67e+09 tierC=607 surv=589 bits=589 conf=588 best=47 gpu=0.62s cpu=0.11s prep=0.01s (7.54e+09 res/s)
K=1736 sh=0 MOD=1133661268029390 thr=1732900 res=4.67e+09 tierC=608 surv=411 bits=411 conf=411 best=47 gpu=0.62s cpu=0.08s prep=0.01s (7.52e+09 res/s)
K=1737 sh=0 MOD=1133661268029390 thr=1732900 res=4.67e+09 tierC=608 surv=440 bits=440 conf=440 best=47 gpu=0.59s cpu=0.09s prep=0.01s (7.96e+09 res/s)
K=1738 sh=0 MOD=1133661268029390 thr=1732900 res=4.67e+09 tierC=608 surv=460 bits=460 conf=460 best=47 gpu=0.60s cpu=0.09s prep=0.01s (7.82e+09 res/s)
K=1739 sh=0 MOD=1133661268029390 thr=1732900 res=4.67e+09 tierC=608 surv=456 bits=456 conf=456 best=47 gpu=0.60s cpu=0.09s prep=0.01s (7.83e+09 res/s)
K=1740 sh=0 MOD=1133661268029390 thr=1732900 res=4.67e+09 tierC=608 surv=492 bits=492 conf=492 best=47 gpu=0.60s cpu=0.09s prep=0.01s (7.85e+09 res/s)
K=1741 sh=0 MOD=1133661268029390 thr=1732900 res=4.67e+09 tierC=608 surv=441 bits=441 conf=441 best=47 gpu=0.60s cpu=0.08s prep=0.01s (7.73e+09 res/s)
K=1742 sh=0 MOD=1133661268029390 thr=1732900 res=4.67e+09 tierC=608 surv=460 bits=460 conf=460 best=47 gpu=0.59s cpu=0.09s prep=0.01s (7.89e+09 res/s)
K=1743 sh=0 MOD=1789272603757230 thr=3396484 res=1.364e+10 tierC=607 surv=2429 bits=2429 conf=2409 best=47 gpu=1.78s cpu=0.44s prep=0.01s (7.68e+09 res/s)
K=1744 sh=0 MOD=1133661268029390 thr=1732900 res=4.67e+09 tierC=608 surv=474 bits=474 conf=474 best=47 gpu=0.95s cpu=0.09s prep=0.01s (4.91e+09 res/s)
K=1745 sh=0 MOD=1133661268029390 thr=1732900 res=4.67e+09 tierC=608 surv=443 bits=443 conf=443 best=47 gpu=0.60s cpu=0.08s prep=0.01s (7.81e+09 res/s)
K=1746 sh=0 MOD=1133661268029390 thr=1732900 res=4.67e+09 tierC=608 surv=480 bits=480 conf=480 best=47 gpu=0.60s cpu=0.09s prep=0.01s (7.85e+09 res/s)
K=1747 sh=0 MOD=1133661268029390 thr=1732900 res=4.67e+09 tierC=608 surv=469 bits=469 conf=469 best=47 gpu=0.60s cpu=0.09s prep=0.01s (7.75e+09 res/s)
K=1748 sh=0 MOD=1133661268029390 thr=1732900 res=4.67e+09 tierC=608 surv=486 bits=486 conf=486 best=47 gpu=0.60s cpu=0.09s prep=0.01s (7.72e+09 res/s)
K=1749 sh=0 MOD=1133661268029390 thr=1732900 res=4.67e+09 tierC=608 surv=441 bits=441 conf=441 best=47 gpu=0.61s cpu=0.09s prep=0.01s (7.68e+09 res/s)
K=1750 sh=0 MOD=1133661268029390 thr=1732900 res=4.67e+09 tierC=608 surv=431 bits=431 conf=431 best=47 gpu=0.60s cpu=0.09s prep=0.01s (7.77e+09 res/s)
K=1751 sh=0 MOD=1133661268029390 thr=1732900 res=4.67e+09 tierC=608 surv=441 bits=441 conf=441 best=47 gpu=0.60s cpu=0.15s prep=0.01s (7.74e+09 res/s)
K=1752 sh=0 MOD=1133661268029390 thr=1732900 res=4.67e+09 tierC=608 surv=462 bits=462 conf=462 best=47 gpu=0.76s cpu=0.17s prep=0.02s (6.12e+09 res/s)
K=1753 sh=0 MOD=1133661268029390 thr=1732900 res=4.67e+09 tierC=608 surv=454 bits=454 conf=454 best=47 gpu=0.78s cpu=0.16s prep=0.02s (5.97e+09 res/s)
K=1754 sh=0 MOD=1133661268029390 thr=1732900 res=4.67e+09 tierC=608 surv=436 bits=436 conf=436 best=47 gpu=0.78s cpu=0.16s prep=0.03s (5.99e+09 res/s)
K=1755 sh=0 MOD=1133661268029390 thr=1732900 res=4.67e+09 tierC=608 surv=428 bits=428 conf=428 best=47 gpu=0.77s cpu=0.09s prep=0.02s (6.05e+09 res/s)
K=1756 sh=0 MOD=1133661268029390 thr=1732900 res=4.67e+09 tierC=608 surv=454 bits=454 conf=454 best=47 gpu=0.68s cpu=0.18s prep=0.01s (6.92e+09 res/s)
K=1757 sh=0 MOD=1133661268029390 thr=1732900 res=4.67e+09 tierC=607 surv=590 bits=590 conf=589 best=47 gpu=0.81s cpu=0.21s prep=0.02s (5.75e+09 res/s)
K=1758 sh=0 MOD=1133661268029390 thr=1732900 res=4.67e+09 tierC=607 surv=529 bits=529 conf=528 best=47 gpu=0.78s cpu=0.20s prep=0.01s (5.98e+09 res/s)
K=1759 sh=0 MOD=1133661268029390 thr=1732900 res=4.67e+09 tierC=608 surv=466 bits=466 conf=466 best=47 gpu=0.83s cpu=0.16s prep=0.02s (5.65e+09 res/s)
K=1760 sh=0 MOD=1133661268029390 thr=1732900 res=4.67e+09 tierC=608 surv=461 bits=461 conf=461 best=47 gpu=0.77s cpu=0.09s prep=0.02s (6.09e+09 res/s)
K=1761 sh=0 MOD=1133661268029390 thr=1732900 res=4.67e+09 tierC=607 surv=511 bits=511 conf=510 best=47 gpu=0.65s cpu=0.09s prep=0.01s (7.16e+09 res/s)
K=1762 sh=0 MOD=1133661268029390 thr=1732900 res=4.67e+09 tierC=607 surv=494 bits=494 conf=494 best=47 gpu=0.61s cpu=0.09s prep=0.01s (7.7e+09 res/s)
K=1763 sh=0 MOD=1133661268029390 thr=1732900 res=4.67e+09 tierC=608 surv=465 bits=465 conf=465 best=47 gpu=0.60s cpu=0.09s prep=0.01s (7.76e+09 res/s)
K=1764 sh=0 MOD=1133661268029390 thr=1732900 res=4.67e+09 tierC=608 surv=466 bits=466 conf=466 best=47 gpu=0.60s cpu=0.08s prep=0.01s (7.78e+09 res/s)
K=1765 sh=0 MOD=1133661268029390 thr=1732900 res=4.67e+09 tierC=607 surv=568 bits=568 conf=567 best=47 gpu=0.61s cpu=0.10s prep=0.01s (7.68e+09 res/s)
K=1766 sh=0 MOD=1133661268029390 thr=1732900 res=4.67e+09 tierC=608 surv=432 bits=432 conf=432 best=47 gpu=0.61s cpu=0.08s prep=0.01s (7.59e+09 res/s)
K=1767 sh=0 MOD=1133661268029390 thr=1732900 res=4.67e+09 tierC=608 surv=430 bits=430 conf=430 best=47 gpu=0.59s cpu=0.08s prep=0.01s (7.9e+09 res/s)
K=1768 sh=0 MOD=1133661268029390 thr=1732900 res=4.67e+09 tierC=608 surv=431 bits=431 conf=431 best=47 gpu=0.59s cpu=0.08s prep=0.01s (7.89e+09 res/s)
K=1769 sh=0 MOD=1133661268029390 thr=1732900 res=4.67e+09 tierC=608 surv=474 bits=474 conf=474 best=47 gpu=0.59s cpu=0.09s prep=0.01s (7.9e+09 res/s)
K=1770 sh=0 MOD=19214597763210 thr=1732900 res=4.67e+09 tierC=608 surv=509 bits=509 conf=509 best=47 gpu=0.60s cpu=0.08s prep=0.01s (7.8e+09 res/s)
K=1771 sh=0 MOD=1133661268029390 thr=1732900 res=4.67e+09 tierC=608 surv=486 bits=486 conf=486 best=47 gpu=10.44s cpu=0.09s prep=0.01s (4.47e+08 res/s)
K=1772 sh=0 MOD=1133661268029390 thr=1732900 res=4.67e+09 tierC=607 surv=523 bits=523 conf=522 best=47 gpu=0.60s cpu=0.10s prep=0.01s (7.73e+09 res/s)
K=1773 sh=0 MOD=1133661268029390 thr=1732900 res=4.67e+09 tierC=607 surv=664 bits=664 conf=662 best=47 gpu=0.64s cpu=0.12s prep=0.01s (7.29e+09 res/s)
K=1774 sh=0 MOD=1133661268029390 thr=1732900 res=4.67e+09 tierC=607 surv=518 bits=518 conf=518 best=47 gpu=0.63s cpu=0.10s prep=0.01s (7.42e+09 res/s)
K=1775 sh=0 MOD=15967060113090 thr=133300 res=3.592e+08 tierC=608 surv=26 bits=26 conf=26 best=47 gpu=0.16s cpu=0.01s prep=0.01s (2.32e+09 res/s)
K=1776 sh=0 MOD=1133661268029390 thr=1732900 res=4.67e+09 tierC=608 surv=423 bits=423 conf=423 best=47 gpu=0.53s cpu=0.08s prep=0.01s (8.85e+09 res/s)
K=1777 sh=0 MOD=1133661268029390 thr=1732900 res=4.67e+09 tierC=608 surv=479 bits=479 conf=479 best=47 gpu=0.60s cpu=0.09s prep=0.01s (7.82e+09 res/s)
K=1778 sh=0 MOD=1133661268029390 thr=1732900 res=4.67e+09 tierC=608 surv=445 bits=445 conf=445 best=47 gpu=0.60s cpu=0.09s prep=0.01s (7.77e+09 res/s)
K=1779 sh=0 MOD=1133661268029390 thr=1732900 res=4.67e+09 tierC=607 surv=507 bits=507 conf=506 best=47 gpu=0.60s cpu=0.09s prep=0.01s (7.77e+09 res/s)
K=1780 sh=0 MOD=1668647484402810 thr=2739100 res=1.1e+10 tierC=607 surv=1949 bits=1949 conf=1938 best=47 gpu=1.46s cpu=0.35s prep=0.01s (7.54e+09 res/s)
K=1781 sh=0 MOD=1133661268029390 thr=1732900 res=4.67e+09 tierC=607 surv=788 bits=788 conf=787 best=47 gpu=0.93s cpu=0.14s prep=0.01s (5.03e+09 res/s)
K=1782 sh=0 MOD=1133661268029390 thr=1732900 res=4.67e+09 tierC=608 surv=454 bits=454 conf=454 best=47 gpu=0.65s cpu=0.09s prep=0.01s (7.14e+09 res/s)
K=1783 sh=0 MOD=1133661268029390 thr=1732900 res=4.67e+09 tierC=608 surv=454 bits=454 conf=454 best=47 gpu=0.60s cpu=0.08s prep=0.01s (7.81e+09 res/s)
K=1784 sh=0 MOD=1133661268029390 thr=1732900 res=4.67e+09 tierC=608 surv=472 bits=472 conf=472 best=47 gpu=0.59s cpu=0.09s prep=0.01s (7.89e+09 res/s)
K=1785 sh=0 MOD=1133661268029390 thr=1732900 res=4.67e+09 tierC=608 surv=434 bits=434 conf=434 best=47 gpu=0.60s cpu=0.08s prep=0.01s (7.82e+09 res/s)
K=1786 sh=0 MOD=1133661268029390 thr=1732900 res=4.67e+09 tierC=608 surv=471 bits=471 conf=471 best=47 gpu=0.59s cpu=0.09s prep=0.01s (7.92e+09 res/s)
K=1787 sh=0 MOD=1133661268029390 thr=1732900 res=4.67e+09 tierC=607 surv=541 bits=541 conf=541 best=47 gpu=0.60s cpu=0.10s prep=0.01s (7.84e+09 res/s)
K=1788 sh=0 MOD=1133661268029390 thr=1732900 res=4.67e+09 tierC=607 surv=754 bits=754 conf=750 best=47 gpu=0.67s cpu=0.13s prep=0.01s (6.94e+09 res/s)
K=1789 sh=0 MOD=1133661268029390 thr=1732900 res=4.67e+09 tierC=608 surv=442 bits=442 conf=442 best=47 gpu=0.64s cpu=0.08s prep=0.01s (7.24e+09 res/s)
K=1790 sh=0 MOD=1133661268029390 thr=1732900 res=4.67e+09 tierC=607 surv=643 bits=643 conf=643 best=47 gpu=0.64s cpu=0.12s prep=0.01s (7.32e+09 res/s)
K=1791 sh=0 MOD=1133661268029390 thr=1732900 res=4.67e+09 tierC=608 surv=456 bits=456 conf=456 best=47 gpu=0.63s cpu=0.08s prep=0.01s (7.46e+09 res/s)
K=1792 sh=0 MOD=1133661268029390 thr=1732900 res=4.67e+09 tierC=608 surv=510 bits=510 conf=510 best=47 gpu=0.60s cpu=0.10s prep=0.01s (7.84e+09 res/s)
K=1793 sh=0 MOD=1133661268029390 thr=1732900 res=4.67e+09 tierC=608 surv=439 bits=439 conf=439 best=47 gpu=0.61s cpu=0.08s prep=0.01s (7.68e+09 res/s)
K=1794 sh=0 MOD=1133661268029390 thr=1732900 res=4.67e+09 tierC=608 surv=452 bits=452 conf=452 best=47 gpu=0.60s cpu=0.08s prep=0.01s (7.84e+09 res/s)
K=1795 sh=0 MOD=1133661268029390 thr=1732900 res=4.67e+09 tierC=607 surv=583 bits=583 conf=582 best=47 gpu=0.61s cpu=0.11s prep=0.01s (7.72e+09 res/s)
K=1796 sh=0 MOD=1133661268029390 thr=1732900 res=4.67e+09 tierC=607 surv=511 bits=511 conf=510 best=47 gpu=0.62s cpu=0.10s prep=0.01s (7.49e+09 res/s)
K=1797 sh=0 MOD=1133661268029390 thr=1732900 res=4.67e+09 tierC=607 surv=530 bits=530 conf=529 best=47 gpu=0.61s cpu=0.09s prep=0.01s (7.66e+09 res/s)
K=1798 sh=0 MOD=1133661268029390 thr=1732900 res=4.67e+09 tierC=608 surv=447 bits=447 conf=447 best=47 gpu=0.61s cpu=0.08s prep=0.01s (7.7e+09 res/s)
K=1799 sh=0 MOD=1133661268029390 thr=1732900 res=4.67e+09 tierC=607 surv=574 bits=574 conf=573 best=47 gpu=0.62s cpu=0.10s prep=0.01s (7.55e+09 res/s)
K=1800 sh=0 MOD=1133661268029390 thr=1732900 res=4.67e+09 tierC=608 surv=467 bits=467 conf=467 best=47 gpu=0.61s cpu=0.08s prep=0.01s (7.6e+09 res/s)
K=1801 sh=0 MOD=1133661268029390 thr=1732900 res=4.67e+09 tierC=608 surv=470 bits=470 conf=470 best=47 gpu=0.59s cpu=0.09s prep=0.01s (7.86e+09 res/s)
K=1802 sh=0 MOD=1133661268029390 thr=1732900 res=4.67e+09 tierC=608 surv=455 bits=455 conf=455 best=47 gpu=0.60s cpu=0.08s prep=0.01s (7.81e+09 res/s)
K=1803 sh=0 MOD=1133661268029390 thr=1732900 res=4.67e+09 tierC=608 surv=459 bits=459 conf=459 best=47 gpu=0.59s cpu=0.09s prep=0.01s (7.86e+09 res/s)
K=1804 sh=0 MOD=1133661268029390 thr=1732900 res=4.67e+09 tierC=608 surv=438 bits=438 conf=438 best=47 gpu=0.60s cpu=0.08s prep=0.01s (7.81e+09 res/s)
K=1805 sh=0 MOD=1133661268029390 thr=1732900 res=4.67e+09 tierC=608 surv=433 bits=433 conf=433 best=47 gpu=0.59s cpu=0.08s prep=0.01s (7.88e+09 res/s)
K=1806 sh=0 MOD=1133661268029390 thr=1732900 res=4.67e+09 tierC=608 surv=451 bits=451 conf=451 best=47 gpu=0.59s cpu=0.09s prep=0.01s (7.88e+09 res/s)
K=1807 sh=0 MOD=1133661268029390 thr=1732900 res=4.67e+09 tierC=608 surv=498 bits=498 conf=498 best=47 gpu=0.60s cpu=0.09s prep=0.01s (7.79e+09 res/s)
K=1808 sh=0 MOD=1314244478865930 thr=1732900 res=6.199e+09 tierC=607 surv=1068 bits=1068 conf=1061 best=47 gpu=0.88s cpu=0.19s prep=0.01s (7.08e+09 res/s)
K=1809 sh=0 MOD=1133661268029390 thr=1732900 res=4.67e+09 tierC=608 surv=495 bits=495 conf=495 best=47 gpu=0.70s cpu=0.09s prep=0.01s (6.66e+09 res/s)
K=1810 sh=0 MOD=1133661268029390 thr=1732900 res=4.67e+09 tierC=608 surv=474 bits=474 conf=474 best=47 gpu=0.60s cpu=0.08s prep=0.01s (7.75e+09 res/s)
K=1811 sh=0 MOD=1133661268029390 thr=1732900 res=4.67e+09 tierC=607 surv=462 bits=462 conf=462 best=47 gpu=0.60s cpu=0.09s prep=0.01s (7.84e+09 res/s)
K=1812 sh=0 MOD=1133661268029390 thr=1732900 res=4.67e+09 tierC=608 surv=476 bits=476 conf=476 best=47 gpu=0.60s cpu=0.09s prep=0.01s (7.82e+09 res/s)
K=1813 sh=0 MOD=1133661268029390 thr=1732900 res=4.67e+09 tierC=608 surv=444 bits=444 conf=444 best=47 gpu=0.60s cpu=0.08s prep=0.01s (7.8e+09 res/s)
K=1814 sh=0 MOD=1133661268029390 thr=1732900 res=4.67e+09 tierC=608 surv=456 bits=456 conf=456 best=47 gpu=0.60s cpu=0.09s prep=0.01s (7.84e+09 res/s)
K=1815 sh=0 MOD=1133661268029390 thr=1732900 res=4.67e+09 tierC=608 surv=466 bits=466 conf=466 best=47 gpu=0.60s cpu=0.09s prep=0.01s (7.78e+09 res/s)
K=1816 sh=0 MOD=1133661268029390 thr=1732900 res=4.67e+09 tierC=607 surv=620 bits=620 conf=618 best=47 gpu=0.63s cpu=0.11s prep=0.01s (7.46e+09 res/s)
K=1817 sh=0 MOD=1133661268029390 thr=1732900 res=4.67e+09 tierC=608 surv=440 bits=440 conf=440 best=47 gpu=0.62s cpu=0.08s prep=0.01s (7.51e+09 res/s)
K=1818 sh=0 MOD=1470392337741090 thr=1974700 res=7.928e+09 tierC=607 surv=1326 bits=1326 conf=1321 best=47 gpu=1.08s cpu=0.24s prep=0.01s (7.37e+09 res/s)
K=1819 sh=0 MOD=1387940430951870 thr=1732900 res=6.958e+09 tierC=607 surv=1184 bits=1184 conf=1177 best=47 gpu=1.11s cpu=0.21s prep=0.01s (6.25e+09 res/s)
K=1820 sh=0 MOD=1133661268029390 thr=1732900 res=4.67e+09 tierC=608 surv=452 bits=452 conf=452 best=47 gpu=0.72s cpu=0.09s prep=0.01s (6.46e+09 res/s)
K=1821 sh=0 MOD=1133661268029390 thr=1732900 res=4.67e+09 tierC=608 surv=463 bits=463 conf=463 best=47 gpu=0.60s cpu=0.09s prep=0.01s (7.8e+09 res/s)
K=1822 sh=0 MOD=1133661268029390 thr=1732900 res=4.67e+09 tierC=607 surv=486 bits=486 conf=486 best=47 gpu=0.61s cpu=0.10s prep=0.01s (7.7e+09 res/s)
K=1823 sh=0 MOD=1133661268029390 thr=1732900 res=4.67e+09 tierC=607 surv=510 bits=510 conf=510 best=47 gpu=0.61s cpu=0.10s prep=0.01s (7.63e+09 res/s)
K=1824 sh=0 MOD=1133661268029390 thr=1732900 res=4.67e+09 tierC=608 surv=452 bits=452 conf=452 best=47 gpu=0.62s cpu=0.09s prep=0.01s (7.53e+09 res/s)
K=1825 sh=0 MOD=1133661268029390 thr=1732900 res=4.67e+09 tierC=608 surv=452 bits=452 conf=452 best=47 gpu=0.61s cpu=0.09s prep=0.01s (7.69e+09 res/s)
K=1826 sh=0 MOD=1789272603757230 thr=3396484 res=1.364e+10 tierC=607 surv=2389 bits=2389 conf=2371 best=47 gpu=12.40s cpu=0.44s prep=0.01s (1.1e+09 res/s)
K=1827 sh=0 MOD=1133661268029390 thr=1732900 res=4.67e+09 tierC=608 surv=446 bits=446 conf=446 best=47 gpu=0.95s cpu=0.09s prep=0.01s (4.92e+09 res/s)
K=1828 sh=0 MOD=1133661268029390 thr=1732900 res=4.67e+09 tierC=608 surv=460 bits=460 conf=460 best=47 gpu=0.60s cpu=0.09s prep=0.01s (7.84e+09 res/s)
K=1829 sh=0 MOD=19214597763210 thr=1732900 res=4.67e+09 tierC=608 surv=473 bits=473 conf=473 best=47 gpu=0.60s cpu=0.07s prep=0.01s (7.79e+09 res/s)
K=1830 sh=0 MOD=1133661268029390 thr=1732900 res=4.67e+09 tierC=608 surv=449 bits=449 conf=449 best=47 gpu=0.58s cpu=0.08s prep=0.01s (8.04e+09 res/s)
K=1831 sh=0 MOD=1133661268029390 thr=1732900 res=4.67e+09 tierC=608 surv=436 bits=436 conf=436 best=47 gpu=0.59s cpu=0.09s prep=0.01s (7.87e+09 res/s)
K=1832 sh=0 MOD=1133661268029390 thr=1732900 res=4.67e+09 tierC=608 surv=459 bits=459 conf=459 best=47 gpu=0.60s cpu=0.09s prep=0.01s (7.82e+09 res/s)
K=1833 sh=0 MOD=1133661268029390 thr=1732900 res=4.67e+09 tierC=608 surv=451 bits=451 conf=451 best=47 gpu=0.60s cpu=0.09s prep=0.01s (7.83e+09 res/s)
K=1834 sh=0 MOD=1133661268029390 thr=1732900 res=4.67e+09 tierC=607 surv=790 bits=790 conf=786 best=47 gpu=0.67s cpu=0.14s prep=0.01s (6.96e+09 res/s)
K=1835 sh=0 MOD=1133661268029390 thr=1732900 res=4.67e+09 tierC=608 surv=480 bits=480 conf=480 best=47 gpu=0.65s cpu=0.09s prep=0.01s (7.17e+09 res/s)
K=1836 sh=0 MOD=1133661268029390 thr=1732900 res=4.67e+09 tierC=608 surv=500 bits=500 conf=500 best=47 gpu=0.60s cpu=0.09s prep=0.01s (7.77e+09 res/s)
K=1837 sh=0 MOD=1133661268029390 thr=1732900 res=4.67e+09 tierC=607 surv=752 bits=752 conf=748 best=47 gpu=0.65s cpu=0.13s prep=0.01s (7.16e+09 res/s)
K=1838 sh=0 MOD=1133661268029390 thr=1732900 res=4.67e+09 tierC=608 surv=466 bits=466 conf=466 best=47 gpu=0.65s cpu=0.09s prep=0.01s (7.24e+09 res/s)
K=1839 sh=0 MOD=1133661268029390 thr=1732900 res=4.67e+09 tierC=608 surv=423 bits=423 conf=423 best=47 gpu=0.60s cpu=0.08s prep=0.01s (7.78e+09 res/s)
K=1840 sh=0 MOD=1133661268029390 thr=1732900 res=4.67e+09 tierC=608 surv=463 bits=463 conf=463 best=47 gpu=0.59s cpu=0.08s prep=0.01s (7.9e+09 res/s)
K=1841 sh=0 MOD=1133661268029390 thr=1732900 res=4.67e+09 tierC=607 surv=580 bits=580 conf=579 best=47 gpu=0.62s cpu=0.11s prep=0.01s (7.59e+09 res/s)
K=1842 sh=0 MOD=1133661268029390 thr=1732900 res=4.67e+09 tierC=608 surv=449 bits=449 conf=449 best=47 gpu=0.62s cpu=0.08s prep=0.01s (7.54e+09 res/s)
K=1843 sh=0 MOD=1133661268029390 thr=1732900 res=4.67e+09 tierC=608 surv=480 bits=480 conf=480 best=47 gpu=0.59s cpu=0.09s prep=0.01s (7.86e+09 res/s)
K=1844 sh=0 MOD=1133661268029390 thr=1732900 res=4.67e+09 tierC=607 surv=554 bits=554 conf=553 best=47 gpu=0.60s cpu=0.10s prep=0.01s (7.73e+09 res/s)
K=1845 sh=0 MOD=1133661268029390 thr=1732900 res=4.67e+09 tierC=608 surv=500 bits=500 conf=500 best=47 gpu=0.61s cpu=0.10s prep=0.01s (7.64e+09 res/s)
K=1846 sh=0 MOD=15967060113090 thr=133300 res=3.592e+08 tierC=608 surv=42 bits=42 conf=40 best=47 gpu=0.16s cpu=0.01s prep=0.01s (2.31e+09 res/s)
K=1847 sh=0 MOD=1133661268029390 thr=1732900 res=4.67e+09 tierC=607 surv=462 bits=462 conf=462 best=47 gpu=0.53s cpu=0.09s prep=0.01s (8.87e+09 res/s)
K=1848 sh=0 MOD=1133661268029390 thr=1732900 res=4.67e+09 tierC=608 surv=414 bits=414 conf=414 best=47 gpu=0.60s cpu=0.08s prep=0.01s (7.79e+09 res/s)
K=1849 sh=0 MOD=1133661268029390 thr=1732900 res=4.67e+09 tierC=608 surv=442 bits=442 conf=442 best=47 gpu=0.59s cpu=0.08s prep=0.01s (7.91e+09 res/s)
K=1850 sh=0 MOD=1133661268029390 thr=1732900 res=4.67e+09 tierC=608 surv=489 bits=489 conf=489 best=47 gpu=0.59s cpu=0.09s prep=0.01s (7.86e+09 res/s)
K=1851 sh=0 MOD=1133661268029390 thr=1732900 res=4.67e+09 tierC=607 surv=482 bits=482 conf=481 best=47 gpu=0.61s cpu=0.09s prep=0.01s (7.71e+09 res/s)
K=1852 sh=0 MOD=1133661268029390 thr=1732900 res=4.67e+09 tierC=608 surv=433 bits=433 conf=433 best=47 gpu=0.60s cpu=0.08s prep=0.01s (7.74e+09 res/s)
K=1853 sh=0 MOD=1133661268029390 thr=1732900 res=4.67e+09 tierC=608 surv=466 bits=466 conf=466 best=47 gpu=0.59s cpu=0.09s prep=0.01s (7.88e+09 res/s)
K=1854 sh=0 MOD=1133661268029390 thr=1732900 res=4.67e+09 tierC=608 surv=479 bits=479 conf=479 best=47 gpu=0.60s cpu=0.09s prep=0.01s (7.78e+09 res/s)
K=1855 sh=0 MOD=1133661268029390 thr=1732900 res=4.67e+09 tierC=608 surv=504 bits=504 conf=504 best=47 gpu=0.60s cpu=0.09s prep=0.01s (7.74e+09 res/s)
K=1856 sh=0 MOD=1133661268029390 thr=1732900 res=4.67e+09 tierC=608 surv=464 bits=464 conf=464 best=47 gpu=0.60s cpu=0.09s prep=0.01s (7.73e+09 res/s)
K=1857 sh=0 MOD=1133661268029390 thr=1732900 res=4.67e+09 tierC=608 surv=463 bits=463 conf=463 best=47 gpu=0.60s cpu=0.09s prep=0.01s (7.81e+09 res/s)
K=1858 sh=0 MOD=1133661268029390 thr=1732900 res=4.67e+09 tierC=607 surv=511 bits=511 conf=511 best=47 gpu=0.60s cpu=0.09s prep=0.01s (7.82e+09 res/s)
K=1859 sh=0 MOD=1133661268029390 thr=1732900 res=4.67e+09 tierC=608 surv=467 bits=467 conf=467 best=47 gpu=0.60s cpu=0.09s prep=0.01s (7.72e+09 res/s)
K=1860 sh=0 MOD=1133661268029390 thr=1732900 res=4.67e+09 tierC=608 surv=461 bits=461 conf=461 best=47 gpu=0.60s cpu=0.09s prep=0.01s (7.79e+09 res/s)
K=1861 sh=0 MOD=1133661268029390 thr=1732900 res=4.67e+09 tierC=608 surv=431 bits=431 conf=431 best=47 gpu=0.60s cpu=0.08s prep=0.01s (7.8e+09 res/s)
K=1862 sh=0 MOD=1133661268029390 thr=1732900 res=4.67e+09 tierC=608 surv=459 bits=459 conf=459 best=47 gpu=0.59s cpu=0.09s prep=0.01s (7.9e+09 res/s)
K=1863 sh=0 MOD=1133661268029390 thr=1732900 res=4.67e+09 tierC=608 surv=437 bits=437 conf=437 best=47 gpu=0.60s cpu=0.08s prep=0.01s (7.79e+09 res/s)
K=1864 sh=0 MOD=1133661268029390 thr=1732900 res=4.67e+09 tierC=607 surv=549 bits=549 conf=548 best=47 gpu=0.62s cpu=0.10s prep=0.01s (7.5e+09 res/s)
K=1865 sh=0 MOD=1133661268029390 thr=1732900 res=4.67e+09 tierC=608 surv=444 bits=444 conf=444 best=47 gpu=0.61s cpu=0.08s prep=0.01s (7.66e+09 res/s)
K=1866 sh=0 MOD=1133661268029390 thr=1732900 res=4.67e+09 tierC=607 surv=604 bits=604 conf=603 best=47 gpu=0.61s cpu=0.11s prep=0.01s (7.67e+09 res/s)
K=1867 sh=0 MOD=1133661268029390 thr=1732900 res=4.67e+09 tierC=608 surv=477 bits=477 conf=477 best=47 gpu=0.62s cpu=0.09s prep=0.01s (7.5e+09 res/s)
K=1868 sh=0 MOD=1133661268029390 thr=1732900 res=4.67e+09 tierC=607 surv=553 bits=553 conf=552 best=47 gpu=0.61s cpu=0.10s prep=0.01s (7.71e+09 res/s)
K=1869 sh=0 MOD=1668647484402810 thr=2739100 res=1.1e+10 tierC=607 surv=1867 bits=1867 conf=1852 best=47 gpu=1.47s cpu=0.34s prep=0.01s (7.5e+09 res/s)
K=1870 sh=0 MOD=1133661268029390 thr=1732900 res=4.67e+09 tierC=608 surv=449 bits=449 conf=449 best=47 gpu=0.85s cpu=0.08s prep=0.01s (5.47e+09 res/s)
K=1871 sh=0 MOD=1133661268029390 thr=1732900 res=4.67e+09 tierC=607 surv=489 bits=489 conf=489 best=47 gpu=0.59s cpu=0.09s prep=0.01s (7.86e+09 res/s)
K=1872 sh=0 MOD=1133661268029390 thr=1732900 res=4.67e+09 tierC=608 surv=461 bits=461 conf=461 best=47 gpu=0.60s cpu=0.09s prep=0.01s (7.73e+09 res/s)
K=1873 sh=0 MOD=1133661268029390 thr=1732900 res=4.67e+09 tierC=608 surv=485 bits=485 conf=485 best=47 gpu=0.60s cpu=0.09s prep=0.01s (7.79e+09 res/s)
K=1874 sh=0 MOD=1133661268029390 thr=1732900 res=4.67e+09 tierC=608 surv=478 bits=478 conf=478 best=47 gpu=0.60s cpu=0.09s prep=0.01s (7.81e+09 res/s)
K=1875 sh=0 MOD=1133661268029390 thr=1732900 res=4.67e+09 tierC=608 surv=427 bits=427 conf=427 best=47 gpu=0.60s cpu=0.08s prep=0.01s (7.79e+09 res/s)
K=1876 sh=0 MOD=1133661268029390 thr=1732900 res=4.67e+09 tierC=608 surv=493 bits=493 conf=493 best=47 gpu=0.59s cpu=0.09s prep=0.01s (7.87e+09 res/s)
K=1877 sh=0 MOD=1133661268029390 thr=1732900 res=4.67e+09 tierC=607 surv=485 bits=485 conf=485 best=47 gpu=0.60s cpu=0.09s prep=0.01s (7.74e+09 res/s)
K=1878 sh=0 MOD=1133661268029390 thr=1732900 res=4.67e+09 tierC=608 surv=462 bits=462 conf=462 best=47 gpu=0.60s cpu=0.09s prep=0.01s (7.81e+09 res/s)
K=1879 sh=0 MOD=1133661268029390 thr=1732900 res=4.67e+09 tierC=608 surv=432 bits=432 conf=432 best=47 gpu=0.60s cpu=0.08s prep=0.01s (7.81e+09 res/s)
K=1880 sh=0 MOD=1133661268029390 thr=1732900 res=4.67e+09 tierC=608 surv=455 bits=455 conf=455 best=47 gpu=0.59s cpu=0.08s prep=0.01s (7.86e+09 res/s)
K=1881 sh=0 MOD=1133661268029390 thr=1732900 res=4.67e+09 tierC=608 surv=443 bits=443 conf=443 best=47 gpu=0.59s cpu=0.08s prep=0.01s (7.87e+09 res/s)
K=1882 sh=0 MOD=1133661268029390 thr=1732900 res=4.67e+09 tierC=607 surv=477 bits=477 conf=477 best=47 gpu=0.60s cpu=0.09s prep=0.01s (7.8e+09 res/s)
K=1883 sh=0 MOD=1133661268029390 thr=1732900 res=4.67e+09 tierC=607 surv=586 bits=586 conf=585 best=47 gpu=0.62s cpu=0.11s prep=0.01s (7.5e+09 res/s)
K=1884 sh=0 MOD=1133661268029390 thr=1732900 res=4.67e+09 tierC=608 surv=493 bits=493 conf=493 best=47 gpu=0.62s cpu=0.09s prep=0.01s (7.53e+09 res/s)
K=1885 sh=0 MOD=1133661268029390 thr=1732900 res=4.67e+09 tierC=608 surv=451 bits=451 conf=451 best=47 gpu=0.60s cpu=0.08s prep=0.01s (7.74e+09 res/s)
K=1886 sh=0 MOD=1133661268029390 thr=1732900 res=4.67e+09 tierC=608 surv=454 bits=454 conf=454 best=47 gpu=0.59s cpu=0.08s prep=0.01s (7.86e+09 res/s)
K=1887 sh=0 MOD=1133661268029390 thr=1732900 res=4.67e+09 tierC=608 surv=484 bits=484 conf=484 best=47 gpu=0.59s cpu=0.09s prep=0.01s (7.85e+09 res/s)
K=1888 sh=0 MOD=19214597763210 thr=1732900 res=4.67e+09 tierC=608 surv=419 bits=419 conf=418 best=47 gpu=0.61s cpu=0.06s prep=0.01s (7.71e+09 res/s)
K=1889 sh=0 MOD=1133661268029390 thr=1732900 res=4.67e+09 tierC=607 surv=447 bits=447 conf=447 best=47 gpu=0.58s cpu=0.08s prep=0.01s (8.12e+09 res/s)
K=1890 sh=0 MOD=1133661268029390 thr=1732900 res=4.67e+09 tierC=608 surv=455 bits=455 conf=455 best=47 gpu=0.60s cpu=0.09s prep=0.01s (7.84e+09 res/s)
K=1891 sh=0 MOD=1133661268029390 thr=1732900 res=4.67e+09 tierC=608 surv=458 bits=458 conf=458 best=47 gpu=0.60s cpu=0.09s prep=0.01s (7.82e+09 res/s)
K=1892 sh=0 MOD=1133661268029390 thr=1732900 res=4.67e+09 tierC=608 surv=469 bits=469 conf=469 best=47 gpu=0.60s cpu=0.09s prep=0.01s (7.79e+09 res/s)
K=1893 sh=0 MOD=1133661268029390 thr=1732900 res=4.67e+09 tierC=608 surv=414 bits=414 conf=414 best=47 gpu=0.60s cpu=0.08s prep=0.01s (7.74e+09 res/s)
K=1894 sh=0 MOD=1133661268029390 thr=1732900 res=4.67e+09 tierC=607 surv=488 bits=488 conf=488 best=47 gpu=0.59s cpu=0.09s prep=0.01s (7.91e+09 res/s)
K=1895 sh=0 MOD=1133661268029390 thr=1732900 res=4.67e+09 tierC=608 surv=452 bits=452 conf=452 best=47 gpu=0.61s cpu=0.08s prep=0.01s (7.7e+09 res/s)
K=1896 sh=0 MOD=1133661268029390 thr=1732900 res=4.67e+09 tierC=608 surv=477 bits=477 conf=477 best=47 gpu=0.60s cpu=0.09s prep=0.01s (7.81e+09 res/s)
K=1897 sh=0 MOD=1133661268029390 thr=1732900 res=4.67e+09 tierC=608 surv=466 bits=466 conf=466 best=47 gpu=0.60s cpu=0.09s prep=0.01s (7.76e+09 res/s)
K=1898 sh=0 MOD=1133661268029390 thr=1732900 res=4.67e+09 tierC=608 surv=457 bits=457 conf=457 best=47 gpu=0.60s cpu=0.09s prep=0.01s (7.8e+09 res/s)
K=1899 sh=0 MOD=1133661268029390 thr=1732900 res=4.67e+09 tierC=608 surv=475 bits=475 conf=475 best=47 gpu=0.60s cpu=0.09s prep=0.01s (7.77e+09 res/s)
K=1900 sh=0 MOD=1133661268029390 thr=1732900 res=4.67e+09 tierC=608 surv=430 bits=430 conf=430 best=47 gpu=0.60s cpu=0.08s prep=0.01s (7.81e+09 res/s)
K=1901 sh=0 MOD=1133661268029390 thr=1732900 res=4.67e+09 tierC=607 surv=429 bits=429 conf=429 best=47 gpu=0.60s cpu=0.08s prep=0.01s (7.85e+09 res/s)
K=1902 sh=0 MOD=1133661268029390 thr=1732900 res=4.67e+09 tierC=607 surv=600 bits=600 conf=599 best=47 gpu=0.61s cpu=0.11s prep=0.01s (7.66e+09 res/s)
K=1903 sh=0 MOD=1133661268029390 thr=1732900 res=4.67e+09 tierC=607 surv=738 bits=738 conf=735 best=47 gpu=0.67s cpu=0.14s prep=0.01s (6.99e+09 res/s)
K=1904 sh=0 MOD=1133661268029390 thr=1732900 res=4.67e+09 tierC=608 surv=474 bits=474 conf=474 best=47 gpu=0.65s cpu=0.09s prep=0.01s (7.18e+09 res/s)
K=1905 sh=0 MOD=1133661268029390 thr=1732900 res=4.67e+09 tierC=608 surv=488 bits=488 conf=488 best=47 gpu=0.60s cpu=0.09s prep=0.01s (7.77e+09 res/s)
K=1906 sh=0 MOD=1133661268029390 thr=1732900 res=4.67e+09 tierC=607 surv=489 bits=489 conf=489 best=47 gpu=0.60s cpu=0.09s prep=0.01s (7.74e+09 res/s)
K=1907 sh=0 MOD=1133661268029390 thr=1732900 res=4.67e+09 tierC=607 surv=522 bits=522 conf=522 best=47 gpu=0.61s cpu=0.10s prep=0.01s (7.7e+09 res/s)
K=1908 sh=0 MOD=1133661268029390 thr=1732900 res=4.67e+09 tierC=608 surv=471 bits=471 conf=471 best=47 gpu=0.61s cpu=0.08s prep=0.01s (7.6e+09 res/s)
K=1909 sh=0 MOD=1789272603757230 thr=3396484 res=1.364e+10 tierC=607 surv=2469 bits=2469 conf=2460 best=47 gpu=1.79s cpu=0.46s prep=0.01s (7.64e+09 res/s)
K=1910 sh=0 MOD=1133661268029390 thr=1732900 res=4.67e+09 tierC=607 surv=665 bits=665 conf=665 best=47 gpu=1.01s cpu=0.12s prep=0.01s (4.6e+09 res/s)
K=1911 sh=0 MOD=1133661268029390 thr=1732900 res=4.67e+09 tierC=608 surv=444 bits=444 conf=444 best=47 gpu=0.64s cpu=0.09s prep=0.01s (7.33e+09 res/s)
K=1912 sh=0 MOD=1133661268029390 thr=1732900 res=4.67e+09 tierC=607 surv=573 bits=573 conf=572 best=47 gpu=0.63s cpu=0.11s prep=0.01s (7.45e+09 res/s)
K=1913 sh=0 MOD=1133661268029390 thr=1732900 res=4.67e+09 tierC=607 surv=524 bits=524 conf=524 best=47 gpu=0.62s cpu=0.10s prep=0.01s (7.49e+09 res/s)
K=1914 sh=0 MOD=1133661268029390 thr=1732900 res=4.67e+09 tierC=608 surv=473 bits=473 conf=473 best=47 gpu=0.61s cpu=0.09s prep=0.01s (7.66e+09 res/s)
K=1915 sh=0 MOD=1133661268029390 thr=1732900 res=4.67e+09 tierC=607 surv=540 bits=540 conf=539 best=47 gpu=0.61s cpu=0.10s prep=0.01s (7.68e+09 res/s)
K=1916 sh=0 MOD=1133661268029390 thr=1732900 res=4.67e+09 tierC=607 surv=523 bits=523 conf=523 best=47 gpu=0.62s cpu=0.10s prep=0.01s (7.53e+09 res/s)
K=1917 sh=0 MOD=15967060113090 thr=133300 res=3.592e+08 tierC=608 surv=29 bits=29 conf=29 best=47 gpu=0.16s cpu=0.02s prep=0.01s (2.29e+09 res/s)
K=1918 sh=0 MOD=1133661268029390 thr=1732900 res=4.67e+09 tierC=607 surv=812 bits=812 conf=809 best=47 gpu=0.60s cpu=0.15s prep=0.01s (7.82e+09 res/s)
K=1919 sh=0 MOD=1470392337741090 thr=1974700 res=7.928e+09 tierC=607 surv=1451 bits=1451 conf=1448 best=47 gpu=1.14s cpu=0.26s prep=0.01s (6.93e+09 res/s)
K=1920 sh=0 MOD=1133661268029390 thr=1732900 res=4.67e+09 tierC=608 surv=491 bits=491 conf=491 best=47 gpu=0.78s cpu=0.09s prep=0.01s (6.01e+09 res/s)
K=1921 sh=0 MOD=1314244478865930 thr=1732900 res=6.199e+09 tierC=607 surv=1073 bits=1073 conf=1067 best=47 gpu=0.88s cpu=0.19s prep=0.01s (7.08e+09 res/s)
K=1922 sh=0 MOD=1133661268029390 thr=1732900 res=4.67e+09 tierC=608 surv=457 bits=457 conf=457 best=47 gpu=0.71s cpu=0.09s prep=0.01s (6.61e+09 res/s)
K=1923 sh=0 MOD=1133661268029390 thr=1732900 res=4.67e+09 tierC=607 surv=464 bits=464 conf=463 best=47 gpu=0.61s cpu=0.09s prep=0.01s (7.68e+09 res/s)
K=1924 sh=0 MOD=1133661268029390 thr=1732900 res=4.67e+09 tierC=608 surv=446 bits=446 conf=446 best=47 gpu=0.61s cpu=0.10s prep=0.01s (7.65e+09 res/s)
K=1925 sh=0 MOD=1133661268029390 thr=1732900 res=4.67e+09 tierC=608 surv=456 bits=456 conf=456 best=47 gpu=0.62s cpu=0.09s prep=0.01s (7.59e+09 res/s)
K=1926 sh=0 MOD=1387940430951870 thr=1732900 res=6.958e+09 tierC=607 surv=1180 bits=1180 conf=1177 best=47 gpu=0.97s cpu=0.22s prep=0.01s (7.14e+09 res/s)
K=1927 sh=0 MOD=1133661268029390 thr=1732900 res=4.67e+09 tierC=608 surv=425 bits=425 conf=425 best=47 gpu=0.74s cpu=0.08s prep=0.01s (6.28e+09 res/s)
K=1928 sh=0 MOD=1133661268029390 thr=1732900 res=4.67e+09 tierC=608 surv=477 bits=477 conf=477 best=47 gpu=0.59s cpu=0.09s prep=0.01s (7.86e+09 res/s)
K=1929 sh=0 MOD=1133661268029390 thr=1732900 res=4.67e+09 tierC=608 surv=462 bits=462 conf=462 best=47 gpu=0.60s cpu=0.08s prep=0.01s (7.72e+09 res/s)
K=1930 sh=0 MOD=1133661268029390 thr=1732900 res=4.67e+09 tierC=608 surv=485 bits=485 conf=485 best=47 gpu=0.60s cpu=0.09s prep=0.01s (7.8e+09 res/s)
K=1931 sh=0 MOD=1133661268029390 thr=1732900 res=4.67e+09 tierC=607 surv=474 bits=474 conf=474 best=47 gpu=0.61s cpu=0.09s prep=0.01s (7.72e+09 res/s)
K=1932 sh=0 MOD=1133661268029390 thr=1732900 res=4.67e+09 tierC=608 surv=405 bits=405 conf=405 best=47 gpu=0.60s cpu=0.08s prep=0.01s (7.74e+09 res/s)
K=1933 sh=0 MOD=1133661268029390 thr=1732900 res=4.67e+09 tierC=608 surv=482 bits=482 conf=482 best=47 gpu=0.59s cpu=0.09s prep=0.01s (7.89e+09 res/s)
K=1934 sh=0 MOD=1133661268029390 thr=1732900 res=4.67e+09 tierC=608 surv=439 bits=439 conf=439 best=47 gpu=0.60s cpu=0.08s prep=0.01s (7.74e+09 res/s)
K=1935 sh=0 MOD=1133661268029390 thr=1732900 res=4.67e+09 tierC=608 surv=474 bits=474 conf=474 best=47 gpu=0.59s cpu=0.09s prep=0.01s (7.86e+09 res/s)
K=1936 sh=0 MOD=1133661268029390 thr=1732900 res=4.67e+09 tierC=608 surv=457 bits=457 conf=457 best=47 gpu=0.60s cpu=0.09s prep=0.01s (7.74e+09 res/s)
K=1937 sh=0 MOD=1133661268029390 thr=1732900 res=4.67e+09 tierC=607 surv=750 bits=750 conf=750 best=47 gpu=0.66s cpu=0.13s prep=0.01s (7.07e+09 res/s)
K=1938 sh=0 MOD=1133661268029390 thr=1732900 res=4.67e+09 tierC=608 surv=483 bits=483 conf=483 best=47 gpu=0.65s cpu=0.09s prep=0.01s (7.23e+09 res/s)
K=1939 sh=0 MOD=1133661268029390 thr=1732900 res=4.67e+09 tierC=608 surv=445 bits=445 conf=445 best=47 gpu=0.60s cpu=0.08s prep=0.01s (7.73e+09 res/s)
K=1940 sh=0 MOD=1133661268029390 thr=1732900 res=4.67e+09 tierC=608 surv=472 bits=472 conf=472 best=47 gpu=0.60s cpu=0.08s prep=0.01s (7.82e+09 res/s)
K=1941 sh=0 MOD=1133661268029390 thr=1732900 res=4.67e+09 tierC=607 surv=493 bits=493 conf=492 best=47 gpu=0.60s cpu=0.09s prep=0.01s (7.77e+09 res/s)
K=1942 sh=0 MOD=1133661268029390 thr=1732900 res=4.67e+09 tierC=607 surv=526 bits=526 conf=526 best=47 gpu=0.61s cpu=0.10s prep=0.01s (7.69e+09 res/s)
K=1943 sh=0 MOD=1133661268029390 thr=1732900 res=4.67e+09 tierC=608 surv=449 bits=449 conf=449 best=47 gpu=0.61s cpu=0.09s prep=0.01s (7.65e+09 res/s)
K=1944 sh=0 MOD=1133661268029390 thr=1732900 res=4.67e+09 tierC=608 surv=489 bits=489 conf=489 best=47 gpu=0.60s cpu=0.09s prep=0.01s (7.75e+09 res/s)
K=1945 sh=0 MOD=1133661268029390 thr=1732900 res=4.67e+09 tierC=607 surv=507 bits=507 conf=505 best=47 gpu=0.62s cpu=0.09s prep=0.01s (7.56e+09 res/s)
K=1946 sh=0 MOD=1133661268029390 thr=1732900 res=4.67e+09 tierC=608 surv=425 bits=425 conf=425 best=47 gpu=0.61s cpu=0.08s prep=0.01s (7.68e+09 res/s)
K=1947 sh=0 MOD=19214597763210 thr=1732900 res=4.67e+09 tierC=608 surv=475 bits=475 conf=474 best=47 gpu=0.60s cpu=0.07s prep=0.01s (7.82e+09 res/s)
K=1948 sh=0 MOD=1133661268029390 thr=1732900 res=4.67e+09 tierC=608 surv=470 bits=470 conf=470 best=47 gpu=0.57s cpu=0.09s prep=0.01s (8.15e+09 res/s)
K=1949 sh=0 MOD=1133661268029390 thr=1732900 res=4.67e+09 tierC=607 surv=470 bits=470 conf=470 best=47 gpu=0.59s cpu=0.09s prep=0.01s (7.92e+09 res/s)
GPU BEST n=47  units=626 covered=4.486e+19 raw a  survivors=340075 confirmed=339606  432.1s INTERRUPTED
