GPU: NVIDIA GB10 (SMs=48, cc 12.1) omp_threads=20
shared memory per block: 101376 max, using 65536
tierC order: 131 137 149 167 173 ... (608 primes, 2852902 words) magic-mod OK
*** n=14 a=79230994473939061 d=745213803691500 (K=1950 shift=0)
*** n=15 a=65071444823307091 d=745213803691500 (K=1950 shift=0)
*** n=17 a=42155244515636971 d=745213803691500 (K=1950 shift=0)
*** n=21 a=37266964344848371 d=745213803691500 (K=1950 shift=0)
*** n=26 a=115693737456213457 d=745213803691500 (K=1950 shift=0)
*** n=27 a=62131640946498019 d=745213803691500 (K=1950 shift=0)
*** n=30 a=95379983401676239 d=745213803691500 (K=1950 shift=0)
K=1950 sh=0 MOD=1133661268029390 thr=1732900 res=4.67e+09 tierC=608 surv=477 bits=477 conf=477 best=30 gpu=0.27s cpu=0.10s prep=0.01s (1.76e+10 res/s)
K=1951 sh=0 MOD=1133661268029390 thr=1732900 res=4.67e+09 tierC=608 surv=418 bits=418 conf=418 best=30 gpu=0.38s cpu=0.09s prep=0.01s (1.22e+10 res/s)
K=1952 sh=0 MOD=1133661268029390 thr=1732900 res=4.67e+09 tierC=608 surv=435 bits=435 conf=435 best=30 gpu=0.36s cpu=0.08s prep=0.01s (1.29e+10 res/s)
K=1953 sh=0 MOD=1133661268029390 thr=1732900 res=4.67e+09 tierC=608 surv=430 bits=430 conf=430 best=30 gpu=0.36s cpu=0.09s prep=0.01s (1.31e+10 res/s)
*** n=37 a=59345656671269233 d=746742447391380 (K=1954 shift=0)
K=1954 sh=0 MOD=1133661268029390 thr=1732900 res=4.67e+09 tierC=608 surv=428 bits=428 conf=428 best=37 gpu=0.36s cpu=0.09s prep=0.01s (1.28e+10 res/s)
K=1955 sh=0 MOD=1133661268029390 thr=1732900 res=4.67e+09 tierC=608 surv=420 bits=420 conf=420 best=37 gpu=0.36s cpu=0.09s prep=0.01s (1.3e+10 res/s)
K=1956 sh=0 MOD=1133661268029390 thr=1732900 res=4.67e+09 tierC=608 surv=441 bits=441 conf=441 best=37 gpu=0.36s cpu=0.09s prep=0.01s (1.28e+10 res/s)
K=1957 sh=0 MOD=1133661268029390 thr=1732900 res=4.67e+09 tierC=608 surv=480 bits=480 conf=480 best=37 gpu=0.36s cpu=0.10s prep=0.01s (1.3e+10 res/s)
K=1958 sh=0 MOD=1668647484402810 thr=2739100 res=1.1e+10 tierC=608 surv=1894 bits=1894 conf=1886 best=37 gpu=0.83s cpu=0.38s prep=0.01s (1.32e+10 res/s)
K=1959 sh=0 MOD=1133661268029390 thr=1732900 res=4.67e+09 tierC=608 surv=486 bits=486 conf=484 best=37 gpu=0.65s cpu=0.10s prep=0.01s (7.21e+09 res/s)
K=1960 sh=0 MOD=1133661268029390 thr=1732900 res=4.67e+09 tierC=608 surv=481 bits=481 conf=481 best=37 gpu=0.37s cpu=0.10s prep=0.01s (1.26e+10 res/s)
K=1961 sh=0 MOD=1133661268029390 thr=1732900 res=4.67e+09 tierC=608 surv=507 bits=507 conf=507 best=37 gpu=0.36s cpu=0.09s prep=0.01s (1.31e+10 res/s)
K=1962 sh=0 MOD=1133661268029390 thr=1732900 res=4.67e+09 tierC=608 surv=470 bits=470 conf=470 best=37 gpu=0.38s cpu=0.09s prep=0.01s (1.24e+10 res/s)
K=1963 sh=0 MOD=1133661268029390 thr=1732900 res=4.67e+09 tierC=608 surv=510 bits=510 conf=508 best=37 gpu=0.37s cpu=0.10s prep=0.01s (1.26e+10 res/s)
K=1964 sh=0 MOD=1133661268029390 thr=1732900 res=4.67e+09 tierC=608 surv=503 bits=503 conf=501 best=37 gpu=0.37s cpu=0.10s prep=0.01s (1.27e+10 res/s)
K=1965 sh=0 MOD=1133661268029390 thr=1732900 res=4.67e+09 tierC=608 surv=900 bits=900 conf=892 best=37 gpu=0.42s cpu=0.16s prep=0.01s (1.12e+10 res/s)
K=1966 sh=0 MOD=1133661268029390 thr=1732900 res=4.67e+09 tierC=608 surv=513 bits=513 conf=513 best=37 gpu=0.44s cpu=0.11s prep=0.01s (1.07e+10 res/s)
K=1967 sh=0 MOD=1133661268029390 thr=1732900 res=4.67e+09 tierC=608 surv=594 bits=594 conf=593 best=37 gpu=0.39s cpu=0.11s prep=0.01s (1.19e+10 res/s)
K=1968 sh=0 MOD=1133661268029390 thr=1732900 res=4.67e+09 tierC=608 surv=484 bits=484 conf=484 best=37 gpu=0.39s cpu=0.09s prep=0.01s (1.2e+10 res/s)
K=1969 sh=0 MOD=1133661268029390 thr=1732900 res=4.67e+09 tierC=608 surv=685 bits=685 conf=683 best=37 gpu=0.39s cpu=0.14s prep=0.01s (1.21e+10 res/s)
K=1970 sh=0 MOD=1133661268029390 thr=1732900 res=4.67e+09 tierC=608 surv=666 bits=666 conf=665 best=37 gpu=0.44s cpu=0.13s prep=0.01s (1.07e+10 res/s)
K=1971 sh=0 MOD=1133661268029390 thr=1732900 res=4.67e+09 tierC=608 surv=497 bits=497 conf=497 best=37 gpu=0.40s cpu=0.10s prep=0.01s (1.17e+10 res/s)
K=1972 sh=0 MOD=1133661268029390 thr=1732900 res=4.67e+09 tierC=608 surv=449 bits=449 conf=449 best=37 gpu=0.37s cpu=0.09s prep=0.01s (1.25e+10 res/s)
K=1973 sh=0 MOD=1133661268029390 thr=1732900 res=4.67e+09 tierC=608 surv=505 bits=505 conf=505 best=37 gpu=0.36s cpu=0.10s prep=0.01s (1.28e+10 res/s)
K=1974 sh=0 MOD=1133661268029390 thr=1732900 res=4.67e+09 tierC=608 surv=415 bits=415 conf=415 best=37 gpu=0.39s cpu=0.08s prep=0.01s (1.2e+10 res/s)
K=1975 sh=0 MOD=1133661268029390 thr=1732900 res=4.67e+09 tierC=608 surv=506 bits=506 conf=506 best=37 gpu=0.35s cpu=0.09s prep=0.01s (1.33e+10 res/s)
K=1976 sh=0 MOD=1133661268029390 thr=1732900 res=4.67e+09 tierC=608 surv=499 bits=499 conf=499 best=37 gpu=0.37s cpu=0.09s prep=0.01s (1.27e+10 res/s)
K=1977 sh=0 MOD=1133661268029390 thr=1732900 res=4.67e+09 tierC=608 surv=494 bits=494 conf=493 best=37 gpu=0.38s cpu=0.10s prep=0.01s (1.24e+10 res/s)
K=1978 sh=0 MOD=1133661268029390 thr=1732900 res=4.67e+09 tierC=608 surv=416 bits=416 conf=416 best=37 gpu=0.36s cpu=0.09s prep=0.01s (1.3e+10 res/s)
K=1979 sh=0 MOD=1133661268029390 thr=1732900 res=4.67e+09 tierC=608 surv=479 bits=479 conf=479 best=37 gpu=0.36s cpu=0.10s prep=0.01s (1.31e+10 res/s)
K=1980 sh=0 MOD=1133661268029390 thr=1732900 res=4.67e+09 tierC=608 surv=423 bits=423 conf=423 best=37 gpu=0.37s cpu=0.09s prep=0.01s (1.27e+10 res/s)
K=1981 sh=0 MOD=1133661268029390 thr=1732900 res=4.67e+09 tierC=608 surv=458 bits=458 conf=458 best=37 gpu=0.37s cpu=0.10s prep=0.01s (1.28e+10 res/s)
K=1982 sh=0 MOD=1133661268029390 thr=1732900 res=4.67e+09 tierC=608 surv=475 bits=475 conf=475 best=37 gpu=0.37s cpu=0.09s prep=0.01s (1.27e+10 res/s)
K=1983 sh=0 MOD=1133661268029390 thr=1732900 res=4.67e+09 tierC=608 surv=512 bits=512 conf=512 best=37 gpu=0.36s cpu=0.09s prep=0.01s (1.29e+10 res/s)
K=1984 sh=0 MOD=1133661268029390 thr=1732900 res=4.67e+09 tierC=608 surv=525 bits=525 conf=525 best=37 gpu=0.36s cpu=0.10s prep=0.01s (1.29e+10 res/s)
K=1985 sh=0 MOD=1133661268029390 thr=1732900 res=4.67e+09 tierC=608 surv=443 bits=443 conf=443 best=37 gpu=0.39s cpu=0.09s prep=0.01s (1.21e+10 res/s)
K=1986 sh=0 MOD=1133661268029390 thr=1732900 res=4.67e+09 tierC=608 surv=485 bits=485 conf=485 best=37 gpu=0.37s cpu=0.09s prep=0.01s (1.27e+10 res/s)
K=1987 sh=0 MOD=1133661268029390 thr=1732900 res=4.67e+09 tierC=608 surv=500 bits=500 conf=499 best=37 gpu=0.36s cpu=0.10s prep=0.01s (1.29e+10 res/s)
K=1988 sh=0 MOD=15967060113090 thr=133300 res=3.592e+08 tierC=608 surv=39 bits=39 conf=39 best=37 gpu=0.14s cpu=0.02s prep=0.01s (2.49e+09 res/s)
K=1989 sh=0 MOD=1133661268029390 thr=1732900 res=4.67e+09 tierC=608 surv=447 bits=447 conf=447 best=37 gpu=0.29s cpu=0.09s prep=0.01s (1.6e+10 res/s)
K=1990 sh=0 MOD=1133661268029390 thr=1732900 res=4.67e+09 tierC=608 surv=474 bits=474 conf=474 best=37 gpu=0.37s cpu=0.09s prep=0.01s (1.26e+10 res/s)
K=1991 sh=0 MOD=1133661268029390 thr=1732900 res=4.67e+09 tierC=608 surv=511 bits=511 conf=511 best=37 gpu=0.37s cpu=0.11s prep=0.01s (1.27e+10 res/s)
K=1992 sh=0 MOD=1789272603757230 thr=3396484 res=1.364e+10 tierC=608 surv=2397 bits=2397 conf=2381 best=37 gpu=1.01s cpu=0.48s prep=0.01s (1.35e+10 res/s)
K=1993 sh=0 MOD=1133661268029390 thr=1732900 res=4.67e+09 tierC=608 surv=471 bits=471 conf=471 best=37 gpu=0.76s cpu=0.09s prep=0.01s (6.17e+09 res/s)
K=1994 sh=0 MOD=1133661268029390 thr=1732900 res=4.67e+09 tierC=608 surv=499 bits=499 conf=499 best=37 gpu=0.37s cpu=0.09s prep=0.01s (1.26e+10 res/s)
K=1995 sh=0 MOD=1133661268029390 thr=1732900 res=4.67e+09 tierC=608 surv=506 bits=506 conf=506 best=37 gpu=0.36s cpu=0.10s prep=0.01s (1.29e+10 res/s)
K=1996 sh=0 MOD=1133661268029390 thr=1732900 res=4.67e+09 tierC=608 surv=460 bits=460 conf=460 best=37 gpu=0.37s cpu=0.10s prep=0.01s (1.25e+10 res/s)
K=1997 sh=0 MOD=1133661268029390 thr=1732900 res=4.67e+09 tierC=608 surv=457 bits=457 conf=457 best=37 gpu=0.37s cpu=0.10s prep=0.01s (1.26e+10 res/s)
K=1998 sh=0 MOD=1133661268029390 thr=1732900 res=4.67e+09 tierC=608 surv=476 bits=476 conf=476 best=37 gpu=0.37s cpu=0.09s prep=0.01s (1.27e+10 res/s)
K=1999 sh=0 MOD=1133661268029390 thr=1732900 res=4.67e+09 tierC=608 surv=519 bits=519 conf=519 best=37 gpu=0.36s cpu=0.11s prep=0.01s (1.29e+10 res/s)
K=2000 sh=0 MOD=1133661268029390 thr=1732900 res=4.67e+09 tierC=608 surv=431 bits=431 conf=431 best=37 gpu=0.37s cpu=0.09s prep=0.01s (1.25e+10 res/s)
K=2001 sh=0 MOD=1133661268029390 thr=1732900 res=4.67e+09 tierC=608 surv=514 bits=514 conf=514 best=37 gpu=0.35s cpu=0.09s prep=0.01s (1.32e+10 res/s)
K=2002 sh=0 MOD=1133661268029390 thr=1732900 res=4.67e+09 tierC=608 surv=470 bits=470 conf=470 best=37 gpu=0.37s cpu=0.10s prep=0.01s (1.27e+10 res/s)
K=2003 sh=0 MOD=1133661268029390 thr=1732900 res=4.67e+09 tierC=608 surv=423 bits=423 conf=423 best=37 gpu=0.36s cpu=0.09s prep=0.01s (1.29e+10 res/s)
K=2004 sh=0 MOD=1133661268029390 thr=1732900 res=4.67e+09 tierC=608 surv=674 bits=674 conf=669 best=37 gpu=0.39s cpu=0.13s prep=0.01s (1.21e+10 res/s)
K=2005 sh=0 MOD=1133661268029390 thr=1732900 res=4.67e+09 tierC=608 surv=545 bits=545 conf=543 best=37 gpu=0.41s cpu=0.11s prep=0.01s (1.14e+10 res/s)
K=2006 sh=0 MOD=19214597763210 thr=1732900 res=4.67e+09 tierC=608 surv=431 bits=431 conf=430 best=37 gpu=0.38s cpu=0.07s prep=0.01s (1.23e+10 res/s)
K=2007 sh=0 MOD=1133661268029390 thr=1732900 res=4.67e+09 tierC=608 surv=473 bits=473 conf=473 best=37 gpu=0.35s cpu=0.10s prep=0.01s (1.33e+10 res/s)
K=2008 sh=0 MOD=1133661268029390 thr=1732900 res=4.67e+09 tierC=608 surv=626 bits=626 conf=623 best=37 gpu=0.38s cpu=0.12s prep=0.01s (1.24e+10 res/s)
K=2009 sh=0 MOD=1133661268029390 thr=1732900 res=4.67e+09 tierC=608 surv=442 bits=442 conf=441 best=37 gpu=0.39s cpu=0.09s prep=0.01s (1.18e+10 res/s)
K=2010 sh=0 MOD=1133661268029390 thr=1732900 res=4.67e+09 tierC=608 surv=488 bits=488 conf=488 best=37 gpu=0.36s cpu=0.10s prep=0.01s (1.31e+10 res/s)
K=2011 sh=0 MOD=1133661268029390 thr=1732900 res=4.67e+09 tierC=608 surv=515 bits=515 conf=512 best=37 gpu=0.37s cpu=0.10s prep=0.01s (1.27e+10 res/s)
K=2012 sh=0 MOD=1133661268029390 thr=1732900 res=4.67e+09 tierC=608 surv=528 bits=528 conf=525 best=37 gpu=0.37s cpu=0.11s prep=0.01s (1.27e+10 res/s)
K=2013 sh=0 MOD=1133661268029390 thr=1732900 res=4.67e+09 tierC=608 surv=477 bits=477 conf=477 best=37 gpu=0.38s cpu=0.09s prep=0.01s (1.24e+10 res/s)
K=2014 sh=0 MOD=1133661268029390 thr=1732900 res=4.67e+09 tierC=608 surv=459 bits=459 conf=458 best=37 gpu=0.37s cpu=0.09s prep=0.01s (1.27e+10 res/s)
K=2015 sh=0 MOD=1133661268029390 thr=1732900 res=4.67e+09 tierC=608 surv=494 bits=494 conf=494 best=37 gpu=0.36s cpu=0.09s prep=0.01s (1.3e+10 res/s)
K=2016 sh=0 MOD=1133661268029390 thr=1732900 res=4.67e+09 tierC=608 surv=458 bits=458 conf=458 best=37 gpu=0.38s cpu=0.09s prep=0.01s (1.24e+10 res/s)
K=2017 sh=0 MOD=1133661268029390 thr=1732900 res=4.67e+09 tierC=608 surv=460 bits=460 conf=460 best=37 gpu=0.36s cpu=0.09s prep=0.01s (1.3e+10 res/s)
K=2018 sh=0 MOD=1133661268029390 thr=1732900 res=4.67e+09 tierC=608 surv=466 bits=466 conf=466 best=37 gpu=0.37s cpu=0.10s prep=0.01s (1.25e+10 res/s)
K=2019 sh=0 MOD=1133661268029390 thr=1732900 res=4.67e+09 tierC=608 surv=485 bits=485 conf=485 best=37 gpu=0.37s cpu=0.10s prep=0.01s (1.25e+10 res/s)
K=2020 sh=0 MOD=1470392337741090 thr=1974700 res=7.928e+09 tierC=608 surv=1430 bits=1430 conf=1420 best=37 gpu=0.64s cpu=0.28s prep=0.01s (1.24e+10 res/s)
K=2021 sh=0 MOD=1133661268029390 thr=1732900 res=4.67e+09 tierC=608 surv=477 bits=477 conf=477 best=37 gpu=0.55s cpu=0.09s prep=0.01s (8.51e+09 res/s)
K=2022 sh=0 MOD=1133661268029390 thr=1732900 res=4.67e+09 tierC=608 surv=461 bits=461 conf=461 best=37 gpu=0.37s cpu=0.09s prep=0.01s (1.25e+10 res/s)
K=2023 sh=0 MOD=1133661268029390 thr=1732900 res=4.67e+09 tierC=608 surv=498 bits=498 conf=498 best=37 gpu=0.37s cpu=0.10s prep=0.01s (1.28e+10 res/s)
K=2024 sh=0 MOD=1133661268029390 thr=1732900 res=4.67e+09 tierC=608 surv=477 bits=477 conf=476 best=37 gpu=0.37s cpu=0.10s prep=0.01s (1.27e+10 res/s)
K=2025 sh=0 MOD=1133661268029390 thr=1732900 res=4.67e+09 tierC=608 surv=463 bits=463 conf=463 best=37 gpu=0.37s cpu=0.09s prep=0.01s (1.27e+10 res/s)
K=2026 sh=0 MOD=1133661268029390 thr=1732900 res=4.67e+09 tierC=608 surv=502 bits=502 conf=502 best=37 gpu=0.37s cpu=0.10s prep=0.01s (1.28e+10 res/s)
K=2027 sh=0 MOD=1133661268029390 thr=1732900 res=4.67e+09 tierC=608 surv=479 bits=479 conf=479 best=37 gpu=0.37s cpu=0.09s prep=0.01s (1.27e+10 res/s)
K=2028 sh=0 MOD=1133661268029390 thr=1732900 res=4.67e+09 tierC=608 surv=458 bits=458 conf=458 best=37 gpu=0.37s cpu=0.09s prep=0.01s (1.26e+10 res/s)
K=2029 sh=0 MOD=1133661268029390 thr=1732900 res=4.67e+09 tierC=608 surv=444 bits=444 conf=444 best=37 gpu=0.36s cpu=0.09s prep=0.01s (1.29e+10 res/s)
K=2030 sh=0 MOD=1133661268029390 thr=1732900 res=4.67e+09 tierC=608 surv=453 bits=453 conf=453 best=37 gpu=0.37s cpu=0.09s prep=0.01s (1.28e+10 res/s)
K=2031 sh=0 MOD=1133661268029390 thr=1732900 res=4.67e+09 tierC=608 surv=464 bits=464 conf=463 best=37 gpu=0.37s cpu=0.09s prep=0.01s (1.28e+10 res/s)
K=2032 sh=0 MOD=1133661268029390 thr=1732900 res=4.67e+09 tierC=608 surv=442 bits=442 conf=442 best=37 gpu=0.36s cpu=0.09s prep=0.01s (1.29e+10 res/s)
K=2033 sh=0 MOD=1387940430951870 thr=1732900 res=6.958e+09 tierC=608 surv=1245 bits=1245 conf=1240 best=37 gpu=0.57s cpu=0.24s prep=0.01s (1.23e+10 res/s)
K=2034 sh=0 MOD=1314244478865930 thr=1732900 res=6.199e+09 tierC=608 surv=1119 bits=1119 conf=1114 best=37 gpu=0.65s cpu=0.23s prep=0.01s (9.53e+09 res/s)
K=2035 sh=0 MOD=1133661268029390 thr=1732900 res=4.67e+09 tierC=608 surv=471 bits=471 conf=471 best=37 gpu=0.50s cpu=0.10s prep=0.01s (9.34e+09 res/s)
K=2036 sh=0 MOD=1133661268029390 thr=1732900 res=4.67e+09 tierC=608 surv=516 bits=516 conf=514 best=37 gpu=0.37s cpu=0.11s prep=0.01s (1.28e+10 res/s)
K=2037 sh=0 MOD=1133661268029390 thr=1732900 res=4.67e+09 tierC=608 surv=472 bits=472 conf=472 best=37 gpu=0.38s cpu=0.10s prep=0.01s (1.24e+10 res/s)
K=2038 sh=0 MOD=1133661268029390 thr=1732900 res=4.67e+09 tierC=608 surv=472 bits=472 conf=472 best=37 gpu=0.37s cpu=0.09s prep=0.01s (1.26e+10 res/s)
K=2039 sh=0 MOD=1133661268029390 thr=1732900 res=4.67e+09 tierC=608 surv=460 bits=460 conf=460 best=37 gpu=0.36s cpu=0.09s prep=0.01s (1.3e+10 res/s)
K=2040 sh=0 MOD=1133661268029390 thr=1732900 res=4.67e+09 tierC=608 surv=466 bits=466 conf=466 best=37 gpu=0.37s cpu=0.10s prep=0.01s (1.26e+10 res/s)
K=2041 sh=0 MOD=1133661268029390 thr=1732900 res=4.67e+09 tierC=608 surv=508 bits=508 conf=508 best=37 gpu=0.37s cpu=0.10s prep=0.01s (1.25e+10 res/s)
K=2042 sh=0 MOD=1133661268029390 thr=1732900 res=4.67e+09 tierC=608 surv=468 bits=468 conf=468 best=37 gpu=0.37s cpu=0.09s prep=0.01s (1.27e+10 res/s)
K=2043 sh=0 MOD=1133661268029390 thr=1732900 res=4.67e+09 tierC=608 surv=628 bits=628 conf=627 best=37 gpu=0.38s cpu=0.12s prep=0.01s (1.23e+10 res/s)
K=2044 sh=0 MOD=1133661268029390 thr=1732900 res=4.67e+09 tierC=608 surv=473 bits=473 conf=473 best=37 gpu=0.39s cpu=0.10s prep=0.01s (1.21e+10 res/s)
K=2045 sh=0 MOD=1133661268029390 thr=1732900 res=4.67e+09 tierC=608 surv=453 bits=453 conf=452 best=37 gpu=0.37s cpu=0.09s prep=0.01s (1.25e+10 res/s)
K=2046 sh=0 MOD=1133661268029390 thr=1732900 res=4.67e+09 tierC=608 surv=471 bits=471 conf=471 best=37 gpu=0.37s cpu=0.10s prep=0.01s (1.26e+10 res/s)
K=2047 sh=0 MOD=1668647484402810 thr=2739100 res=1.1e+10 tierC=608 surv=1960 bits=1960 conf=1950 best=37 gpu=0.85s cpu=0.40s prep=0.01s (1.3e+10 res/s)
K=2048 sh=0 MOD=1133661268029390 thr=1732900 res=4.67e+09 tierC=608 surv=545 bits=545 conf=545 best=37 gpu=0.68s cpu=0.10s prep=0.01s (6.91e+09 res/s)
K=2049 sh=0 MOD=1133661268029390 thr=1732900 res=4.67e+09 tierC=608 surv=513 bits=513 conf=512 best=37 gpu=0.37s cpu=0.10s prep=0.01s (1.28e+10 res/s)
K=2050 sh=0 MOD=1133661268029390 thr=1732900 res=4.67e+09 tierC=608 surv=480 bits=480 conf=480 best=37 gpu=0.37s cpu=0.10s prep=0.01s (1.26e+10 res/s)
K=2051 sh=0 MOD=1133661268029390 thr=1732900 res=4.67e+09 tierC=608 surv=557 bits=557 conf=556 best=37 gpu=0.38s cpu=0.11s prep=0.01s (1.22e+10 res/s)
K=2052 sh=0 MOD=1133661268029390 thr=1732900 res=4.67e+09 tierC=608 surv=460 bits=460 conf=460 best=37 gpu=0.39s cpu=0.10s prep=0.01s (1.21e+10 res/s)
K=2053 sh=0 MOD=1133661268029390 thr=1732900 res=4.67e+09 tierC=608 surv=447 bits=447 conf=447 best=37 gpu=0.37s cpu=0.08s prep=0.01s (1.27e+10 res/s)
K=2054 sh=0 MOD=1133661268029390 thr=1732900 res=4.67e+09 tierC=608 surv=476 bits=476 conf=476 best=37 gpu=0.37s cpu=0.09s prep=0.01s (1.27e+10 res/s)
K=2055 sh=0 MOD=1133661268029390 thr=1732900 res=4.67e+09 tierC=608 surv=876 bits=876 conf=872 best=37 gpu=0.41s cpu=0.16s prep=0.01s (1.14e+10 res/s)
K=2056 sh=0 MOD=1133661268029390 thr=1732900 res=4.67e+09 tierC=608 surv=590 bits=590 conf=585 best=37 gpu=0.44s cpu=0.11s prep=0.01s (1.06e+10 res/s)
K=2057 sh=0 MOD=1133661268029390 thr=1732900 res=4.67e+09 tierC=608 surv=492 bits=492 conf=492 best=37 gpu=0.39s cpu=0.10s prep=0.01s (1.2e+10 res/s)
K=2058 sh=0 MOD=1133661268029390 thr=1732900 res=4.67e+09 tierC=608 surv=466 bits=466 conf=466 best=37 gpu=0.36s cpu=0.09s prep=0.01s (1.29e+10 res/s)
K=2059 sh=0 MOD=15967060113090 thr=133300 res=3.592e+08 tierC=608 surv=50 bits=50 conf=50 best=37 gpu=0.13s cpu=0.02s prep=0.01s (2.69e+09 res/s)
K=2060 sh=0 MOD=1133661268029390 thr=1732900 res=4.67e+09 tierC=608 surv=473 bits=473 conf=473 best=37 gpu=0.29s cpu=0.10s prep=0.01s (1.63e+10 res/s)
K=2061 sh=0 MOD=1133661268029390 thr=1732900 res=4.67e+09 tierC=608 surv=454 bits=454 conf=454 best=37 gpu=0.38s cpu=0.09s prep=0.01s (1.24e+10 res/s)
K=2062 sh=0 MOD=1133661268029390 thr=1732900 res=4.67e+09 tierC=608 surv=500 bits=500 conf=500 best=37 gpu=0.37s cpu=0.10s prep=0.01s (1.25e+10 res/s)
K=2063 sh=0 MOD=1133661268029390 thr=1732900 res=4.67e+09 tierC=608 surv=473 bits=473 conf=473 best=37 gpu=0.37s cpu=0.10s prep=0.01s (1.27e+10 res/s)
K=2064 sh=0 MOD=1133661268029390 thr=1732900 res=4.67e+09 tierC=608 surv=474 bits=474 conf=474 best=37 gpu=0.38s cpu=0.10s prep=0.01s (1.24e+10 res/s)
K=2065 sh=0 MOD=19214597763210 thr=1732900 res=4.67e+09 tierC=608 surv=502 bits=502 conf=501 best=37 gpu=0.37s cpu=0.07s prep=0.01s (1.27e+10 res/s)
K=2066 sh=0 MOD=1133661268029390 thr=1732900 res=4.67e+09 tierC=608 surv=456 bits=456 conf=456 best=37 gpu=0.34s cpu=0.09s prep=0.01s (1.38e+10 res/s)
K=2067 sh=0 MOD=1133661268029390 thr=1732900 res=4.67e+09 tierC=608 surv=465 bits=465 conf=465 best=37 gpu=0.37s cpu=0.10s prep=0.01s (1.28e+10 res/s)
K=2068 sh=0 MOD=1133661268029390 thr=1732900 res=4.67e+09 tierC=608 surv=467 bits=467 conf=467 best=37 gpu=0.37s cpu=0.09s prep=0.01s (1.28e+10 res/s)
K=2069 sh=0 MOD=1133661268029390 thr=1732900 res=4.67e+09 tierC=608 surv=464 bits=464 conf=464 best=37 gpu=0.37s cpu=0.09s prep=0.01s (1.27e+10 res/s)
K=2070 sh=0 MOD=1133661268029390 thr=1732900 res=4.67e+09 tierC=608 surv=475 bits=475 conf=475 best=37 gpu=0.36s cpu=0.10s prep=0.01s (1.28e+10 res/s)
K=2071 sh=0 MOD=1133661268029390 thr=1732900 res=4.67e+09 tierC=608 surv=482 bits=482 conf=482 best=37 gpu=0.36s cpu=0.09s prep=0.01s (1.29e+10 res/s)
K=2072 sh=0 MOD=1133661268029390 thr=1732900 res=4.67e+09 tierC=608 surv=487 bits=487 conf=487 best=37 gpu=0.36s cpu=0.10s prep=0.01s (1.31e+10 res/s)
K=2073 sh=0 MOD=1133661268029390 thr=1732900 res=4.67e+09 tierC=608 surv=442 bits=442 conf=440 best=37 gpu=0.38s cpu=0.09s prep=0.01s (1.24e+10 res/s)
K=2074 sh=0 MOD=1133661268029390 thr=1732900 res=4.67e+09 tierC=608 surv=487 bits=487 conf=487 best=37 gpu=0.36s cpu=0.08s prep=0.01s (1.29e+10 res/s)
K=2075 sh=0 MOD=1789272603757230 thr=3396484 res=1.364e+10 tierC=608 surv=2360 bits=2360 conf=2350 best=37 gpu=1.00s cpu=0.45s prep=0.01s (1.36e+10 res/s)
K=2076 sh=0 MOD=1133661268029390 thr=1732900 res=4.67e+09 tierC=608 surv=762 bits=762 conf=757 best=37 gpu=0.76s cpu=0.15s prep=0.01s (6.15e+09 res/s)
K=2077 sh=0 MOD=1133661268029390 thr=1732900 res=4.67e+09 tierC=608 surv=461 bits=461 conf=461 best=37 gpu=0.43s cpu=0.09s prep=0.01s (1.08e+10 res/s)
K=2078 sh=0 MOD=1133661268029390 thr=1732900 res=4.67e+09 tierC=608 surv=477 bits=477 conf=477 best=37 gpu=0.37s cpu=0.09s prep=0.01s (1.27e+10 res/s)
K=2079 sh=0 MOD=1133661268029390 thr=1732900 res=4.67e+09 tierC=608 surv=472 bits=472 conf=472 best=37 gpu=0.39s cpu=0.10s prep=0.01s (1.21e+10 res/s)
K=2080 sh=0 MOD=1133661268029390 thr=1732900 res=4.67e+09 tierC=608 surv=506 bits=506 conf=506 best=37 gpu=0.37s cpu=0.10s prep=0.01s (1.25e+10 res/s)
K=2081 sh=0 MOD=1133661268029390 thr=1732900 res=4.67e+09 tierC=608 surv=505 bits=505 conf=504 best=37 gpu=0.37s cpu=0.09s prep=0.01s (1.26e+10 res/s)
K=2082 sh=0 MOD=1133661268029390 thr=1732900 res=4.67e+09 tierC=608 surv=548 bits=548 conf=547 best=37 gpu=0.37s cpu=0.11s prep=0.01s (1.26e+10 res/s)
K=2083 sh=0 MOD=1133661268029390 thr=1732900 res=4.67e+09 tierC=608 surv=461 bits=461 conf=461 best=37 gpu=0.38s cpu=0.09s prep=0.01s (1.22e+10 res/s)
K=2084 sh=0 MOD=1133661268029390 thr=1732900 res=4.67e+09 tierC=608 surv=486 bits=486 conf=485 best=37 gpu=0.37s cpu=0.10s prep=0.01s (1.26e+10 res/s)
K=2085 sh=0 MOD=1133661268029390 thr=1732900 res=4.67e+09 tierC=608 surv=493 bits=493 conf=493 best=37 gpu=0.37s cpu=0.10s prep=0.01s (1.25e+10 res/s)
K=2086 sh=0 MOD=1133661268029390 thr=1732900 res=4.67e+09 tierC=608 surv=724 bits=724 conf=721 best=37 gpu=0.41s cpu=0.13s prep=0.01s (1.14e+10 res/s)
K=2087 sh=0 MOD=1133661268029390 thr=1732900 res=4.67e+09 tierC=608 surv=462 bits=462 conf=462 best=37 gpu=0.41s cpu=0.09s prep=0.01s (1.14e+10 res/s)
K=2088 sh=0 MOD=1133661268029390 thr=1732900 res=4.67e+09 tierC=608 surv=484 bits=484 conf=484 best=37 gpu=0.37s cpu=0.09s prep=0.01s (1.26e+10 res/s)
K=2089 sh=0 MOD=1133661268029390 thr=1732900 res=4.67e+09 tierC=608 surv=480 bits=480 conf=480 best=37 gpu=0.36s cpu=0.09s prep=0.01s (1.31e+10 res/s)
*** n=38 a=81111641497101019 d=798716333187300 (K=2090 shift=0)
K=2090 sh=0 MOD=1133661268029390 thr=1732900 res=4.67e+09 tierC=608 surv=447 bits=447 conf=447 best=38 gpu=0.36s cpu=0.09s prep=0.01s (1.29e+10 res/s)
K=2091 sh=0 MOD=1133661268029390 thr=1732900 res=4.67e+09 tierC=608 surv=430 bits=430 conf=430 best=38 gpu=0.37s cpu=0.09s prep=0.01s (1.27e+10 res/s)
K=2092 sh=0 MOD=1133661268029390 thr=1732900 res=4.67e+09 tierC=608 surv=466 bits=466 conf=466 best=38 gpu=0.36s cpu=0.10s prep=0.01s (1.3e+10 res/s)
K=2093 sh=0 MOD=1133661268029390 thr=1732900 res=4.67e+09 tierC=608 surv=442 bits=442 conf=442 best=38 gpu=0.37s cpu=0.09s prep=0.01s (1.25e+10 res/s)
K=2094 sh=0 MOD=1133661268029390 thr=1732900 res=4.67e+09 tierC=608 surv=484 bits=484 conf=484 best=38 gpu=0.36s cpu=0.10s prep=0.01s (1.29e+10 res/s)
K=2095 sh=0 MOD=1133661268029390 thr=1732900 res=4.67e+09 tierC=608 surv=598 bits=598 conf=595 best=38 gpu=0.40s cpu=0.11s prep=0.01s (1.18e+10 res/s)
K=2096 sh=0 MOD=1133661268029390 thr=1732900 res=4.67e+09 tierC=608 surv=897 bits=897 conf=890 best=38 gpu=0.44s cpu=0.16s prep=0.01s (1.07e+10 res/s)
K=2097 sh=0 MOD=1133661268029390 thr=1732900 res=4.67e+09 tierC=608 surv=684 bits=684 conf=682 best=38 gpu=0.45s cpu=0.13s prep=0.01s (1.04e+10 res/s)
K=2098 sh=0 MOD=1133661268029390 thr=1732900 res=4.67e+09 tierC=608 surv=486 bits=486 conf=486 best=38 gpu=0.40s cpu=0.10s prep=0.01s (1.15e+10 res/s)
K=2099 sh=0 MOD=1133661268029390 thr=1732900 res=4.67e+09 tierC=608 surv=483 bits=483 conf=483 best=38 gpu=0.38s cpu=0.09s prep=0.01s (1.24e+10 res/s)
K=2100 sh=0 MOD=1133661268029390 thr=1732900 res=4.67e+09 tierC=608 surv=450 bits=450 conf=449 best=38 gpu=0.36s cpu=0.09s prep=0.01s (1.3e+10 res/s)
K=2101 sh=0 MOD=1133661268029390 thr=1732900 res=4.67e+09 tierC=608 surv=630 bits=630 conf=624 best=38 gpu=0.38s cpu=0.12s prep=0.01s (1.23e+10 res/s)
K=2102 sh=0 MOD=1133661268029390 thr=1732900 res=4.67e+09 tierC=608 surv=422 bits=422 conf=422 best=38 gpu=0.39s cpu=0.08s prep=0.01s (1.2e+10 res/s)
K=2103 sh=0 MOD=1133661268029390 thr=1732900 res=4.67e+09 tierC=608 surv=473 bits=473 conf=471 best=38 gpu=0.36s cpu=0.10s prep=0.01s (1.3e+10 res/s)
K=2104 sh=0 MOD=1133661268029390 thr=1732900 res=4.67e+09 tierC=608 surv=553 bits=553 conf=549 best=38 gpu=0.39s cpu=0.11s prep=0.01s (1.2e+10 res/s)
K=2105 sh=0 MOD=1133661268029390 thr=1732900 res=4.67e+09 tierC=608 surv=447 bits=447 conf=447 best=38 gpu=0.38s cpu=0.09s prep=0.01s (1.22e+10 res/s)
K=2106 sh=0 MOD=1133661268029390 thr=1732900 res=4.67e+09 tierC=608 surv=439 bits=439 conf=439 best=38 gpu=0.37s cpu=0.09s prep=0.01s (1.26e+10 res/s)
K=2107 sh=0 MOD=1133661268029390 thr=1732900 res=4.67e+09 tierC=608 surv=494 bits=494 conf=494 best=38 gpu=0.36s cpu=0.09s prep=0.01s (1.3e+10 res/s)
K=2108 sh=0 MOD=1133661268029390 thr=1732900 res=4.67e+09 tierC=608 surv=488 bits=488 conf=488 best=38 gpu=0.36s cpu=0.10s prep=0.01s (1.29e+10 res/s)
K=2109 sh=0 MOD=1133661268029390 thr=1732900 res=4.67e+09 tierC=608 surv=512 bits=512 conf=512 best=38 gpu=0.37s cpu=0.11s prep=0.01s (1.25e+10 res/s)
K=2110 sh=0 MOD=1133661268029390 thr=1732900 res=4.67e+09 tierC=608 surv=439 bits=439 conf=439 best=38 gpu=0.38s cpu=0.09s prep=0.01s (1.23e+10 res/s)
K=2111 sh=0 MOD=1133661268029390 thr=1732900 res=4.67e+09 tierC=608 surv=494 bits=494 conf=494 best=38 gpu=0.36s cpu=0.10s prep=0.01s (1.29e+10 res/s)
K=2112 sh=0 MOD=1133661268029390 thr=1732900 res=4.67e+09 tierC=608 surv=469 bits=469 conf=469 best=38 gpu=0.37s cpu=0.09s prep=0.01s (1.27e+10 res/s)
K=2113 sh=0 MOD=1133661268029390 thr=1732900 res=4.67e+09 tierC=608 surv=445 bits=445 conf=445 best=38 gpu=0.37s cpu=0.09s prep=0.01s (1.27e+10 res/s)
K=2114 sh=0 MOD=1133661268029390 thr=1732900 res=4.67e+09 tierC=608 surv=525 bits=525 conf=525 best=38 gpu=0.36s cpu=0.11s prep=0.01s (1.28e+10 res/s)
K=2115 sh=0 MOD=1133661268029390 thr=1732900 res=4.67e+09 tierC=608 surv=453 bits=453 conf=453 best=38 gpu=0.38s cpu=0.09s prep=0.01s (1.23e+10 res/s)
K=2116 sh=0 MOD=1133661268029390 thr=1732900 res=4.67e+09 tierC=608 surv=462 bits=462 conf=462 best=38 gpu=0.37s cpu=0.09s prep=0.01s (1.26e+10 res/s)
K=2117 sh=0 MOD=1133661268029390 thr=1732900 res=4.67e+09 tierC=608 surv=440 bits=440 conf=440 best=38 gpu=0.35s cpu=0.09s prep=0.01s (1.32e+10 res/s)
K=2118 sh=0 MOD=1133661268029390 thr=1732900 res=4.67e+09 tierC=608 surv=569 bits=569 conf=568 best=38 gpu=0.35s cpu=0.11s prep=0.01s (1.35e+10 res/s)
GPU BEST n=38  units=169 covered=1.218e+19 raw a  survivors=92003 confirmed=91843  64.7s INTERRUPTED
resume: 169 units already recorded in experiments/2026-10-03-cuda/c2.jsonl
GPU: NVIDIA GB10 (SMs=48, cc 12.1) omp_threads=20
shared memory per block: 101376 max, using 65536
tierC order: 131 137 149 167 173 ... (608 primes, 2852902 words) magic-mod OK
*** n=15 a=71116265346606631 d=809799000011430 (K=2119 shift=0)
*** n=17 a=113363633275581661 d=809799000011430 (K=2119 shift=0)
*** n=18 a=146746055321558731 d=809799000011430 (K=2119 shift=0)
*** n=25 a=80749255417483501 d=809799000011430 (K=2119 shift=0)
*** n=30 a=46540963651050619 d=809799000011430 (K=2119 shift=0)
K=2119 sh=0 MOD=1133661268029390 thr=1732900 res=4.67e+09 tierC=608 surv=449 bits=449 conf=447 best=30 gpu=0.27s cpu=0.09s prep=0.01s (1.7e+10 res/s)
K=2120 sh=0 MOD=1133661268029390 thr=1732900 res=4.67e+09 tierC=608 surv=450 bits=450 conf=450 best=30 gpu=0.36s cpu=0.09s prep=0.01s (1.29e+10 res/s)
K=2121 sh=0 MOD=1470392337741090 thr=1974700 res=7.928e+09 tierC=608 surv=1434 bits=1434 conf=1425 best=30 gpu=0.62s cpu=0.28s prep=0.01s (1.29e+10 res/s)
K=2122 sh=0 MOD=1133661268029390 thr=1732900 res=4.67e+09 tierC=608 surv=506 bits=506 conf=504 best=30 gpu=0.55s cpu=0.10s prep=0.01s (8.46e+09 res/s)
K=2123 sh=0 MOD=1133661268029390 thr=1732900 res=4.67e+09 tierC=608 surv=461 bits=461 conf=461 best=30 gpu=0.36s cpu=0.09s prep=0.01s (1.29e+10 res/s)
*** n=32 a=14874336232718101 d=811709804636280 (K=2124 shift=0)
K=2124 sh=0 MOD=19214597763210 thr=1732900 res=4.67e+09 tierC=608 surv=431 bits=431 conf=431 best=32 gpu=0.37s cpu=0.07s prep=0.01s (1.25e+10 res/s)
K=2125 sh=0 MOD=1133661268029390 thr=1732900 res=4.67e+09 tierC=608 surv=472 bits=472 conf=472 best=32 gpu=0.33s cpu=0.10s prep=0.01s (1.4e+10 res/s)
K=2126 sh=0 MOD=1133661268029390 thr=1732900 res=4.67e+09 tierC=608 surv=492 bits=492 conf=492 best=32 gpu=0.38s cpu=0.10s prep=0.01s (1.24e+10 res/s)
K=2127 sh=0 MOD=1133661268029390 thr=1732900 res=4.67e+09 tierC=608 surv=483 bits=483 conf=482 best=32 gpu=0.37s cpu=0.09s prep=0.01s (1.26e+10 res/s)
K=2128 sh=0 MOD=1133661268029390 thr=1732900 res=4.67e+09 tierC=608 surv=524 bits=524 conf=524 best=32 gpu=0.36s cpu=0.10s prep=0.01s (1.31e+10 res/s)
K=2129 sh=0 MOD=1133661268029390 thr=1732900 res=4.67e+09 tierC=608 surv=496 bits=496 conf=496 best=32 gpu=0.38s cpu=0.10s prep=0.01s (1.24e+10 res/s)
K=2130 sh=0 MOD=15967060113090 thr=133300 res=3.592e+08 tierC=608 surv=30 bits=30 conf=30 best=32 gpu=0.13s cpu=0.02s prep=0.01s (2.67e+09 res/s)
*** n=33 a=119376473372332999 d=814384931111070 (K=2131 shift=0)
K=2131 sh=0 MOD=1133661268029390 thr=1732900 res=4.67e+09 tierC=608 surv=431 bits=431 conf=431 best=33 gpu=0.29s cpu=0.09s prep=0.01s (1.6e+10 res/s)
K=2132 sh=0 MOD=1133661268029390 thr=1732900 res=4.67e+09 tierC=608 surv=443 bits=443 conf=443 best=33 gpu=0.37s cpu=0.09s prep=0.01s (1.26e+10 res/s)
K=2133 sh=0 MOD=1133661268029390 thr=1732900 res=4.67e+09 tierC=608 surv=485 bits=485 conf=483 best=33 gpu=0.36s cpu=0.09s prep=0.01s (1.28e+10 res/s)
K=2134 sh=0 MOD=1133661268029390 thr=1732900 res=4.67e+09 tierC=608 surv=449 bits=449 conf=449 best=33 gpu=0.37s cpu=0.09s prep=0.01s (1.28e+10 res/s)
K=2135 sh=0 MOD=1133661268029390 thr=1732900 res=4.67e+09 tierC=608 surv=458 bits=458 conf=458 best=33 gpu=0.36s cpu=0.10s prep=0.01s (1.3e+10 res/s)
K=2136 sh=0 MOD=1668647484402810 thr=2739100 res=1.1e+10 tierC=608 surv=2144 bits=2144 conf=2136 best=33 gpu=0.84s cpu=0.39s prep=0.01s (1.3e+10 res/s)
K=2137 sh=0 MOD=1133661268029390 thr=1732900 res=4.67e+09 tierC=608 surv=502 bits=502 conf=500 best=33 gpu=0.65s cpu=0.10s prep=0.01s (7.18e+09 res/s)
K=2138 sh=0 MOD=1133661268029390 thr=1732900 res=4.67e+09 tierC=608 surv=486 bits=486 conf=486 best=33 gpu=0.36s cpu=0.10s prep=0.01s (1.29e+10 res/s)
K=2139 sh=0 MOD=1133661268029390 thr=1732900 res=4.67e+09 tierC=608 surv=476 bits=476 conf=476 best=33 gpu=0.38s cpu=0.09s prep=0.01s (1.22e+10 res/s)
K=2140 sh=0 MOD=1387940430951870 thr=1732900 res=6.958e+09 tierC=608 surv=1314 bits=1314 conf=1304 best=33 gpu=0.58s cpu=0.23s prep=0.01s (1.2e+10 res/s)
K=2141 sh=0 MOD=1133661268029390 thr=1732900 res=4.67e+09 tierC=608 surv=454 bits=454 conf=454 best=33 gpu=0.50s cpu=0.09s prep=0.01s (9.32e+09 res/s)
K=2142 sh=0 MOD=1133661268029390 thr=1732900 res=4.67e+09 tierC=608 surv=482 bits=482 conf=482 best=33 gpu=0.36s cpu=0.10s prep=0.01s (1.3e+10 res/s)
K=2143 sh=0 MOD=1133661268029390 thr=1732900 res=4.67e+09 tierC=608 surv=451 bits=451 conf=451 best=33 gpu=0.36s cpu=0.10s prep=0.01s (1.28e+10 res/s)
K=2144 sh=0 MOD=1133661268029390 thr=1732900 res=4.67e+09 tierC=608 surv=430 bits=430 conf=430 best=33 gpu=0.38s cpu=0.09s prep=0.01s (1.23e+10 res/s)
K=2145 sh=0 MOD=1133661268029390 thr=1732900 res=4.67e+09 tierC=608 surv=498 bits=498 conf=498 best=33 gpu=0.36s cpu=0.10s prep=0.01s (1.31e+10 res/s)
K=2146 sh=0 MOD=1133661268029390 thr=1732900 res=4.67e+09 tierC=608 surv=440 bits=440 conf=440 best=33 gpu=0.39s cpu=0.09s prep=0.01s (1.21e+10 res/s)
*** n=34 a=88841263747596043 d=820499505910590 (K=2147 shift=0)
K=2147 sh=0 MOD=1314244478865930 thr=1732900 res=6.199e+09 tierC=608 surv=1121 bits=1121 conf=1119 best=34 gpu=0.53s cpu=0.22s prep=0.01s (1.17e+10 res/s)
K=2148 sh=0 MOD=1133661268029390 thr=1732900 res=4.67e+09 tierC=608 surv=649 bits=649 conf=644 best=34 gpu=0.52s cpu=0.13s prep=0.01s (8.97e+09 res/s)
*** n=37 a=71374621008085519 d=821263827760530 (K=2149 shift=0)
K=2149 sh=0 MOD=1133661268029390 thr=1732900 res=4.67e+09 tierC=608 surv=442 bits=442 conf=442 best=37 gpu=0.41s cpu=0.09s prep=0.01s (1.15e+10 res/s)
K=2150 sh=0 MOD=1133661268029390 thr=1732900 res=4.67e+09 tierC=608 surv=439 bits=439 conf=439 best=37 gpu=0.36s cpu=0.09s prep=0.01s (1.31e+10 res/s)
K=2151 sh=0 MOD=1133661268029390 thr=1732900 res=4.67e+09 tierC=608 surv=583 bits=583 conf=582 best=37 gpu=0.38s cpu=0.12s prep=0.01s (1.24e+10 res/s)
*** n=39 a=68742960141220051 d=822410310535440 (K=2152 shift=0)
K=2152 sh=0 MOD=1133661268029390 thr=1732900 res=4.67e+09 tierC=608 surv=582 bits=582 conf=579 best=39 gpu=0.41s cpu=0.12s prep=0.01s (1.15e+10 res/s)
K=2153 sh=0 MOD=1133661268029390 thr=1732900 res=4.67e+09 tierC=608 surv=456 bits=456 conf=456 best=39 gpu=0.39s cpu=0.10s prep=0.01s (1.2e+10 res/s)
K=2154 sh=0 MOD=1133661268029390 thr=1732900 res=4.67e+09 tierC=608 surv=610 bits=610 conf=609 best=39 gpu=0.37s cpu=0.11s prep=0.01s (1.26e+10 res/s)
K=2155 sh=0 MOD=1133661268029390 thr=1732900 res=4.67e+09 tierC=608 surv=519 bits=519 conf=517 best=39 gpu=0.38s cpu=0.10s prep=0.01s (1.22e+10 res/s)
K=2156 sh=0 MOD=1133661268029390 thr=1732900 res=4.67e+09 tierC=608 surv=477 bits=477 conf=477 best=39 gpu=0.38s cpu=0.10s prep=0.01s (1.24e+10 res/s)
K=2157 sh=0 MOD=1133661268029390 thr=1732900 res=4.67e+09 tierC=608 surv=503 bits=503 conf=502 best=39 gpu=0.37s cpu=0.10s prep=0.01s (1.26e+10 res/s)
K=2158 sh=0 MOD=1789272603757230 thr=3396484 res=1.364e+10 tierC=608 surv=2276 bits=2276 conf=2266 best=39 gpu=1.01s cpu=0.46s prep=0.01s (1.35e+10 res/s)
K=2159 sh=0 MOD=1133661268029390 thr=1732900 res=4.67e+09 tierC=608 surv=475 bits=475 conf=475 best=39 gpu=0.73s cpu=0.10s prep=0.01s (6.4e+09 res/s)
K=2160 sh=0 MOD=1133661268029390 thr=1732900 res=4.67e+09 tierC=608 surv=454 bits=454 conf=451 best=39 gpu=0.37s cpu=0.09s prep=0.01s (1.27e+10 res/s)
K=2161 sh=0 MOD=1133661268029390 thr=1732900 res=4.67e+09 tierC=608 surv=521 bits=521 conf=521 best=39 gpu=0.36s cpu=0.10s prep=0.01s (1.29e+10 res/s)
K=2162 sh=0 MOD=1133661268029390 thr=1732900 res=4.67e+09 tierC=608 surv=448 bits=448 conf=448 best=39 gpu=0.37s cpu=0.10s prep=0.01s (1.27e+10 res/s)
K=2163 sh=0 MOD=1133661268029390 thr=1732900 res=4.67e+09 tierC=608 surv=454 bits=454 conf=454 best=39 gpu=0.37s cpu=0.10s prep=0.01s (1.27e+10 res/s)
K=2164 sh=0 MOD=1133661268029390 thr=1732900 res=4.67e+09 tierC=608 surv=441 bits=441 conf=441 best=39 gpu=0.37s cpu=0.09s prep=0.01s (1.27e+10 res/s)
K=2165 sh=0 MOD=1133661268029390 thr=1732900 res=4.67e+09 tierC=608 surv=489 bits=489 conf=489 best=39 gpu=0.37s cpu=0.10s prep=0.01s (1.28e+10 res/s)
K=2166 sh=0 MOD=1133661268029390 thr=1732900 res=4.67e+09 tierC=608 surv=449 bits=449 conf=449 best=39 gpu=0.38s cpu=0.09s prep=0.01s (1.24e+10 res/s)
K=2167 sh=0 MOD=1133661268029390 thr=1732900 res=4.67e+09 tierC=608 surv=675 bits=675 conf=673 best=39 gpu=0.39s cpu=0.13s prep=0.01s (1.2e+10 res/s)
K=2168 sh=0 MOD=1133661268029390 thr=1732900 res=4.67e+09 tierC=608 surv=484 bits=484 conf=484 best=39 gpu=0.41s cpu=0.09s prep=0.01s (1.15e+10 res/s)
K=2169 sh=0 MOD=1133661268029390 thr=1732900 res=4.67e+09 tierC=608 surv=498 bits=498 conf=498 best=39 gpu=0.37s cpu=0.09s prep=0.01s (1.28e+10 res/s)
K=2170 sh=0 MOD=1133661268029390 thr=1732900 res=4.67e+09 tierC=608 surv=477 bits=477 conf=477 best=39 gpu=0.37s cpu=0.10s prep=0.01s (1.26e+10 res/s)
K=2171 sh=0 MOD=1133661268029390 thr=1732900 res=4.67e+09 tierC=608 surv=739 bits=739 conf=738 best=39 gpu=0.40s cpu=0.14s prep=0.01s (1.16e+10 res/s)
K=2172 sh=0 MOD=1133661268029390 thr=1732900 res=4.67e+09 tierC=608 surv=441 bits=441 conf=441 best=39 gpu=0.42s cpu=0.09s prep=0.01s (1.12e+10 res/s)
K=2173 sh=0 MOD=1133661268029390 thr=1732900 res=4.67e+09 tierC=608 surv=493 bits=493 conf=493 best=39 gpu=0.36s cpu=0.10s prep=0.01s (1.28e+10 res/s)
K=2174 sh=0 MOD=1133661268029390 thr=1732900 res=4.67e+09 tierC=608 surv=440 bits=440 conf=440 best=39 gpu=0.37s cpu=0.09s prep=0.01s (1.27e+10 res/s)
K=2175 sh=0 MOD=1133661268029390 thr=1732900 res=4.67e+09 tierC=608 surv=442 bits=442 conf=442 best=39 gpu=0.37s cpu=0.09s prep=0.01s (1.25e+10 res/s)
K=2176 sh=0 MOD=1133661268029390 thr=1732900 res=4.67e+09 tierC=608 surv=459 bits=459 conf=459 best=39 gpu=0.37s cpu=0.09s prep=0.01s (1.25e+10 res/s)
K=2177 sh=0 MOD=1133661268029390 thr=1732900 res=4.67e+09 tierC=608 surv=560 bits=560 conf=559 best=39 gpu=0.39s cpu=0.11s prep=0.01s (1.2e+10 res/s)
K=2178 sh=0 MOD=1133661268029390 thr=1732900 res=4.67e+09 tierC=608 surv=482 bits=482 conf=481 best=39 gpu=0.39s cpu=0.09s prep=0.01s (1.21e+10 res/s)
K=2179 sh=0 MOD=1133661268029390 thr=1732900 res=4.67e+09 tierC=608 surv=469 bits=469 conf=469 best=39 gpu=0.36s cpu=0.09s prep=0.01s (1.28e+10 res/s)
K=2180 sh=0 MOD=1133661268029390 thr=1732900 res=4.67e+09 tierC=608 surv=499 bits=499 conf=499 best=39 gpu=0.37s cpu=0.10s prep=0.01s (1.26e+10 res/s)
K=2181 sh=0 MOD=1133661268029390 thr=1732900 res=4.67e+09 tierC=608 surv=464 bits=464 conf=464 best=39 gpu=0.38s cpu=0.09s prep=0.01s (1.23e+10 res/s)
K=2182 sh=0 MOD=1133661268029390 thr=1732900 res=4.67e+09 tierC=608 surv=503 bits=503 conf=503 best=39 gpu=0.36s cpu=0.10s prep=0.01s (1.3e+10 res/s)
K=2183 sh=0 MOD=19214597763210 thr=1732900 res=4.67e+09 tierC=608 surv=465 bits=465 conf=455 best=39 gpu=0.38s cpu=0.07s prep=0.01s (1.22e+10 res/s)
K=2184 sh=0 MOD=1133661268029390 thr=1732900 res=4.67e+09 tierC=608 surv=467 bits=467 conf=467 best=39 gpu=0.34s cpu=0.09s prep=0.01s (1.36e+10 res/s)
K=2185 sh=0 MOD=1133661268029390 thr=1732900 res=4.67e+09 tierC=608 surv=451 bits=451 conf=451 best=39 gpu=0.36s cpu=0.09s prep=0.01s (1.29e+10 res/s)
K=2186 sh=0 MOD=1133661268029390 thr=1732900 res=4.67e+09 tierC=608 surv=456 bits=456 conf=456 best=39 gpu=0.36s cpu=0.09s prep=0.01s (1.31e+10 res/s)
K=2187 sh=0 MOD=1133661268029390 thr=1732900 res=4.67e+09 tierC=608 surv=536 bits=536 conf=536 best=39 gpu=0.37s cpu=0.10s prep=0.01s (1.26e+10 res/s)
K=2188 sh=0 MOD=1133661268029390 thr=1732900 res=4.67e+09 tierC=608 surv=446 bits=446 conf=446 best=39 gpu=0.37s cpu=0.09s prep=0.01s (1.27e+10 res/s)
K=2189 sh=0 MOD=1133661268029390 thr=1732900 res=4.67e+09 tierC=608 surv=483 bits=483 conf=483 best=39 gpu=0.36s cpu=0.09s prep=0.01s (1.29e+10 res/s)
K=2190 sh=0 MOD=1133661268029390 thr=1732900 res=4.67e+09 tierC=608 surv=428 bits=428 conf=428 best=39 gpu=0.37s cpu=0.09s prep=0.01s (1.27e+10 res/s)
K=2191 sh=0 MOD=1133661268029390 thr=1732900 res=4.67e+09 tierC=608 surv=474 bits=474 conf=474 best=39 gpu=0.36s cpu=0.09s prep=0.01s (1.3e+10 res/s)
K=2192 sh=0 MOD=1133661268029390 thr=1732900 res=4.67e+09 tierC=608 surv=801 bits=801 conf=794 best=39 gpu=0.40s cpu=0.15s prep=0.01s (1.16e+10 res/s)
K=2193 sh=0 MOD=1133661268029390 thr=1732900 res=4.67e+09 tierC=608 surv=448 bits=448 conf=448 best=39 gpu=0.42s cpu=0.09s prep=0.01s (1.11e+10 res/s)
K=2194 sh=0 MOD=1133661268029390 thr=1732900 res=4.67e+09 tierC=608 surv=526 bits=526 conf=526 best=39 gpu=0.35s cpu=0.10s prep=0.01s (1.34e+10 res/s)
K=2195 sh=0 MOD=1133661268029390 thr=1732900 res=4.67e+09 tierC=608 surv=487 bits=487 conf=487 best=39 gpu=0.37s cpu=0.10s prep=0.01s (1.25e+10 res/s)
K=2196 sh=0 MOD=1133661268029390 thr=1732900 res=4.67e+09 tierC=608 surv=424 bits=424 conf=424 best=39 gpu=0.37s cpu=0.09s prep=0.01s (1.26e+10 res/s)
K=2197 sh=0 MOD=1133661268029390 thr=1732900 res=4.67e+09 tierC=608 surv=455 bits=455 conf=455 best=39 gpu=0.37s cpu=0.09s prep=0.01s (1.27e+10 res/s)
K=2198 sh=0 MOD=1133661268029390 thr=1732900 res=4.67e+09 tierC=608 surv=448 bits=448 conf=448 best=39 gpu=0.36s cpu=0.09s prep=0.01s (1.28e+10 res/s)
K=2199 sh=0 MOD=1133661268029390 thr=1732900 res=4.67e+09 tierC=608 surv=430 bits=430 conf=430 best=39 gpu=0.36s cpu=0.08s prep=0.01s (1.28e+10 res/s)
K=2200 sh=0 MOD=1133661268029390 thr=1732900 res=4.67e+09 tierC=608 surv=450 bits=450 conf=450 best=39 gpu=0.36s cpu=0.09s prep=0.01s (1.28e+10 res/s)
K=2201 sh=0 MOD=15967060113090 thr=133300 res=3.592e+08 tierC=608 surv=34 bits=34 conf=34 best=39 gpu=0.13s cpu=0.02s prep=0.01s (2.77e+09 res/s)
K=2202 sh=0 MOD=1133661268029390 thr=1732900 res=4.67e+09 tierC=608 surv=472 bits=472 conf=472 best=39 gpu=0.29s cpu=0.09s prep=0.01s (1.59e+10 res/s)
K=2203 sh=0 MOD=1133661268029390 thr=1732900 res=4.67e+09 tierC=608 surv=456 bits=456 conf=456 best=39 gpu=0.37s cpu=0.09s prep=0.01s (1.27e+10 res/s)
K=2204 sh=0 MOD=1133661268029390 thr=1732900 res=4.67e+09 tierC=608 surv=446 bits=446 conf=446 best=39 gpu=0.37s cpu=0.09s prep=0.01s (1.27e+10 res/s)
K=2205 sh=0 MOD=1133661268029390 thr=1732900 res=4.67e+09 tierC=608 surv=476 bits=476 conf=476 best=39 gpu=0.36s cpu=0.10s prep=0.01s (1.3e+10 res/s)
K=2206 sh=0 MOD=1133661268029390 thr=1732900 res=4.67e+09 tierC=608 surv=497 bits=497 conf=497 best=39 gpu=0.37s cpu=0.10s prep=0.01s (1.25e+10 res/s)
K=2207 sh=0 MOD=1133661268029390 thr=1732900 res=4.67e+09 tierC=608 surv=458 bits=458 conf=458 best=39 gpu=0.37s cpu=0.09s prep=0.01s (1.25e+10 res/s)
K=2208 sh=0 MOD=1133661268029390 thr=1732900 res=4.67e+09 tierC=608 surv=461 bits=461 conf=461 best=39 gpu=0.38s cpu=0.09s prep=0.01s (1.23e+10 res/s)
K=2209 sh=0 MOD=1133661268029390 thr=1732900 res=4.67e+09 tierC=608 surv=444 bits=444 conf=444 best=39 gpu=0.36s cpu=0.08s prep=0.01s (1.31e+10 res/s)
K=2210 sh=0 MOD=1133661268029390 thr=1732900 res=4.67e+09 tierC=608 surv=408 bits=408 conf=408 best=39 gpu=0.35s cpu=0.09s prep=0.01s (1.32e+10 res/s)
K=2211 sh=0 MOD=1133661268029390 thr=1732900 res=4.67e+09 tierC=608 surv=477 bits=477 conf=477 best=39 gpu=0.35s cpu=0.10s prep=0.01s (1.33e+10 res/s)
K=2212 sh=0 MOD=1133661268029390 thr=1732900 res=4.67e+09 tierC=608 surv=454 bits=454 conf=454 best=39 gpu=0.38s cpu=0.09s prep=0.01s (1.23e+10 res/s)
K=2213 sh=0 MOD=1133661268029390 thr=1732900 res=4.67e+09 tierC=608 surv=491 bits=491 conf=491 best=39 gpu=0.37s cpu=0.09s prep=0.01s (1.26e+10 res/s)
K=2214 sh=0 MOD=1133661268029390 thr=1732900 res=4.67e+09 tierC=608 surv=478 bits=478 conf=476 best=39 gpu=0.36s cpu=0.10s prep=0.01s (1.29e+10 res/s)
K=2215 sh=0 MOD=1133661268029390 thr=1732900 res=4.67e+09 tierC=608 surv=518 bits=518 conf=515 best=39 gpu=0.37s cpu=0.11s prep=0.01s (1.27e+10 res/s)
K=2216 sh=0 MOD=1133661268029390 thr=1732900 res=4.67e+09 tierC=608 surv=476 bits=476 conf=476 best=39 gpu=0.38s cpu=0.10s prep=0.01s (1.23e+10 res/s)
K=2217 sh=0 MOD=1133661268029390 thr=1732900 res=4.67e+09 tierC=608 surv=469 bits=469 conf=469 best=39 gpu=0.37s cpu=0.10s prep=0.01s (1.26e+10 res/s)
K=2218 sh=0 MOD=1133661268029390 thr=1732900 res=4.67e+09 tierC=608 surv=498 bits=498 conf=498 best=39 gpu=0.36s cpu=0.10s prep=0.01s (1.3e+10 res/s)
K=2219 sh=0 MOD=1133661268029390 thr=1732900 res=4.67e+09 tierC=608 surv=574 bits=574 conf=573 best=39 gpu=0.38s cpu=0.11s prep=0.01s (1.23e+10 res/s)
K=2220 sh=0 MOD=1133661268029390 thr=1732900 res=4.67e+09 tierC=608 surv=476 bits=476 conf=476 best=39 gpu=0.39s cpu=0.09s prep=0.01s (1.2e+10 res/s)
K=2221 sh=0 MOD=1133661268029390 thr=1732900 res=4.67e+09 tierC=608 surv=467 bits=467 conf=467 best=39 gpu=0.36s cpu=0.09s prep=0.01s (1.29e+10 res/s)
K=2222 sh=0 MOD=1470392337741090 thr=1974700 res=7.928e+09 tierC=608 surv=1485 bits=1485 conf=1474 best=39 gpu=0.64s cpu=0.29s prep=0.01s (1.25e+10 res/s)
K=2223 sh=0 MOD=1133661268029390 thr=1732900 res=4.67e+09 tierC=608 surv=464 bits=464 conf=464 best=39 gpu=0.57s cpu=0.10s prep=0.01s (8.21e+09 res/s)
K=2224 sh=0 MOD=1133661268029390 thr=1732900 res=4.67e+09 tierC=608 surv=478 bits=478 conf=478 best=39 gpu=0.37s cpu=0.09s prep=0.01s (1.26e+10 res/s)
K=2225 sh=0 MOD=1668647484402810 thr=2739100 res=1.1e+10 tierC=608 surv=1952 bits=1952 conf=1943 best=39 gpu=0.86s cpu=0.40s prep=0.01s (1.28e+10 res/s)
*** n=40 a=135681254766178609 d=850690218983220 (K=2226 shift=0)
K=2226 sh=0 MOD=1133661268029390 thr=1732900 res=4.67e+09 tierC=608 surv=485 bits=485 conf=485 best=40 gpu=0.67s cpu=0.10s prep=0.01s (6.97e+09 res/s)
K=2227 sh=0 MOD=1133661268029390 thr=1732900 res=4.67e+09 tierC=608 surv=924 bits=924 conf=920 best=40 gpu=0.42s cpu=0.17s prep=0.01s (1.1e+10 res/s)
K=2228 sh=0 MOD=1133661268029390 thr=1732900 res=4.67e+09 tierC=608 surv=493 bits=493 conf=492 best=40 gpu=0.44s cpu=0.10s prep=0.01s (1.06e+10 res/s)
K=2229 sh=0 MOD=1133661268029390 thr=1732900 res=4.67e+09 tierC=608 surv=476 bits=476 conf=475 best=40 gpu=0.37s cpu=0.10s prep=0.01s (1.27e+10 res/s)
K=2230 sh=0 MOD=1133661268029390 thr=1732900 res=4.67e+09 tierC=608 surv=475 bits=475 conf=475 best=40 gpu=0.37s cpu=0.09s prep=0.01s (1.25e+10 res/s)
K=2231 sh=0 MOD=1133661268029390 thr=1732900 res=4.67e+09 tierC=608 surv=478 bits=478 conf=478 best=40 gpu=0.36s cpu=0.10s prep=0.01s (1.3e+10 res/s)
K=2232 sh=0 MOD=1133661268029390 thr=1732900 res=4.67e+09 tierC=608 surv=457 bits=457 conf=456 best=40 gpu=0.38s cpu=0.10s prep=0.01s (1.24e+10 res/s)
K=2233 sh=0 MOD=1133661268029390 thr=1732900 res=4.67e+09 tierC=608 surv=482 bits=482 conf=482 best=40 gpu=11.92s cpu=0.11s prep=0.01s (3.92e+08 res/s)
K=2234 sh=0 MOD=1133661268029390 thr=1732900 res=4.67e+09 tierC=608 surv=507 bits=507 conf=507 best=40 gpu=0.37s cpu=0.09s prep=0.01s (1.25e+10 res/s)
K=2235 sh=0 MOD=1133661268029390 thr=1732900 res=4.67e+09 tierC=608 surv=903 bits=903 conf=897 best=40 gpu=0.40s cpu=0.17s prep=0.01s (1.17e+10 res/s)
K=2236 sh=0 MOD=1133661268029390 thr=1732900 res=4.67e+09 tierC=608 surv=452 bits=452 conf=452 best=40 gpu=0.45s cpu=0.08s prep=0.01s (1.05e+10 res/s)
K=2237 sh=0 MOD=1133661268029390 thr=1732900 res=4.67e+09 tierC=608 surv=467 bits=467 conf=466 best=40 gpu=0.36s cpu=0.09s prep=0.01s (1.28e+10 res/s)
K=2238 sh=0 MOD=1133661268029390 thr=1732900 res=4.67e+09 tierC=608 surv=476 bits=476 conf=476 best=40 gpu=0.37s cpu=0.10s prep=0.01s (1.28e+10 res/s)
K=2239 sh=0 MOD=1133661268029390 thr=1732900 res=4.67e+09 tierC=608 surv=446 bits=446 conf=446 best=40 gpu=0.37s cpu=0.09s prep=0.01s (1.25e+10 res/s)
K=2240 sh=0 MOD=1133661268029390 thr=1732900 res=4.67e+09 tierC=608 surv=493 bits=493 conf=493 best=40 gpu=0.37s cpu=0.09s prep=0.01s (1.27e+10 res/s)
K=2241 sh=0 MOD=1789272603757230 thr=3396484 res=1.364e+10 tierC=608 surv=2397 bits=2397 conf=2383 best=40 gpu=1.01s cpu=0.46s prep=0.01s (1.35e+10 res/s)
K=2242 sh=0 MOD=19214597763210 thr=1732900 res=4.67e+09 tierC=608 surv=429 bits=429 conf=428 best=40 gpu=0.73s cpu=0.07s prep=0.01s (6.37e+09 res/s)
K=2243 sh=0 MOD=1133661268029390 thr=1732900 res=4.67e+09 tierC=608 surv=472 bits=472 conf=472 best=40 gpu=0.35s cpu=0.09s prep=0.01s (1.35e+10 res/s)
K=2244 sh=0 MOD=1133661268029390 thr=1732900 res=4.67e+09 tierC=608 surv=453 bits=453 conf=453 best=40 gpu=0.36s cpu=0.09s prep=0.01s (1.28e+10 res/s)
K=2245 sh=0 MOD=1133661268029390 thr=1732900 res=4.67e+09 tierC=608 surv=523 bits=523 conf=522 best=40 gpu=0.37s cpu=0.10s prep=0.01s (1.26e+10 res/s)
K=2246 sh=0 MOD=1133661268029390 thr=1732900 res=4.67e+09 tierC=608 surv=460 bits=460 conf=456 best=40 gpu=0.37s cpu=0.09s prep=0.01s (1.27e+10 res/s)
K=2247 sh=0 MOD=1387940430951870 thr=1732900 res=6.958e+09 tierC=608 surv=1260 bits=1260 conf=1250 best=40 gpu=0.57s cpu=0.25s prep=0.01s (1.23e+10 res/s)
K=2248 sh=0 MOD=1133661268029390 thr=1732900 res=4.67e+09 tierC=608 surv=561 bits=561 conf=560 best=40 gpu=0.53s cpu=0.11s prep=0.01s (8.79e+09 res/s)
K=2249 sh=0 MOD=1133661268029390 thr=1732900 res=4.67e+09 tierC=608 surv=696 bits=696 conf=695 best=40 gpu=0.41s cpu=0.14s prep=0.01s (1.13e+10 res/s)
K=2250 sh=0 MOD=1133661268029390 thr=1732900 res=4.67e+09 tierC=608 surv=460 bits=460 conf=458 best=40 gpu=0.41s cpu=0.09s prep=0.01s (1.15e+10 res/s)
K=2251 sh=0 MOD=1133661268029390 thr=1732900 res=4.67e+09 tierC=608 surv=472 bits=472 conf=472 best=40 gpu=0.37s cpu=0.09s prep=0.01s (1.27e+10 res/s)
K=2252 sh=0 MOD=1133661268029390 thr=1732900 res=4.67e+09 tierC=608 surv=522 bits=522 conf=521 best=40 gpu=0.36s cpu=0.10s prep=0.01s (1.3e+10 res/s)
K=2253 sh=0 MOD=1133661268029390 thr=1732900 res=4.67e+09 tierC=608 surv=447 bits=447 conf=447 best=40 gpu=0.37s cpu=0.09s prep=0.01s (1.25e+10 res/s)
K=2254 sh=0 MOD=1133661268029390 thr=1732900 res=4.67e+09 tierC=608 surv=456 bits=456 conf=456 best=40 gpu=0.36s cpu=0.09s prep=0.01s (1.31e+10 res/s)
K=2255 sh=0 MOD=1133661268029390 thr=1732900 res=4.67e+09 tierC=608 surv=444 bits=444 conf=434 best=40 gpu=0.36s cpu=0.09s prep=0.01s (1.3e+10 res/s)
K=2256 sh=0 MOD=1133661268029390 thr=1732900 res=4.67e+09 tierC=608 surv=461 bits=461 conf=461 best=40 gpu=0.35s cpu=0.09s prep=0.01s (1.33e+10 res/s)
K=2257 sh=0 MOD=1133661268029390 thr=1732900 res=4.67e+09 tierC=608 surv=456 bits=456 conf=456 best=40 gpu=0.36s cpu=0.09s prep=0.01s (1.28e+10 res/s)
K=2258 sh=0 MOD=1133661268029390 thr=1732900 res=4.67e+09 tierC=608 surv=474 bits=474 conf=474 best=40 gpu=0.36s cpu=0.10s prep=0.01s (1.3e+10 res/s)
K=2259 sh=0 MOD=1133661268029390 thr=1732900 res=4.67e+09 tierC=608 surv=608 bits=608 conf=607 best=40 gpu=0.39s cpu=0.13s prep=0.01s (1.19e+10 res/s)
K=2260 sh=0 MOD=1314244478865930 thr=1732900 res=6.199e+09 tierC=608 surv=1181 bits=1181 conf=1173 best=40 gpu=0.56s cpu=0.22s prep=0.01s (1.1e+10 res/s)
K=2261 sh=0 MOD=1133661268029390 thr=1732900 res=4.67e+09 tierC=608 surv=460 bits=460 conf=460 best=40 gpu=0.49s cpu=0.09s prep=0.01s (9.47e+09 res/s)
K=2262 sh=0 MOD=1133661268029390 thr=1732900 res=4.67e+09 tierC=608 surv=435 bits=435 conf=435 best=40 gpu=0.36s cpu=0.09s prep=0.01s (1.3e+10 res/s)
K=2263 sh=0 MOD=1133661268029390 thr=1732900 res=4.67e+09 tierC=608 surv=482 bits=482 conf=482 best=40 gpu=0.36s cpu=0.10s prep=0.01s (1.3e+10 res/s)
K=2264 sh=0 MOD=1133661268029390 thr=1732900 res=4.67e+09 tierC=608 surv=467 bits=467 conf=467 best=40 gpu=0.36s cpu=0.10s prep=0.01s (1.28e+10 res/s)
K=2265 sh=0 MOD=1133661268029390 thr=1732900 res=4.67e+09 tierC=608 surv=437 bits=437 conf=437 best=40 gpu=0.38s cpu=0.09s prep=0.01s (1.24e+10 res/s)
K=2266 sh=0 MOD=1133661268029390 thr=1732900 res=4.67e+09 tierC=608 surv=446 bits=446 conf=446 best=40 gpu=0.37s cpu=0.09s prep=0.01s (1.27e+10 res/s)
K=2267 sh=0 MOD=1133661268029390 thr=1732900 res=4.67e+09 tierC=608 surv=506 bits=506 conf=505 best=40 gpu=0.36s cpu=0.09s prep=0.01s (1.3e+10 res/s)
K=2268 sh=0 MOD=1133661268029390 thr=1732900 res=4.67e+09 tierC=608 surv=439 bits=439 conf=439 best=40 gpu=0.37s cpu=0.09s prep=0.01s (1.28e+10 res/s)
K=2269 sh=0 MOD=1133661268029390 thr=1732900 res=4.67e+09 tierC=608 surv=467 bits=467 conf=467 best=40 gpu=0.36s cpu=0.09s prep=0.01s (1.3e+10 res/s)
K=2270 sh=0 MOD=1133661268029390 thr=1732900 res=4.67e+09 tierC=608 surv=574 bits=574 conf=574 best=40 gpu=0.38s cpu=0.11s prep=0.01s (1.23e+10 res/s)
K=2271 sh=0 MOD=1133661268029390 thr=1732900 res=4.67e+09 tierC=608 surv=471 bits=471 conf=471 best=40 gpu=0.38s cpu=0.09s prep=0.01s (1.22e+10 res/s)
K=2272 sh=0 MOD=15967060113090 thr=133300 res=3.592e+08 tierC=608 surv=46 bits=46 conf=46 best=40 gpu=0.13s cpu=0.02s prep=0.01s (2.84e+09 res/s)
K=2273 sh=0 MOD=1133661268029390 thr=1732900 res=4.67e+09 tierC=608 surv=480 bits=480 conf=480 best=40 gpu=0.29s cpu=0.09s prep=0.01s (1.63e+10 res/s)
K=2274 sh=0 MOD=1133661268029390 thr=1732900 res=4.67e+09 tierC=608 surv=467 bits=467 conf=467 best=40 gpu=0.36s cpu=0.09s prep=0.01s (1.3e+10 res/s)
K=2275 sh=0 MOD=1133661268029390 thr=1732900 res=4.67e+09 tierC=608 surv=461 bits=461 conf=461 best=40 gpu=0.36s cpu=0.10s prep=0.01s (1.3e+10 res/s)
K=2276 sh=0 MOD=1133661268029390 thr=1732900 res=4.67e+09 tierC=608 surv=509 bits=509 conf=508 best=40 gpu=0.36s cpu=0.10s prep=0.01s (1.28e+10 res/s)
K=2277 sh=0 MOD=1133661268029390 thr=1732900 res=4.67e+09 tierC=608 surv=485 bits=485 conf=485 best=40 gpu=0.37s cpu=0.10s prep=0.01s (1.27e+10 res/s)
K=2278 sh=0 MOD=1133661268029390 thr=1732900 res=4.67e+09 tierC=608 surv=433 bits=433 conf=433 best=40 gpu=0.37s cpu=0.09s prep=0.01s (1.27e+10 res/s)
K=2279 sh=0 MOD=1133661268029390 thr=1732900 res=4.67e+09 tierC=608 surv=428 bits=428 conf=428 best=40 gpu=0.36s cpu=0.08s prep=0.01s (1.31e+10 res/s)
K=2280 sh=0 MOD=1133661268029390 thr=1732900 res=4.67e+09 tierC=608 surv=461 bits=461 conf=461 best=40 gpu=0.36s cpu=0.09s prep=0.01s (1.31e+10 res/s)
K=2281 sh=0 MOD=1133661268029390 thr=1732900 res=4.67e+09 tierC=608 surv=507 bits=507 conf=507 best=40 gpu=0.37s cpu=0.10s prep=0.01s (1.27e+10 res/s)
K=2282 sh=0 MOD=1133661268029390 thr=1732900 res=4.67e+09 tierC=608 surv=493 bits=493 conf=493 best=40 gpu=0.38s cpu=0.10s prep=0.01s (1.24e+10 res/s)
K=2283 sh=0 MOD=1133661268029390 thr=1732900 res=4.67e+09 tierC=608 surv=501 bits=501 conf=500 best=40 gpu=0.36s cpu=0.10s prep=0.01s (1.29e+10 res/s)
K=2284 sh=0 MOD=1133661268029390 thr=1732900 res=4.67e+09 tierC=608 surv=461 bits=461 conf=461 best=40 gpu=0.37s cpu=0.09s prep=0.01s (1.26e+10 res/s)
K=2285 sh=0 MOD=1133661268029390 thr=1732900 res=4.67e+09 tierC=608 surv=424 bits=424 conf=424 best=40 gpu=0.37s cpu=0.08s prep=0.01s (1.27e+10 res/s)
K=2286 sh=0 MOD=1133661268029390 thr=1732900 res=4.67e+09 tierC=608 surv=454 bits=454 conf=452 best=40 gpu=0.35s cpu=0.09s prep=0.01s (1.32e+10 res/s)
K=2287 sh=0 MOD=1133661268029390 thr=1732900 res=4.67e+09 tierC=608 surv=449 bits=449 conf=449 best=40 gpu=0.36s cpu=0.09s prep=0.01s (1.29e+10 res/s)
K=2288 sh=0 MOD=1133661268029390 thr=1732900 res=4.67e+09 tierC=608 surv=459 bits=459 conf=459 best=40 gpu=0.36s cpu=0.09s prep=0.01s (1.29e+10 res/s)
K=2289 sh=0 MOD=1133661268029390 thr=1732900 res=4.67e+09 tierC=608 surv=458 bits=458 conf=458 best=40 gpu=0.37s cpu=0.09s prep=0.01s (1.26e+10 res/s)
K=2290 sh=0 MOD=1133661268029390 thr=1732900 res=4.67e+09 tierC=608 surv=425 bits=425 conf=425 best=40 gpu=0.36s cpu=0.09s prep=0.01s (1.29e+10 res/s)
K=2291 sh=0 MOD=1133661268029390 thr=1732900 res=4.67e+09 tierC=608 surv=481 bits=481 conf=481 best=40 gpu=0.36s cpu=0.09s prep=0.01s (1.3e+10 res/s)
K=2292 sh=0 MOD=1133661268029390 thr=1732900 res=4.67e+09 tierC=608 surv=658 bits=658 conf=653 best=40 gpu=0.39s cpu=0.13s prep=0.01s (1.19e+10 res/s)
K=2293 sh=0 MOD=1133661268029390 thr=1732900 res=4.67e+09 tierC=608 surv=467 bits=467 conf=467 best=40 gpu=0.40s cpu=0.10s prep=0.01s (1.17e+10 res/s)
K=2294 sh=0 MOD=1133661268029390 thr=1732900 res=4.67e+09 tierC=608 surv=431 bits=431 conf=431 best=40 gpu=0.36s cpu=0.09s prep=0.01s (1.29e+10 res/s)
K=2295 sh=0 MOD=1133661268029390 thr=1732900 res=4.67e+09 tierC=608 surv=436 bits=436 conf=436 best=40 gpu=0.36s cpu=0.10s prep=0.01s (1.3e+10 res/s)
K=2296 sh=0 MOD=1133661268029390 thr=1732900 res=4.67e+09 tierC=608 surv=468 bits=468 conf=468 best=40 gpu=0.37s cpu=0.10s prep=0.01s (1.27e+10 res/s)
K=2297 sh=0 MOD=1133661268029390 thr=1732900 res=4.67e+09 tierC=608 surv=445 bits=445 conf=445 best=40 gpu=0.38s cpu=0.09s prep=0.01s (1.21e+10 res/s)
K=2298 sh=0 MOD=1133661268029390 thr=1732900 res=4.67e+09 tierC=608 surv=525 bits=525 conf=524 best=40 gpu=0.37s cpu=0.11s prep=0.01s (1.27e+10 res/s)
K=2299 sh=0 MOD=1133661268029390 thr=1732900 res=4.67e+09 tierC=608 surv=470 bits=470 conf=469 best=40 gpu=0.38s cpu=0.10s prep=0.01s (1.23e+10 res/s)
K=2300 sh=0 MOD=1133661268029390 thr=1732900 res=4.67e+09 tierC=608 surv=500 bits=500 conf=500 best=40 gpu=0.37s cpu=0.09s prep=0.01s (1.26e+10 res/s)
K=2301 sh=0 MOD=19214597763210 thr=1732900 res=4.67e+09 tierC=608 surv=481 bits=481 conf=479 best=40 gpu=0.37s cpu=0.08s prep=0.01s (1.27e+10 res/s)
K=2302 sh=0 MOD=1133661268029390 thr=1732900 res=4.67e+09 tierC=608 surv=487 bits=487 conf=487 best=40 gpu=0.36s cpu=0.10s prep=0.01s (1.29e+10 res/s)
K=2303 sh=0 MOD=1133661268029390 thr=1732900 res=4.67e+09 tierC=608 surv=422 bits=422 conf=422 best=40 gpu=0.37s cpu=0.10s prep=0.01s (1.28e+10 res/s)
K=2304 sh=0 MOD=1133661268029390 thr=1732900 res=4.67e+09 tierC=608 surv=454 bits=454 conf=454 best=40 gpu=5.68s cpu=0.09s prep=0.01s (8.22e+08 res/s)
K=2305 sh=0 MOD=1133661268029390 thr=1732900 res=4.67e+09 tierC=608 surv=509 bits=509 conf=508 best=40 gpu=0.36s cpu=0.10s prep=0.01s (1.3e+10 res/s)
K=2306 sh=0 MOD=1133661268029390 thr=1732900 res=4.67e+09 tierC=608 surv=452 bits=452 conf=452 best=40 gpu=0.38s cpu=0.09s prep=0.01s (1.24e+10 res/s)
K=2307 sh=0 MOD=1133661268029390 thr=1732900 res=4.67e+09 tierC=608 surv=487 bits=487 conf=487 best=40 gpu=0.37s cpu=0.09s prep=0.01s (1.27e+10 res/s)
K=2308 sh=0 MOD=1133661268029390 thr=1732900 res=4.67e+09 tierC=608 surv=464 bits=464 conf=464 best=40 gpu=0.37s cpu=0.09s prep=0.01s (1.27e+10 res/s)
K=2309 sh=0 MOD=1133661268029390 thr=1732900 res=4.67e+09 tierC=608 surv=526 bits=526 conf=526 best=40 gpu=0.36s cpu=0.10s prep=0.01s (1.3e+10 res/s)
K=2310 sh=0 MOD=1133661268029390 thr=1732900 res=4.67e+09 tierC=608 surv=458 bits=458 conf=458 best=40 gpu=0.37s cpu=0.09s prep=0.01s (1.25e+10 res/s)
K=2311 sh=0 MOD=1133661268029390 thr=1732900 res=4.67e+09 tierC=608 surv=427 bits=427 conf=427 best=40 gpu=0.36s cpu=0.09s prep=0.01s (1.3e+10 res/s)
K=2312 sh=0 MOD=1133661268029390 thr=1732900 res=4.67e+09 tierC=608 surv=420 bits=420 conf=420 best=40 gpu=0.36s cpu=0.09s prep=0.01s (1.29e+10 res/s)
K=2313 sh=0 MOD=1133661268029390 thr=1732900 res=4.67e+09 tierC=608 surv=572 bits=572 conf=571 best=40 gpu=0.37s cpu=0.12s prep=0.01s (1.25e+10 res/s)
K=2314 sh=0 MOD=1668647484402810 thr=2739100 res=1.1e+10 tierC=608 surv=1929 bits=1929 conf=1921 best=40 gpu=0.85s cpu=0.37s prep=0.01s (1.29e+10 res/s)
K=2315 sh=0 MOD=1133661268029390 thr=1732900 res=4.67e+09 tierC=608 surv=450 bits=450 conf=450 best=40 gpu=0.64s cpu=0.09s prep=0.01s (7.28e+09 res/s)
K=2316 sh=0 MOD=1133661268029390 thr=1732900 res=4.67e+09 tierC=608 surv=421 bits=421 conf=421 best=40 gpu=0.37s cpu=0.08s prep=0.01s (1.26e+10 res/s)
K=2317 sh=0 MOD=1133661268029390 thr=1732900 res=4.67e+09 tierC=608 surv=460 bits=460 conf=460 best=40 gpu=0.36s cpu=0.10s prep=0.01s (1.28e+10 res/s)
K=2318 sh=0 MOD=1133661268029390 thr=1732900 res=4.67e+09 tierC=608 surv=514 bits=514 conf=514 best=40 gpu=0.37s cpu=0.11s prep=0.01s (1.27e+10 res/s)
K=2319 sh=0 MOD=1133661268029390 thr=1732900 res=4.67e+09 tierC=608 surv=505 bits=505 conf=504 best=40 gpu=0.38s cpu=0.10s prep=0.01s (1.24e+10 res/s)
K=2320 sh=0 MOD=1133661268029390 thr=1732900 res=4.67e+09 tierC=608 surv=427 bits=427 conf=427 best=40 gpu=0.38s cpu=0.09s prep=0.01s (1.24e+10 res/s)
K=2321 sh=0 MOD=1133661268029390 thr=1732900 res=4.67e+09 tierC=608 surv=491 bits=491 conf=453 best=40 gpu=0.36s cpu=0.09s prep=0.01s (1.31e+10 res/s)
K=2322 sh=0 MOD=1133661268029390 thr=1732900 res=4.67e+09 tierC=608 surv=495 bits=495 conf=494 best=40 gpu=0.36s cpu=0.10s prep=0.01s (1.28e+10 res/s)
K=2323 sh=0 MOD=1470392337741090 thr=1974700 res=7.928e+09 tierC=608 surv=1395 bits=1395 conf=1391 best=40 gpu=0.64s cpu=0.27s prep=0.01s (1.23e+10 res/s)
K=2324 sh=0 MOD=1789272603757230 thr=3396484 res=1.364e+10 tierC=608 surv=2590 bits=2590 conf=2572 best=40 gpu=1.22s cpu=0.50s prep=0.01s (1.12e+10 res/s)
K=2325 sh=0 MOD=1133661268029390 thr=1732900 res=4.67e+09 tierC=608 surv=459 bits=459 conf=459 best=40 gpu=0.76s cpu=0.10s prep=0.01s (6.16e+09 res/s)
K=2326 sh=0 MOD=1133661268029390 thr=1732900 res=4.67e+09 tierC=608 surv=505 bits=505 conf=504 best=40 gpu=0.37s cpu=0.09s prep=0.01s (1.27e+10 res/s)
K=2327 sh=0 MOD=1133661268029390 thr=1732900 res=4.67e+09 tierC=608 surv=677 bits=677 conf=675 best=40 gpu=0.38s cpu=0.13s prep=0.01s (1.22e+10 res/s)
*** n=43 a=84035407372132789 d=889670633330160 (K=2328 shift=0)
K=2328 sh=0 MOD=1133661268029390 thr=1732900 res=4.67e+09 tierC=608 surv=413 bits=413 conf=413 best=43 gpu=0.40s cpu=0.08s prep=0.01s (1.15e+10 res/s)
K=2329 sh=0 MOD=1133661268029390 thr=1732900 res=4.67e+09 tierC=608 surv=817 bits=817 conf=813 best=43 gpu=0.40s cpu=0.16s prep=0.01s (1.17e+10 res/s)
K=2330 sh=0 MOD=1133661268029390 thr=1732900 res=4.67e+09 tierC=608 surv=575 bits=575 conf=574 best=43 gpu=0.45s cpu=0.11s prep=0.01s (1.04e+10 res/s)
K=2331 sh=0 MOD=1133661268029390 thr=1732900 res=4.67e+09 tierC=608 surv=450 bits=450 conf=450 best=43 gpu=0.38s cpu=0.09s prep=0.01s (1.24e+10 res/s)
K=2332 sh=0 MOD=1133661268029390 thr=1732900 res=4.67e+09 tierC=608 surv=457 bits=457 conf=457 best=43 gpu=0.36s cpu=0.09s prep=0.01s (1.29e+10 res/s)
*** n=47 a=63747646399014409 d=891581437955010 (K=2333 shift=0)
K=2333 sh=0 MOD=1133661268029390 thr=1732900 res=4.67e+09 tierC=608 surv=520 bits=520 conf=520 best=47 gpu=0.37s cpu=0.10s prep=0.01s (1.27e+10 res/s)
K=2334 sh=0 MOD=1133661268029390 thr=1732900 res=4.67e+09 tierC=608 surv=520 bits=520 conf=519 best=47 gpu=0.37s cpu=0.11s prep=0.01s (1.25e+10 res/s)
K=2335 sh=0 MOD=1133661268029390 thr=1732900 res=4.67e+09 tierC=608 surv=500 bits=500 conf=499 best=47 gpu=0.38s cpu=0.10s prep=0.01s (1.22e+10 res/s)
K=2336 sh=0 MOD=1133661268029390 thr=1732900 res=4.67e+09 tierC=608 surv=459 bits=459 conf=459 best=47 gpu=0.37s cpu=0.10s prep=0.01s (1.27e+10 res/s)
K=2337 sh=0 MOD=1133661268029390 thr=1732900 res=4.67e+09 tierC=608 surv=487 bits=487 conf=487 best=47 gpu=0.36s cpu=0.10s prep=0.01s (1.28e+10 res/s)
K=2338 sh=0 MOD=1133661268029390 thr=1732900 res=4.67e+09 tierC=608 surv=720 bits=720 conf=718 best=47 gpu=0.40s cpu=0.14s prep=0.01s (1.17e+10 res/s)
K=2339 sh=0 MOD=1133661268029390 thr=1732900 res=4.67e+09 tierC=608 surv=486 bits=486 conf=486 best=47 gpu=0.42s cpu=0.11s prep=0.01s (1.12e+10 res/s)
K=2340 sh=0 MOD=1133661268029390 thr=1732900 res=4.67e+09 tierC=608 surv=514 bits=514 conf=514 best=47 gpu=0.37s cpu=0.10s prep=0.01s (1.27e+10 res/s)
K=2341 sh=0 MOD=1133661268029390 thr=1732900 res=4.67e+09 tierC=608 surv=461 bits=461 conf=461 best=47 gpu=0.38s cpu=0.10s prep=0.01s (1.25e+10 res/s)
K=2342 sh=0 MOD=1133661268029390 thr=1732900 res=4.67e+09 tierC=608 surv=443 bits=443 conf=443 best=47 gpu=0.37s cpu=0.09s prep=0.01s (1.27e+10 res/s)
K=2343 sh=0 MOD=15967060113090 thr=133300 res=3.592e+08 tierC=608 surv=32 bits=32 conf=32 best=47 gpu=0.13s cpu=0.01s prep=0.01s (2.68e+09 res/s)
K=2344 sh=0 MOD=1133661268029390 thr=1732900 res=4.67e+09 tierC=608 surv=550 bits=550 conf=548 best=47 gpu=0.33s cpu=0.12s prep=0.01s (1.43e+10 res/s)
K=2345 sh=0 MOD=1133661268029390 thr=1732900 res=4.67e+09 tierC=608 surv=466 bits=466 conf=464 best=47 gpu=0.40s cpu=0.10s prep=0.01s (1.16e+10 res/s)
K=2346 sh=0 MOD=1133661268029390 thr=1732900 res=4.67e+09 tierC=608 surv=466 bits=466 conf=466 best=47 gpu=0.38s cpu=0.10s prep=0.01s (1.22e+10 res/s)
K=2347 sh=0 MOD=1133661268029390 thr=1732900 res=4.67e+09 tierC=608 surv=532 bits=532 conf=532 best=47 gpu=0.37s cpu=0.10s prep=0.01s (1.26e+10 res/s)
K=2348 sh=0 MOD=1133661268029390 thr=1732900 res=4.67e+09 tierC=608 surv=554 bits=554 conf=552 best=47 gpu=0.38s cpu=4.53s prep=0.01s (1.24e+10 res/s)
K=2349 sh=0 MOD=1133661268029390 thr=1732900 res=4.67e+09 tierC=608 surv=452 bits=452 conf=452 best=47 gpu=4.81s cpu=0.09s prep=0.01s (9.71e+08 res/s)
K=2350 sh=0 MOD=1133661268029390 thr=1732900 res=4.67e+09 tierC=608 surv=459 bits=459 conf=458 best=47 gpu=0.36s cpu=0.10s prep=0.01s (1.29e+10 res/s)
K=2351 sh=0 MOD=1133661268029390 thr=1732900 res=4.67e+09 tierC=608 surv=487 bits=487 conf=487 best=47 gpu=0.37s cpu=0.10s prep=0.01s (1.27e+10 res/s)
K=2352 sh=0 MOD=1133661268029390 thr=1732900 res=4.67e+09 tierC=608 surv=486 bits=486 conf=486 best=47 gpu=0.37s cpu=0.10s prep=0.01s (1.27e+10 res/s)
K=2353 sh=0 MOD=1133661268029390 thr=1732900 res=4.67e+09 tierC=608 surv=499 bits=499 conf=499 best=47 gpu=0.37s cpu=0.09s prep=0.01s (1.27e+10 res/s)
K=2354 sh=0 MOD=1387940430951870 thr=1732900 res=6.958e+09 tierC=608 surv=1199 bits=1199 conf=1193 best=47 gpu=0.57s cpu=0.25s prep=0.01s (1.23e+10 res/s)
K=2355 sh=0 MOD=1133661268029390 thr=1732900 res=4.67e+09 tierC=608 surv=453 bits=453 conf=453 best=47 gpu=0.52s cpu=0.09s prep=0.01s (8.91e+09 res/s)
K=2356 sh=0 MOD=1133661268029390 thr=1732900 res=4.67e+09 tierC=608 surv=455 bits=455 conf=455 best=47 gpu=0.37s cpu=0.09s prep=0.01s (1.28e+10 res/s)
K=2357 sh=0 MOD=1133661268029390 thr=1732900 res=4.67e+09 tierC=608 surv=512 bits=512 conf=512 best=47 gpu=0.37s cpu=0.10s prep=0.01s (1.27e+10 res/s)
K=2358 sh=0 MOD=1133661268029390 thr=1732900 res=4.67e+09 tierC=608 surv=809 bits=809 conf=807 best=47 gpu=0.42s cpu=0.15s prep=0.01s (1.12e+10 res/s)
K=2359 sh=0 MOD=1133661268029390 thr=1732900 res=4.67e+09 tierC=608 surv=463 bits=463 conf=461 best=47 gpu=0.42s cpu=0.09s prep=0.01s (1.11e+10 res/s)
K=2360 sh=0 MOD=19214597763210 thr=1732900 res=4.67e+09 tierC=608 surv=431 bits=431 conf=429 best=47 gpu=0.36s cpu=0.07s prep=0.01s (1.29e+10 res/s)
K=2361 sh=0 MOD=1133661268029390 thr=1732900 res=4.67e+09 tierC=608 surv=454 bits=454 conf=454 best=47 gpu=0.35s cpu=0.09s prep=0.01s (1.35e+10 res/s)
K=2362 sh=0 MOD=1133661268029390 thr=1732900 res=4.67e+09 tierC=608 surv=456 bits=456 conf=456 best=47 gpu=0.36s cpu=0.09s prep=0.01s (1.3e+10 res/s)
K=2363 sh=0 MOD=1133661268029390 thr=1732900 res=4.67e+09 tierC=608 surv=529 bits=529 conf=526 best=47 gpu=0.36s cpu=0.11s prep=0.01s (1.29e+10 res/s)
K=2364 sh=0 MOD=1133661268029390 thr=1732900 res=4.67e+09 tierC=608 surv=640 bits=640 conf=638 best=47 gpu=0.40s cpu=0.12s prep=0.01s (1.17e+10 res/s)
K=2365 sh=0 MOD=1133661268029390 thr=1732900 res=4.67e+09 tierC=608 surv=509 bits=509 conf=509 best=47 gpu=0.38s cpu=0.10s prep=0.01s (1.21e+10 res/s)
K=2366 sh=0 MOD=1133661268029390 thr=1732900 res=4.67e+09 tierC=608 surv=477 bits=477 conf=477 best=47 gpu=0.37s cpu=0.10s prep=0.01s (1.26e+10 res/s)
K=2367 sh=0 MOD=1133661268029390 thr=1732900 res=4.67e+09 tierC=608 surv=578 bits=578 conf=576 best=47 gpu=0.38s cpu=0.11s prep=0.01s (1.22e+10 res/s)
K=2368 sh=0 MOD=1133661268029390 thr=1732900 res=4.67e+09 tierC=608 surv=461 bits=461 conf=461 best=47 gpu=0.38s cpu=0.09s prep=0.01s (1.23e+10 res/s)
K=2369 sh=0 MOD=1133661268029390 thr=1732900 res=4.67e+09 tierC=608 surv=464 bits=464 conf=464 best=47 gpu=0.35s cpu=0.09s prep=0.01s (1.33e+10 res/s)
K=2370 sh=0 MOD=1133661268029390 thr=1732900 res=4.67e+09 tierC=608 surv=441 bits=441 conf=441 best=47 gpu=0.36s cpu=0.08s prep=0.01s (1.29e+10 res/s)
K=2371 sh=0 MOD=1133661268029390 thr=1732900 res=4.67e+09 tierC=608 surv=465 bits=465 conf=465 best=47 gpu=0.35s cpu=0.09s prep=0.01s (1.33e+10 res/s)
K=2372 sh=0 MOD=1133661268029390 thr=1732900 res=4.67e+09 tierC=608 surv=525 bits=525 conf=524 best=47 gpu=0.37s cpu=0.11s prep=0.01s (1.27e+10 res/s)
K=2373 sh=0 MOD=1314244478865930 thr=1732900 res=6.199e+09 tierC=608 surv=1199 bits=1199 conf=1189 best=47 gpu=0.55s cpu=0.21s prep=0.01s (1.14e+10 res/s)
K=2374 sh=0 MOD=1133661268029390 thr=1732900 res=4.67e+09 tierC=608 surv=487 bits=487 conf=487 best=47 gpu=0.48s cpu=0.10s prep=0.01s (9.69e+09 res/s)
K=2375 sh=0 MOD=1133661268029390 thr=1732900 res=4.67e+09 tierC=608 surv=470 bits=470 conf=470 best=47 gpu=0.38s cpu=0.10s prep=0.01s (1.24e+10 res/s)
K=2376 sh=0 MOD=1133661268029390 thr=1732900 res=4.67e+09 tierC=608 surv=448 bits=448 conf=448 best=47 gpu=0.37s cpu=0.10s prep=0.01s (1.26e+10 res/s)
K=2377 sh=0 MOD=1133661268029390 thr=1732900 res=4.67e+09 tierC=608 surv=521 bits=521 conf=521 best=47 gpu=0.38s cpu=0.11s prep=0.01s (1.24e+10 res/s)
K=2378 sh=0 MOD=1133661268029390 thr=1732900 res=4.67e+09 tierC=608 surv=477 bits=477 conf=477 best=47 gpu=0.38s cpu=0.11s prep=0.01s (1.22e+10 res/s)
K=2379 sh=0 MOD=1133661268029390 thr=1732900 res=4.67e+09 tierC=608 surv=433 bits=433 conf=433 best=47 gpu=0.39s cpu=0.10s prep=0.01s (1.2e+10 res/s)
K=2380 sh=0 MOD=1133661268029390 thr=1732900 res=4.67e+09 tierC=608 surv=520 bits=520 conf=520 best=47 gpu=0.37s cpu=0.10s prep=0.01s (1.28e+10 res/s)
K=2381 sh=0 MOD=1133661268029390 thr=1732900 res=4.67e+09 tierC=608 surv=511 bits=511 conf=511 best=47 gpu=0.37s cpu=0.11s prep=0.01s (1.26e+10 res/s)
K=2382 sh=0 MOD=1133661268029390 thr=1732900 res=4.67e+09 tierC=608 surv=484 bits=484 conf=484 best=47 gpu=0.38s cpu=0.11s prep=0.01s (1.21e+10 res/s)
K=2383 sh=0 MOD=1133661268029390 thr=1732900 res=4.67e+09 tierC=608 surv=445 bits=445 conf=445 best=47 gpu=6.35s cpu=0.09s prep=0.01s (7.35e+08 res/s)
K=2384 sh=0 MOD=1133661268029390 thr=1732900 res=4.67e+09 tierC=608 surv=784 bits=784 conf=777 best=47 gpu=0.39s cpu=0.14s prep=0.01s (1.21e+10 res/s)
K=2385 sh=0 MOD=1133661268029390 thr=1732900 res=4.67e+09 tierC=608 surv=438 bits=438 conf=438 best=47 gpu=0.42s cpu=0.10s prep=0.01s (1.12e+10 res/s)
K=2386 sh=0 MOD=1133661268029390 thr=1732900 res=4.67e+09 tierC=608 surv=491 bits=491 conf=488 best=47 gpu=0.37s cpu=0.09s prep=0.01s (1.25e+10 res/s)
K=2387 sh=0 MOD=1133661268029390 thr=1732900 res=4.67e+09 tierC=608 surv=523 bits=523 conf=483 best=47 gpu=0.38s cpu=0.10s prep=0.01s (1.23e+10 res/s)
K=2388 sh=0 MOD=1133661268029390 thr=1732900 res=4.67e+09 tierC=608 surv=475 bits=475 conf=475 best=47 gpu=0.37s cpu=0.10s prep=0.01s (1.26e+10 res/s)
K=2389 sh=0 MOD=1133661268029390 thr=1732900 res=4.67e+09 tierC=608 surv=498 bits=498 conf=498 best=47 gpu=0.38s cpu=0.10s prep=0.01s (1.23e+10 res/s)
K=2390 sh=0 MOD=1133661268029390 thr=1732900 res=4.67e+09 tierC=608 surv=646 bits=646 conf=646 best=47 gpu=0.40s cpu=0.13s prep=0.01s (1.16e+10 res/s)
K=2391 sh=0 MOD=1133661268029390 thr=1732900 res=4.67e+09 tierC=608 surv=474 bits=474 conf=473 best=47 gpu=0.40s cpu=0.09s prep=0.01s (1.17e+10 res/s)
K=2392 sh=0 MOD=1133661268029390 thr=1732900 res=4.67e+09 tierC=608 surv=431 bits=431 conf=431 best=47 gpu=0.36s cpu=0.09s prep=0.01s (1.29e+10 res/s)
K=2393 sh=0 MOD=1133661268029390 thr=1732900 res=4.67e+09 tierC=608 surv=482 bits=482 conf=482 best=47 gpu=0.36s cpu=0.10s prep=0.01s (1.31e+10 res/s)
K=2394 sh=0 MOD=1133661268029390 thr=1732900 res=4.67e+09 tierC=608 surv=506 bits=506 conf=506 best=47 gpu=0.38s cpu=0.09s prep=0.01s (1.23e+10 res/s)
K=2395 sh=0 MOD=1133661268029390 thr=1732900 res=4.67e+09 tierC=608 surv=547 bits=547 conf=546 best=47 gpu=0.37s cpu=0.10s prep=0.01s (1.28e+10 res/s)
K=2396 sh=0 MOD=1133661268029390 thr=1732900 res=4.67e+09 tierC=608 surv=505 bits=505 conf=504 best=47 gpu=0.37s cpu=0.10s prep=0.01s (1.27e+10 res/s)
K=2397 sh=0 MOD=1133661268029390 thr=1732900 res=4.67e+09 tierC=608 surv=441 bits=441 conf=441 best=47 gpu=0.38s cpu=0.09s prep=0.01s (1.22e+10 res/s)
K=2398 sh=0 MOD=1133661268029390 thr=1732900 res=4.67e+09 tierC=608 surv=483 bits=483 conf=483 best=47 gpu=0.36s cpu=0.10s prep=0.01s (1.29e+10 res/s)
K=2399 sh=0 MOD=1133661268029390 thr=1732900 res=4.67e+09 tierC=608 surv=513 bits=513 conf=513 best=47 gpu=0.36s cpu=0.10s prep=0.01s (1.28e+10 res/s)
K=2400 sh=0 MOD=1133661268029390 thr=1732900 res=4.67e+09 tierC=608 surv=421 bits=421 conf=421 best=47 gpu=0.38s cpu=0.09s prep=0.01s (1.23e+10 res/s)
K=2401 sh=0 MOD=1133661268029390 thr=1732900 res=4.67e+09 tierC=608 surv=457 bits=457 conf=457 best=47 gpu=0.36s cpu=0.09s prep=0.01s (1.3e+10 res/s)
K=2402 sh=0 MOD=1133661268029390 thr=1732900 res=4.67e+09 tierC=608 surv=454 bits=454 conf=454 best=47 gpu=0.37s cpu=0.09s prep=0.01s (1.27e+10 res/s)
K=2403 sh=0 MOD=1668647484402810 thr=2739100 res=1.1e+10 tierC=608 surv=1952 bits=1952 conf=1935 best=47 gpu=0.84s cpu=0.40s prep=0.01s (1.31e+10 res/s)
K=2404 sh=0 MOD=1133661268029390 thr=1732900 res=4.67e+09 tierC=608 surv=514 bits=514 conf=513 best=47 gpu=0.67s cpu=0.10s prep=0.01s (6.97e+09 res/s)
K=2405 sh=0 MOD=1133661268029390 thr=1732900 res=4.67e+09 tierC=608 surv=459 bits=459 conf=459 best=47 gpu=0.37s cpu=0.09s prep=0.01s (1.27e+10 res/s)
K=2406 sh=0 MOD=1133661268029390 thr=1732900 res=4.67e+09 tierC=608 surv=500 bits=500 conf=499 best=47 gpu=0.37s cpu=0.10s prep=0.01s (1.26e+10 res/s)
K=2407 sh=0 MOD=1789272603757230 thr=3396484 res=1.364e+10 tierC=608 surv=2350 bits=2350 conf=2340 best=47 gpu=1.06s cpu=0.49s prep=0.01s (1.29e+10 res/s)
K=2408 sh=0 MOD=1133661268029390 thr=1732900 res=4.67e+09 tierC=608 surv=429 bits=429 conf=429 best=47 gpu=0.76s cpu=0.09s prep=0.01s (6.15e+09 res/s)
K=2409 sh=0 MOD=1133661268029390 thr=1732900 res=4.67e+09 tierC=608 surv=443 bits=443 conf=443 best=47 gpu=0.36s cpu=0.10s prep=0.01s (1.31e+10 res/s)
K=2410 sh=0 MOD=1133661268029390 thr=1732900 res=4.67e+09 tierC=608 surv=439 bits=439 conf=439 best=47 gpu=0.37s cpu=0.09s prep=0.01s (1.27e+10 res/s)
K=2411 sh=0 MOD=1133661268029390 thr=1732900 res=4.67e+09 tierC=608 surv=468 bits=468 conf=468 best=47 gpu=0.35s cpu=0.10s prep=0.01s (1.32e+10 res/s)
K=2412 sh=0 MOD=1133661268029390 thr=1732900 res=4.67e+09 tierC=608 surv=484 bits=484 conf=483 best=47 gpu=0.37s cpu=0.10s prep=0.01s (1.28e+10 res/s)
K=2413 sh=0 MOD=1133661268029390 thr=1732900 res=4.67e+09 tierC=608 surv=520 bits=520 conf=520 best=47 gpu=0.37s cpu=0.10s prep=0.01s (1.27e+10 res/s)
K=2414 sh=0 MOD=15967060113090 thr=133300 res=3.592e+08 tierC=608 surv=36 bits=36 conf=36 best=47 gpu=0.14s cpu=0.01s prep=0.01s (2.57e+09 res/s)
K=2415 sh=0 MOD=1133661268029390 thr=1732900 res=4.67e+09 tierC=608 surv=469 bits=469 conf=469 best=47 gpu=0.28s cpu=0.10s prep=0.01s (1.66e+10 res/s)
K=2416 sh=0 MOD=1133661268029390 thr=1732900 res=4.67e+09 tierC=608 surv=463 bits=463 conf=463 best=47 gpu=0.37s cpu=0.09s prep=0.01s (1.25e+10 res/s)
K=2417 sh=0 MOD=1133661268029390 thr=1732900 res=4.67e+09 tierC=608 surv=467 bits=467 conf=466 best=47 gpu=0.36s cpu=0.09s prep=0.01s (1.3e+10 res/s)
K=2418 sh=0 MOD=1133661268029390 thr=1732900 res=4.67e+09 tierC=608 surv=453 bits=453 conf=453 best=47 gpu=0.37s cpu=0.09s prep=0.01s (1.25e+10 res/s)
K=2419 sh=0 MOD=19214597763210 thr=1732900 res=4.67e+09 tierC=608 surv=471 bits=471 conf=470 best=47 gpu=0.36s cpu=0.09s prep=0.01s (1.3e+10 res/s)
K=2420 sh=0 MOD=1133661268029390 thr=1732900 res=4.67e+09 tierC=608 surv=488 bits=488 conf=445 best=47 gpu=0.38s cpu=0.10s prep=0.01s (1.22e+10 res/s)
K=2421 sh=0 MOD=1133661268029390 thr=1732900 res=4.67e+09 tierC=608 surv=611 bits=611 conf=610 best=47 gpu=0.41s cpu=0.14s prep=0.01s (1.13e+10 res/s)
K=2422 sh=0 MOD=1133661268029390 thr=1732900 res=4.67e+09 tierC=608 surv=672 bits=672 conf=670 best=47 gpu=0.45s cpu=0.13s prep=0.01s (1.03e+10 res/s)
K=2423 sh=0 MOD=1133661268029390 thr=1732900 res=4.67e+09 tierC=608 surv=457 bits=457 conf=457 best=47 gpu=0.41s cpu=0.09s prep=0.01s (1.15e+10 res/s)
K=2424 sh=0 MOD=1470392337741090 thr=1974700 res=7.928e+09 tierC=608 surv=1370 bits=1370 conf=1366 best=47 gpu=0.64s cpu=0.28s prep=0.01s (1.24e+10 res/s)
K=2425 sh=0 MOD=1133661268029390 thr=1732900 res=4.67e+09 tierC=608 surv=449 bits=449 conf=449 best=47 gpu=0.54s cpu=0.09s prep=0.01s (8.58e+09 res/s)
K=2426 sh=0 MOD=1133661268029390 thr=1732900 res=4.67e+09 tierC=608 surv=446 bits=446 conf=446 best=47 gpu=0.36s cpu=0.09s prep=0.01s (1.3e+10 res/s)
K=2427 sh=0 MOD=1133661268029390 thr=1732900 res=4.67e+09 tierC=608 surv=564 bits=564 conf=563 best=47 gpu=0.36s cpu=0.11s prep=0.01s (1.31e+10 res/s)
K=2428 sh=0 MOD=1133661268029390 thr=1732900 res=4.67e+09 tierC=608 surv=518 bits=518 conf=518 best=47 gpu=0.38s cpu=0.10s prep=0.01s (1.24e+10 res/s)
K=2429 sh=0 MOD=1133661268029390 thr=1732900 res=4.67e+09 tierC=608 surv=536 bits=536 conf=535 best=47 gpu=0.38s cpu=0.11s prep=0.01s (1.22e+10 res/s)
K=2430 sh=0 MOD=1133661268029390 thr=1732900 res=4.67e+09 tierC=608 surv=466 bits=466 conf=466 best=47 gpu=0.39s cpu=0.09s prep=0.01s (1.21e+10 res/s)
K=2431 sh=0 MOD=1133661268029390 thr=1732900 res=4.67e+09 tierC=608 surv=440 bits=440 conf=440 best=47 gpu=0.36s cpu=0.09s prep=0.01s (1.29e+10 res/s)
K=2432 sh=0 MOD=1133661268029390 thr=1732900 res=4.67e+09 tierC=608 surv=449 bits=449 conf=449 best=47 gpu=0.36s cpu=0.09s prep=0.01s (1.29e+10 res/s)
K=2433 sh=0 MOD=1133661268029390 thr=1732900 res=4.67e+09 tierC=608 surv=442 bits=442 conf=442 best=47 gpu=0.37s cpu=0.09s prep=0.01s (1.27e+10 res/s)
K=2434 sh=0 MOD=1133661268029390 thr=1732900 res=4.67e+09 tierC=608 surv=553 bits=553 conf=553 best=47 gpu=0.37s cpu=0.11s prep=0.01s (1.25e+10 res/s)
K=2435 sh=0 MOD=1133661268029390 thr=1732900 res=4.67e+09 tierC=608 surv=519 bits=519 conf=519 best=47 gpu=0.39s cpu=0.10s prep=0.01s (1.19e+10 res/s)
K=2436 sh=0 MOD=1133661268029390 thr=1732900 res=4.67e+09 tierC=608 surv=449 bits=449 conf=449 best=47 gpu=0.37s cpu=0.09s prep=0.01s (1.26e+10 res/s)
K=2437 sh=0 MOD=1133661268029390 thr=1732900 res=4.67e+09 tierC=608 surv=493 bits=493 conf=493 best=47 gpu=0.36s cpu=0.10s prep=0.01s (1.29e+10 res/s)
K=2438 sh=0 MOD=1133661268029390 thr=1732900 res=4.67e+09 tierC=608 surv=439 bits=439 conf=439 best=47 gpu=0.37s cpu=0.08s prep=0.01s (1.25e+10 res/s)
K=2439 sh=0 MOD=1133661268029390 thr=1732900 res=4.67e+09 tierC=608 surv=505 bits=505 conf=503 best=47 gpu=0.36s cpu=0.09s prep=0.01s (1.31e+10 res/s)
K=2440 sh=0 MOD=1133661268029390 thr=1732900 res=4.67e+09 tierC=608 surv=433 bits=433 conf=429 best=47 gpu=0.37s cpu=0.09s prep=0.01s (1.25e+10 res/s)
K=2441 sh=0 MOD=1133661268029390 thr=1732900 res=4.67e+09 tierC=608 surv=458 bits=458 conf=458 best=47 gpu=0.36s cpu=0.10s prep=0.01s (1.31e+10 res/s)
K=2442 sh=0 MOD=1133661268029390 thr=1732900 res=4.67e+09 tierC=608 surv=442 bits=442 conf=442 best=47 gpu=0.37s cpu=0.09s prep=0.01s (1.25e+10 res/s)
K=2443 sh=0 MOD=1133661268029390 thr=1732900 res=4.67e+09 tierC=608 surv=462 bits=462 conf=462 best=47 gpu=0.36s cpu=0.10s prep=0.01s (1.3e+10 res/s)
K=2444 sh=0 MOD=1133661268029390 thr=1732900 res=4.67e+09 tierC=608 surv=467 bits=467 conf=467 best=47 gpu=0.37s cpu=0.09s prep=0.01s (1.26e+10 res/s)
K=2445 sh=0 MOD=1133661268029390 thr=1732900 res=4.67e+09 tierC=608 surv=449 bits=449 conf=449 best=47 gpu=0.37s cpu=0.09s prep=0.01s (1.26e+10 res/s)
K=2446 sh=0 MOD=1133661268029390 thr=1732900 res=4.67e+09 tierC=608 surv=517 bits=517 conf=517 best=47 gpu=0.36s cpu=0.10s prep=0.01s (1.3e+10 res/s)
K=2447 sh=0 MOD=1133661268029390 thr=1732900 res=4.67e+09 tierC=608 surv=443 bits=443 conf=443 best=47 gpu=0.36s cpu=0.09s prep=0.01s (1.28e+10 res/s)
K=2448 sh=0 MOD=1133661268029390 thr=1732900 res=4.67e+09 tierC=608 surv=449 bits=449 conf=449 best=47 gpu=0.37s cpu=0.09s prep=0.01s (1.27e+10 res/s)
K=2449 sh=0 MOD=1133661268029390 thr=1732900 res=4.67e+09 tierC=608 surv=450 bits=450 conf=450 best=47 gpu=0.36s cpu=0.09s prep=0.01s (1.3e+10 res/s)
K=2450 sh=0 MOD=1133661268029390 thr=1732900 res=4.67e+09 tierC=608 surv=462 bits=462 conf=462 best=47 gpu=0.37s cpu=0.09s prep=0.01s (1.26e+10 res/s)
K=2451 sh=0 MOD=1133661268029390 thr=1732900 res=4.67e+09 tierC=608 surv=454 bits=454 conf=454 best=47 gpu=0.37s cpu=0.10s prep=0.01s (1.27e+10 res/s)
K=2452 sh=0 MOD=1133661268029390 thr=1732900 res=4.67e+09 tierC=608 surv=454 bits=454 conf=454 best=47 gpu=0.37s cpu=0.09s prep=0.01s (1.25e+10 res/s)
K=2453 sh=0 MOD=1133661268029390 thr=1732900 res=4.67e+09 tierC=608 surv=491 bits=491 conf=450 best=47 gpu=0.37s cpu=0.09s prep=0.01s (1.28e+10 res/s)
K=2454 sh=0 MOD=1133661268029390 thr=1732900 res=4.67e+09 tierC=608 surv=473 bits=473 conf=473 best=47 gpu=0.37s cpu=0.09s prep=0.01s (1.28e+10 res/s)
K=2455 sh=0 MOD=1133661268029390 thr=1732900 res=4.67e+09 tierC=608 surv=503 bits=503 conf=502 best=47 gpu=0.37s cpu=0.10s prep=0.01s (1.27e+10 res/s)
K=2456 sh=0 MOD=1133661268029390 thr=1732900 res=4.67e+09 tierC=608 surv=448 bits=448 conf=448 best=47 gpu=0.37s cpu=0.09s prep=0.01s (1.26e+10 res/s)
K=2457 sh=0 MOD=1133661268029390 thr=1732900 res=4.67e+09 tierC=608 surv=486 bits=486 conf=486 best=47 gpu=0.36s cpu=0.10s prep=0.01s (1.3e+10 res/s)
K=2458 sh=0 MOD=1133661268029390 thr=1732900 res=4.67e+09 tierC=608 surv=541 bits=541 conf=537 best=47 gpu=0.37s cpu=0.10s prep=0.01s (1.27e+10 res/s)
K=2459 sh=0 MOD=1133661268029390 thr=1732900 res=4.67e+09 tierC=608 surv=489 bits=489 conf=489 best=47 gpu=0.38s cpu=0.10s prep=0.01s (1.24e+10 res/s)
K=2460 sh=0 MOD=1133661268029390 thr=1732900 res=4.67e+09 tierC=608 surv=504 bits=504 conf=504 best=47 gpu=0.37s cpu=0.09s prep=0.01s (1.27e+10 res/s)
K=2461 sh=0 MOD=1387940430951870 thr=1732900 res=6.958e+09 tierC=608 surv=1224 bits=1224 conf=1221 best=47 gpu=0.58s cpu=0.24s prep=0.01s (1.21e+10 res/s)
K=2462 sh=0 MOD=1133661268029390 thr=1732900 res=4.67e+09 tierC=608 surv=436 bits=436 conf=436 best=47 gpu=0.51s cpu=0.09s prep=0.01s (9.09e+09 res/s)
K=2463 sh=0 MOD=1133661268029390 thr=1732900 res=4.67e+09 tierC=608 surv=531 bits=531 conf=528 best=47 gpu=0.35s cpu=0.11s prep=0.01s (1.33e+10 res/s)
K=2464 sh=0 MOD=1133661268029390 thr=1732900 res=4.67e+09 tierC=608 surv=441 bits=441 conf=441 best=47 gpu=0.37s cpu=0.09s prep=0.01s (1.25e+10 res/s)
K=2465 sh=0 MOD=1133661268029390 thr=1732900 res=4.67e+09 tierC=608 surv=494 bits=494 conf=494 best=47 gpu=0.37s cpu=0.09s prep=0.01s (1.28e+10 res/s)
K=2466 sh=0 MOD=1133661268029390 thr=1732900 res=4.67e+09 tierC=608 surv=815 bits=815 conf=812 best=47 gpu=0.41s cpu=0.14s prep=0.01s (1.15e+10 res/s)
K=2467 sh=0 MOD=1133661268029390 thr=1732900 res=4.67e+09 tierC=608 surv=491 bits=491 conf=491 best=47 gpu=0.42s cpu=0.09s prep=0.01s (1.11e+10 res/s)
K=2468 sh=0 MOD=1133661268029390 thr=1732900 res=4.67e+09 tierC=608 surv=469 bits=469 conf=469 best=47 gpu=0.37s cpu=0.09s prep=0.01s (1.26e+10 res/s)
K=2469 sh=0 MOD=1133661268029390 thr=1732900 res=4.67e+09 tierC=608 surv=422 bits=422 conf=422 best=47 gpu=0.36s cpu=0.09s prep=0.01s (1.29e+10 res/s)
K=2470 sh=0 MOD=1133661268029390 thr=1732900 res=4.67e+09 tierC=608 surv=477 bits=477 conf=477 best=47 gpu=0.36s cpu=0.10s prep=0.01s (1.31e+10 res/s)
K=2471 sh=0 MOD=1133661268029390 thr=1732900 res=4.67e+09 tierC=608 surv=536 bits=536 conf=536 best=47 gpu=0.37s cpu=0.10s prep=0.01s (1.25e+10 res/s)
K=2472 sh=0 MOD=1133661268029390 thr=1732900 res=4.67e+09 tierC=608 surv=474 bits=474 conf=470 best=47 gpu=0.38s cpu=0.09s prep=0.01s (1.24e+10 res/s)
K=2473 sh=0 MOD=1133661268029390 thr=1732900 res=4.67e+09 tierC=608 surv=481 bits=481 conf=481 best=47 gpu=0.37s cpu=0.10s prep=0.01s (1.26e+10 res/s)
K=2474 sh=0 MOD=1133661268029390 thr=1732900 res=4.67e+09 tierC=608 surv=444 bits=444 conf=444 best=47 gpu=0.38s cpu=0.09s prep=0.01s (1.23e+10 res/s)
K=2475 sh=0 MOD=1133661268029390 thr=1732900 res=4.67e+09 tierC=608 surv=463 bits=463 conf=463 best=47 gpu=0.35s cpu=0.10s prep=0.01s (1.32e+10 res/s)
K=2476 sh=0 MOD=1133661268029390 thr=1732900 res=4.67e+09 tierC=608 surv=464 bits=464 conf=462 best=47 gpu=0.37s cpu=0.09s prep=0.01s (1.25e+10 res/s)
K=2477 sh=0 MOD=1133661268029390 thr=1732900 res=4.67e+09 tierC=608 surv=491 bits=491 conf=491 best=47 gpu=0.36s cpu=0.10s prep=0.01s (1.3e+10 res/s)
K=2478 sh=0 MOD=19214597763210 thr=1732900 res=4.67e+09 tierC=608 surv=442 bits=442 conf=438 best=47 gpu=0.37s cpu=0.07s prep=0.01s (1.25e+10 res/s)
K=2479 sh=0 MOD=1133661268029390 thr=1732900 res=4.67e+09 tierC=608 surv=455 bits=455 conf=455 best=47 gpu=0.37s cpu=0.10s prep=0.01s (1.27e+10 res/s)
K=2480 sh=0 MOD=1133661268029390 thr=1732900 res=4.67e+09 tierC=608 surv=461 bits=461 conf=461 best=47 gpu=0.37s cpu=0.09s prep=0.01s (1.25e+10 res/s)
K=2481 sh=0 MOD=1133661268029390 thr=1732900 res=4.67e+09 tierC=608 surv=545 bits=545 conf=542 best=47 gpu=0.37s cpu=0.10s prep=0.01s (1.27e+10 res/s)
K=2482 sh=0 MOD=1133661268029390 thr=1732900 res=4.67e+09 tierC=608 surv=434 bits=434 conf=434 best=47 gpu=0.37s cpu=0.09s prep=0.01s (1.26e+10 res/s)
K=2483 sh=0 MOD=1133661268029390 thr=1732900 res=4.67e+09 tierC=608 surv=620 bits=620 conf=620 best=47 gpu=0.39s cpu=0.13s prep=0.01s (1.2e+10 res/s)
K=2484 sh=0 MOD=1133661268029390 thr=1732900 res=4.67e+09 tierC=608 surv=467 bits=467 conf=467 best=47 gpu=0.39s cpu=0.09s prep=0.01s (1.19e+10 res/s)
K=2485 sh=0 MOD=15967060113090 thr=133300 res=3.592e+08 tierC=608 surv=38 bits=38 conf=38 best=47 gpu=0.13s cpu=0.01s prep=0.01s (2.69e+09 res/s)
K=2486 sh=0 MOD=1314244478865930 thr=1732900 res=6.199e+09 tierC=608 surv=1073 bits=1073 conf=1066 best=47 gpu=0.44s cpu=0.22s prep=0.01s (1.4e+10 res/s)
K=2487 sh=0 MOD=1133661268029390 thr=1732900 res=4.67e+09 tierC=608 surv=473 bits=473 conf=473 best=47 gpu=0.50s cpu=0.09s prep=0.01s (9.43e+09 res/s)
K=2488 sh=0 MOD=1133661268029390 thr=1732900 res=4.67e+09 tierC=608 surv=585 bits=585 conf=583 best=47 gpu=0.38s cpu=0.12s prep=0.01s (1.24e+10 res/s)
K=2489 sh=0 MOD=1133661268029390 thr=1732900 res=4.67e+09 tierC=608 surv=833 bits=833 conf=833 best=47 gpu=0.44s cpu=0.17s prep=0.01s (1.07e+10 res/s)
K=2490 sh=0 MOD=1789272603757230 thr=3396484 res=1.364e+10 tierC=608 surv=2537 bits=2537 conf=2518 best=47 gpu=1.09s cpu=0.48s prep=0.01s (1.25e+10 res/s)
K=2491 sh=0 MOD=1133661268029390 thr=1732900 res=4.67e+09 tierC=608 surv=440 bits=440 conf=440 best=47 gpu=0.75s cpu=0.09s prep=0.01s (6.26e+09 res/s)
K=2492 sh=0 MOD=1668647484402810 thr=2739100 res=1.1e+10 tierC=608 surv=1982 bits=1982 conf=1971 best=47 gpu=0.85s cpu=0.41s prep=0.01s (1.29e+10 res/s)
K=2493 sh=0 MOD=1133661268029390 thr=1732900 res=4.67e+09 tierC=608 surv=432 bits=432 conf=432 best=47 gpu=0.69s cpu=0.08s prep=0.01s (6.79e+09 res/s)
K=2494 sh=0 MOD=1133661268029390 thr=1732900 res=4.67e+09 tierC=608 surv=465 bits=465 conf=465 best=47 gpu=0.36s cpu=0.10s prep=0.01s (1.29e+10 res/s)
K=2495 sh=0 MOD=1133661268029390 thr=1732900 res=4.67e+09 tierC=608 surv=493 bits=493 conf=493 best=47 gpu=0.37s cpu=0.10s prep=0.01s (1.25e+10 res/s)
K=2496 sh=0 MOD=1133661268029390 thr=1732900 res=4.67e+09 tierC=608 surv=474 bits=474 conf=474 best=47 gpu=0.37s cpu=0.10s prep=0.01s (1.26e+10 res/s)
K=2497 sh=0 MOD=1133661268029390 thr=1732900 res=4.67e+09 tierC=608 surv=631 bits=631 conf=626 best=47 gpu=0.39s cpu=0.11s prep=0.01s (1.18e+10 res/s)
K=2498 sh=0 MOD=1133661268029390 thr=1732900 res=4.67e+09 tierC=608 surv=464 bits=464 conf=464 best=47 gpu=0.39s cpu=0.09s prep=0.01s (1.21e+10 res/s)
K=2499 sh=0 MOD=1133661268029390 thr=1732900 res=4.67e+09 tierC=608 surv=487 bits=487 conf=486 best=47 gpu=0.36s cpu=0.10s prep=0.01s (1.29e+10 res/s)
K=2500 sh=0 MOD=1133661268029390 thr=1732900 res=4.67e+09 tierC=608 surv=505 bits=505 conf=505 best=47 gpu=0.36s cpu=0.10s prep=0.01s (1.3e+10 res/s)
K=2501 sh=0 MOD=1133661268029390 thr=1732900 res=4.67e+09 tierC=608 surv=475 bits=475 conf=475 best=47 gpu=0.37s cpu=0.10s prep=0.01s (1.27e+10 res/s)
K=2502 sh=0 MOD=1133661268029390 thr=1732900 res=4.67e+09 tierC=608 surv=444 bits=444 conf=444 best=47 gpu=0.37s cpu=0.09s prep=0.01s (1.26e+10 res/s)
K=2503 sh=0 MOD=1133661268029390 thr=1732900 res=4.67e+09 tierC=608 surv=430 bits=430 conf=430 best=47 gpu=0.36s cpu=0.09s prep=0.01s (1.3e+10 res/s)
K=2504 sh=0 MOD=1133661268029390 thr=1732900 res=4.67e+09 tierC=608 surv=468 bits=468 conf=468 best=47 gpu=0.35s cpu=0.10s prep=0.01s (1.33e+10 res/s)
K=2505 sh=0 MOD=1133661268029390 thr=1732900 res=4.67e+09 tierC=608 surv=772 bits=772 conf=769 best=47 gpu=0.42s cpu=0.15s prep=0.01s (1.12e+10 res/s)
K=2506 sh=0 MOD=1133661268029390 thr=1732900 res=4.67e+09 tierC=608 surv=687 bits=687 conf=684 best=47 gpu=0.45s cpu=0.14s prep=0.01s (1.05e+10 res/s)
K=2507 sh=0 MOD=1133661268029390 thr=1732900 res=4.67e+09 tierC=608 surv=454 bits=454 conf=454 best=47 gpu=0.42s cpu=0.09s prep=0.01s (1.12e+10 res/s)
K=2508 sh=0 MOD=1133661268029390 thr=1732900 res=4.67e+09 tierC=608 surv=461 bits=461 conf=461 best=47 gpu=0.37s cpu=0.09s prep=0.01s (1.27e+10 res/s)
K=2509 sh=0 MOD=1133661268029390 thr=1732900 res=4.67e+09 tierC=608 surv=444 bits=444 conf=444 best=47 gpu=0.36s cpu=0.09s prep=0.01s (1.3e+10 res/s)
K=2510 sh=0 MOD=1133661268029390 thr=1732900 res=4.67e+09 tierC=608 surv=590 bits=590 conf=590 best=47 gpu=0.39s cpu=0.13s prep=0.01s (1.21e+10 res/s)
K=2511 sh=0 MOD=1133661268029390 thr=1732900 res=4.67e+09 tierC=608 surv=457 bits=457 conf=457 best=47 gpu=0.40s cpu=0.09s prep=0.01s (1.18e+10 res/s)
K=2512 sh=0 MOD=1133661268029390 thr=1732900 res=4.67e+09 tierC=608 surv=499 bits=499 conf=498 best=47 gpu=0.36s cpu=0.10s prep=0.01s (1.31e+10 res/s)
K=2513 sh=0 MOD=1133661268029390 thr=1732900 res=4.67e+09 tierC=608 surv=564 bits=564 conf=563 best=47 gpu=0.39s cpu=0.12s prep=0.01s (1.21e+10 res/s)
K=2514 sh=0 MOD=1133661268029390 thr=1732900 res=4.67e+09 tierC=608 surv=548 bits=548 conf=548 best=47 gpu=0.39s cpu=0.10s prep=0.01s (1.19e+10 res/s)
K=2515 sh=0 MOD=1133661268029390 thr=1732900 res=4.67e+09 tierC=608 surv=535 bits=535 conf=534 best=47 gpu=0.37s cpu=0.11s prep=0.01s (1.25e+10 res/s)
K=2516 sh=0 MOD=1133661268029390 thr=1732900 res=4.67e+09 tierC=608 surv=445 bits=445 conf=445 best=47 gpu=0.39s cpu=0.10s prep=0.01s (1.21e+10 res/s)
K=2517 sh=0 MOD=1133661268029390 thr=1732900 res=4.67e+09 tierC=608 surv=555 bits=555 conf=554 best=47 gpu=0.39s cpu=0.10s prep=0.01s (1.19e+10 res/s)
K=2518 sh=0 MOD=1133661268029390 thr=1732900 res=4.67e+09 tierC=608 surv=484 bits=484 conf=484 best=47 gpu=0.38s cpu=0.09s prep=0.01s (1.24e+10 res/s)
K=2519 sh=0 MOD=1133661268029390 thr=1732900 res=4.67e+09 tierC=608 surv=442 bits=442 conf=442 best=47 gpu=0.38s cpu=0.09s prep=0.01s (1.24e+10 res/s)
K=2520 sh=0 MOD=1133661268029390 thr=1732900 res=4.67e+09 tierC=608 surv=446 bits=446 conf=446 best=47 gpu=0.37s cpu=0.09s prep=0.01s (1.28e+10 res/s)
K=2521 sh=0 MOD=1133661268029390 thr=1732900 res=4.67e+09 tierC=608 surv=410 bits=410 conf=410 best=47 gpu=0.38s cpu=0.08s prep=0.01s (1.22e+10 res/s)
K=2522 sh=0 MOD=1133661268029390 thr=1732900 res=4.67e+09 tierC=608 surv=446 bits=446 conf=446 best=47 gpu=0.36s cpu=0.09s prep=0.01s (1.31e+10 res/s)
K=2523 sh=0 MOD=1133661268029390 thr=1732900 res=4.67e+09 tierC=608 surv=484 bits=484 conf=484 best=47 gpu=0.37s cpu=0.10s prep=0.01s (1.27e+10 res/s)
K=2524 sh=0 MOD=1133661268029390 thr=1732900 res=4.67e+09 tierC=608 surv=476 bits=476 conf=476 best=47 gpu=0.37s cpu=0.10s prep=0.01s (1.26e+10 res/s)
K=2525 sh=0 MOD=1470392337741090 thr=1974700 res=7.928e+09 tierC=608 surv=1391 bits=1391 conf=1387 best=47 gpu=0.64s cpu=0.28s prep=0.01s (1.23e+10 res/s)
K=2526 sh=0 MOD=1133661268029390 thr=1732900 res=4.67e+09 tierC=608 surv=531 bits=531 conf=531 best=47 gpu=0.58s cpu=0.10s prep=0.01s (8.08e+09 res/s)
K=2527 sh=0 MOD=1133661268029390 thr=1732900 res=4.67e+09 tierC=608 surv=450 bits=450 conf=450 best=47 gpu=0.37s cpu=0.09s prep=0.01s (1.26e+10 res/s)
K=2528 sh=0 MOD=1133661268029390 thr=1732900 res=4.67e+09 tierC=608 surv=485 bits=485 conf=485 best=47 gpu=0.36s cpu=0.09s prep=0.01s (1.3e+10 res/s)
K=2529 sh=0 MOD=1133661268029390 thr=1732900 res=4.67e+09 tierC=608 surv=544 bits=544 conf=542 best=47 gpu=0.38s cpu=0.10s prep=0.01s (1.23e+10 res/s)
K=2530 sh=0 MOD=1133661268029390 thr=1732900 res=4.67e+09 tierC=608 surv=489 bits=489 conf=468 best=47 gpu=0.38s cpu=0.09s prep=0.01s (1.24e+10 res/s)
K=2531 sh=0 MOD=1133661268029390 thr=1732900 res=4.67e+09 tierC=608 surv=492 bits=492 conf=492 best=47 gpu=0.37s cpu=0.11s prep=0.01s (1.26e+10 res/s)
K=2532 sh=0 MOD=1133661268029390 thr=1732900 res=4.67e+09 tierC=608 surv=488 bits=488 conf=488 best=47 gpu=0.38s cpu=0.10s prep=0.01s (1.24e+10 res/s)
K=2533 sh=0 MOD=1133661268029390 thr=1732900 res=4.67e+09 tierC=608 surv=862 bits=862 conf=859 best=47 gpu=0.41s cpu=0.15s prep=0.01s (1.14e+10 res/s)
K=2534 sh=0 MOD=1133661268029390 thr=1732900 res=4.67e+09 tierC=608 surv=450 bits=450 conf=450 best=47 gpu=0.43s cpu=0.09s prep=0.01s (1.1e+10 res/s)
K=2535 sh=0 MOD=1133661268029390 thr=1732900 res=4.67e+09 tierC=608 surv=492 bits=492 conf=492 best=47 gpu=0.38s cpu=0.10s prep=0.01s (1.23e+10 res/s)
K=2536 sh=0 MOD=1133661268029390 thr=1732900 res=4.67e+09 tierC=608 surv=565 bits=565 conf=564 best=47 gpu=0.38s cpu=0.12s prep=0.01s (1.23e+10 res/s)
K=2537 sh=0 MOD=19214597763210 thr=1732900 res=4.67e+09 tierC=608 surv=461 bits=461 conf=461 best=47 gpu=0.38s cpu=0.08s prep=0.01s (1.21e+10 res/s)
K=2538 sh=0 MOD=1133661268029390 thr=1732900 res=4.67e+09 tierC=608 surv=449 bits=449 conf=449 best=47 gpu=0.35s cpu=0.09s prep=0.01s (1.33e+10 res/s)
K=2539 sh=0 MOD=1133661268029390 thr=1732900 res=4.67e+09 tierC=608 surv=500 bits=500 conf=500 best=47 gpu=0.37s cpu=0.10s prep=0.01s (1.27e+10 res/s)
K=2540 sh=0 MOD=1133661268029390 thr=1732900 res=4.67e+09 tierC=608 surv=491 bits=491 conf=491 best=47 gpu=0.38s cpu=0.09s prep=0.01s (1.24e+10 res/s)
K=2541 sh=0 MOD=1133661268029390 thr=1732900 res=4.67e+09 tierC=608 surv=473 bits=473 conf=473 best=47 gpu=0.36s cpu=0.09s prep=0.01s (1.3e+10 res/s)
K=2542 sh=0 MOD=1133661268029390 thr=1732900 res=4.67e+09 tierC=608 surv=455 bits=455 conf=455 best=47 gpu=0.37s cpu=0.09s prep=0.01s (1.27e+10 res/s)
K=2543 sh=0 MOD=1133661268029390 thr=1732900 res=4.67e+09 tierC=608 surv=462 bits=462 conf=462 best=47 gpu=0.37s cpu=0.09s prep=0.01s (1.26e+10 res/s)
K=2544 sh=0 MOD=1133661268029390 thr=1732900 res=4.67e+09 tierC=608 surv=461 bits=461 conf=461 best=47 gpu=0.36s cpu=0.10s prep=0.01s (1.29e+10 res/s)
K=2545 sh=0 MOD=1133661268029390 thr=1732900 res=4.67e+09 tierC=608 surv=526 bits=526 conf=525 best=47 gpu=0.37s cpu=0.10s prep=0.01s (1.28e+10 res/s)
K=2546 sh=0 MOD=1133661268029390 thr=1732900 res=4.67e+09 tierC=608 surv=451 bits=451 conf=451 best=47 gpu=0.37s cpu=0.09s prep=0.01s (1.25e+10 res/s)
K=2547 sh=0 MOD=1133661268029390 thr=1732900 res=4.67e+09 tierC=608 surv=485 bits=485 conf=484 best=47 gpu=0.36s cpu=0.10s prep=0.01s (1.32e+10 res/s)
K=2548 sh=0 MOD=1133661268029390 thr=1732900 res=4.67e+09 tierC=608 surv=438 bits=438 conf=438 best=47 gpu=0.36s cpu=0.08s prep=0.01s (1.28e+10 res/s)
K=2549 sh=0 MOD=1133661268029390 thr=1732900 res=4.67e+09 tierC=608 surv=439 bits=439 conf=439 best=47 gpu=0.36s cpu=0.09s prep=0.01s (1.31e+10 res/s)
K=2550 sh=0 MOD=1133661268029390 thr=1732900 res=4.67e+09 tierC=608 surv=479 bits=479 conf=479 best=47 gpu=0.35s cpu=0.10s prep=0.01s (1.33e+10 res/s)
K=2551 sh=0 MOD=1133661268029390 thr=1732900 res=4.67e+09 tierC=608 surv=462 bits=462 conf=462 best=47 gpu=0.37s cpu=0.09s prep=0.01s (1.25e+10 res/s)
K=2552 sh=0 MOD=1133661268029390 thr=1732900 res=4.67e+09 tierC=608 surv=475 bits=475 conf=475 best=47 gpu=0.36s cpu=0.09s prep=0.01s (1.28e+10 res/s)
K=2553 sh=0 MOD=1133661268029390 thr=1732900 res=4.67e+09 tierC=608 surv=444 bits=444 conf=443 best=47 gpu=0.36s cpu=0.09s prep=0.01s (1.29e+10 res/s)
K=2554 sh=0 MOD=1133661268029390 thr=1732900 res=4.67e+09 tierC=608 surv=463 bits=463 conf=463 best=47 gpu=0.35s cpu=0.09s prep=0.01s (1.33e+10 res/s)
K=2555 sh=0 MOD=1133661268029390 thr=1732900 res=4.67e+09 tierC=608 surv=463 bits=463 conf=463 best=47 gpu=0.37s cpu=0.09s prep=0.01s (1.27e+10 res/s)
K=2556 sh=0 MOD=15967060113090 thr=133300 res=3.592e+08 tierC=608 surv=37 bits=37 conf=37 best=47 gpu=0.13s cpu=0.02s prep=0.01s (2.69e+09 res/s)
K=2557 sh=0 MOD=1133661268029390 thr=1732900 res=4.67e+09 tierC=608 surv=454 bits=454 conf=454 best=47 gpu=0.29s cpu=0.09s prep=0.01s (1.6e+10 res/s)
K=2558 sh=0 MOD=1133661268029390 thr=1732900 res=4.67e+09 tierC=608 surv=452 bits=452 conf=452 best=47 gpu=0.36s cpu=0.09s prep=0.01s (1.29e+10 res/s)
K=2559 sh=0 MOD=1133661268029390 thr=1732900 res=4.67e+09 tierC=608 surv=456 bits=456 conf=456 best=47 gpu=0.37s cpu=0.09s prep=0.01s (1.28e+10 res/s)
K=2560 sh=0 MOD=1133661268029390 thr=1732900 res=4.67e+09 tierC=608 surv=454 bits=454 conf=454 best=47 gpu=0.37s cpu=0.09s prep=0.01s (1.26e+10 res/s)
K=2561 sh=0 MOD=1133661268029390 thr=1732900 res=4.67e+09 tierC=608 surv=650 bits=650 conf=649 best=47 gpu=0.41s cpu=0.13s prep=0.01s (1.15e+10 res/s)
K=2562 sh=0 MOD=1133661268029390 thr=1732900 res=4.67e+09 tierC=608 surv=481 bits=481 conf=481 best=47 gpu=0.40s cpu=0.10s prep=0.01s (1.16e+10 res/s)
K=2563 sh=0 MOD=1133661268029390 thr=1732900 res=4.67e+09 tierC=608 surv=631 bits=631 conf=629 best=47 gpu=0.39s cpu=0.13s prep=0.01s (1.21e+10 res/s)
K=2564 sh=0 MOD=1133661268029390 thr=1732900 res=4.67e+09 tierC=608 surv=520 bits=520 conf=519 best=47 gpu=0.40s cpu=0.11s prep=0.01s (1.15e+10 res/s)
K=2565 sh=0 MOD=1133661268029390 thr=1732900 res=4.67e+09 tierC=608 surv=430 bits=430 conf=430 best=47 gpu=0.37s cpu=0.09s prep=0.01s (1.25e+10 res/s)
K=2566 sh=0 MOD=1133661268029390 thr=1732900 res=4.67e+09 tierC=608 surv=558 bits=558 conf=557 best=47 gpu=0.36s cpu=0.10s prep=0.01s (1.28e+10 res/s)
K=2567 sh=0 MOD=1133661268029390 thr=1732900 res=4.67e+09 tierC=608 surv=462 bits=462 conf=462 best=47 gpu=0.38s cpu=0.09s prep=0.01s (1.23e+10 res/s)
K=2568 sh=0 MOD=1387940430951870 thr=1732900 res=6.958e+09 tierC=608 surv=1307 bits=1307 conf=1301 best=47 gpu=0.57s cpu=0.25s prep=0.01s (1.22e+10 res/s)
K=2569 sh=0 MOD=1133661268029390 thr=1732900 res=4.67e+09 tierC=608 surv=474 bits=474 conf=474 best=47 gpu=0.52s cpu=0.10s prep=0.01s (9.07e+09 res/s)
K=2570 sh=0 MOD=1133661268029390 thr=1732900 res=4.67e+09 tierC=608 surv=623 bits=623 conf=623 best=47 gpu=0.39s cpu=0.12s prep=0.01s (1.2e+10 res/s)
K=2571 sh=0 MOD=1133661268029390 thr=1732900 res=4.67e+09 tierC=608 surv=512 bits=512 conf=511 best=47 gpu=0.39s cpu=0.11s prep=0.01s (1.19e+10 res/s)
K=2572 sh=0 MOD=1133661268029390 thr=1732900 res=4.67e+09 tierC=608 surv=465 bits=465 conf=465 best=47 gpu=0.38s cpu=0.09s prep=0.01s (1.24e+10 res/s)
K=2573 sh=0 MOD=1789272603757230 thr=3396484 res=1.364e+10 tierC=608 surv=2388 bits=2388 conf=2378 best=47 gpu=1.02s cpu=0.50s prep=0.01s (1.34e+10 res/s)
K=2574 sh=0 MOD=1133661268029390 thr=1732900 res=4.67e+09 tierC=608 surv=482 bits=482 conf=482 best=47 gpu=0.77s cpu=0.10s prep=0.01s (6.08e+09 res/s)
K=2575 sh=0 MOD=1133661268029390 thr=1732900 res=4.67e+09 tierC=608 surv=442 bits=442 conf=442 best=47 gpu=0.37s cpu=0.09s prep=0.01s (1.27e+10 res/s)
K=2576 sh=0 MOD=1133661268029390 thr=1732900 res=4.67e+09 tierC=608 surv=480 bits=480 conf=480 best=47 gpu=0.36s cpu=0.10s prep=0.01s (1.3e+10 res/s)
K=2577 sh=0 MOD=1133661268029390 thr=1732900 res=4.67e+09 tierC=608 surv=451 bits=451 conf=451 best=47 gpu=0.36s cpu=0.09s prep=0.01s (1.28e+10 res/s)
K=2578 sh=0 MOD=1133661268029390 thr=1732900 res=4.67e+09 tierC=608 surv=511 bits=511 conf=511 best=47 gpu=0.36s cpu=0.10s prep=0.01s (1.28e+10 res/s)
K=2579 sh=0 MOD=1133661268029390 thr=1732900 res=4.67e+09 tierC=608 surv=479 bits=479 conf=478 best=47 gpu=0.37s cpu=0.09s prep=0.01s (1.27e+10 res/s)
K=2580 sh=0 MOD=1133661268029390 thr=1732900 res=4.67e+09 tierC=608 surv=482 bits=482 conf=482 best=47 gpu=0.36s cpu=0.09s prep=0.01s (1.29e+10 res/s)
K=2581 sh=0 MOD=1668647484402810 thr=2739100 res=1.1e+10 tierC=608 surv=1907 bits=1907 conf=1900 best=47 gpu=0.87s cpu=0.41s prep=0.01s (1.26e+10 res/s)
K=2582 sh=0 MOD=1133661268029390 thr=1732900 res=4.67e+09 tierC=608 surv=458 bits=458 conf=458 best=47 gpu=0.70s cpu=0.09s prep=0.01s (6.71e+09 res/s)
K=2583 sh=0 MOD=1133661268029390 thr=1732900 res=4.67e+09 tierC=608 surv=490 bits=490 conf=490 best=47 gpu=0.37s cpu=0.10s prep=0.01s (1.26e+10 res/s)
K=2584 sh=0 MOD=1133661268029390 thr=1732900 res=4.67e+09 tierC=608 surv=480 bits=480 conf=480 best=47 gpu=0.38s cpu=0.09s prep=0.01s (1.23e+10 res/s)
K=2585 sh=0 MOD=1133661268029390 thr=1732900 res=4.67e+09 tierC=608 surv=491 bits=491 conf=483 best=47 gpu=0.38s cpu=0.10s prep=0.01s (1.24e+10 res/s)
K=2586 sh=0 MOD=1133661268029390 thr=1732900 res=4.67e+09 tierC=608 surv=512 bits=512 conf=511 best=47 gpu=0.38s cpu=0.10s prep=0.01s (1.21e+10 res/s)
K=2587 sh=0 MOD=1133661268029390 thr=1732900 res=4.67e+09 tierC=608 surv=493 bits=493 conf=493 best=47 gpu=0.38s cpu=0.10s prep=0.01s (1.23e+10 res/s)
K=2588 sh=0 MOD=1133661268029390 thr=1732900 res=4.67e+09 tierC=608 surv=468 bits=468 conf=468 best=47 gpu=0.37s cpu=0.09s prep=0.01s (1.27e+10 res/s)
K=2589 sh=0 MOD=1133661268029390 thr=1732900 res=4.67e+09 tierC=608 surv=502 bits=502 conf=499 best=47 gpu=0.37s cpu=0.10s prep=0.01s (1.26e+10 res/s)
K=2590 sh=0 MOD=1133661268029390 thr=1732900 res=4.67e+09 tierC=608 surv=507 bits=507 conf=507 best=47 gpu=0.37s cpu=0.10s prep=0.01s (1.26e+10 res/s)
K=2591 sh=0 MOD=1133661268029390 thr=1732900 res=4.67e+09 tierC=608 surv=467 bits=467 conf=467 best=47 gpu=0.38s cpu=0.09s prep=0.01s (1.23e+10 res/s)
K=2592 sh=0 MOD=1133661268029390 thr=1732900 res=4.67e+09 tierC=608 surv=460 bits=460 conf=460 best=47 gpu=0.36s cpu=0.10s prep=0.01s (1.29e+10 res/s)
K=2593 sh=0 MOD=1133661268029390 thr=1732900 res=4.67e+09 tierC=608 surv=447 bits=447 conf=447 best=47 gpu=0.37s cpu=0.09s prep=0.01s (1.26e+10 res/s)
K=2594 sh=0 MOD=1133661268029390 thr=1732900 res=4.67e+09 tierC=608 surv=431 bits=431 conf=431 best=47 gpu=0.36s cpu=0.08s prep=0.01s (1.29e+10 res/s)
K=2595 sh=0 MOD=1133661268029390 thr=1732900 res=4.67e+09 tierC=608 surv=711 bits=711 conf=708 best=47 gpu=0.38s cpu=0.14s prep=0.01s (1.22e+10 res/s)
K=2596 sh=0 MOD=19214597763210 thr=1732900 res=4.67e+09 tierC=608 surv=455 bits=455 conf=453 best=47 gpu=0.43s cpu=0.08s prep=0.01s (1.1e+10 res/s)
K=2597 sh=0 MOD=1133661268029390 thr=1732900 res=4.67e+09 tierC=608 surv=450 bits=450 conf=450 best=47 gpu=0.35s cpu=0.09s prep=0.01s (1.34e+10 res/s)
K=2598 sh=0 MOD=1133661268029390 thr=1732900 res=4.67e+09 tierC=608 surv=461 bits=461 conf=461 best=47 gpu=0.37s cpu=0.09s prep=0.01s (1.26e+10 res/s)
K=2599 sh=0 MOD=1314244478865930 thr=1732900 res=6.199e+09 tierC=608 surv=1126 bits=1126 conf=1124 best=47 gpu=0.53s cpu=0.22s prep=0.01s (1.18e+10 res/s)
K=2600 sh=0 MOD=1133661268029390 thr=1732900 res=4.67e+09 tierC=608 surv=491 bits=491 conf=491 best=47 gpu=0.47s cpu=0.10s prep=0.01s (9.85e+09 res/s)
K=2601 sh=0 MOD=1133661268029390 thr=1732900 res=4.67e+09 tierC=608 surv=429 bits=429 conf=429 best=47 gpu=0.35s cpu=0.09s prep=0.01s (1.33e+10 res/s)
GPU BEST n=47  units=483 covered=3.461e+19 raw a  survivors=266343 confirmed=265679  214.9s INTERRUPTED
resume: 652 units already recorded in experiments/2026-10-03-cuda/c2.jsonl
GPU: NVIDIA GB10 (SMs=48, cc 12.1) omp_threads=20
shared memory per block: 101376 max, using 65536
tierC order: 131 137 149 167 173 ... (608 primes, 2852902 words) magic-mod OK
*** n=14 a=64394572657970041 d=994382726771940 (K=2602 shift=0)
*** n=17 a=15771209106223201 d=994382726771940 (K=2602 shift=0)
*** n=24 a=160589784985901611 d=994382726771940 (K=2602 shift=0)
*** n=26 a=47068593042944917 d=994382726771940 (K=2602 shift=0)
K=2602 sh=0 MOD=1133661268029390 thr=1732900 res=4.67e+09 tierC=608 surv=466 bits=466 conf=466 best=26 gpu=0.26s cpu=0.10s prep=0.01s up=0.001s wait=0.228s (1.8e+10 res/s)
*** n=27 a=49988850704266249 d=994764887696910 (K=2603 shift=0)
K=2603 sh=0 MOD=1133661268029390 thr=1732900 res=4.67e+09 tierC=608 surv=787 bits=787 conf=784 best=27 gpu=0.33s cpu=0.16s prep=0.01s up=0.001s wait=0.000s (1.42e+10 res/s)
K=2604 sh=0 MOD=1133661268029390 thr=1732900 res=4.67e+09 tierC=608 surv=486 bits=486 conf=486 best=27 gpu=0.29s cpu=0.09s prep=0.01s up=0.001s wait=0.097s (1.63e+10 res/s)
K=2605 sh=0 MOD=1133661268029390 thr=1732900 res=4.67e+09 tierC=608 surv=524 bits=524 conf=523 best=27 gpu=0.28s cpu=0.11s prep=0.01s up=0.001s wait=0.151s (1.69e+10 res/s)
*** n=29 a=99115551399000871 d=995911370471820 (K=2606 shift=0)
K=2606 sh=0 MOD=1133661268029390 thr=1732900 res=4.67e+09 tierC=608 surv=501 bits=501 conf=501 best=29 gpu=0.29s cpu=0.09s prep=0.01s up=0.001s wait=0.000s (1.62e+10 res/s)
K=2607 sh=0 MOD=1133661268029390 thr=1732900 res=4.67e+09 tierC=608 surv=444 bits=444 conf=444 best=29 gpu=0.28s cpu=0.09s prep=0.01s up=0.001s wait=0.159s (1.65e+10 res/s)
K=2608 sh=0 MOD=1133661268029390 thr=1732900 res=4.67e+09 tierC=608 surv=468 bits=468 conf=468 best=29 gpu=0.28s cpu=0.09s prep=0.01s up=0.001s wait=0.158s (1.66e+10 res/s)
*** n=34 a=51823807324207537 d=997057853246730 (K=2609 shift=0)
K=2609 sh=0 MOD=1133661268029390 thr=1732900 res=4.67e+09 tierC=608 surv=494 bits=494 conf=494 best=34 gpu=0.29s cpu=0.10s prep=0.01s up=0.001s wait=0.162s (1.62e+10 res/s)
K=2610 sh=0 MOD=1133661268029390 thr=1732900 res=4.67e+09 tierC=608 surv=510 bits=510 conf=510 best=34 gpu=0.28s cpu=0.10s prep=0.01s up=0.001s wait=0.147s (1.66e+10 res/s)
K=2611 sh=0 MOD=1133661268029390 thr=1732900 res=4.67e+09 tierC=608 surv=416 bits=416 conf=416 best=34 gpu=0.28s cpu=0.09s prep=0.01s up=0.001s wait=0.155s (1.65e+10 res/s)
K=2612 sh=0 MOD=1133661268029390 thr=1732900 res=4.67e+09 tierC=608 surv=519 bits=519 conf=517 best=34 gpu=0.29s cpu=0.10s prep=0.01s up=0.001s wait=0.169s (1.61e+10 res/s)
K=2613 sh=0 MOD=1133661268029390 thr=1732900 res=4.67e+09 tierC=608 surv=470 bits=470 conf=470 best=34 gpu=0.27s cpu=0.09s prep=0.01s up=0.001s wait=0.144s (1.7e+10 res/s)
K=2614 sh=0 MOD=1133661268029390 thr=1732900 res=4.67e+09 tierC=608 surv=478 bits=478 conf=478 best=34 gpu=0.28s cpu=0.10s prep=0.01s up=0.001s wait=0.155s (1.68e+10 res/s)
K=2615 sh=0 MOD=1133661268029390 thr=1732900 res=4.67e+09 tierC=608 surv=460 bits=460 conf=460 best=34 gpu=0.28s cpu=0.09s prep=0.01s up=0.001s wait=0.147s (1.69e+10 res/s)
K=2616 sh=0 MOD=1133661268029390 thr=1732900 res=4.67e+09 tierC=608 surv=437 bits=437 conf=437 best=34 gpu=0.29s cpu=0.09s prep=0.01s up=0.002s wait=0.168s (1.58e+10 res/s)
K=2617 sh=0 MOD=1133661268029390 thr=1732900 res=4.67e+09 tierC=608 surv=433 bits=433 conf=433 best=34 gpu=0.29s cpu=0.09s prep=0.01s up=0.001s wait=0.169s (1.64e+10 res/s)
K=2618 sh=0 MOD=1133661268029390 thr=1732900 res=4.67e+09 tierC=608 surv=471 bits=471 conf=471 best=34 gpu=0.28s cpu=0.09s prep=0.01s up=0.001s wait=0.155s (1.69e+10 res/s)
K=2619 sh=0 MOD=1133661268029390 thr=1732900 res=4.67e+09 tierC=608 surv=480 bits=480 conf=480 best=34 gpu=0.28s cpu=0.10s prep=0.01s up=0.001s wait=0.151s (1.68e+10 res/s)
K=2620 sh=0 MOD=1133661268029390 thr=1732900 res=4.67e+09 tierC=608 surv=870 bits=870 conf=865 best=34 gpu=0.34s cpu=0.16s prep=0.01s up=0.001s wait=0.202s (1.39e+10 res/s)
K=2621 sh=0 MOD=1133661268029390 thr=1732900 res=4.67e+09 tierC=608 surv=488 bits=488 conf=485 best=34 gpu=0.29s cpu=0.09s prep=0.01s up=0.001s wait=0.096s (1.62e+10 res/s)
K=2622 sh=0 MOD=1133661268029390 thr=1732900 res=4.67e+09 tierC=608 surv=465 bits=465 conf=465 best=34 gpu=0.28s cpu=0.10s prep=0.01s up=0.001s wait=0.154s (1.69e+10 res/s)
K=2623 sh=0 MOD=1133661268029390 thr=1732900 res=4.67e+09 tierC=608 surv=493 bits=493 conf=493 best=34 gpu=0.28s cpu=0.10s prep=0.01s up=0.001s wait=0.155s (1.65e+10 res/s)
K=2624 sh=0 MOD=1133661268029390 thr=1732900 res=4.67e+09 tierC=608 surv=439 bits=439 conf=439 best=34 gpu=0.28s cpu=0.09s prep=0.01s up=0.001s wait=0.146s (1.65e+10 res/s)
*** n=40 a=85065519800717689 d=1003172428046250 (K=2625 shift=0)
K=2625 sh=0 MOD=1133661268029390 thr=1732900 res=4.67e+09 tierC=608 surv=462 bits=462 conf=459 best=40 gpu=0.28s cpu=0.09s prep=0.01s up=0.001s wait=0.000s (1.66e+10 res/s)
K=2626 sh=0 MOD=1470392337741090 thr=1974700 res=7.928e+09 tierC=608 surv=1454 bits=1454 conf=1447 best=40 gpu=0.57s cpu=0.30s prep=0.01s up=0.000s wait=0.448s (1.4e+10 res/s)
K=2627 sh=0 MOD=15967060113090 thr=133300 res=3.592e+08 tierC=608 surv=42 bits=42 conf=41 best=40 gpu=0.33s cpu=0.02s prep=0.01s up=0.001s wait=0.000s (1.1e+09 res/s)
K=2628 sh=0 MOD=1133661268029390 thr=1732900 res=4.67e+09 tierC=608 surv=477 bits=477 conf=477 best=40 gpu=0.26s cpu=0.10s prep=0.01s up=0.001s wait=0.215s (1.78e+10 res/s)
K=2629 sh=0 MOD=1133661268029390 thr=1732900 res=4.67e+09 tierC=608 surv=632 bits=632 conf=629 best=40 gpu=0.29s cpu=0.13s prep=0.01s up=0.001s wait=0.164s (1.58e+10 res/s)
K=2630 sh=0 MOD=1133661268029390 thr=1732900 res=4.67e+09 tierC=608 surv=609 bits=609 conf=608 best=40 gpu=0.31s cpu=0.11s prep=0.01s up=0.001s wait=0.148s (1.53e+10 res/s)
K=2631 sh=0 MOD=1133661268029390 thr=1732900 res=4.67e+09 tierC=608 surv=468 bits=468 conf=468 best=40 gpu=0.28s cpu=0.10s prep=0.01s up=0.001s wait=0.137s (1.66e+10 res/s)
K=2632 sh=0 MOD=1133661268029390 thr=1732900 res=4.67e+09 tierC=608 surv=435 bits=435 conf=435 best=40 gpu=0.29s cpu=0.09s prep=0.01s up=0.001s wait=0.165s (1.59e+10 res/s)
K=2633 sh=0 MOD=1133661268029390 thr=1732900 res=4.67e+09 tierC=608 surv=453 bits=453 conf=453 best=40 gpu=0.28s cpu=0.09s prep=0.01s up=0.001s wait=0.156s (1.69e+10 res/s)
K=2634 sh=0 MOD=1133661268029390 thr=1732900 res=4.67e+09 tierC=608 surv=488 bits=488 conf=488 best=40 gpu=0.29s cpu=0.10s prep=0.01s up=0.001s wait=0.168s (1.6e+10 res/s)
K=2635 sh=0 MOD=1133661268029390 thr=1732900 res=4.67e+09 tierC=608 surv=453 bits=453 conf=453 best=40 gpu=0.29s cpu=0.10s prep=0.01s up=0.001s wait=0.156s (1.61e+10 res/s)
K=2636 sh=0 MOD=1133661268029390 thr=1732900 res=4.67e+09 tierC=608 surv=519 bits=519 conf=519 best=40 gpu=0.29s cpu=0.10s prep=0.01s up=0.001s wait=0.158s (1.63e+10 res/s)
K=2637 sh=0 MOD=1133661268029390 thr=1732900 res=4.67e+09 tierC=608 surv=557 bits=557 conf=555 best=40 gpu=0.29s cpu=0.11s prep=0.01s up=0.001s wait=0.157s (1.6e+10 res/s)
K=2638 sh=0 MOD=1133661268029390 thr=1732900 res=4.67e+09 tierC=608 surv=456 bits=456 conf=456 best=40 gpu=0.28s cpu=0.09s prep=0.01s up=0.001s wait=0.137s (1.67e+10 res/s)
K=2639 sh=0 MOD=1133661268029390 thr=1732900 res=4.67e+09 tierC=608 surv=503 bits=503 conf=503 best=40 gpu=0.29s cpu=0.09s prep=0.01s up=0.001s wait=0.160s (1.63e+10 res/s)
K=2640 sh=0 MOD=1133661268029390 thr=1732900 res=4.67e+09 tierC=608 surv=435 bits=435 conf=435 best=40 gpu=0.28s cpu=0.09s prep=0.01s up=0.001s wait=0.154s (1.69e+10 res/s)
K=2641 sh=0 MOD=1133661268029390 thr=1732900 res=4.67e+09 tierC=608 surv=482 bits=482 conf=481 best=40 gpu=0.28s cpu=0.10s prep=0.01s up=0.001s wait=0.155s (1.68e+10 res/s)
K=2642 sh=0 MOD=1133661268029390 thr=1732900 res=4.67e+09 tierC=608 surv=484 bits=484 conf=484 best=40 gpu=0.29s cpu=0.10s prep=0.01s up=0.001s wait=0.159s (1.63e+10 res/s)
K=2643 sh=0 MOD=1133661268029390 thr=1732900 res=4.67e+09 tierC=608 surv=454 bits=454 conf=453 best=40 gpu=0.29s cpu=0.09s prep=0.01s up=0.001s wait=0.163s (1.6e+10 res/s)
K=2644 sh=0 MOD=1133661268029390 thr=1732900 res=4.67e+09 tierC=608 surv=504 bits=504 conf=504 best=40 gpu=0.28s cpu=0.10s prep=0.01s up=0.001s wait=0.162s (1.66e+10 res/s)
K=2645 sh=0 MOD=1133661268029390 thr=1732900 res=4.67e+09 tierC=608 surv=471 bits=471 conf=471 best=40 gpu=0.29s cpu=0.09s prep=0.01s up=0.001s wait=0.156s (1.6e+10 res/s)
K=2646 sh=0 MOD=1133661268029390 thr=1732900 res=4.67e+09 tierC=608 surv=488 bits=488 conf=488 best=40 gpu=0.29s cpu=0.09s prep=0.01s up=0.001s wait=0.160s (1.64e+10 res/s)
K=2647 sh=0 MOD=1133661268029390 thr=1732900 res=4.67e+09 tierC=608 surv=493 bits=493 conf=493 best=40 gpu=0.29s cpu=0.10s prep=0.01s up=0.001s wait=0.162s (1.63e+10 res/s)
K=2648 sh=0 MOD=1133661268029390 thr=1732900 res=4.67e+09 tierC=608 surv=475 bits=475 conf=475 best=40 gpu=0.28s cpu=0.09s prep=0.01s up=0.001s wait=0.149s (1.65e+10 res/s)
K=2649 sh=0 MOD=1133661268029390 thr=1732900 res=4.67e+09 tierC=608 surv=472 bits=472 conf=472 best=40 gpu=0.28s cpu=0.10s prep=0.01s up=0.001s wait=0.160s (1.66e+10 res/s)
K=2650 sh=0 MOD=1133661268029390 thr=1732900 res=4.67e+09 tierC=608 surv=465 bits=465 conf=465 best=40 gpu=0.28s cpu=0.10s prep=0.01s up=0.001s wait=0.152s (1.65e+10 res/s)
K=2651 sh=0 MOD=1133661268029390 thr=1732900 res=4.67e+09 tierC=608 surv=441 bits=441 conf=441 best=40 gpu=0.28s cpu=0.09s prep=0.01s up=0.001s wait=0.151s (1.68e+10 res/s)
K=2652 sh=0 MOD=1133661268029390 thr=1732900 res=4.67e+09 tierC=608 surv=440 bits=440 conf=440 best=40 gpu=0.29s cpu=0.09s prep=0.01s up=0.001s wait=0.170s (1.61e+10 res/s)
K=2653 sh=0 MOD=1133661268029390 thr=1732900 res=4.67e+09 tierC=608 surv=532 bits=532 conf=532 best=40 gpu=0.29s cpu=0.09s prep=0.01s up=0.001s wait=0.165s (1.62e+10 res/s)
K=2654 sh=0 MOD=1133661268029390 thr=1732900 res=4.67e+09 tierC=608 surv=432 bits=432 conf=432 best=40 gpu=0.28s cpu=0.09s prep=0.01s up=0.001s wait=0.151s (1.66e+10 res/s)
K=2655 sh=0 MOD=19214597763210 thr=1732900 res=4.67e+09 tierC=608 surv=455 bits=455 conf=453 best=40 gpu=0.29s cpu=0.08s prep=0.01s up=0.001s wait=0.000s (1.58e+10 res/s)
K=2656 sh=0 MOD=1789272603757230 thr=3396484 res=1.364e+10 tierC=608 surv=2381 bits=2381 conf=2370 best=40 gpu=0.93s cpu=0.51s prep=0.01s up=0.001s wait=0.819s (1.47e+10 res/s)
K=2657 sh=0 MOD=1133661268029390 thr=1732900 res=4.67e+09 tierC=608 surv=442 bits=442 conf=442 best=40 gpu=0.55s cpu=0.09s prep=0.01s up=0.001s wait=0.000s (8.57e+09 res/s)
K=2658 sh=0 MOD=1133661268029390 thr=1732900 res=4.67e+09 tierC=608 surv=530 bits=530 conf=530 best=40 gpu=0.29s cpu=0.10s prep=0.01s up=0.001s wait=0.168s (1.62e+10 res/s)
K=2659 sh=0 MOD=1133661268029390 thr=1732900 res=4.67e+09 tierC=608 surv=480 bits=480 conf=480 best=40 gpu=0.30s cpu=0.10s prep=0.01s up=0.001s wait=0.165s (1.57e+10 res/s)
K=2660 sh=0 MOD=1133661268029390 thr=1732900 res=4.67e+09 tierC=608 surv=525 bits=525 conf=525 best=40 gpu=0.28s cpu=0.11s prep=0.01s up=0.001s wait=0.153s (1.66e+10 res/s)
K=2661 sh=0 MOD=1133661268029390 thr=1732900 res=4.67e+09 tierC=608 surv=555 bits=555 conf=553 best=40 gpu=0.28s cpu=0.10s prep=0.01s up=0.001s wait=0.146s (1.65e+10 res/s)
K=2662 sh=0 MOD=1133661268029390 thr=1732900 res=4.67e+09 tierC=608 surv=419 bits=419 conf=419 best=40 gpu=0.28s cpu=0.09s prep=0.01s up=0.001s wait=0.149s (1.65e+10 res/s)
K=2663 sh=0 MOD=1133661268029390 thr=1732900 res=4.67e+09 tierC=608 surv=479 bits=479 conf=479 best=40 gpu=0.28s cpu=0.10s prep=0.01s up=0.001s wait=0.162s (1.66e+10 res/s)
K=2664 sh=0 MOD=1133661268029390 thr=1732900 res=4.67e+09 tierC=608 surv=463 bits=463 conf=463 best=40 gpu=0.28s cpu=0.09s prep=0.01s up=0.001s wait=0.156s (1.64e+10 res/s)
*** n=47 a=34400224859303641 d=1018458865045050 (K=2665 shift=0)
K=2665 sh=0 MOD=1133661268029390 thr=1732900 res=4.67e+09 tierC=608 surv=480 bits=480 conf=479 best=47 gpu=0.29s cpu=0.10s prep=0.01s up=0.001s wait=0.170s (1.61e+10 res/s)
K=2666 sh=0 MOD=1133661268029390 thr=1732900 res=4.67e+09 tierC=608 surv=470 bits=470 conf=468 best=47 gpu=0.27s cpu=0.10s prep=0.01s up=0.001s wait=0.143s (1.7e+10 res/s)
K=2667 sh=0 MOD=1133661268029390 thr=1732900 res=4.67e+09 tierC=608 surv=549 bits=549 conf=549 best=47 gpu=0.29s cpu=0.11s prep=0.01s up=0.001s wait=0.158s (1.63e+10 res/s)
K=2668 sh=0 MOD=1133661268029390 thr=1732900 res=4.67e+09 tierC=608 surv=446 bits=446 conf=446 best=47 gpu=0.29s cpu=0.09s prep=0.01s up=0.001s wait=0.145s (1.63e+10 res/s)
K=2669 sh=0 MOD=1133661268029390 thr=1732900 res=4.67e+09 tierC=608 surv=445 bits=445 conf=445 best=47 gpu=0.29s cpu=0.09s prep=0.01s up=0.001s wait=0.165s (1.62e+10 res/s)
K=2670 sh=0 MOD=1668647484402810 thr=2739100 res=1.1e+10 tierC=608 surv=1906 bits=1906 conf=1896 best=47 gpu=0.79s cpu=0.39s prep=0.01s up=0.001s wait=0.669s (1.39e+10 res/s)
K=2671 sh=0 MOD=1133661268029390 thr=1732900 res=4.67e+09 tierC=608 surv=440 bits=440 conf=440 best=47 gpu=0.43s cpu=0.09s prep=0.01s up=0.001s wait=0.000s (1.1e+10 res/s)
K=2672 sh=0 MOD=1133661268029390 thr=1732900 res=4.67e+09 tierC=608 surv=777 bits=777 conf=772 best=47 gpu=0.31s cpu=0.14s prep=0.01s up=0.001s wait=0.185s (1.51e+10 res/s)
K=2673 sh=0 MOD=1133661268029390 thr=1732900 res=4.67e+09 tierC=608 surv=475 bits=475 conf=475 best=47 gpu=0.29s cpu=0.09s prep=0.01s up=0.001s wait=0.117s (1.59e+10 res/s)
K=2674 sh=0 MOD=1133661268029390 thr=1732900 res=4.67e+09 tierC=608 surv=644 bits=644 conf=640 best=47 gpu=0.31s cpu=0.13s prep=0.01s up=0.001s wait=0.191s (1.49e+10 res/s)
K=2675 sh=0 MOD=1387940430951870 thr=1732900 res=6.958e+09 tierC=608 surv=1141 bits=1141 conf=1133 best=47 gpu=0.49s cpu=0.22s prep=0.01s up=0.001s wait=0.331s (1.42e+10 res/s)
K=2676 sh=0 MOD=1133661268029390 thr=1732900 res=4.67e+09 tierC=608 surv=440 bits=440 conf=440 best=47 gpu=0.30s cpu=0.09s prep=0.01s up=0.001s wait=0.043s (1.57e+10 res/s)
K=2677 sh=0 MOD=1133661268029390 thr=1732900 res=4.67e+09 tierC=608 surv=475 bits=475 conf=475 best=47 gpu=0.28s cpu=0.09s prep=0.01s up=0.001s wait=0.156s (1.68e+10 res/s)
K=2678 sh=0 MOD=1133661268029390 thr=1732900 res=4.67e+09 tierC=608 surv=396 bits=396 conf=396 best=47 gpu=0.28s cpu=0.08s prep=0.01s up=0.001s wait=0.157s (1.65e+10 res/s)
K=2679 sh=0 MOD=1133661268029390 thr=1732900 res=4.67e+09 tierC=608 surv=479 bits=479 conf=479 best=47 gpu=0.29s cpu=0.09s prep=0.01s up=0.001s wait=0.173s (1.61e+10 res/s)
K=2680 sh=0 MOD=1133661268029390 thr=1732900 res=4.67e+09 tierC=608 surv=479 bits=479 conf=479 best=47 gpu=0.28s cpu=0.10s prep=0.01s up=0.001s wait=0.166s (1.64e+10 res/s)
K=2681 sh=0 MOD=1133661268029390 thr=1732900 res=4.67e+09 tierC=608 surv=519 bits=519 conf=518 best=47 gpu=0.29s cpu=0.11s prep=0.01s up=0.001s wait=0.159s (1.63e+10 res/s)
K=2682 sh=0 MOD=1133661268029390 thr=1732900 res=4.67e+09 tierC=608 surv=699 bits=699 conf=699 best=47 gpu=0.33s cpu=0.14s prep=0.01s up=0.001s wait=0.185s (1.43e+10 res/s)
K=2683 sh=0 MOD=1133661268029390 thr=1732900 res=4.67e+09 tierC=608 surv=462 bits=462 conf=462 best=47 gpu=0.30s cpu=0.09s prep=0.01s up=0.001s wait=0.131s (1.57e+10 res/s)
K=2684 sh=0 MOD=1133661268029390 thr=1732900 res=4.67e+09 tierC=608 surv=509 bits=509 conf=506 best=47 gpu=0.28s cpu=0.10s prep=0.01s up=0.001s wait=0.158s (1.64e+10 res/s)
K=2685 sh=0 MOD=1133661268029390 thr=1732900 res=4.67e+09 tierC=608 surv=658 bits=658 conf=655 best=47 gpu=0.30s cpu=0.13s prep=0.01s up=0.001s wait=0.168s (1.54e+10 res/s)
K=2686 sh=0 MOD=1133661268029390 thr=1732900 res=4.67e+09 tierC=608 surv=488 bits=488 conf=488 best=47 gpu=0.28s cpu=0.09s prep=0.01s up=0.001s wait=0.124s (1.65e+10 res/s)
K=2687 sh=0 MOD=1133661268029390 thr=1732900 res=4.67e+09 tierC=608 surv=487 bits=487 conf=487 best=47 gpu=0.29s cpu=0.09s prep=0.01s up=0.001s wait=0.166s (1.6e+10 res/s)
K=2688 sh=0 MOD=1133661268029390 thr=1732900 res=4.67e+09 tierC=608 surv=459 bits=459 conf=459 best=47 gpu=0.30s cpu=0.10s prep=0.01s up=0.001s wait=0.174s (1.55e+10 res/s)
K=2689 sh=0 MOD=1133661268029390 thr=1732900 res=4.67e+09 tierC=608 surv=461 bits=461 conf=461 best=47 gpu=0.28s cpu=0.09s prep=0.01s up=0.001s wait=0.157s (1.64e+10 res/s)
K=2690 sh=0 MOD=1133661268029390 thr=1732900 res=4.67e+09 tierC=608 surv=567 bits=567 conf=567 best=47 gpu=0.30s cpu=0.11s prep=0.01s up=0.001s wait=0.178s (1.55e+10 res/s)
K=2691 sh=0 MOD=1133661268029390 thr=1732900 res=4.67e+09 tierC=608 surv=476 bits=476 conf=476 best=47 gpu=0.28s cpu=0.09s prep=0.01s up=0.001s wait=0.134s (1.67e+10 res/s)
K=2692 sh=0 MOD=1133661268029390 thr=1732900 res=4.67e+09 tierC=608 surv=485 bits=485 conf=485 best=47 gpu=0.29s cpu=0.09s prep=0.01s up=0.001s wait=0.160s (1.62e+10 res/s)
K=2693 sh=0 MOD=1133661268029390 thr=1732900 res=4.67e+09 tierC=608 surv=521 bits=521 conf=519 best=47 gpu=0.28s cpu=0.10s prep=0.01s up=0.001s wait=0.160s (1.65e+10 res/s)
K=2694 sh=0 MOD=1133661268029390 thr=1732900 res=4.67e+09 tierC=608 surv=487 bits=487 conf=487 best=47 gpu=0.28s cpu=0.10s prep=0.01s up=0.001s wait=0.150s (1.67e+10 res/s)
K=2695 sh=0 MOD=1133661268029390 thr=1732900 res=4.67e+09 tierC=608 surv=446 bits=446 conf=446 best=47 gpu=0.29s cpu=0.10s prep=0.01s up=0.001s wait=0.160s (1.62e+10 res/s)
K=2696 sh=0 MOD=1133661268029390 thr=1732900 res=4.67e+09 tierC=608 surv=444 bits=444 conf=444 best=47 gpu=0.28s cpu=0.09s prep=0.01s up=0.001s wait=0.156s (1.67e+10 res/s)
K=2697 sh=0 MOD=1133661268029390 thr=1732900 res=4.67e+09 tierC=608 surv=474 bits=474 conf=474 best=47 gpu=0.29s cpu=0.10s prep=0.01s up=0.000s wait=0.168s (1.63e+10 res/s)
K=2698 sh=0 MOD=15967060113090 thr=133300 res=3.592e+08 tierC=608 surv=40 bits=40 conf=40 best=47 gpu=0.14s cpu=0.01s prep=0.01s up=0.001s wait=0.000s (2.64e+09 res/s)
K=2699 sh=0 MOD=1133661268029390 thr=1732900 res=4.67e+09 tierC=608 surv=478 bits=478 conf=478 best=47 gpu=0.27s cpu=0.10s prep=0.01s up=0.001s wait=0.228s (1.7e+10 res/s)
K=2700 sh=0 MOD=1133661268029390 thr=1732900 res=4.67e+09 tierC=608 surv=466 bits=466 conf=466 best=47 gpu=0.29s cpu=0.10s prep=0.01s up=0.001s wait=0.156s (1.63e+10 res/s)
K=2701 sh=0 MOD=1133661268029390 thr=1732900 res=4.67e+09 tierC=608 surv=465 bits=465 conf=465 best=47 gpu=0.28s cpu=0.09s prep=0.01s up=0.001s wait=0.145s (1.68e+10 res/s)
K=2702 sh=0 MOD=1133661268029390 thr=1732900 res=4.67e+09 tierC=608 surv=494 bits=494 conf=493 best=47 gpu=0.28s cpu=0.10s prep=0.01s up=0.001s wait=0.156s (1.66e+10 res/s)
K=2703 sh=0 MOD=1133661268029390 thr=1732900 res=4.67e+09 tierC=608 surv=462 bits=462 conf=462 best=47 gpu=0.28s cpu=0.09s prep=0.01s up=0.001s wait=0.148s (1.65e+10 res/s)
K=2704 sh=0 MOD=1133661268029390 thr=1732900 res=4.67e+09 tierC=608 surv=444 bits=444 conf=444 best=47 gpu=0.28s cpu=0.10s prep=0.01s up=0.001s wait=0.155s (1.67e+10 res/s)
K=2705 sh=0 MOD=1133661268029390 thr=1732900 res=4.67e+09 tierC=608 surv=432 bits=432 conf=432 best=47 gpu=0.29s cpu=0.09s prep=0.01s up=0.001s wait=0.163s (1.61e+10 res/s)
K=2706 sh=0 MOD=1133661268029390 thr=1732900 res=4.67e+09 tierC=608 surv=460 bits=460 conf=460 best=47 gpu=0.29s cpu=0.09s prep=0.01s up=0.001s wait=0.170s (1.61e+10 res/s)
K=2707 sh=0 MOD=1133661268029390 thr=1732900 res=4.67e+09 tierC=608 surv=452 bits=452 conf=450 best=47 gpu=0.29s cpu=0.08s prep=0.01s up=0.001s wait=0.162s (1.64e+10 res/s)
K=2708 sh=0 MOD=1133661268029390 thr=1732900 res=4.67e+09 tierC=608 surv=503 bits=503 conf=502 best=47 gpu=0.29s cpu=0.10s prep=0.01s up=0.001s wait=0.169s (1.63e+10 res/s)
K=2709 sh=0 MOD=1133661268029390 thr=1732900 res=4.67e+09 tierC=608 surv=437 bits=437 conf=437 best=47 gpu=0.29s cpu=0.09s prep=0.01s up=0.001s wait=0.159s (1.6e+10 res/s)
K=2710 sh=0 MOD=1133661268029390 thr=1732900 res=4.67e+09 tierC=608 surv=426 bits=426 conf=426 best=47 gpu=0.28s cpu=0.09s prep=0.01s up=0.001s wait=0.159s (1.67e+10 res/s)
K=2711 sh=0 MOD=1133661268029390 thr=1732900 res=4.67e+09 tierC=608 surv=432 bits=432 conf=432 best=47 gpu=0.28s cpu=0.09s prep=0.01s up=0.001s wait=0.160s (1.66e+10 res/s)
K=2712 sh=0 MOD=1314244478865930 thr=1732900 res=6.199e+09 tierC=608 surv=1222 bits=1222 conf=1215 best=47 gpu=0.45s cpu=0.23s prep=0.01s up=0.001s wait=0.332s (1.38e+10 res/s)
K=2713 sh=0 MOD=1133661268029390 thr=1732900 res=4.67e+09 tierC=608 surv=421 bits=421 conf=421 best=47 gpu=0.30s cpu=0.09s prep=0.01s up=0.002s wait=0.034s (1.55e+10 res/s)
K=2714 sh=0 MOD=19214597763210 thr=1732900 res=4.67e+09 tierC=608 surv=429 bits=429 conf=426 best=47 gpu=0.29s cpu=0.07s prep=0.01s up=0.001s wait=0.164s (1.64e+10 res/s)
K=2715 sh=0 MOD=1133661268029390 thr=1732900 res=4.67e+09 tierC=608 surv=467 bits=467 conf=467 best=47 gpu=0.28s cpu=0.10s prep=0.01s up=0.001s wait=0.178s (1.65e+10 res/s)
K=2716 sh=0 MOD=1133661268029390 thr=1732900 res=4.67e+09 tierC=608 surv=454 bits=454 conf=454 best=47 gpu=0.29s cpu=0.09s prep=0.01s up=0.001s wait=0.156s (1.64e+10 res/s)
K=2717 sh=0 MOD=1133661268029390 thr=1732900 res=4.67e+09 tierC=608 surv=479 bits=479 conf=479 best=47 gpu=0.29s cpu=0.10s prep=0.01s up=0.001s wait=0.166s (1.6e+10 res/s)
K=2718 sh=0 MOD=1133661268029390 thr=1732900 res=4.67e+09 tierC=608 surv=437 bits=437 conf=437 best=47 gpu=0.28s cpu=0.09s prep=0.01s up=0.001s wait=0.150s (1.65e+10 res/s)
K=2719 sh=0 MOD=1133661268029390 thr=1732900 res=4.67e+09 tierC=608 surv=502 bits=502 conf=502 best=47 gpu=0.29s cpu=0.09s prep=0.01s up=0.001s wait=0.162s (1.63e+10 res/s)
K=2720 sh=0 MOD=1133661268029390 thr=1732900 res=4.67e+09 tierC=608 surv=456 bits=456 conf=456 best=47 gpu=0.29s cpu=0.10s prep=0.01s up=0.001s wait=0.165s (1.61e+10 res/s)
K=2721 sh=0 MOD=1133661268029390 thr=1732900 res=4.67e+09 tierC=608 surv=490 bits=490 conf=490 best=47 gpu=0.29s cpu=0.10s prep=0.01s up=0.002s wait=0.166s (1.59e+10 res/s)
K=2722 sh=0 MOD=1133661268029390 thr=1732900 res=4.67e+09 tierC=608 surv=477 bits=477 conf=477 best=47 gpu=0.29s cpu=0.09s prep=0.01s up=0.001s wait=0.158s (1.61e+10 res/s)
K=2723 sh=0 MOD=1133661268029390 thr=1732900 res=4.67e+09 tierC=608 surv=556 bits=556 conf=556 best=47 gpu=0.28s cpu=0.10s prep=0.01s up=0.001s wait=0.153s (1.67e+10 res/s)
K=2724 sh=0 MOD=1133661268029390 thr=1732900 res=4.67e+09 tierC=608 surv=598 bits=598 conf=593 best=47 gpu=0.30s cpu=0.12s prep=0.01s up=0.001s wait=0.170s (1.55e+10 res/s)
K=2725 sh=0 MOD=1133661268029390 thr=1732900 res=4.67e+09 tierC=608 surv=481 bits=481 conf=480 best=47 gpu=0.29s cpu=0.09s prep=0.01s up=0.002s wait=0.132s (1.62e+10 res/s)
K=2726 sh=0 MOD=1133661268029390 thr=1732900 res=4.67e+09 tierC=608 surv=501 bits=501 conf=501 best=47 gpu=0.29s cpu=0.09s prep=0.01s up=0.001s wait=0.000s (1.64e+10 res/s)
K=2727 sh=0 MOD=1470392337741090 thr=1974700 res=7.928e+09 tierC=608 surv=1441 bits=1441 conf=1431 best=47 gpu=0.57s cpu=0.29s prep=0.01s up=0.001s wait=0.446s (1.39e+10 res/s)
K=2728 sh=0 MOD=1133661268029390 thr=1732900 res=4.67e+09 tierC=608 surv=440 bits=440 conf=440 best=47 gpu=0.32s cpu=0.09s prep=0.01s up=0.001s wait=0.000s (1.44e+10 res/s)
K=2729 sh=0 MOD=1133661268029390 thr=1732900 res=4.67e+09 tierC=608 surv=495 bits=495 conf=495 best=47 gpu=0.27s cpu=0.10s prep=0.01s up=0.001s wait=0.155s (1.7e+10 res/s)
K=2730 sh=0 MOD=1133661268029390 thr=1732900 res=4.67e+09 tierC=608 surv=451 bits=451 conf=451 best=47 gpu=0.28s cpu=0.09s prep=0.01s up=0.001s wait=0.146s (1.66e+10 res/s)
K=2731 sh=0 MOD=1133661268029390 thr=1732900 res=4.67e+09 tierC=608 surv=444 bits=444 conf=444 best=47 gpu=0.29s cpu=0.09s prep=0.01s up=0.001s wait=0.168s (1.61e+10 res/s)
K=2732 sh=0 MOD=1133661268029390 thr=1732900 res=4.67e+09 tierC=608 surv=501 bits=501 conf=501 best=47 gpu=0.29s cpu=0.10s prep=0.01s up=0.001s wait=0.162s (1.63e+10 res/s)
K=2733 sh=0 MOD=1133661268029390 thr=1732900 res=4.67e+09 tierC=608 surv=529 bits=529 conf=528 best=47 gpu=0.29s cpu=0.10s prep=0.01s up=0.001s wait=0.152s (1.62e+10 res/s)
K=2734 sh=0 MOD=1133661268029390 thr=1732900 res=4.67e+09 tierC=608 surv=506 bits=506 conf=506 best=47 gpu=0.28s cpu=0.10s prep=0.01s up=0.001s wait=0.150s (1.65e+10 res/s)
K=2735 sh=0 MOD=1133661268029390 thr=1732900 res=4.67e+09 tierC=608 surv=473 bits=473 conf=473 best=47 gpu=0.28s cpu=0.10s prep=0.01s up=0.001s wait=0.149s (1.65e+10 res/s)
K=2736 sh=0 MOD=1133661268029390 thr=1732900 res=4.67e+09 tierC=608 surv=442 bits=442 conf=442 best=47 gpu=0.29s cpu=0.09s prep=0.01s up=0.001s wait=0.159s (1.62e+10 res/s)
K=2737 sh=0 MOD=1133661268029390 thr=1732900 res=4.67e+09 tierC=608 surv=485 bits=485 conf=485 best=47 gpu=0.29s cpu=0.10s prep=0.01s up=0.001s wait=0.160s (1.63e+10 res/s)
K=2738 sh=0 MOD=1133661268029390 thr=1732900 res=4.67e+09 tierC=608 surv=488 bits=488 conf=486 best=47 gpu=0.29s cpu=0.10s prep=0.01s up=0.001s wait=0.000s (1.59e+10 res/s)
K=2739 sh=0 MOD=1789272603757230 thr=3396484 res=1.364e+10 tierC=608 surv=2403 bits=2403 conf=2390 best=47 gpu=0.92s cpu=0.50s prep=0.01s up=0.001s wait=0.793s (1.48e+10 res/s)
K=2740 sh=0 MOD=1133661268029390 thr=1732900 res=4.67e+09 tierC=608 surv=820 bits=820 conf=818 best=47 gpu=0.53s cpu=0.16s prep=0.01s up=0.001s wait=0.000s (8.81e+09 res/s)
K=2741 sh=0 MOD=1133661268029390 thr=1732900 res=4.67e+09 tierC=608 surv=448 bits=448 conf=448 best=47 gpu=0.29s cpu=0.09s prep=0.01s up=0.001s wait=0.092s (1.63e+10 res/s)
K=2742 sh=0 MOD=1133661268029390 thr=1732900 res=4.67e+09 tierC=608 surv=444 bits=444 conf=444 best=47 gpu=0.29s cpu=0.09s prep=0.01s up=0.001s wait=0.163s (1.63e+10 res/s)
K=2743 sh=0 MOD=1133661268029390 thr=1732900 res=4.67e+09 tierC=608 surv=459 bits=459 conf=459 best=47 gpu=0.29s cpu=0.09s prep=0.01s up=0.001s wait=0.165s (1.62e+10 res/s)
K=2744 sh=0 MOD=1133661268029390 thr=1732900 res=4.67e+09 tierC=608 surv=445 bits=445 conf=445 best=47 gpu=0.28s cpu=0.09s prep=0.01s up=0.001s wait=0.164s (1.65e+10 res/s)
K=2745 sh=0 MOD=1133661268029390 thr=1732900 res=4.67e+09 tierC=608 surv=457 bits=457 conf=457 best=47 gpu=0.28s cpu=0.10s prep=0.01s up=0.001s wait=0.158s (1.67e+10 res/s)
K=2746 sh=0 MOD=1133661268029390 thr=1732900 res=4.67e+09 tierC=608 surv=503 bits=503 conf=503 best=47 gpu=0.29s cpu=0.10s prep=0.01s up=0.001s wait=0.159s (1.62e+10 res/s)
K=2747 sh=0 MOD=1133661268029390 thr=1732900 res=4.67e+09 tierC=608 surv=482 bits=482 conf=482 best=47 gpu=0.28s cpu=0.10s prep=0.01s up=0.001s wait=0.151s (1.65e+10 res/s)
K=2748 sh=0 MOD=1133661268029390 thr=1732900 res=4.67e+09 tierC=608 surv=453 bits=453 conf=453 best=47 gpu=0.28s cpu=0.09s prep=0.01s up=0.001s wait=0.154s (1.65e+10 res/s)
K=2749 sh=0 MOD=1133661268029390 thr=1732900 res=4.67e+09 tierC=608 surv=487 bits=487 conf=487 best=47 gpu=0.28s cpu=0.10s prep=0.01s up=0.001s wait=0.157s (1.66e+10 res/s)
K=2750 sh=0 MOD=1133661268029390 thr=1732900 res=4.67e+09 tierC=608 surv=442 bits=442 conf=442 best=47 gpu=0.28s cpu=0.10s prep=0.01s up=0.001s wait=0.153s (1.64e+10 res/s)
K=2751 sh=0 MOD=1133661268029390 thr=1732900 res=4.67e+09 tierC=608 surv=853 bits=853 conf=847 best=47 gpu=0.33s cpu=0.16s prep=0.01s up=0.001s wait=0.204s (1.41e+10 res/s)
K=2752 sh=0 MOD=1133661268029390 thr=1732900 res=4.67e+09 tierC=608 surv=516 bits=516 conf=516 best=47 gpu=0.29s cpu=0.10s prep=0.01s up=0.001s wait=0.096s (1.61e+10 res/s)
K=2753 sh=0 MOD=1133661268029390 thr=1732900 res=4.67e+09 tierC=608 surv=490 bits=490 conf=490 best=47 gpu=0.29s cpu=0.10s prep=0.01s up=0.001s wait=0.161s (1.62e+10 res/s)
K=2754 sh=0 MOD=1133661268029390 thr=1732900 res=4.67e+09 tierC=608 surv=489 bits=489 conf=456 best=47 gpu=0.29s cpu=0.09s prep=0.01s up=0.001s wait=0.153s (1.63e+10 res/s)
K=2755 sh=0 MOD=1133661268029390 thr=1732900 res=4.67e+09 tierC=608 surv=465 bits=465 conf=465 best=47 gpu=0.28s cpu=0.09s prep=0.01s up=0.001s wait=0.159s (1.64e+10 res/s)
K=2756 sh=0 MOD=1133661268029390 thr=1732900 res=4.67e+09 tierC=608 surv=452 bits=452 conf=452 best=47 gpu=0.28s cpu=0.09s prep=0.01s up=0.001s wait=0.155s (1.67e+10 res/s)
K=2757 sh=0 MOD=1133661268029390 thr=1732900 res=4.67e+09 tierC=608 surv=477 bits=477 conf=477 best=47 gpu=0.28s cpu=0.10s prep=0.01s up=0.001s wait=0.158s (1.67e+10 res/s)
K=2758 sh=0 MOD=1133661268029390 thr=1732900 res=4.67e+09 tierC=608 surv=720 bits=720 conf=718 best=47 gpu=0.31s cpu=0.14s prep=0.01s up=0.001s wait=0.172s (1.53e+10 res/s)
K=2759 sh=0 MOD=1668647484402810 thr=2739100 res=1.1e+10 tierC=608 surv=1891 bits=1891 conf=1884 best=47 gpu=0.75s cpu=0.39s prep=0.01s up=0.001s wait=0.583s (1.46e+10 res/s)
K=2760 sh=0 MOD=1133661268029390 thr=1732900 res=4.67e+09 tierC=608 surv=448 bits=448 conf=448 best=47 gpu=0.43s cpu=0.09s prep=0.01s up=0.001s wait=0.000s (1.1e+10 res/s)
K=2761 sh=0 MOD=1133661268029390 thr=1732900 res=4.67e+09 tierC=608 surv=601 bits=601 conf=599 best=47 gpu=0.29s cpu=0.12s prep=0.01s up=0.001s wait=0.161s (1.63e+10 res/s)
K=2762 sh=0 MOD=1133661268029390 thr=1732900 res=4.67e+09 tierC=608 surv=479 bits=479 conf=479 best=47 gpu=0.29s cpu=0.10s prep=0.01s up=0.001s wait=0.140s (1.6e+10 res/s)
K=2763 sh=0 MOD=1133661268029390 thr=1732900 res=4.67e+09 tierC=608 surv=457 bits=457 conf=457 best=47 gpu=0.28s cpu=0.10s prep=0.01s up=0.001s wait=0.154s (1.65e+10 res/s)
K=2764 sh=0 MOD=1133661268029390 thr=1732900 res=4.67e+09 tierC=608 surv=486 bits=486 conf=486 best=47 gpu=0.28s cpu=0.10s prep=0.01s up=0.001s wait=0.151s (1.65e+10 res/s)
K=2765 sh=0 MOD=1133661268029390 thr=1732900 res=4.67e+09 tierC=608 surv=464 bits=464 conf=464 best=47 gpu=0.30s cpu=0.10s prep=0.01s up=0.001s wait=0.164s (1.57e+10 res/s)
K=2766 sh=0 MOD=1133661268029390 thr=1732900 res=4.67e+09 tierC=608 surv=553 bits=553 conf=552 best=47 gpu=0.29s cpu=0.11s prep=0.01s up=0.001s wait=0.159s (1.6e+10 res/s)
K=2767 sh=0 MOD=1133661268029390 thr=1732900 res=4.67e+09 tierC=608 surv=483 bits=483 conf=483 best=47 gpu=0.30s cpu=0.10s prep=0.01s up=0.001s wait=0.153s (1.58e+10 res/s)
K=2768 sh=0 MOD=1133661268029390 thr=1732900 res=4.67e+09 tierC=608 surv=670 bits=670 conf=663 best=47 gpu=0.31s cpu=0.14s prep=0.01s up=0.000s wait=0.180s (1.49e+10 res/s)
K=2769 sh=0 MOD=15967060113090 thr=133300 res=3.592e+08 tierC=608 surv=37 bits=37 conf=36 best=47 gpu=0.17s cpu=0.02s prep=0.01s up=0.001s wait=0.000s (2.06e+09 res/s)
K=2770 sh=0 MOD=1133661268029390 thr=1732900 res=4.67e+09 tierC=608 surv=446 bits=446 conf=446 best=47 gpu=0.27s cpu=0.10s prep=0.01s up=0.001s wait=0.224s (1.72e+10 res/s)
K=2771 sh=0 MOD=1133661268029390 thr=1732900 res=4.67e+09 tierC=608 surv=485 bits=485 conf=485 best=47 gpu=0.29s cpu=0.10s prep=0.01s up=0.001s wait=0.159s (1.6e+10 res/s)
K=2772 sh=0 MOD=1133661268029390 thr=1732900 res=4.67e+09 tierC=608 surv=446 bits=446 conf=446 best=47 gpu=0.29s cpu=0.10s prep=0.01s up=0.001s wait=0.153s (1.63e+10 res/s)
K=2773 sh=0 MOD=19214597763210 thr=1732900 res=4.67e+09 tierC=608 surv=465 bits=465 conf=464 best=47 gpu=0.31s cpu=0.08s prep=0.01s up=0.001s wait=0.173s (1.52e+10 res/s)
K=2774 sh=0 MOD=1133661268029390 thr=1732900 res=4.67e+09 tierC=608 surv=496 bits=496 conf=496 best=47 gpu=0.28s cpu=0.10s prep=0.01s up=0.001s wait=0.171s (1.64e+10 res/s)
K=2775 sh=0 MOD=1133661268029390 thr=1732900 res=4.67e+09 tierC=608 surv=428 bits=428 conf=428 best=47 gpu=0.29s cpu=13.29s prep=0.01s up=0.001s wait=0.158s (1.61e+10 res/s)
K=2776 sh=0 MOD=1133661268029390 thr=1732900 res=4.67e+09 tierC=608 surv=549 bits=549 conf=548 best=47 gpu=13.33s cpu=0.11s prep=0.01s up=0.001s wait=0.000s (3.5e+08 res/s)
K=2777 sh=0 MOD=1133661268029390 thr=1732900 res=4.67e+09 tierC=608 surv=455 bits=455 conf=455 best=47 gpu=0.27s cpu=0.09s prep=0.01s up=0.001s wait=0.124s (1.72e+10 res/s)
K=2778 sh=0 MOD=1133661268029390 thr=1732900 res=4.67e+09 tierC=608 surv=506 bits=506 conf=506 best=47 gpu=0.28s cpu=0.10s prep=0.01s up=0.002s wait=0.161s (1.64e+10 res/s)
K=2779 sh=0 MOD=1133661268029390 thr=1732900 res=4.67e+09 tierC=608 surv=446 bits=446 conf=445 best=47 gpu=0.28s cpu=0.09s prep=0.01s up=0.001s wait=0.145s (1.67e+10 res/s)
K=2780 sh=0 MOD=1133661268029390 thr=1732900 res=4.67e+09 tierC=608 surv=446 bits=446 conf=446 best=47 gpu=0.28s cpu=0.09s prep=0.01s up=0.001s wait=0.155s (1.68e+10 res/s)
K=2781 sh=0 MOD=1133661268029390 thr=1732900 res=4.67e+09 tierC=608 surv=466 bits=466 conf=466 best=47 gpu=0.28s cpu=0.10s prep=0.01s up=0.001s wait=0.160s (1.66e+10 res/s)
K=2782 sh=0 MOD=1387940430951870 thr=1732900 res=6.958e+09 tierC=608 surv=1204 bits=1204 conf=1197 best=47 gpu=0.49s cpu=0.22s prep=0.01s up=0.001s wait=0.361s (1.43e+10 res/s)
K=2783 sh=0 MOD=1133661268029390 thr=1732900 res=4.67e+09 tierC=608 surv=439 bits=439 conf=439 best=47 gpu=0.29s cpu=0.09s prep=0.01s up=0.001s wait=0.040s (1.59e+10 res/s)
K=2784 sh=0 MOD=1133661268029390 thr=1732900 res=4.67e+09 tierC=608 surv=448 bits=448 conf=448 best=47 gpu=0.28s cpu=0.09s prep=0.01s up=0.001s wait=0.159s (1.66e+10 res/s)
K=2785 sh=0 MOD=1133661268029390 thr=1732900 res=4.67e+09 tierC=608 surv=583 bits=583 conf=582 best=47 gpu=0.29s cpu=0.12s prep=0.01s up=0.001s wait=0.169s (1.59e+10 res/s)
K=2786 sh=0 MOD=1133661268029390 thr=1732900 res=4.67e+09 tierC=608 surv=439 bits=439 conf=439 best=47 gpu=0.28s cpu=0.09s prep=0.01s up=0.001s wait=0.131s (1.67e+10 res/s)
K=2787 sh=0 MOD=1133661268029390 thr=1732900 res=4.67e+09 tierC=608 surv=516 bits=516 conf=515 best=47 gpu=0.29s cpu=0.11s prep=0.01s up=0.001s wait=0.164s (1.63e+10 res/s)
K=2788 sh=0 MOD=1133661268029390 thr=1732900 res=4.67e+09 tierC=608 surv=432 bits=432 conf=432 best=47 gpu=0.28s cpu=0.09s prep=0.01s up=0.002s wait=0.140s (1.68e+10 res/s)
K=2789 sh=0 MOD=1133661268029390 thr=1732900 res=4.67e+09 tierC=608 surv=500 bits=500 conf=500 best=47 gpu=0.28s cpu=0.10s prep=0.01s up=0.001s wait=0.152s (1.67e+10 res/s)
K=2790 sh=0 MOD=1133661268029390 thr=1732900 res=4.67e+09 tierC=608 surv=448 bits=448 conf=448 best=47 gpu=0.28s cpu=0.10s prep=0.01s up=0.001s wait=0.149s (1.66e+10 res/s)
K=2791 sh=0 MOD=1133661268029390 thr=1732900 res=4.67e+09 tierC=608 surv=452 bits=452 conf=452 best=47 gpu=0.28s cpu=0.10s prep=0.01s up=0.001s wait=0.151s (1.68e+10 res/s)
K=2792 sh=0 MOD=1133661268029390 thr=1732900 res=4.67e+09 tierC=608 surv=519 bits=519 conf=519 best=47 gpu=0.28s cpu=0.10s prep=0.01s up=0.001s wait=0.151s (1.68e+10 res/s)
K=2793 sh=0 MOD=1133661268029390 thr=1732900 res=4.67e+09 tierC=608 surv=470 bits=470 conf=470 best=47 gpu=0.28s cpu=0.10s prep=0.01s up=0.001s wait=0.152s (1.67e+10 res/s)
K=2794 sh=0 MOD=1133661268029390 thr=1732900 res=4.67e+09 tierC=608 surv=460 bits=460 conf=460 best=47 gpu=0.28s cpu=0.10s prep=0.01s up=0.001s wait=0.149s (1.69e+10 res/s)
K=2795 sh=0 MOD=1133661268029390 thr=1732900 res=4.67e+09 tierC=608 surv=453 bits=453 conf=453 best=47 gpu=0.28s cpu=0.09s prep=0.01s up=0.001s wait=0.147s (1.69e+10 res/s)
K=2796 sh=0 MOD=1133661268029390 thr=1732900 res=4.67e+09 tierC=608 surv=576 bits=576 conf=574 best=47 gpu=0.30s cpu=0.12s prep=0.01s up=0.001s wait=0.181s (1.54e+10 res/s)
K=2797 sh=0 MOD=1133661268029390 thr=1732900 res=4.67e+09 tierC=608 surv=526 bits=526 conf=521 best=47 gpu=0.28s cpu=0.10s prep=0.01s up=0.001s wait=0.127s (1.66e+10 res/s)
K=2798 sh=0 MOD=1133661268029390 thr=1732900 res=4.67e+09 tierC=608 surv=486 bits=486 conf=486 best=47 gpu=0.28s cpu=0.10s prep=0.01s up=0.001s wait=0.144s (1.67e+10 res/s)
K=2799 sh=0 MOD=1133661268029390 thr=1732900 res=4.67e+09 tierC=608 surv=602 bits=602 conf=601 best=47 gpu=0.30s cpu=0.12s prep=0.01s up=0.001s wait=0.169s (1.57e+10 res/s)
K=2800 sh=0 MOD=1133661268029390 thr=1732900 res=4.67e+09 tierC=608 surv=499 bits=499 conf=499 best=47 gpu=0.28s cpu=0.10s prep=0.01s up=0.001s wait=0.125s (1.66e+10 res/s)
K=2801 sh=0 MOD=1133661268029390 thr=1732900 res=4.67e+09 tierC=608 surv=468 bits=468 conf=468 best=47 gpu=0.28s cpu=0.09s prep=0.01s up=0.001s wait=0.147s (1.68e+10 res/s)
K=2802 sh=0 MOD=1133661268029390 thr=1732900 res=4.67e+09 tierC=608 surv=589 bits=589 conf=588 best=47 gpu=0.29s cpu=0.11s prep=0.01s up=0.001s wait=0.162s (1.64e+10 res/s)
K=2803 sh=0 MOD=1133661268029390 thr=1732900 res=4.67e+09 tierC=608 surv=427 bits=427 conf=427 best=47 gpu=0.28s cpu=0.09s prep=0.01s up=0.001s wait=0.139s (1.64e+10 res/s)
K=2804 sh=0 MOD=1133661268029390 thr=1732900 res=4.67e+09 tierC=608 surv=520 bits=520 conf=520 best=47 gpu=0.28s cpu=0.11s prep=0.01s up=0.001s wait=0.165s (1.66e+10 res/s)
K=2805 sh=0 MOD=1133661268029390 thr=1732900 res=4.67e+09 tierC=608 surv=513 bits=513 conf=475 best=47 gpu=0.28s cpu=0.10s prep=0.01s up=0.001s wait=0.139s (1.68e+10 res/s)
K=2806 sh=0 MOD=1133661268029390 thr=1732900 res=4.67e+09 tierC=608 surv=489 bits=489 conf=489 best=47 gpu=0.28s cpu=0.09s prep=0.01s up=0.001s wait=0.152s (1.66e+10 res/s)
K=2807 sh=0 MOD=1133661268029390 thr=1732900 res=4.67e+09 tierC=608 surv=529 bits=529 conf=529 best=47 gpu=0.28s cpu=0.10s prep=0.01s up=0.001s wait=0.156s (1.67e+10 res/s)
K=2808 sh=0 MOD=1133661268029390 thr=1732900 res=4.67e+09 tierC=608 surv=433 bits=433 conf=433 best=47 gpu=0.28s cpu=0.09s prep=0.01s up=0.002s wait=0.143s (1.67e+10 res/s)
K=2809 sh=0 MOD=1133661268029390 thr=1732900 res=4.67e+09 tierC=608 surv=486 bits=486 conf=486 best=47 gpu=0.28s cpu=0.10s prep=0.01s up=0.001s wait=0.159s (1.68e+10 res/s)
K=2810 sh=0 MOD=1133661268029390 thr=1732900 res=4.67e+09 tierC=608 surv=586 bits=586 conf=586 best=47 gpu=0.30s cpu=0.12s prep=0.01s up=0.001s wait=0.161s (1.58e+10 res/s)
K=2811 sh=0 MOD=1133661268029390 thr=1732900 res=4.67e+09 tierC=608 surv=479 bits=479 conf=478 best=47 gpu=0.28s cpu=0.09s prep=0.01s up=0.001s wait=0.129s (1.67e+10 res/s)
K=2812 sh=0 MOD=1133661268029390 thr=1732900 res=4.67e+09 tierC=608 surv=446 bits=446 conf=446 best=47 gpu=0.29s cpu=0.09s prep=0.01s up=0.001s wait=0.163s (1.62e+10 res/s)
K=2813 sh=0 MOD=1133661268029390 thr=1732900 res=4.67e+09 tierC=608 surv=454 bits=454 conf=454 best=47 gpu=0.28s cpu=0.09s prep=0.01s up=0.001s wait=0.152s (1.68e+10 res/s)
K=2814 sh=0 MOD=1133661268029390 thr=1732900 res=4.67e+09 tierC=608 surv=475 bits=475 conf=475 best=47 gpu=0.27s cpu=0.09s prep=0.01s up=0.001s wait=0.146s (1.72e+10 res/s)
K=2815 sh=0 MOD=1133661268029390 thr=1732900 res=4.67e+09 tierC=608 surv=499 bits=499 conf=496 best=47 gpu=0.29s cpu=0.10s prep=0.01s up=0.001s wait=0.162s (1.63e+10 res/s)
K=2816 sh=0 MOD=1133661268029390 thr=1732900 res=4.67e+09 tierC=608 surv=452 bits=452 conf=452 best=47 gpu=0.29s cpu=0.09s prep=0.01s up=0.001s wait=0.154s (1.63e+10 res/s)
K=2817 sh=0 MOD=1133661268029390 thr=1732900 res=4.67e+09 tierC=608 surv=500 bits=500 conf=500 best=47 gpu=0.28s cpu=0.10s prep=0.01s up=0.001s wait=0.155s (1.68e+10 res/s)
K=2818 sh=0 MOD=1133661268029390 thr=1732900 res=4.67e+09 tierC=608 surv=501 bits=501 conf=501 best=47 gpu=0.28s cpu=0.10s prep=0.01s up=0.001s wait=0.141s (1.7e+10 res/s)
K=2819 sh=0 MOD=1133661268029390 thr=1732900 res=4.67e+09 tierC=608 surv=480 bits=480 conf=480 best=47 gpu=0.29s cpu=0.09s prep=0.01s up=0.001s wait=0.154s (1.61e+10 res/s)
K=2820 sh=0 MOD=1133661268029390 thr=1732900 res=4.67e+09 tierC=608 surv=460 bits=460 conf=460 best=47 gpu=0.28s cpu=0.09s prep=0.01s up=0.001s wait=0.148s (1.7e+10 res/s)
K=2821 sh=0 MOD=1133661268029390 thr=1732900 res=4.67e+09 tierC=608 surv=447 bits=447 conf=447 best=47 gpu=0.29s cpu=0.09s prep=0.01s up=0.001s wait=0.165s (1.59e+10 res/s)
K=2822 sh=0 MOD=1789272603757230 thr=3396484 res=1.364e+10 tierC=608 surv=2435 bits=2435 conf=2417 best=47 gpu=0.90s cpu=0.52s prep=0.01s up=0.001s wait=0.773s (1.52e+10 res/s)
K=2823 sh=0 MOD=1133661268029390 thr=1732900 res=4.67e+09 tierC=608 surv=491 bits=491 conf=490 best=47 gpu=0.55s cpu=0.10s prep=0.01s up=0.001s wait=0.000s (8.51e+09 res/s)
K=2824 sh=0 MOD=1133661268029390 thr=1732900 res=4.67e+09 tierC=608 surv=555 bits=555 conf=555 best=47 gpu=0.27s cpu=0.11s prep=0.01s up=0.001s wait=0.143s (1.7e+10 res/s)
K=2825 sh=0 MOD=1314244478865930 thr=1732900 res=6.199e+09 tierC=608 surv=1097 bits=1097 conf=1087 best=47 gpu=0.44s cpu=0.22s prep=0.01s up=0.001s wait=0.296s (1.4e+10 res/s)
K=2826 sh=0 MOD=1133661268029390 thr=1732900 res=4.67e+09 tierC=608 surv=454 bits=454 conf=454 best=47 gpu=0.30s cpu=0.09s prep=0.01s up=0.001s wait=0.045s (1.58e+10 res/s)
K=2827 sh=0 MOD=1133661268029390 thr=1732900 res=4.67e+09 tierC=608 surv=575 bits=575 conf=572 best=47 gpu=0.30s cpu=0.12s prep=0.01s up=0.001s wait=0.171s (1.58e+10 res/s)
K=2828 sh=0 MOD=1470392337741090 thr=1974700 res=7.928e+09 tierC=608 surv=1436 bits=1436 conf=1428 best=47 gpu=0.55s cpu=0.29s prep=0.01s up=0.001s wait=0.400s (1.44e+10 res/s)
K=2829 sh=0 MOD=1133661268029390 thr=1732900 res=4.67e+09 tierC=608 surv=493 bits=493 conf=493 best=47 gpu=0.32s cpu=0.10s prep=0.01s up=0.001s wait=0.000s (1.45e+10 res/s)
K=2830 sh=0 MOD=1133661268029390 thr=1732900 res=4.67e+09 tierC=608 surv=478 bits=478 conf=478 best=47 gpu=0.27s cpu=0.10s prep=0.01s up=0.001s wait=0.142s (1.7e+10 res/s)
K=2831 sh=0 MOD=1133661268029390 thr=1732900 res=4.67e+09 tierC=608 surv=790 bits=790 conf=789 best=47 gpu=0.32s cpu=0.16s prep=0.01s up=0.001s wait=0.189s (1.47e+10 res/s)
K=2832 sh=0 MOD=19214597763210 thr=1732900 res=4.67e+09 tierC=608 surv=451 bits=451 conf=451 best=47 gpu=0.28s cpu=0.07s prep=0.01s up=0.001s wait=0.085s (1.67e+10 res/s)
K=2833 sh=0 MOD=1133661268029390 thr=1732900 res=4.67e+09 tierC=608 surv=477 bits=477 conf=477 best=47 gpu=0.27s cpu=0.10s prep=0.01s up=0.001s wait=0.167s (1.71e+10 res/s)
K=2834 sh=0 MOD=1133661268029390 thr=1732900 res=4.67e+09 tierC=608 surv=467 bits=467 conf=467 best=47 gpu=0.29s cpu=0.10s prep=0.01s up=0.001s wait=0.164s (1.6e+10 res/s)
K=2835 sh=0 MOD=1133661268029390 thr=1732900 res=4.67e+09 tierC=608 surv=461 bits=461 conf=461 best=47 gpu=0.28s cpu=0.09s prep=0.01s up=0.001s wait=0.152s (1.66e+10 res/s)
K=2836 sh=0 MOD=1133661268029390 thr=1732900 res=4.67e+09 tierC=608 surv=513 bits=513 conf=513 best=47 gpu=0.28s cpu=0.10s prep=0.01s up=0.001s wait=0.157s (1.69e+10 res/s)
K=2837 sh=0 MOD=1133661268029390 thr=1732900 res=4.67e+09 tierC=608 surv=444 bits=444 conf=444 best=47 gpu=0.28s cpu=0.09s prep=0.01s up=0.001s wait=0.142s (1.69e+10 res/s)
K=2838 sh=0 MOD=1133661268029390 thr=1732900 res=4.67e+09 tierC=608 surv=496 bits=496 conf=496 best=47 gpu=0.28s cpu=0.10s prep=0.01s up=0.001s wait=0.155s (1.69e+10 res/s)
K=2839 sh=0 MOD=1133661268029390 thr=1732900 res=4.67e+09 tierC=608 surv=773 bits=773 conf=767 best=47 gpu=0.31s cpu=0.14s prep=0.01s up=0.000s wait=0.186s (1.5e+10 res/s)
K=2840 sh=0 MOD=15967060113090 thr=133300 res=3.592e+08 tierC=608 surv=34 bits=34 conf=34 best=47 gpu=0.17s cpu=0.01s prep=0.01s up=0.001s wait=0.000s (2.12e+09 res/s)
K=2841 sh=0 MOD=1133661268029390 thr=1732900 res=4.67e+09 tierC=608 surv=468 bits=468 conf=467 best=47 gpu=0.27s cpu=0.09s prep=0.01s up=0.001s wait=0.223s (1.74e+10 res/s)
K=2842 sh=0 MOD=1133661268029390 thr=1732900 res=4.67e+09 tierC=608 surv=451 bits=451 conf=451 best=47 gpu=0.28s cpu=0.10s prep=0.01s up=0.001s wait=0.153s (1.67e+10 res/s)
K=2843 sh=0 MOD=1133661268029390 thr=1732900 res=4.67e+09 tierC=608 surv=495 bits=495 conf=495 best=47 gpu=0.27s cpu=0.11s prep=0.01s up=0.001s wait=0.147s (1.7e+10 res/s)
K=2844 sh=0 MOD=1133661268029390 thr=1732900 res=4.67e+09 tierC=608 surv=453 bits=453 conf=453 best=47 gpu=0.28s cpu=0.09s prep=0.01s up=0.001s wait=0.142s (1.67e+10 res/s)
K=2845 sh=0 MOD=1133661268029390 thr=1732900 res=4.67e+09 tierC=608 surv=526 bits=526 conf=525 best=47 gpu=0.29s cpu=0.10s prep=0.01s up=0.001s wait=0.162s (1.63e+10 res/s)
K=2846 sh=0 MOD=1133661268029390 thr=1732900 res=4.67e+09 tierC=608 surv=495 bits=495 conf=495 best=47 gpu=0.29s cpu=0.09s prep=0.01s up=0.001s wait=0.153s (1.6e+10 res/s)
K=2847 sh=0 MOD=1133661268029390 thr=1732900 res=4.67e+09 tierC=608 surv=475 bits=475 conf=475 best=47 gpu=0.28s cpu=0.09s prep=0.01s up=0.001s wait=0.157s (1.66e+10 res/s)
K=2848 sh=0 MOD=1668647484402810 thr=2739100 res=1.1e+10 tierC=608 surv=1926 bits=1926 conf=1914 best=47 gpu=0.74s cpu=0.39s prep=0.01s up=0.001s wait=0.618s (1.49e+10 res/s)
K=2849 sh=0 MOD=1133661268029390 thr=1732900 res=4.67e+09 tierC=608 surv=457 bits=457 conf=457 best=47 gpu=0.42s cpu=0.09s prep=0.01s up=0.001s wait=0.000s (1.1e+10 res/s)
K=2850 sh=0 MOD=1133661268029390 thr=1732900 res=4.67e+09 tierC=608 surv=435 bits=435 conf=435 best=47 gpu=0.28s cpu=0.09s prep=0.01s up=0.001s wait=0.149s (1.7e+10 res/s)
K=2851 sh=0 MOD=1133661268029390 thr=1732900 res=4.67e+09 tierC=608 surv=484 bits=484 conf=483 best=47 gpu=0.29s cpu=0.09s prep=0.01s up=0.001s wait=0.165s (1.64e+10 res/s)
K=2852 sh=0 MOD=1133661268029390 thr=1732900 res=4.67e+09 tierC=608 surv=481 bits=481 conf=481 best=47 gpu=0.28s cpu=0.10s prep=0.01s up=0.001s wait=0.157s (1.65e+10 res/s)
K=2853 sh=0 MOD=1133661268029390 thr=1732900 res=4.67e+09 tierC=608 surv=482 bits=482 conf=481 best=47 gpu=0.29s cpu=0.09s prep=0.01s up=0.001s wait=0.161s (1.59e+10 res/s)
K=2854 sh=0 MOD=1133661268029390 thr=1732900 res=4.67e+09 tierC=608 surv=484 bits=484 conf=484 best=47 gpu=0.28s cpu=0.10s prep=0.01s up=0.001s wait=0.158s (1.65e+10 res/s)
K=2855 sh=0 MOD=1133661268029390 thr=1732900 res=4.67e+09 tierC=608 surv=451 bits=451 conf=451 best=47 gpu=0.29s cpu=0.09s prep=0.01s up=0.001s wait=0.154s (1.61e+10 res/s)
K=2856 sh=0 MOD=1133661268029390 thr=1732900 res=4.67e+09 tierC=608 surv=512 bits=512 conf=481 best=47 gpu=0.29s cpu=0.09s prep=0.01s up=0.001s wait=0.167s (1.59e+10 res/s)
K=2857 sh=0 MOD=1133661268029390 thr=1732900 res=4.67e+09 tierC=608 surv=444 bits=444 conf=444 best=47 gpu=0.28s cpu=0.09s prep=0.01s up=0.001s wait=0.155s (1.67e+10 res/s)
K=2858 sh=0 MOD=1133661268029390 thr=1732900 res=4.67e+09 tierC=608 surv=458 bits=458 conf=458 best=47 gpu=0.28s cpu=0.10s prep=0.01s up=0.001s wait=0.161s (1.66e+10 res/s)
K=2859 sh=0 MOD=1133661268029390 thr=1732900 res=4.67e+09 tierC=608 surv=491 bits=491 conf=490 best=47 gpu=0.28s cpu=0.10s prep=0.01s up=0.001s wait=0.151s (1.67e+10 res/s)
K=2860 sh=0 MOD=1133661268029390 thr=1732900 res=4.67e+09 tierC=608 surv=467 bits=467 conf=467 best=47 gpu=0.28s cpu=0.09s prep=0.01s up=0.001s wait=0.147s (1.68e+10 res/s)
K=2861 sh=0 MOD=1133661268029390 thr=1732900 res=4.67e+09 tierC=608 surv=495 bits=495 conf=495 best=47 gpu=0.29s cpu=0.10s prep=0.01s up=0.001s wait=0.164s (1.61e+10 res/s)
K=2862 sh=0 MOD=1133661268029390 thr=1732900 res=4.67e+09 tierC=608 surv=462 bits=462 conf=462 best=47 gpu=0.28s cpu=0.09s prep=0.01s up=0.001s wait=0.142s (1.69e+10 res/s)
K=2863 sh=0 MOD=1133661268029390 thr=1732900 res=4.67e+09 tierC=608 surv=464 bits=464 conf=464 best=47 gpu=0.28s cpu=0.10s prep=0.01s up=0.001s wait=0.160s (1.66e+10 res/s)
K=2864 sh=0 MOD=1133661268029390 thr=1732900 res=4.67e+09 tierC=608 surv=709 bits=709 conf=699 best=47 gpu=0.31s cpu=0.14s prep=0.01s up=0.002s wait=0.177s (1.52e+10 res/s)
K=2865 sh=0 MOD=1133661268029390 thr=1732900 res=4.67e+09 tierC=608 surv=710 bits=710 conf=706 best=47 gpu=0.31s cpu=0.13s prep=0.01s up=0.001s wait=0.142s (1.51e+10 res/s)
K=2866 sh=0 MOD=1133661268029390 thr=1732900 res=4.67e+09 tierC=608 surv=476 bits=476 conf=476 best=47 gpu=0.28s cpu=0.09s prep=0.01s up=0.001s wait=0.126s (1.65e+10 res/s)
K=2867 sh=0 MOD=1133661268029390 thr=1732900 res=4.67e+09 tierC=608 surv=508 bits=508 conf=507 best=47 gpu=0.28s cpu=0.10s prep=0.01s up=0.001s wait=0.159s (1.64e+10 res/s)
K=2868 sh=0 MOD=1133661268029390 thr=1732900 res=4.67e+09 tierC=608 surv=601 bits=601 conf=598 best=47 gpu=0.29s cpu=0.12s prep=0.01s up=0.001s wait=0.157s (1.61e+10 res/s)
K=2869 sh=0 MOD=1133661268029390 thr=1732900 res=4.67e+09 tierC=608 surv=442 bits=442 conf=442 best=47 gpu=0.29s cpu=0.09s prep=0.01s up=0.001s wait=0.142s (1.61e+10 res/s)
K=2870 sh=0 MOD=1133661268029390 thr=1732900 res=4.67e+09 tierC=608 surv=452 bits=452 conf=452 best=47 gpu=0.30s cpu=0.10s prep=0.01s up=0.001s wait=0.180s (1.56e+10 res/s)
K=2871 sh=0 MOD=1133661268029390 thr=1732900 res=4.67e+09 tierC=608 surv=445 bits=445 conf=445 best=47 gpu=0.28s cpu=0.09s prep=0.01s up=0.001s wait=0.151s (1.67e+10 res/s)
K=2872 sh=0 MOD=1133661268029390 thr=1732900 res=4.67e+09 tierC=608 surv=597 bits=597 conf=596 best=47 gpu=0.28s cpu=0.11s prep=0.01s up=0.001s wait=0.165s (1.65e+10 res/s)
K=2873 sh=0 MOD=1133661268029390 thr=1732900 res=4.67e+09 tierC=608 surv=431 bits=431 conf=431 best=47 gpu=0.28s cpu=0.09s prep=0.01s up=0.001s wait=0.143s (1.64e+10 res/s)
K=2874 sh=0 MOD=1133661268029390 thr=1732900 res=4.67e+09 tierC=608 surv=522 bits=522 conf=521 best=47 gpu=0.30s cpu=0.11s prep=0.01s up=0.001s wait=0.170s (1.58e+10 res/s)
K=2875 sh=0 MOD=1133661268029390 thr=1732900 res=4.67e+09 tierC=608 surv=409 bits=409 conf=409 best=47 gpu=0.28s cpu=0.08s prep=0.01s up=0.001s wait=0.143s (1.64e+10 res/s)
K=2876 sh=0 MOD=1133661268029390 thr=1732900 res=4.67e+09 tierC=608 surv=487 bits=487 conf=487 best=47 gpu=0.28s cpu=0.10s prep=0.01s up=0.001s wait=0.171s (1.64e+10 res/s)
K=2877 sh=0 MOD=1133661268029390 thr=1732900 res=4.67e+09 tierC=608 surv=798 bits=798 conf=793 best=47 gpu=0.33s cpu=0.15s prep=0.01s up=0.001s wait=0.197s (1.43e+10 res/s)
K=2878 sh=0 MOD=1133661268029390 thr=1732900 res=4.67e+09 tierC=608 surv=477 bits=477 conf=477 best=47 gpu=0.28s cpu=0.09s prep=0.01s up=0.001s wait=0.103s (1.65e+10 res/s)
K=2879 sh=0 MOD=1133661268029390 thr=1732900 res=4.67e+09 tierC=608 surv=517 bits=517 conf=516 best=47 gpu=0.29s cpu=0.10s prep=0.01s up=0.001s wait=0.164s (1.63e+10 res/s)
K=2880 sh=0 MOD=1133661268029390 thr=1732900 res=4.67e+09 tierC=608 surv=451 bits=451 conf=451 best=47 gpu=0.29s cpu=0.10s prep=0.01s up=0.001s wait=0.158s (1.63e+10 res/s)
K=2881 sh=0 MOD=1133661268029390 thr=1732900 res=4.67e+09 tierC=608 surv=469 bits=469 conf=469 best=47 gpu=0.29s cpu=0.10s prep=0.01s up=0.001s wait=0.156s (1.62e+10 res/s)
K=2882 sh=0 MOD=1133661268029390 thr=1732900 res=4.67e+09 tierC=608 surv=808 bits=808 conf=804 best=47 gpu=0.33s cpu=0.16s prep=0.01s up=0.001s wait=0.198s (1.43e+10 res/s)
K=2883 sh=0 MOD=1133661268029390 thr=1732900 res=4.67e+09 tierC=608 surv=477 bits=477 conf=477 best=47 gpu=0.29s cpu=0.10s prep=0.01s up=0.001s wait=0.096s (1.61e+10 res/s)
K=2884 sh=0 MOD=1133661268029390 thr=1732900 res=4.67e+09 tierC=608 surv=452 bits=452 conf=452 best=47 gpu=0.28s cpu=0.09s prep=0.01s up=0.001s wait=0.151s (1.67e+10 res/s)
K=2885 sh=0 MOD=1133661268029390 thr=1732900 res=4.67e+09 tierC=608 surv=515 bits=515 conf=515 best=47 gpu=0.28s cpu=0.11s prep=0.01s up=0.001s wait=0.158s (1.65e+10 res/s)
K=2886 sh=0 MOD=1133661268029390 thr=1732900 res=4.67e+09 tierC=608 surv=481 bits=481 conf=481 best=47 gpu=0.28s cpu=0.09s prep=0.01s up=0.001s wait=0.145s (1.65e+10 res/s)
K=2887 sh=0 MOD=1133661268029390 thr=1732900 res=4.67e+09 tierC=608 surv=467 bits=467 conf=466 best=47 gpu=0.29s cpu=0.09s prep=0.01s up=0.001s wait=0.170s (1.59e+10 res/s)
K=2888 sh=0 MOD=1133661268029390 thr=1732900 res=4.67e+09 tierC=608 surv=458 bits=458 conf=458 best=47 gpu=0.28s cpu=0.09s prep=0.01s up=0.001s wait=0.159s (1.68e+10 res/s)
K=2889 sh=0 MOD=1387940430951870 thr=1732900 res=6.958e+09 tierC=608 surv=1185 bits=1185 conf=1179 best=47 gpu=0.50s cpu=0.25s prep=0.01s up=0.001s wait=0.376s (1.39e+10 res/s)
K=2890 sh=0 MOD=1133661268029390 thr=1732900 res=4.67e+09 tierC=608 surv=459 bits=459 conf=459 best=47 gpu=0.31s cpu=0.09s prep=0.01s up=0.001s wait=0.033s (1.5e+10 res/s)
K=2891 sh=0 MOD=19214597763210 thr=1732900 res=4.67e+09 tierC=608 surv=443 bits=443 conf=443 best=47 gpu=0.28s cpu=0.07s prep=0.01s up=0.001s wait=0.152s (1.68e+10 res/s)
K=2892 sh=0 MOD=1133661268029390 thr=1732900 res=4.67e+09 tierC=608 surv=452 bits=452 conf=450 best=47 gpu=0.28s cpu=0.09s prep=0.01s up=0.001s wait=0.178s (1.64e+10 res/s)
K=2893 sh=0 MOD=1133661268029390 thr=1732900 res=4.67e+09 tierC=608 surv=593 bits=593 conf=590 best=47 gpu=0.29s cpu=0.12s prep=0.01s up=0.001s wait=0.167s (1.61e+10 res/s)
K=2894 sh=0 MOD=1133661268029390 thr=1732900 res=4.67e+09 tierC=608 surv=474 bits=474 conf=474 best=47 gpu=0.29s cpu=0.10s prep=0.01s up=0.001s wait=0.134s (1.63e+10 res/s)
K=2895 sh=0 MOD=1133661268029390 thr=1732900 res=4.67e+09 tierC=608 surv=453 bits=453 conf=453 best=47 gpu=0.28s cpu=0.09s prep=0.01s up=0.001s wait=0.148s (1.69e+10 res/s)
K=2896 sh=0 MOD=1133661268029390 thr=1732900 res=4.67e+09 tierC=608 surv=440 bits=440 conf=440 best=47 gpu=0.28s cpu=0.09s prep=0.01s up=0.001s wait=0.155s (1.66e+10 res/s)
K=2897 sh=0 MOD=1133661268029390 thr=1732900 res=4.67e+09 tierC=608 surv=502 bits=502 conf=502 best=47 gpu=0.28s cpu=0.10s prep=0.01s up=0.001s wait=0.160s (1.66e+10 res/s)
K=2898 sh=0 MOD=1133661268029390 thr=1732900 res=4.67e+09 tierC=608 surv=525 bits=525 conf=525 best=47 gpu=0.28s cpu=0.10s prep=0.01s up=0.001s wait=0.149s (1.64e+10 res/s)
K=2899 sh=0 MOD=1133661268029390 thr=1732900 res=4.67e+09 tierC=608 surv=461 bits=461 conf=461 best=47 gpu=0.29s cpu=0.09s prep=0.01s up=0.001s wait=0.155s (1.62e+10 res/s)
K=2900 sh=0 MOD=1133661268029390 thr=1732900 res=4.67e+09 tierC=608 surv=438 bits=438 conf=438 best=47 gpu=0.29s cpu=0.09s prep=0.01s up=0.001s wait=0.169s (1.62e+10 res/s)
K=2901 sh=0 MOD=1133661268029390 thr=1732900 res=4.67e+09 tierC=608 surv=462 bits=462 conf=462 best=47 gpu=0.29s cpu=0.10s prep=0.01s up=0.001s wait=0.164s (1.63e+10 res/s)
K=2902 sh=0 MOD=1133661268029390 thr=1732900 res=4.67e+09 tierC=608 surv=460 bits=460 conf=460 best=47 gpu=0.29s cpu=0.09s prep=0.01s up=0.001s wait=0.157s (1.64e+10 res/s)
K=2903 sh=0 MOD=1133661268029390 thr=1732900 res=4.67e+09 tierC=608 surv=463 bits=463 conf=463 best=47 gpu=0.29s cpu=0.10s prep=0.01s up=0.001s wait=0.164s (1.6e+10 res/s)
K=2904 sh=0 MOD=1133661268029390 thr=1732900 res=4.67e+09 tierC=608 surv=469 bits=469 conf=469 best=47 gpu=0.30s cpu=0.10s prep=0.01s up=0.001s wait=0.163s (1.58e+10 res/s)
K=2905 sh=0 MOD=1789272603757230 thr=3396484 res=1.364e+10 tierC=608 surv=2430 bits=2430 conf=2408 best=47 gpu=0.93s cpu=0.50s prep=0.01s up=0.001s wait=0.803s (1.46e+10 res/s)
K=2906 sh=0 MOD=1133661268029390 thr=1732900 res=4.67e+09 tierC=608 surv=441 bits=441 conf=441 best=47 gpu=0.53s cpu=0.09s prep=0.01s up=0.001s wait=0.000s (8.84e+09 res/s)
K=2907 sh=0 MOD=1133661268029390 thr=1732900 res=4.67e+09 tierC=608 surv=513 bits=513 conf=513 best=47 gpu=0.27s cpu=0.11s prep=0.01s up=0.001s wait=0.146s (1.72e+10 res/s)
K=2908 sh=0 MOD=1133661268029390 thr=1732900 res=4.67e+09 tierC=608 surv=449 bits=449 conf=449 best=47 gpu=0.29s cpu=0.09s prep=0.01s up=0.001s wait=0.148s (1.62e+10 res/s)
K=2909 sh=0 MOD=1133661268029390 thr=1732900 res=4.67e+09 tierC=608 surv=417 bits=417 conf=417 best=47 gpu=0.28s cpu=0.08s prep=0.01s up=0.001s wait=0.167s (1.65e+10 res/s)
K=2910 sh=0 MOD=1133661268029390 thr=1732900 res=4.67e+09 tierC=608 surv=503 bits=503 conf=500 best=47 gpu=0.29s cpu=0.10s prep=0.01s up=0.000s wait=0.177s (1.62e+10 res/s)
K=2911 sh=0 MOD=15967060113090 thr=133300 res=3.592e+08 tierC=608 surv=33 bits=33 conf=33 best=47 gpu=0.13s cpu=0.01s prep=0.01s up=0.001s wait=0.000s (2.8e+09 res/s)
K=2912 sh=0 MOD=1133661268029390 thr=1732900 res=4.67e+09 tierC=608 surv=487 bits=487 conf=487 best=47 gpu=0.26s cpu=0.09s prep=0.01s up=0.001s wait=0.216s (1.78e+10 res/s)
K=2913 sh=0 MOD=1133661268029390 thr=1732900 res=4.67e+09 tierC=608 surv=520 bits=520 conf=518 best=47 gpu=0.28s cpu=0.11s prep=0.01s up=0.001s wait=0.152s (1.68e+10 res/s)
K=2914 sh=0 MOD=1133661268029390 thr=1732900 res=4.67e+09 tierC=608 surv=470 bits=470 conf=470 best=47 gpu=0.28s cpu=0.09s prep=0.01s up=0.001s wait=0.141s (1.68e+10 res/s)
K=2915 sh=0 MOD=1133661268029390 thr=1732900 res=4.67e+09 tierC=608 surv=449 bits=449 conf=442 best=47 gpu=0.27s cpu=0.09s prep=0.01s up=0.001s wait=0.148s (1.71e+10 res/s)
K=2916 sh=0 MOD=1133661268029390 thr=1732900 res=4.67e+09 tierC=608 surv=439 bits=439 conf=439 best=47 gpu=0.28s cpu=0.09s prep=0.01s up=0.001s wait=0.162s (1.65e+10 res/s)
K=2917 sh=0 MOD=1133661268029390 thr=1732900 res=4.67e+09 tierC=608 surv=431 bits=431 conf=431 best=47 gpu=0.28s cpu=0.08s prep=0.01s up=0.001s wait=0.156s (1.65e+10 res/s)
K=2918 sh=0 MOD=1133661268029390 thr=1732900 res=4.67e+09 tierC=608 surv=492 bits=492 conf=492 best=47 gpu=0.28s cpu=0.10s prep=0.01s up=0.001s wait=0.165s (1.67e+10 res/s)
K=2919 sh=0 MOD=1133661268029390 thr=1732900 res=4.67e+09 tierC=608 surv=519 bits=519 conf=519 best=47 gpu=0.28s cpu=0.10s prep=0.01s up=0.001s wait=0.155s (1.65e+10 res/s)
K=2920 sh=0 MOD=1133661268029390 thr=1732900 res=4.67e+09 tierC=608 surv=474 bits=474 conf=474 best=47 gpu=0.29s cpu=0.10s prep=0.01s up=0.001s wait=0.161s (1.6e+10 res/s)
K=2921 sh=0 MOD=1133661268029390 thr=1732900 res=4.67e+09 tierC=608 surv=482 bits=482 conf=482 best=47 gpu=0.28s cpu=0.09s prep=0.01s up=0.001s wait=0.156s (1.65e+10 res/s)
K=2922 sh=0 MOD=1133661268029390 thr=1732900 res=4.67e+09 tierC=608 surv=406 bits=406 conf=406 best=47 gpu=0.28s cpu=0.09s prep=0.01s up=0.001s wait=0.151s (1.69e+10 res/s)
K=2923 sh=0 MOD=1133661268029390 thr=1732900 res=4.67e+09 tierC=608 surv=437 bits=437 conf=437 best=47 gpu=0.28s cpu=0.09s prep=0.01s up=0.001s wait=0.166s (1.64e+10 res/s)
K=2924 sh=0 MOD=1133661268029390 thr=1732900 res=4.67e+09 tierC=608 surv=472 bits=472 conf=471 best=47 gpu=0.28s cpu=0.09s prep=0.01s up=0.001s wait=0.163s (1.65e+10 res/s)
K=2925 sh=0 MOD=1133661268029390 thr=1732900 res=4.67e+09 tierC=608 surv=478 bits=478 conf=478 best=47 gpu=0.28s cpu=0.10s prep=0.01s up=0.001s wait=0.152s (1.69e+10 res/s)
K=2926 sh=0 MOD=1133661268029390 thr=1732900 res=4.67e+09 tierC=608 surv=453 bits=453 conf=453 best=47 gpu=0.29s cpu=0.09s prep=0.01s up=0.001s wait=0.162s (1.6e+10 res/s)
K=2927 sh=0 MOD=1133661268029390 thr=1732900 res=4.67e+09 tierC=608 surv=447 bits=447 conf=447 best=47 gpu=0.28s cpu=0.09s prep=0.01s up=0.001s wait=0.156s (1.69e+10 res/s)
K=2928 sh=0 MOD=1133661268029390 thr=1732900 res=4.67e+09 tierC=608 surv=481 bits=481 conf=478 best=47 gpu=0.29s cpu=0.10s prep=0.01s up=0.001s wait=0.160s (1.63e+10 res/s)
K=2929 sh=0 MOD=1470392337741090 thr=1974700 res=7.928e+09 tierC=608 surv=1361 bits=1361 conf=1355 best=47 gpu=0.57s cpu=0.29s prep=0.01s up=0.001s wait=0.435s (1.39e+10 res/s)
K=2930 sh=0 MOD=1133661268029390 thr=1732900 res=4.67e+09 tierC=608 surv=603 bits=603 conf=602 best=47 gpu=0.32s cpu=0.12s prep=0.01s up=0.001s wait=0.000s (1.47e+10 res/s)
K=2931 sh=0 MOD=1133661268029390 thr=1732900 res=4.67e+09 tierC=608 surv=478 bits=478 conf=477 best=47 gpu=0.29s cpu=0.10s prep=0.01s up=0.001s wait=0.134s (1.63e+10 res/s)
K=2932 sh=0 MOD=1133661268029390 thr=1732900 res=4.67e+09 tierC=608 surv=469 bits=469 conf=469 best=47 gpu=0.30s cpu=0.09s prep=0.01s up=0.001s wait=0.166s (1.58e+10 res/s)
K=2933 sh=0 MOD=1133661268029390 thr=1732900 res=4.67e+09 tierC=608 surv=551 bits=551 conf=550 best=47 gpu=0.28s cpu=0.11s prep=0.01s up=0.001s wait=0.156s (1.66e+10 res/s)
K=2934 sh=0 MOD=1133661268029390 thr=1732900 res=4.67e+09 tierC=608 surv=451 bits=451 conf=451 best=47 gpu=0.28s cpu=0.10s prep=0.01s up=0.001s wait=0.135s (1.67e+10 res/s)
K=2935 sh=0 MOD=1133661268029390 thr=1732900 res=4.67e+09 tierC=608 surv=526 bits=526 conf=525 best=47 gpu=0.30s cpu=0.10s prep=0.01s up=0.001s wait=0.171s (1.56e+10 res/s)
K=2936 sh=0 MOD=1133661268029390 thr=1732900 res=4.67e+09 tierC=608 surv=439 bits=439 conf=439 best=47 gpu=0.28s cpu=0.09s prep=0.01s up=0.001s wait=0.151s (1.64e+10 res/s)
K=2937 sh=0 MOD=1668647484402810 thr=2739100 res=1.1e+10 tierC=608 surv=1907 bits=1907 conf=1902 best=47 gpu=0.77s cpu=0.40s prep=0.01s up=0.001s wait=0.652s (1.42e+10 res/s)
K=2938 sh=0 MOD=1314244478865930 thr=1732900 res=6.199e+09 tierC=608 surv=1095 bits=1095 conf=1090 best=47 gpu=0.46s cpu=0.23s prep=0.01s up=0.001s wait=0.029s (1.36e+10 res/s)
K=2939 sh=0 MOD=1133661268029390 thr=1732900 res=4.67e+09 tierC=608 surv=499 bits=499 conf=499 best=47 gpu=0.29s cpu=0.10s prep=0.01s up=0.001s wait=0.031s (1.6e+10 res/s)
K=2940 sh=0 MOD=1133661268029390 thr=1732900 res=4.67e+09 tierC=608 surv=424 bits=424 conf=424 best=47 gpu=0.29s cpu=0.09s prep=0.01s up=0.001s wait=0.158s (1.6e+10 res/s)
K=2941 sh=0 MOD=1133661268029390 thr=1732900 res=4.67e+09 tierC=608 surv=740 bits=740 conf=738 best=47 gpu=0.31s cpu=0.15s prep=0.01s up=0.001s wait=0.185s (1.51e+10 res/s)
K=2942 sh=0 MOD=1133661268029390 thr=1732900 res=4.67e+09 tierC=608 surv=467 bits=467 conf=467 best=47 gpu=0.30s cpu=0.09s prep=0.01s up=0.001s wait=0.114s (1.57e+10 res/s)
K=2943 sh=0 MOD=1133661268029390 thr=1732900 res=4.67e+09 tierC=608 surv=456 bits=456 conf=456 best=47 gpu=0.29s cpu=0.09s prep=0.01s up=0.001s wait=0.161s (1.63e+10 res/s)
K=2944 sh=0 MOD=1133661268029390 thr=1732900 res=4.67e+09 tierC=608 surv=477 bits=477 conf=477 best=47 gpu=0.29s cpu=0.10s prep=0.01s up=0.001s wait=0.164s (1.61e+10 res/s)
K=2945 sh=0 MOD=1133661268029390 thr=1732900 res=4.67e+09 tierC=608 surv=490 bits=490 conf=490 best=47 gpu=0.29s cpu=0.09s prep=0.01s up=0.001s wait=0.155s (1.62e+10 res/s)
K=2946 sh=0 MOD=1133661268029390 thr=1732900 res=4.67e+09 tierC=608 surv=503 bits=503 conf=503 best=47 gpu=0.28s cpu=0.10s prep=0.01s up=0.001s wait=0.156s (1.68e+10 res/s)
K=2947 sh=0 MOD=1133661268029390 thr=1732900 res=4.67e+09 tierC=608 surv=481 bits=481 conf=481 best=47 gpu=0.29s cpu=0.10s prep=0.01s up=0.001s wait=0.151s (1.63e+10 res/s)
K=2948 sh=0 MOD=1133661268029390 thr=1732900 res=4.67e+09 tierC=608 surv=464 bits=464 conf=464 best=47 gpu=0.28s cpu=0.10s prep=0.01s up=0.001s wait=0.146s (1.69e+10 res/s)
K=2949 sh=0 MOD=1133661268029390 thr=1732900 res=4.67e+09 tierC=608 surv=508 bits=508 conf=505 best=47 gpu=0.28s cpu=0.10s prep=0.01s up=0.001s wait=0.149s (1.68e+10 res/s)
K=2950 sh=0 MOD=19214597763210 thr=1732900 res=4.67e+09 tierC=608 surv=469 bits=469 conf=466 best=47 gpu=0.29s cpu=0.08s prep=0.01s up=0.001s wait=0.161s (1.62e+10 res/s)
K=2951 sh=0 MOD=1133661268029390 thr=1732900 res=4.67e+09 tierC=608 surv=629 bits=629 conf=629 best=47 gpu=0.29s cpu=0.12s prep=0.01s up=0.001s wait=0.182s (1.58e+10 res/s)
K=2952 sh=0 MOD=1133661268029390 thr=1732900 res=4.67e+09 tierC=608 surv=478 bits=478 conf=477 best=47 gpu=0.29s cpu=0.09s prep=0.01s up=0.001s wait=0.138s (1.62e+10 res/s)
K=2953 sh=0 MOD=1133661268029390 thr=1732900 res=4.67e+09 tierC=608 surv=448 bits=448 conf=448 best=47 gpu=0.28s cpu=0.09s prep=0.01s up=0.001s wait=0.152s (1.69e+10 res/s)
K=2954 sh=0 MOD=1133661268029390 thr=1732900 res=4.67e+09 tierC=608 surv=418 bits=418 conf=418 best=47 gpu=0.28s cpu=0.09s prep=0.01s up=0.001s wait=0.150s (1.69e+10 res/s)
K=2955 sh=0 MOD=1133661268029390 thr=1732900 res=4.67e+09 tierC=608 surv=638 bits=638 conf=634 best=47 gpu=0.30s cpu=0.13s prep=0.01s up=0.001s wait=0.186s (1.54e+10 res/s)
K=2956 sh=0 MOD=1133661268029390 thr=1732900 res=4.67e+09 tierC=608 surv=475 bits=475 conf=475 best=47 gpu=0.28s cpu=0.10s prep=0.01s up=0.001s wait=0.126s (1.64e+10 res/s)
K=2957 sh=0 MOD=1133661268029390 thr=1732900 res=4.67e+09 tierC=608 surv=462 bits=462 conf=462 best=47 gpu=0.28s cpu=0.09s prep=0.01s up=0.001s wait=0.155s (1.65e+10 res/s)
K=2958 sh=0 MOD=1133661268029390 thr=1732900 res=4.67e+09 tierC=608 surv=468 bits=468 conf=468 best=47 gpu=0.28s cpu=0.09s prep=0.01s up=0.001s wait=0.154s (1.68e+10 res/s)
K=2959 sh=0 MOD=1133661268029390 thr=1732900 res=4.67e+09 tierC=608 surv=661 bits=661 conf=611 best=47 gpu=0.30s cpu=0.12s prep=0.01s up=0.001s wait=0.177s (1.54e+10 res/s)
K=2960 sh=0 MOD=1133661268029390 thr=1732900 res=4.67e+09 tierC=608 surv=484 bits=484 conf=483 best=47 gpu=0.29s cpu=0.09s prep=0.01s up=0.001s wait=0.132s (1.62e+10 res/s)
K=2961 sh=0 MOD=1133661268029390 thr=1732900 res=4.67e+09 tierC=608 surv=459 bits=459 conf=459 best=47 gpu=0.28s cpu=0.09s prep=0.01s up=0.001s wait=0.158s (1.65e+10 res/s)
K=2962 sh=0 MOD=1133661268029390 thr=1732900 res=4.67e+09 tierC=608 surv=515 bits=515 conf=515 best=47 gpu=0.28s cpu=0.11s prep=0.01s up=0.001s wait=0.157s (1.65e+10 res/s)
K=2963 sh=0 MOD=1133661268029390 thr=1732900 res=4.67e+09 tierC=608 surv=440 bits=440 conf=440 best=47 gpu=0.29s cpu=0.09s prep=0.01s up=0.001s wait=0.151s (1.61e+10 res/s)
K=2964 sh=0 MOD=1133661268029390 thr=1732900 res=4.67e+09 tierC=608 surv=506 bits=506 conf=506 best=47 gpu=0.28s cpu=0.11s prep=0.01s up=0.001s wait=0.163s (1.65e+10 res/s)
K=2965 sh=0 MOD=1133661268029390 thr=1732900 res=4.67e+09 tierC=608 surv=532 bits=532 conf=531 best=47 gpu=0.29s cpu=0.11s prep=0.01s up=0.001s wait=0.150s (1.62e+10 res/s)
K=2966 sh=0 MOD=1133661268029390 thr=1732900 res=4.67e+09 tierC=608 surv=454 bits=454 conf=454 best=47 gpu=0.28s cpu=0.09s prep=0.01s up=0.001s wait=0.140s (1.66e+10 res/s)
K=2967 sh=0 MOD=1133661268029390 thr=1732900 res=4.67e+09 tierC=608 surv=428 bits=428 conf=428 best=47 gpu=0.27s cpu=0.08s prep=0.01s up=0.001s wait=0.149s (1.7e+10 res/s)
K=2968 sh=0 MOD=1133661268029390 thr=1732900 res=4.67e+09 tierC=608 surv=486 bits=486 conf=486 best=47 gpu=0.28s cpu=0.10s prep=0.01s up=0.001s wait=0.162s (1.67e+10 res/s)
K=2969 sh=0 MOD=1133661268029390 thr=1732900 res=4.67e+09 tierC=608 surv=526 bits=526 conf=526 best=47 gpu=0.29s cpu=0.10s prep=0.01s up=0.001s wait=0.155s (1.64e+10 res/s)
K=2970 sh=0 MOD=1133661268029390 thr=1732900 res=4.67e+09 tierC=608 surv=488 bits=488 conf=488 best=47 gpu=0.28s cpu=0.10s prep=0.01s up=0.001s wait=0.151s (1.67e+10 res/s)
K=2971 sh=0 MOD=1133661268029390 thr=1732900 res=4.67e+09 tierC=608 surv=450 bits=450 conf=450 best=47 gpu=0.29s cpu=0.10s prep=0.01s up=0.001s wait=0.155s (1.62e+10 res/s)
K=2972 sh=0 MOD=1133661268029390 thr=1732900 res=4.67e+09 tierC=608 surv=536 bits=536 conf=536 best=47 gpu=0.28s cpu=0.11s prep=0.01s up=0.001s wait=0.156s (1.65e+10 res/s)
K=2973 sh=0 MOD=1133661268029390 thr=1732900 res=4.67e+09 tierC=608 surv=451 bits=451 conf=451 best=47 gpu=0.28s cpu=0.09s prep=0.01s up=0.002s wait=0.134s (1.69e+10 res/s)
K=2974 sh=0 MOD=1133661268029390 thr=1732900 res=4.67e+09 tierC=608 surv=474 bits=474 conf=474 best=47 gpu=0.29s cpu=0.10s prep=0.01s up=0.001s wait=0.165s (1.64e+10 res/s)
K=2975 sh=0 MOD=1133661268029390 thr=1732900 res=4.67e+09 tierC=608 surv=490 bits=490 conf=490 best=47 gpu=0.29s cpu=0.10s prep=0.01s up=0.001s wait=0.163s (1.6e+10 res/s)
K=2976 sh=0 MOD=1133661268029390 thr=1732900 res=4.67e+09 tierC=608 surv=454 bits=454 conf=454 best=47 gpu=0.29s cpu=0.09s prep=0.01s up=0.001s wait=0.155s (1.61e+10 res/s)
K=2977 sh=0 MOD=1133661268029390 thr=1732900 res=4.67e+09 tierC=608 surv=493 bits=493 conf=490 best=47 gpu=0.28s cpu=0.10s prep=0.01s up=0.001s wait=0.154s (1.66e+10 res/s)
K=2978 sh=0 MOD=1133661268029390 thr=1732900 res=4.67e+09 tierC=608 surv=556 bits=556 conf=556 best=47 gpu=0.29s cpu=0.10s prep=0.01s up=0.001s wait=0.154s (1.62e+10 res/s)
K=2979 sh=0 MOD=1133661268029390 thr=1732900 res=4.67e+09 tierC=608 surv=438 bits=438 conf=438 best=47 gpu=0.28s cpu=0.09s prep=0.01s up=0.001s wait=0.151s (1.64e+10 res/s)
K=2980 sh=0 MOD=1133661268029390 thr=1732900 res=4.67e+09 tierC=608 surv=808 bits=808 conf=804 best=47 gpu=0.33s cpu=0.16s prep=0.01s up=0.001s wait=0.214s (1.41e+10 res/s)
K=2981 sh=0 MOD=1133661268029390 thr=1732900 res=4.67e+09 tierC=608 surv=465 bits=465 conf=465 best=47 gpu=0.30s cpu=0.10s prep=0.01s up=0.000s wait=0.107s (1.58e+10 res/s)
K=2982 sh=0 MOD=15967060113090 thr=133300 res=3.592e+08 tierC=608 surv=35 bits=35 conf=35 best=47 gpu=0.13s cpu=0.02s prep=0.01s up=0.001s wait=0.000s (2.67e+09 res/s)
K=2983 sh=0 MOD=1133661268029390 thr=1732900 res=4.67e+09 tierC=608 surv=510 bits=510 conf=510 best=47 gpu=0.28s cpu=0.11s prep=0.01s up=0.001s wait=0.228s (1.68e+10 res/s)
K=2984 sh=0 MOD=1133661268029390 thr=1732900 res=4.67e+09 tierC=608 surv=457 bits=457 conf=457 best=47 gpu=0.29s cpu=0.09s prep=0.01s up=0.001s wait=0.146s (1.6e+10 res/s)
K=2985 sh=0 MOD=1133661268029390 thr=1732900 res=4.67e+09 tierC=608 surv=488 bits=488 conf=488 best=47 gpu=0.28s cpu=0.09s prep=0.01s up=0.001s wait=0.155s (1.66e+10 res/s)
K=2986 sh=0 MOD=1133661268029390 thr=1732900 res=4.67e+09 tierC=608 surv=488 bits=488 conf=488 best=47 gpu=0.28s cpu=0.11s prep=0.01s up=0.001s wait=0.153s (1.66e+10 res/s)
K=2987 sh=0 MOD=1133661268029390 thr=1732900 res=4.67e+09 tierC=608 surv=472 bits=472 conf=472 best=47 gpu=0.30s cpu=0.10s prep=0.01s up=0.001s wait=0.146s (1.57e+10 res/s)
K=2988 sh=0 MOD=1789272603757230 thr=3396484 res=1.364e+10 tierC=608 surv=2504 bits=2504 conf=2495 best=47 gpu=0.92s cpu=0.52s prep=0.01s up=0.001s wait=0.784s (1.48e+10 res/s)
K=2989 sh=0 MOD=1133661268029390 thr=1732900 res=4.67e+09 tierC=608 surv=478 bits=478 conf=478 best=47 gpu=0.55s cpu=0.10s prep=0.01s up=0.001s wait=0.000s (8.45e+09 res/s)
K=2990 sh=0 MOD=1133661268029390 thr=1732900 res=4.67e+09 tierC=608 surv=421 bits=421 conf=421 best=47 gpu=0.27s cpu=0.10s prep=0.01s up=0.001s wait=0.137s (1.72e+10 res/s)
K=2991 sh=0 MOD=1133661268029390 thr=1732900 res=4.67e+09 tierC=608 surv=439 bits=439 conf=439 best=47 gpu=0.30s cpu=0.10s prep=0.01s up=0.001s wait=0.168s (1.58e+10 res/s)
K=2992 sh=0 MOD=1133661268029390 thr=1732900 res=4.67e+09 tierC=608 surv=514 bits=514 conf=467 best=47 gpu=0.28s cpu=0.10s prep=0.01s up=0.001s wait=0.150s (1.67e+10 res/s)
K=2993 sh=0 MOD=1133661268029390 thr=1732900 res=4.67e+09 tierC=608 surv=447 bits=447 conf=447 best=47 gpu=16.13s cpu=0.10s prep=0.01s up=0.001s wait=16.000s (2.89e+08 res/s)
K=2994 sh=0 MOD=1133661268029390 thr=1732900 res=4.67e+09 tierC=608 surv=431 bits=431 conf=431 best=47 gpu=0.27s cpu=0.09s prep=0.01s up=0.001s wait=0.140s (1.72e+10 res/s)
K=2995 sh=0 MOD=1133661268029390 thr=1732900 res=4.67e+09 tierC=608 surv=521 bits=521 conf=520 best=47 gpu=0.28s cpu=0.11s prep=0.01s up=0.001s wait=0.151s (1.68e+10 res/s)
K=2996 sh=0 MOD=1387940430951870 thr=1732900 res=6.958e+09 tierC=608 surv=1275 bits=1275 conf=1266 best=47 gpu=0.48s cpu=0.24s prep=0.01s up=0.001s wait=0.340s (1.45e+10 res/s)
K=2997 sh=0 MOD=1133661268029390 thr=1732900 res=4.67e+09 tierC=608 surv=462 bits=462 conf=462 best=47 gpu=0.29s cpu=0.09s prep=0.01s up=0.001s wait=0.014s (1.63e+10 res/s)
K=2998 sh=0 MOD=1133661268029390 thr=1732900 res=4.67e+09 tierC=608 surv=489 bits=489 conf=489 best=47 gpu=0.28s cpu=0.10s prep=0.01s up=0.001s wait=0.159s (1.65e+10 res/s)
K=2999 sh=0 MOD=1133661268029390 thr=1732900 res=4.67e+09 tierC=608 surv=505 bits=505 conf=504 best=47 gpu=0.28s cpu=0.10s prep=0.01s up=0.001s wait=0.151s (1.66e+10 res/s)
K=3000 sh=0 MOD=1133661268029390 thr=1732900 res=4.67e+09 tierC=608 surv=498 bits=498 conf=497 best=47 gpu=0.28s cpu=0.09s prep=0.01s up=0.001s wait=0.144s (1.68e+10 res/s)
K=3001 sh=0 MOD=1133661268029390 thr=1732900 res=4.67e+09 tierC=608 surv=466 bits=466 conf=466 best=47 gpu=0.28s cpu=0.10s prep=0.01s up=0.001s wait=0.153s (1.67e+10 res/s)
K=3002 sh=0 MOD=1133661268029390 thr=1732900 res=4.67e+09 tierC=608 surv=462 bits=462 conf=462 best=47 gpu=0.28s cpu=0.10s prep=0.01s up=0.001s wait=0.146s (1.69e+10 res/s)
K=3003 sh=0 MOD=1133661268029390 thr=1732900 res=4.67e+09 tierC=608 surv=465 bits=465 conf=465 best=47 gpu=0.28s cpu=0.10s prep=0.01s up=0.001s wait=0.147s (1.68e+10 res/s)
K=3004 sh=0 MOD=1133661268029390 thr=1732900 res=4.67e+09 tierC=608 surv=436 bits=436 conf=436 best=47 gpu=0.29s cpu=0.09s prep=0.01s up=0.001s wait=0.159s (1.63e+10 res/s)
K=3005 sh=0 MOD=1133661268029390 thr=1732900 res=4.67e+09 tierC=608 surv=487 bits=487 conf=486 best=47 gpu=0.28s cpu=0.10s prep=0.01s up=0.001s wait=0.160s (1.68e+10 res/s)
K=3006 sh=0 MOD=1133661268029390 thr=1732900 res=4.67e+09 tierC=608 surv=680 bits=680 conf=679 best=47 gpu=0.30s cpu=0.13s prep=0.01s up=0.001s wait=0.177s (1.53e+10 res/s)
K=3007 sh=0 MOD=1133661268029390 thr=1732900 res=4.67e+09 tierC=608 surv=459 bits=459 conf=459 best=47 gpu=0.28s cpu=0.09s prep=0.01s up=0.001s wait=0.118s (1.65e+10 res/s)
K=3008 sh=0 MOD=1133661268029390 thr=1732900 res=4.67e+09 tierC=608 surv=456 bits=456 conf=456 best=47 gpu=0.27s cpu=0.10s prep=0.01s up=0.001s wait=0.148s (1.7e+10 res/s)
K=3009 sh=0 MOD=19214597763210 thr=1732900 res=4.67e+09 tierC=608 surv=442 bits=442 conf=441 best=47 gpu=0.27s cpu=0.08s prep=0.01s up=0.001s wait=0.140s (1.72e+10 res/s)
K=3010 sh=0 MOD=1133661268029390 thr=1732900 res=4.67e+09 tierC=608 surv=466 bits=466 conf=466 best=47 gpu=0.28s cpu=0.10s prep=0.01s up=0.001s wait=0.173s (1.66e+10 res/s)
K=3011 sh=0 MOD=1133661268029390 thr=1732900 res=4.67e+09 tierC=608 surv=490 bits=490 conf=489 best=47 gpu=0.28s cpu=0.09s prep=0.01s up=0.001s wait=0.146s (1.69e+10 res/s)
K=3012 sh=0 MOD=1133661268029390 thr=1732900 res=4.67e+09 tierC=608 surv=596 bits=596 conf=595 best=47 gpu=0.30s cpu=0.11s prep=0.01s up=0.001s wait=0.171s (1.57e+10 res/s)
K=3013 sh=0 MOD=1133661268029390 thr=1732900 res=4.67e+09 tierC=608 surv=765 bits=765 conf=762 best=47 gpu=0.33s cpu=0.15s prep=0.01s up=0.001s wait=0.182s (1.42e+10 res/s)
K=3014 sh=0 MOD=1133661268029390 thr=1732900 res=4.67e+09 tierC=608 surv=757 bits=757 conf=753 best=47 gpu=0.33s cpu=0.15s prep=0.01s up=0.001s wait=0.145s (1.41e+10 res/s)
K=3015 sh=0 MOD=1133661268029390 thr=1732900 res=4.67e+09 tierC=608 surv=469 bits=469 conf=469 best=47 gpu=0.28s cpu=0.09s prep=0.01s up=0.001s wait=0.093s (1.68e+10 res/s)
K=3016 sh=0 MOD=1133661268029390 thr=1732900 res=4.67e+09 tierC=608 surv=463 bits=463 conf=463 best=47 gpu=0.28s cpu=0.09s prep=0.01s up=0.001s wait=0.156s (1.67e+10 res/s)
K=3017 sh=0 MOD=1133661268029390 thr=1732900 res=4.67e+09 tierC=608 surv=527 bits=527 conf=527 best=47 gpu=0.30s cpu=0.11s prep=0.01s up=0.001s wait=0.177s (1.55e+10 res/s)
K=3018 sh=0 MOD=1133661268029390 thr=1732900 res=4.67e+09 tierC=608 surv=586 bits=586 conf=585 best=47 gpu=0.28s cpu=0.11s prep=0.01s up=0.001s wait=0.138s (1.68e+10 res/s)
K=3019 sh=0 MOD=1133661268029390 thr=1732900 res=4.67e+09 tierC=608 surv=477 bits=477 conf=477 best=47 gpu=0.28s cpu=0.10s prep=0.01s up=0.001s wait=0.140s (1.67e+10 res/s)
K=3020 sh=0 MOD=1133661268029390 thr=1732900 res=4.67e+09 tierC=608 surv=445 bits=445 conf=445 best=47 gpu=0.30s cpu=0.09s prep=0.01s up=0.001s wait=0.171s (1.55e+10 res/s)
K=3021 sh=0 MOD=1133661268029390 thr=1732900 res=4.67e+09 tierC=608 surv=449 bits=449 conf=449 best=47 gpu=0.29s cpu=0.09s prep=0.01s up=0.001s wait=0.163s (1.63e+10 res/s)
K=3022 sh=0 MOD=1133661268029390 thr=1732900 res=4.67e+09 tierC=608 surv=448 bits=448 conf=448 best=47 gpu=0.28s cpu=0.09s prep=0.01s up=0.001s wait=0.155s (1.69e+10 res/s)
K=3023 sh=0 MOD=1133661268029390 thr=1732900 res=4.67e+09 tierC=608 surv=461 bits=461 conf=460 best=47 gpu=0.27s cpu=0.10s prep=0.01s up=0.001s wait=0.153s (1.7e+10 res/s)
K=3024 sh=0 MOD=1133661268029390 thr=1732900 res=4.67e+09 tierC=608 surv=461 bits=461 conf=461 best=47 gpu=0.28s cpu=0.10s prep=0.01s up=0.001s wait=0.156s (1.64e+10 res/s)
K=3025 sh=0 MOD=1133661268029390 thr=1732900 res=4.67e+09 tierC=608 surv=523 bits=523 conf=477 best=47 gpu=0.29s cpu=0.10s prep=0.01s up=0.001s wait=0.154s (1.63e+10 res/s)
K=3026 sh=0 MOD=1668647484402810 thr=2739100 res=1.1e+10 tierC=608 surv=2087 bits=2087 conf=2066 best=47 gpu=0.74s cpu=0.41s prep=0.01s up=0.001s wait=0.612s (1.48e+10 res/s)
K=3027 sh=0 MOD=1133661268029390 thr=1732900 res=4.67e+09 tierC=608 surv=487 bits=487 conf=487 best=47 gpu=0.44s cpu=0.10s prep=0.01s up=0.001s wait=0.000s (1.06e+10 res/s)
K=3028 sh=0 MOD=1133661268029390 thr=1732900 res=4.67e+09 tierC=608 surv=476 bits=476 conf=472 best=47 gpu=0.27s cpu=0.09s prep=0.01s up=0.001s wait=0.143s (1.72e+10 res/s)
K=3029 sh=0 MOD=1133661268029390 thr=1732900 res=4.67e+09 tierC=608 surv=639 bits=639 conf=638 best=47 gpu=0.29s cpu=0.14s prep=0.01s up=0.001s wait=0.169s (1.61e+10 res/s)
K=3030 sh=0 MOD=1470392337741090 thr=1974700 res=7.928e+09 tierC=608 surv=1431 bits=1431 conf=1427 best=47 gpu=0.55s cpu=0.28s prep=0.01s up=0.001s wait=0.383s (1.44e+10 res/s)
K=3031 sh=0 MOD=1133661268029390 thr=1732900 res=4.67e+09 tierC=608 surv=476 bits=476 conf=476 best=47 gpu=0.31s cpu=0.09s prep=0.01s up=0.001s wait=0.000s (1.48e+10 res/s)
K=3032 sh=0 MOD=1133661268029390 thr=1732900 res=4.67e+09 tierC=608 surv=507 bits=507 conf=506 best=47 gpu=0.28s cpu=0.10s prep=0.01s up=0.001s wait=0.156s (1.66e+10 res/s)
K=3033 sh=0 MOD=1133661268029390 thr=1732900 res=4.67e+09 tierC=608 surv=433 bits=433 conf=433 best=47 gpu=0.29s cpu=0.09s prep=0.01s up=0.001s wait=0.158s (1.63e+10 res/s)
K=3034 sh=0 MOD=1133661268029390 thr=1732900 res=4.67e+09 tierC=608 surv=448 bits=448 conf=448 best=47 gpu=0.28s cpu=0.10s prep=0.01s up=0.001s wait=0.159s (1.69e+10 res/s)
K=3035 sh=0 MOD=1133661268029390 thr=1732900 res=4.67e+09 tierC=608 surv=480 bits=480 conf=480 best=47 gpu=0.28s cpu=0.11s prep=0.01s up=0.001s wait=0.154s (1.65e+10 res/s)
K=3036 sh=0 MOD=1133661268029390 thr=1732900 res=4.67e+09 tierC=608 surv=505 bits=505 conf=505 best=47 gpu=0.29s cpu=0.10s prep=0.01s up=0.001s wait=0.146s (1.63e+10 res/s)
K=3037 sh=0 MOD=1133661268029390 thr=1732900 res=4.67e+09 tierC=608 surv=510 bits=510 conf=509 best=47 gpu=0.28s cpu=0.10s prep=0.01s up=0.001s wait=0.143s (1.7e+10 res/s)
K=3038 sh=0 MOD=1133661268029390 thr=1732900 res=4.67e+09 tierC=608 surv=494 bits=494 conf=494 best=47 gpu=0.28s cpu=0.10s prep=0.01s up=0.001s wait=0.147s (1.68e+10 res/s)
K=3039 sh=0 MOD=1133661268029390 thr=1732900 res=4.67e+09 tierC=608 surv=489 bits=489 conf=488 best=47 gpu=0.29s cpu=0.10s prep=0.01s up=0.001s wait=0.153s (1.62e+10 res/s)
K=3040 sh=0 MOD=1133661268029390 thr=1732900 res=4.67e+09 tierC=608 surv=472 bits=472 conf=472 best=47 gpu=0.27s cpu=0.10s prep=0.01s up=0.001s wait=0.143s (1.7e+10 res/s)
K=3041 sh=0 MOD=1133661268029390 thr=1732900 res=4.67e+09 tierC=608 surv=493 bits=493 conf=493 best=47 gpu=0.28s cpu=0.10s prep=0.01s up=0.001s wait=0.150s (1.68e+10 res/s)
K=3042 sh=0 MOD=1133661268029390 thr=1732900 res=4.67e+09 tierC=608 surv=449 bits=449 conf=449 best=47 gpu=0.29s cpu=0.09s prep=0.01s up=0.001s wait=0.156s (1.63e+10 res/s)
K=3043 sh=0 MOD=1133661268029390 thr=1732900 res=4.67e+09 tierC=608 surv=673 bits=673 conf=669 best=47 gpu=0.31s cpu=0.13s prep=0.01s up=0.002s wait=0.189s (1.5e+10 res/s)
K=3044 sh=0 MOD=1133661268029390 thr=1732900 res=4.67e+09 tierC=608 surv=483 bits=483 conf=483 best=47 gpu=0.29s cpu=0.10s prep=0.01s up=0.001s wait=0.127s (1.62e+10 res/s)
K=3045 sh=0 MOD=1133661268029390 thr=1732900 res=4.67e+09 tierC=608 surv=462 bits=462 conf=462 best=47 gpu=0.28s cpu=0.09s prep=0.01s up=0.001s wait=0.148s (1.69e+10 res/s)
K=3046 sh=0 MOD=1133661268029390 thr=1732900 res=4.67e+09 tierC=608 surv=471 bits=471 conf=468 best=47 gpu=0.27s cpu=0.09s prep=0.01s up=0.001s wait=0.150s (1.71e+10 res/s)
K=3047 sh=0 MOD=1133661268029390 thr=1732900 res=4.67e+09 tierC=608 surv=430 bits=430 conf=430 best=47 gpu=0.28s cpu=0.09s prep=0.01s up=0.001s wait=0.152s (1.7e+10 res/s)
K=3048 sh=0 MOD=1133661268029390 thr=1732900 res=4.67e+09 tierC=608 surv=467 bits=467 conf=467 best=47 gpu=0.29s cpu=0.09s prep=0.01s up=0.001s wait=0.164s (1.63e+10 res/s)
K=3049 sh=0 MOD=1133661268029390 thr=1732900 res=4.67e+09 tierC=608 surv=464 bits=464 conf=464 best=47 gpu=0.28s cpu=0.09s prep=0.01s up=0.001s wait=0.150s (1.69e+10 res/s)
K=3050 sh=0 MOD=1133661268029390 thr=1732900 res=4.67e+09 tierC=608 surv=459 bits=459 conf=459 best=47 gpu=0.27s cpu=0.09s prep=0.01s up=0.001s wait=0.150s (1.72e+10 res/s)
K=3051 sh=0 MOD=1314244478865930 thr=1732900 res=6.199e+09 tierC=608 surv=1092 bits=1092 conf=1082 best=47 gpu=0.44s cpu=0.21s prep=0.01s up=0.001s wait=0.321s (1.4e+10 res/s)
K=3052 sh=0 MOD=1133661268029390 thr=1732900 res=4.67e+09 tierC=608 surv=478 bits=478 conf=478 best=47 gpu=0.30s cpu=0.10s prep=0.01s up=0.000s wait=0.056s (1.58e+10 res/s)
K=3053 sh=0 MOD=15967060113090 thr=133300 res=3.592e+08 tierC=608 surv=34 bits=34 conf=34 best=47 gpu=0.13s cpu=0.01s prep=0.01s up=0.001s wait=0.000s (2.8e+09 res/s)
K=3054 sh=0 MOD=1133661268029390 thr=1732900 res=4.67e+09 tierC=608 surv=531 bits=531 conf=531 best=47 gpu=0.27s cpu=0.11s prep=0.01s up=0.001s wait=0.219s (1.75e+10 res/s)
K=3055 sh=0 MOD=1133661268029390 thr=1732900 res=4.67e+09 tierC=608 surv=474 bits=474 conf=474 best=47 gpu=0.29s cpu=0.10s prep=0.01s up=0.001s wait=0.148s (1.63e+10 res/s)
K=3056 sh=0 MOD=1133661268029390 thr=1732900 res=4.67e+09 tierC=608 surv=675 bits=675 conf=668 best=47 gpu=0.31s cpu=0.14s prep=0.01s up=0.001s wait=0.180s (1.51e+10 res/s)
K=3057 sh=0 MOD=1133661268029390 thr=1732900 res=4.67e+09 tierC=608 surv=488 bits=488 conf=487 best=47 gpu=0.28s cpu=0.11s prep=0.01s up=0.001s wait=0.115s (1.65e+10 res/s)
K=3058 sh=0 MOD=1133661268029390 thr=1732900 res=4.67e+09 tierC=608 surv=495 bits=495 conf=453 best=47 gpu=0.28s cpu=0.10s prep=0.01s up=0.001s wait=0.139s (1.68e+10 res/s)
K=3059 sh=0 MOD=1133661268029390 thr=1732900 res=4.67e+09 tierC=608 surv=449 bits=449 conf=449 best=47 gpu=0.28s cpu=0.09s prep=0.01s up=0.001s wait=0.156s (1.64e+10 res/s)
K=3060 sh=0 MOD=1133661268029390 thr=1732900 res=4.67e+09 tierC=608 surv=448 bits=448 conf=448 best=47 gpu=0.28s cpu=0.10s prep=0.01s up=0.001s wait=0.162s (1.64e+10 res/s)
K=3061 sh=0 MOD=1133661268029390 thr=1732900 res=4.67e+09 tierC=608 surv=453 bits=453 conf=453 best=47 gpu=0.28s cpu=0.09s prep=0.01s up=0.001s wait=0.147s (1.68e+10 res/s)
K=3062 sh=0 MOD=1133661268029390 thr=1732900 res=4.67e+09 tierC=608 surv=493 bits=493 conf=493 best=47 gpu=0.28s cpu=0.10s prep=0.01s up=0.001s wait=0.153s (1.67e+10 res/s)
K=3063 sh=0 MOD=1133661268029390 thr=1732900 res=4.67e+09 tierC=608 surv=462 bits=462 conf=462 best=47 gpu=0.30s cpu=0.09s prep=0.01s up=0.001s wait=0.165s (1.58e+10 res/s)
K=3064 sh=0 MOD=1133661268029390 thr=1732900 res=4.67e+09 tierC=608 surv=574 bits=574 conf=574 best=47 gpu=0.28s cpu=0.11s prep=0.01s up=0.001s wait=0.155s (1.66e+10 res/s)
K=3065 sh=0 MOD=1133661268029390 thr=1732900 res=4.67e+09 tierC=608 surv=491 bits=491 conf=491 best=47 gpu=0.28s cpu=0.09s prep=0.01s up=0.001s wait=0.144s (1.65e+10 res/s)
K=3066 sh=0 MOD=1133661268029390 thr=1732900 res=4.67e+09 tierC=608 surv=468 bits=468 conf=468 best=47 gpu=0.28s cpu=0.10s prep=0.01s up=0.001s wait=0.155s (1.69e+10 res/s)
K=3067 sh=0 MOD=1133661268029390 thr=1732900 res=4.67e+09 tierC=608 surv=456 bits=456 conf=456 best=47 gpu=0.28s cpu=0.09s prep=0.01s up=0.001s wait=0.144s (1.7e+10 res/s)
K=3068 sh=0 MOD=19214597763210 thr=1732900 res=4.67e+09 tierC=608 surv=441 bits=441 conf=439 best=47 gpu=0.28s cpu=0.08s prep=0.01s up=0.001s wait=0.156s (1.66e+10 res/s)
K=3069 sh=0 MOD=1133661268029390 thr=1732900 res=4.67e+09 tierC=608 surv=455 bits=455 conf=455 best=47 gpu=0.30s cpu=0.10s prep=0.01s up=0.001s wait=0.186s (1.57e+10 res/s)
K=3070 sh=0 MOD=1133661268029390 thr=1732900 res=4.67e+09 tierC=608 surv=431 bits=431 conf=431 best=47 gpu=0.28s cpu=0.08s prep=0.01s up=0.001s wait=0.143s (1.7e+10 res/s)
K=3071 sh=0 MOD=1789272603757230 thr=3396484 res=1.364e+10 tierC=608 surv=2386 bits=2386 conf=2368 best=47 gpu=0.94s cpu=0.48s prep=0.01s up=0.001s wait=0.828s (1.45e+10 res/s)
K=3072 sh=0 MOD=1133661268029390 thr=1732900 res=4.67e+09 tierC=608 surv=537 bits=537 conf=537 best=47 gpu=0.51s cpu=0.10s prep=0.01s up=0.001s wait=0.000s (9.08e+09 res/s)
K=3073 sh=0 MOD=1133661268029390 thr=1732900 res=4.67e+09 tierC=608 surv=465 bits=465 conf=465 best=47 gpu=0.27s cpu=0.10s prep=0.01s up=0.001s wait=0.132s (1.74e+10 res/s)
K=3074 sh=0 MOD=1133661268029390 thr=1732900 res=4.67e+09 tierC=608 surv=475 bits=475 conf=475 best=47 gpu=0.29s cpu=0.09s prep=0.01s up=0.001s wait=0.159s (1.63e+10 res/s)
K=3075 sh=0 MOD=1133661268029390 thr=1732900 res=4.67e+09 tierC=608 surv=446 bits=446 conf=446 best=47 gpu=0.28s cpu=0.09s prep=0.01s up=0.001s wait=0.158s (1.64e+10 res/s)
K=3076 sh=0 MOD=1133661268029390 thr=1732900 res=4.67e+09 tierC=608 surv=435 bits=435 conf=435 best=47 gpu=0.27s cpu=0.09s prep=0.01s up=0.001s wait=0.150s (1.7e+10 res/s)
K=3077 sh=0 MOD=1133661268029390 thr=1732900 res=4.67e+09 tierC=608 surv=464 bits=464 conf=462 best=47 gpu=0.28s cpu=0.09s prep=0.01s up=0.001s wait=0.150s (1.69e+10 res/s)
K=3078 sh=0 MOD=1133661268029390 thr=1732900 res=4.67e+09 tierC=608 surv=465 bits=465 conf=465 best=47 gpu=0.28s cpu=0.10s prep=0.01s up=0.001s wait=0.153s (1.67e+10 res/s)
K=3079 sh=0 MOD=1133661268029390 thr=1732900 res=4.67e+09 tierC=608 surv=450 bits=450 conf=450 best=47 gpu=0.28s cpu=0.09s prep=0.01s up=0.001s wait=0.146s (1.69e+10 res/s)
K=3080 sh=0 MOD=1133661268029390 thr=1732900 res=4.67e+09 tierC=608 surv=467 bits=467 conf=467 best=47 gpu=0.28s cpu=0.09s prep=0.01s up=0.001s wait=0.161s (1.64e+10 res/s)
K=3081 sh=0 MOD=1133661268029390 thr=1732900 res=4.67e+09 tierC=608 surv=417 bits=417 conf=417 best=47 gpu=0.29s cpu=0.09s prep=0.01s up=0.001s wait=0.163s (1.62e+10 res/s)
K=3082 sh=0 MOD=1133661268029390 thr=1732900 res=4.67e+09 tierC=608 surv=469 bits=469 conf=469 best=47 gpu=0.28s cpu=0.10s prep=0.01s up=0.001s wait=0.153s (1.68e+10 res/s)
K=3083 sh=0 MOD=1133661268029390 thr=1732900 res=4.67e+09 tierC=608 surv=491 bits=491 conf=491 best=47 gpu=0.29s cpu=0.10s prep=0.01s up=0.001s wait=0.158s (1.63e+10 res/s)
K=3084 sh=0 MOD=1133661268029390 thr=1732900 res=4.67e+09 tierC=608 surv=567 bits=567 conf=563 best=47 gpu=0.30s cpu=0.12s prep=0.01s up=0.001s wait=0.162s (1.57e+10 res/s)
K=3085 sh=0 MOD=1133661268029390 thr=1732900 res=4.67e+09 tierC=608 surv=476 bits=476 conf=476 best=47 gpu=0.30s cpu=0.10s prep=0.01s up=0.001s wait=0.153s (1.54e+10 res/s)
K=3086 sh=0 MOD=1133661268029390 thr=1732900 res=4.67e+09 tierC=608 surv=462 bits=462 conf=462 best=47 gpu=0.27s cpu=0.09s prep=0.01s up=0.001s wait=0.145s (1.7e+10 res/s)
K=3087 sh=0 MOD=1133661268029390 thr=1732900 res=4.67e+09 tierC=608 surv=451 bits=451 conf=451 best=47 gpu=0.28s cpu=0.09s prep=0.01s up=0.001s wait=0.152s (1.68e+10 res/s)
K=3088 sh=0 MOD=1133661268029390 thr=1732900 res=4.67e+09 tierC=608 surv=463 bits=463 conf=463 best=47 gpu=0.28s cpu=0.09s prep=0.01s up=0.001s wait=0.153s (1.66e+10 res/s)
K=3089 sh=0 MOD=1133661268029390 thr=1732900 res=4.67e+09 tierC=608 surv=470 bits=470 conf=470 best=47 gpu=0.27s cpu=0.10s prep=0.01s up=0.001s wait=0.145s (1.72e+10 res/s)
K=3090 sh=0 MOD=1133661268029390 thr=1732900 res=4.67e+09 tierC=608 surv=458 bits=458 conf=458 best=47 gpu=0.28s cpu=0.09s prep=0.01s up=0.001s wait=0.155s (1.65e+10 res/s)
K=3091 sh=0 MOD=1133661268029390 thr=1732900 res=4.67e+09 tierC=608 surv=665 bits=665 conf=605 best=47 gpu=0.29s cpu=0.12s prep=0.01s up=0.001s wait=0.162s (1.62e+10 res/s)
K=3092 sh=0 MOD=1133661268029390 thr=1732900 res=4.67e+09 tierC=608 surv=475 bits=475 conf=475 best=47 gpu=0.29s cpu=0.09s prep=0.01s up=0.001s wait=0.145s (1.59e+10 res/s)
K=3093 sh=0 MOD=1133661268029390 thr=1732900 res=4.67e+09 tierC=608 surv=506 bits=506 conf=504 best=47 gpu=0.28s cpu=0.10s prep=0.01s up=0.001s wait=0.158s (1.64e+10 res/s)
K=3094 sh=0 MOD=1133661268029390 thr=1732900 res=4.67e+09 tierC=608 surv=456 bits=456 conf=456 best=47 gpu=0.28s cpu=0.09s prep=0.01s up=0.001s wait=0.141s (1.69e+10 res/s)
K=3095 sh=0 MOD=1133661268029390 thr=1732900 res=4.67e+09 tierC=608 surv=513 bits=513 conf=512 best=47 gpu=0.27s cpu=0.10s prep=0.01s up=0.001s wait=0.153s (1.71e+10 res/s)
K=3096 sh=0 MOD=1133661268029390 thr=1732900 res=4.67e+09 tierC=608 surv=452 bits=452 conf=452 best=47 gpu=0.28s cpu=0.09s prep=0.01s up=0.001s wait=0.149s (1.67e+10 res/s)
K=3097 sh=0 MOD=1133661268029390 thr=1732900 res=4.67e+09 tierC=608 surv=468 bits=468 conf=468 best=47 gpu=0.28s cpu=0.09s prep=0.01s up=0.001s wait=0.157s (1.65e+10 res/s)
K=3098 sh=0 MOD=1133661268029390 thr=1732900 res=4.67e+09 tierC=608 surv=551 bits=551 conf=551 best=47 gpu=0.28s cpu=0.10s prep=0.01s up=0.001s wait=0.157s (1.67e+10 res/s)
K=3099 sh=0 MOD=1133661268029390 thr=1732900 res=4.67e+09 tierC=608 surv=438 bits=438 conf=438 best=47 gpu=0.29s cpu=0.10s prep=0.01s up=0.001s wait=0.152s (1.62e+10 res/s)
K=3100 sh=0 MOD=1133661268029390 thr=1732900 res=4.67e+09 tierC=608 surv=469 bits=469 conf=469 best=47 gpu=0.28s cpu=0.09s prep=0.01s up=0.001s wait=0.151s (1.66e+10 res/s)
K=3101 sh=0 MOD=1133661268029390 thr=1732900 res=4.67e+09 tierC=608 surv=535 bits=535 conf=535 best=47 gpu=0.29s cpu=0.11s prep=0.01s up=0.001s wait=0.161s (1.64e+10 res/s)
K=3102 sh=0 MOD=1133661268029390 thr=1732900 res=4.67e+09 tierC=608 surv=522 bits=522 conf=522 best=47 gpu=0.28s cpu=0.10s prep=0.01s up=0.001s wait=0.145s (1.65e+10 res/s)
K=3103 sh=0 MOD=1387940430951870 thr=1732900 res=6.958e+09 tierC=608 surv=1226 bits=1226 conf=1218 best=47 gpu=0.48s cpu=0.25s prep=0.01s up=0.001s wait=0.345s (1.44e+10 res/s)
K=3104 sh=0 MOD=1133661268029390 thr=1732900 res=4.67e+09 tierC=608 surv=448 bits=448 conf=448 best=47 gpu=0.30s cpu=0.09s prep=0.01s up=0.001s wait=0.012s (1.57e+10 res/s)
K=3105 sh=0 MOD=1133661268029390 thr=1732900 res=4.67e+09 tierC=608 surv=518 bits=518 conf=518 best=47 gpu=0.28s cpu=0.10s prep=0.01s up=0.001s wait=0.158s (1.66e+10 res/s)
K=3106 sh=0 MOD=1133661268029390 thr=1732900 res=4.67e+09 tierC=608 surv=478 bits=478 conf=478 best=47 gpu=0.28s cpu=0.10s prep=0.01s up=0.001s wait=0.152s (1.67e+10 res/s)
K=3107 sh=0 MOD=1133661268029390 thr=1732900 res=4.67e+09 tierC=608 surv=608 bits=608 conf=608 best=47 gpu=0.30s cpu=0.12s prep=0.01s up=0.001s wait=0.178s (1.53e+10 res/s)
K=3108 sh=0 MOD=1133661268029390 thr=1732900 res=4.67e+09 tierC=608 surv=468 bits=468 conf=468 best=47 gpu=0.29s cpu=0.10s prep=0.01s up=0.001s wait=0.135s (1.61e+10 res/s)
K=3109 sh=0 MOD=1133661268029390 thr=1732900 res=4.67e+09 tierC=608 surv=446 bits=446 conf=446 best=47 gpu=0.29s cpu=0.09s prep=0.01s up=0.001s wait=0.159s (1.63e+10 res/s)
K=3110 sh=0 MOD=1133661268029390 thr=1732900 res=4.67e+09 tierC=608 surv=547 bits=547 conf=547 best=47 gpu=0.28s cpu=0.11s prep=0.01s up=0.001s wait=0.159s (1.64e+10 res/s)
K=3111 sh=0 MOD=1133661268029390 thr=1732900 res=4.67e+09 tierC=608 surv=450 bits=450 conf=450 best=47 gpu=0.28s cpu=0.09s prep=0.01s up=0.001s wait=0.138s (1.66e+10 res/s)
K=3112 sh=0 MOD=1133661268029390 thr=1732900 res=4.67e+09 tierC=608 surv=590 bits=590 conf=590 best=47 gpu=0.29s cpu=0.11s prep=0.01s up=0.001s wait=0.167s (1.61e+10 res/s)
K=3113 sh=0 MOD=1133661268029390 thr=1732900 res=4.67e+09 tierC=608 surv=490 bits=490 conf=490 best=47 gpu=0.29s cpu=0.09s prep=0.01s up=0.001s wait=0.140s (1.64e+10 res/s)
K=3114 sh=0 MOD=1133661268029390 thr=1732900 res=4.67e+09 tierC=608 surv=682 bits=682 conf=682 best=47 gpu=0.32s cpu=0.14s prep=0.01s up=0.001s wait=0.196s (1.46e+10 res/s)
K=3115 sh=0 MOD=1668647484402810 thr=2739100 res=1.1e+10 tierC=608 surv=1926 bits=1926 conf=1912 best=47 gpu=0.76s cpu=0.40s prep=0.01s up=0.001s wait=0.583s (1.45e+10 res/s)
K=3116 sh=0 MOD=1133661268029390 thr=1732900 res=4.67e+09 tierC=608 surv=461 bits=461 conf=461 best=47 gpu=0.43s cpu=0.09s prep=0.01s up=0.001s wait=0.000s (1.08e+10 res/s)
K=3117 sh=0 MOD=1133661268029390 thr=1732900 res=4.67e+09 tierC=608 surv=506 bits=506 conf=506 best=47 gpu=0.27s cpu=0.10s prep=0.01s up=0.001s wait=0.140s (1.73e+10 res/s)
K=3118 sh=0 MOD=1133661268029390 thr=1732900 res=4.67e+09 tierC=608 surv=515 bits=515 conf=513 best=47 gpu=0.29s cpu=0.10s prep=0.01s up=0.001s wait=0.159s (1.61e+10 res/s)
K=3119 sh=0 MOD=1133661268029390 thr=1732900 res=4.67e+09 tierC=608 surv=461 bits=461 conf=461 best=47 gpu=0.28s cpu=0.09s prep=0.01s up=0.001s wait=0.145s (1.67e+10 res/s)
K=3120 sh=0 MOD=1133661268029390 thr=1732900 res=4.67e+09 tierC=608 surv=449 bits=449 conf=449 best=47 gpu=0.28s cpu=0.10s prep=0.01s up=0.001s wait=0.161s (1.65e+10 res/s)
K=3121 sh=0 MOD=1133661268029390 thr=1732900 res=4.67e+09 tierC=608 surv=447 bits=447 conf=447 best=47 gpu=0.29s cpu=0.10s prep=0.01s up=0.001s wait=0.158s (1.64e+10 res/s)
K=3122 sh=0 MOD=1133661268029390 thr=1732900 res=4.67e+09 tierC=608 surv=453 bits=453 conf=453 best=47 gpu=0.28s cpu=0.09s prep=0.01s up=0.001s wait=0.154s (1.68e+10 res/s)
K=3123 sh=0 MOD=1133661268029390 thr=1732900 res=4.67e+09 tierC=608 surv=583 bits=583 conf=581 best=47 gpu=0.29s cpu=0.12s prep=0.01s up=0.000s wait=0.170s (1.62e+10 res/s)
K=3124 sh=0 MOD=15967060113090 thr=133300 res=3.592e+08 tierC=608 surv=36 bits=36 conf=36 best=47 gpu=0.15s cpu=0.02s prep=0.01s up=0.001s wait=0.000s (2.36e+09 res/s)
K=3125 sh=0 MOD=1133661268029390 thr=1732900 res=4.67e+09 tierC=608 surv=451 bits=451 conf=451 best=47 gpu=0.28s cpu=0.09s prep=0.01s up=0.001s wait=0.232s (1.67e+10 res/s)
K=3126 sh=0 MOD=1133661268029390 thr=1732900 res=4.67e+09 tierC=608 surv=503 bits=503 conf=502 best=47 gpu=0.28s cpu=0.11s prep=0.01s up=0.001s wait=0.156s (1.67e+10 res/s)
K=3127 sh=0 MOD=19214597763210 thr=1732900 res=4.67e+09 tierC=608 surv=447 bits=447 conf=445 best=47 gpu=0.28s cpu=0.08s prep=0.01s up=0.001s wait=0.145s (1.65e+10 res/s)
K=3128 sh=0 MOD=1133661268029390 thr=1732900 res=4.67e+09 tierC=608 surv=442 bits=442 conf=442 best=47 gpu=0.28s cpu=0.09s prep=0.01s up=0.001s wait=0.176s (1.64e+10 res/s)
K=3129 sh=0 MOD=1133661268029390 thr=1732900 res=4.67e+09 tierC=608 surv=770 bits=770 conf=765 best=47 gpu=0.32s cpu=0.15s prep=0.01s up=0.001s wait=0.200s (1.46e+10 res/s)
K=3130 sh=0 MOD=1133661268029390 thr=1732900 res=4.67e+09 tierC=608 surv=452 bits=452 conf=452 best=47 gpu=0.29s cpu=0.10s prep=0.01s up=0.001s wait=0.109s (1.63e+10 res/s)
K=3131 sh=0 MOD=1470392337741090 thr=1974700 res=7.928e+09 tierC=608 surv=1376 bits=1376 conf=1369 best=47 gpu=0.56s cpu=0.26s prep=0.01s up=0.001s wait=0.425s (1.43e+10 res/s)
K=3132 sh=0 MOD=1133661268029390 thr=1732900 res=4.67e+09 tierC=608 surv=477 bits=477 conf=477 best=47 gpu=0.30s cpu=0.10s prep=0.01s up=0.001s wait=0.000s (1.57e+10 res/s)
K=3133 sh=0 MOD=1133661268029390 thr=1732900 res=4.67e+09 tierC=608 surv=509 bits=509 conf=509 best=47 gpu=0.28s cpu=0.11s prep=0.01s up=0.001s wait=0.146s (1.69e+10 res/s)
K=3134 sh=0 MOD=1133661268029390 thr=1732900 res=4.67e+09 tierC=608 surv=449 bits=449 conf=449 best=47 gpu=0.29s cpu=0.09s prep=0.01s up=0.001s wait=0.147s (1.64e+10 res/s)
K=3135 sh=0 MOD=1133661268029390 thr=1732900 res=4.67e+09 tierC=608 surv=488 bits=488 conf=488 best=47 gpu=0.28s cpu=0.10s prep=0.01s up=0.001s wait=0.155s (1.69e+10 res/s)
K=3136 sh=0 MOD=1133661268029390 thr=1732900 res=4.67e+09 tierC=608 surv=471 bits=471 conf=469 best=47 gpu=0.29s cpu=0.09s prep=0.01s up=0.001s wait=0.154s (1.62e+10 res/s)
K=3137 sh=0 MOD=1133661268029390 thr=1732900 res=4.67e+09 tierC=608 surv=456 bits=456 conf=456 best=47 gpu=0.28s cpu=0.09s prep=0.01s up=0.001s wait=0.155s (1.66e+10 res/s)
K=3138 sh=0 MOD=1133661268029390 thr=1732900 res=4.67e+09 tierC=608 surv=526 bits=526 conf=526 best=47 gpu=0.30s cpu=0.10s prep=0.01s up=0.001s wait=0.171s (1.58e+10 res/s)
K=3139 sh=0 MOD=1133661268029390 thr=1732900 res=4.67e+09 tierC=608 surv=469 bits=469 conf=469 best=47 gpu=0.28s cpu=0.09s prep=0.01s up=0.001s wait=0.146s (1.67e+10 res/s)
K=3140 sh=0 MOD=1133661268029390 thr=1732900 res=4.67e+09 tierC=608 surv=419 bits=419 conf=419 best=47 gpu=0.28s cpu=0.08s prep=0.01s up=0.001s wait=0.162s (1.64e+10 res/s)
K=3141 sh=0 MOD=1133661268029390 thr=1732900 res=4.67e+09 tierC=608 surv=501 bits=501 conf=500 best=47 gpu=0.28s cpu=0.10s prep=0.01s up=0.001s wait=0.165s (1.68e+10 res/s)
K=3142 sh=0 MOD=1133661268029390 thr=1732900 res=4.67e+09 tierC=608 surv=466 bits=466 conf=466 best=47 gpu=0.30s cpu=0.10s prep=0.01s up=0.001s wait=0.164s (1.57e+10 res/s)
K=3143 sh=0 MOD=1133661268029390 thr=1732900 res=4.67e+09 tierC=608 surv=507 bits=507 conf=507 best=47 gpu=0.29s cpu=0.10s prep=0.01s up=0.001s wait=0.158s (1.62e+10 res/s)
K=3144 sh=0 MOD=1133661268029390 thr=1732900 res=4.67e+09 tierC=608 surv=891 bits=891 conf=884 best=47 gpu=0.34s cpu=0.16s prep=0.01s up=0.001s wait=0.205s (1.38e+10 res/s)
K=3145 sh=0 MOD=1133661268029390 thr=1732900 res=4.67e+09 tierC=608 surv=481 bits=481 conf=481 best=47 gpu=0.29s cpu=0.09s prep=0.01s up=0.001s wait=0.093s (1.61e+10 res/s)
K=3146 sh=0 MOD=1133661268029390 thr=1732900 res=4.67e+09 tierC=608 surv=462 bits=462 conf=462 best=47 gpu=0.28s cpu=0.09s prep=0.01s up=0.002s wait=0.154s (1.69e+10 res/s)
K=3147 sh=0 MOD=1133661268029390 thr=1732900 res=4.67e+09 tierC=608 surv=483 bits=483 conf=482 best=47 gpu=0.28s cpu=0.10s prep=0.01s up=0.001s wait=0.158s (1.65e+10 res/s)
K=3148 sh=0 MOD=1133661268029390 thr=1732900 res=4.67e+09 tierC=608 surv=423 bits=423 conf=423 best=47 gpu=0.28s cpu=0.09s prep=0.01s up=0.001s wait=0.150s (1.67e+10 res/s)
K=3149 sh=0 MOD=1133661268029390 thr=1732900 res=4.67e+09 tierC=608 surv=469 bits=469 conf=469 best=47 gpu=0.28s cpu=0.09s prep=0.01s up=0.001s wait=0.165s (1.64e+10 res/s)
K=3150 sh=0 MOD=1133661268029390 thr=1732900 res=4.67e+09 tierC=608 surv=442 bits=442 conf=440 best=47 gpu=0.29s cpu=0.09s prep=0.01s up=0.001s wait=0.164s (1.62e+10 res/s)
K=3151 sh=0 MOD=1133661268029390 thr=1732900 res=4.67e+09 tierC=608 surv=801 bits=801 conf=798 best=47 gpu=0.33s cpu=0.15s prep=0.01s up=0.001s wait=0.212s (1.42e+10 res/s)
K=3152 sh=0 MOD=1133661268029390 thr=1732900 res=4.67e+09 tierC=608 surv=663 bits=663 conf=657 best=47 gpu=0.33s cpu=0.13s prep=0.01s up=0.001s wait=0.140s (1.42e+10 res/s)
K=3153 sh=0 MOD=1133661268029390 thr=1732900 res=4.67e+09 tierC=608 surv=521 bits=521 conf=521 best=47 gpu=0.30s cpu=0.11s prep=0.01s up=0.001s wait=0.134s (1.57e+10 res/s)
K=3154 sh=0 MOD=1789272603757230 thr=3396484 res=1.364e+10 tierC=608 surv=2382 bits=2382 conf=2372 best=47 gpu=0.92s cpu=0.46s prep=0.01s up=0.001s wait=0.786s (1.48e+10 res/s)
K=3155 sh=0 MOD=1133661268029390 thr=1732900 res=4.67e+09 tierC=608 surv=452 bits=452 conf=452 best=47 gpu=0.49s cpu=0.09s prep=0.01s up=0.001s wait=0.000s (9.45e+09 res/s)
K=3156 sh=0 MOD=1133661268029390 thr=1732900 res=4.67e+09 tierC=608 surv=558 bits=558 conf=557 best=47 gpu=0.29s cpu=0.11s prep=0.01s up=0.001s wait=0.164s (1.63e+10 res/s)
K=3157 sh=0 MOD=1133661268029390 thr=1732900 res=4.67e+09 tierC=608 surv=473 bits=473 conf=473 best=47 gpu=0.29s cpu=0.10s prep=0.01s up=0.001s wait=0.143s (1.63e+10 res/s)
K=3158 sh=0 MOD=1133661268029390 thr=1732900 res=4.67e+09 tierC=608 surv=455 bits=455 conf=455 best=47 gpu=0.28s cpu=0.09s prep=0.01s up=0.001s wait=0.147s (1.67e+10 res/s)
K=3159 sh=0 MOD=1133661268029390 thr=1732900 res=4.67e+09 tierC=608 surv=476 bits=476 conf=474 best=47 gpu=0.28s cpu=0.10s prep=0.01s up=0.001s wait=0.160s (1.65e+10 res/s)
K=3160 sh=0 MOD=1133661268029390 thr=1732900 res=4.67e+09 tierC=608 surv=473 bits=473 conf=473 best=47 gpu=0.28s cpu=0.10s prep=0.01s up=0.001s wait=0.156s (1.64e+10 res/s)
K=3161 sh=0 MOD=1133661268029390 thr=1732900 res=4.67e+09 tierC=608 surv=463 bits=463 conf=463 best=47 gpu=0.28s cpu=0.09s prep=0.01s up=0.001s wait=0.150s (1.67e+10 res/s)
K=3162 sh=0 MOD=1133661268029390 thr=1732900 res=4.67e+09 tierC=608 surv=466 bits=466 conf=466 best=47 gpu=0.28s cpu=0.10s prep=0.01s up=0.001s wait=0.157s (1.66e+10 res/s)
K=3163 sh=0 MOD=1133661268029390 thr=1732900 res=4.67e+09 tierC=608 surv=461 bits=461 conf=461 best=47 gpu=0.29s cpu=0.09s prep=0.01s up=0.001s wait=0.154s (1.63e+10 res/s)
K=3164 sh=0 MOD=1314244478865930 thr=1732900 res=6.199e+09 tierC=608 surv=1093 bits=1093 conf=1085 best=47 gpu=0.44s cpu=0.22s prep=0.01s up=0.001s wait=0.315s (1.41e+10 res/s)
K=3165 sh=0 MOD=1133661268029390 thr=1732900 res=4.67e+09 tierC=608 surv=464 bits=464 conf=464 best=47 gpu=0.30s cpu=0.09s prep=0.01s up=0.001s wait=0.052s (1.55e+10 res/s)
K=3166 sh=0 MOD=1133661268029390 thr=1732900 res=4.67e+09 tierC=608 surv=478 bits=478 conf=478 best=47 gpu=0.29s cpu=0.10s prep=0.01s up=0.001s wait=0.165s (1.62e+10 res/s)
K=3167 sh=0 MOD=1133661268029390 thr=1732900 res=4.67e+09 tierC=608 surv=506 bits=506 conf=506 best=47 gpu=0.28s cpu=0.11s prep=0.01s up=0.001s wait=0.154s (1.65e+10 res/s)
K=3168 sh=0 MOD=1133661268029390 thr=1732900 res=4.67e+09 tierC=608 surv=488 bits=488 conf=488 best=47 gpu=0.28s cpu=0.10s prep=0.01s up=0.001s wait=0.141s (1.68e+10 res/s)
K=3169 sh=0 MOD=1133661268029390 thr=1732900 res=4.67e+09 tierC=608 surv=434 bits=434 conf=434 best=47 gpu=0.28s cpu=0.09s prep=0.01s up=0.001s wait=0.147s (1.67e+10 res/s)
K=3170 sh=0 MOD=1133661268029390 thr=1732900 res=4.67e+09 tierC=608 surv=571 bits=571 conf=571 best=47 gpu=0.30s cpu=0.12s prep=0.01s up=0.001s wait=0.174s (1.56e+10 res/s)
K=3171 sh=0 MOD=1133661268029390 thr=1732900 res=4.67e+09 tierC=608 surv=536 bits=536 conf=536 best=47 gpu=0.29s cpu=0.10s prep=0.01s up=0.001s wait=0.136s (1.63e+10 res/s)
K=3172 sh=0 MOD=1133661268029390 thr=1732900 res=4.67e+09 tierC=608 surv=484 bits=484 conf=484 best=47 gpu=0.29s cpu=0.10s prep=0.01s up=0.001s wait=0.148s (1.64e+10 res/s)
K=3173 sh=0 MOD=1133661268029390 thr=1732900 res=4.67e+09 tierC=608 surv=719 bits=719 conf=719 best=47 gpu=0.32s cpu=0.15s prep=0.01s up=0.001s wait=0.183s (1.48e+10 res/s)
K=3174 sh=0 MOD=1133661268029390 thr=1732900 res=4.67e+09 tierC=608 surv=457 bits=457 conf=457 best=47 gpu=0.29s cpu=0.09s prep=0.01s up=0.001s wait=0.103s (1.61e+10 res/s)
K=3175 sh=0 MOD=1133661268029390 thr=1732900 res=4.67e+09 tierC=608 surv=463 bits=463 conf=462 best=47 gpu=0.28s cpu=0.09s prep=0.01s up=0.001s wait=0.158s (1.65e+10 res/s)
K=3176 sh=0 MOD=1133661268029390 thr=1732900 res=4.67e+09 tierC=608 surv=485 bits=485 conf=485 best=47 gpu=0.28s cpu=0.10s prep=0.01s up=0.001s wait=0.160s (1.65e+10 res/s)
K=3177 sh=0 MOD=1133661268029390 thr=1732900 res=4.67e+09 tierC=608 surv=571 bits=571 conf=568 best=47 gpu=0.29s cpu=0.11s prep=0.01s up=0.001s wait=0.156s (1.61e+10 res/s)
K=3178 sh=0 MOD=1133661268029390 thr=1732900 res=4.67e+09 tierC=608 surv=673 bits=673 conf=669 best=47 gpu=0.32s cpu=0.12s prep=0.01s up=0.001s wait=0.174s (1.48e+10 res/s)
K=3179 sh=0 MOD=1133661268029390 thr=1732900 res=4.67e+09 tierC=608 surv=477 bits=477 conf=477 best=47 gpu=0.28s cpu=0.10s prep=0.01s up=0.001s wait=0.130s (1.66e+10 res/s)
K=3180 sh=0 MOD=1133661268029390 thr=1732900 res=4.67e+09 tierC=608 surv=454 bits=454 conf=454 best=47 gpu=0.28s cpu=0.09s prep=0.01s up=0.001s wait=0.148s (1.68e+10 res/s)
K=3181 sh=0 MOD=1133661268029390 thr=1732900 res=4.67e+09 tierC=608 surv=498 bits=498 conf=498 best=47 gpu=0.28s cpu=0.10s prep=0.01s up=0.001s wait=0.157s (1.67e+10 res/s)
K=3182 sh=0 MOD=1133661268029390 thr=1732900 res=4.67e+09 tierC=608 surv=496 bits=496 conf=496 best=47 gpu=0.28s cpu=0.10s prep=0.01s up=0.001s wait=0.151s (1.64e+10 res/s)
K=3183 sh=0 MOD=1133661268029390 thr=1732900 res=4.67e+09 tierC=608 surv=512 bits=512 conf=512 best=47 gpu=0.28s cpu=0.10s prep=0.01s up=0.001s wait=0.149s (1.65e+10 res/s)
K=3184 sh=0 MOD=1133661268029390 thr=1732900 res=4.67e+09 tierC=608 surv=518 bits=518 conf=518 best=47 gpu=0.28s cpu=0.11s prep=0.01s up=0.001s wait=0.145s (1.67e+10 res/s)
K=3185 sh=0 MOD=1133661268029390 thr=1732900 res=4.67e+09 tierC=608 surv=510 bits=510 conf=510 best=47 gpu=0.29s cpu=0.10s prep=0.01s up=0.001s wait=0.147s (1.62e+10 res/s)
K=3186 sh=0 MOD=19214597763210 thr=1732900 res=4.67e+09 tierC=608 surv=424 bits=424 conf=422 best=47 gpu=0.28s cpu=0.07s prep=0.01s up=0.001s wait=0.155s (1.64e+10 res/s)
K=3187 sh=0 MOD=1133661268029390 thr=1732900 res=4.67e+09 tierC=608 surv=499 bits=499 conf=499 best=47 gpu=0.28s cpu=0.10s prep=0.01s up=0.001s wait=0.171s (1.69e+10 res/s)
K=3188 sh=0 MOD=1133661268029390 thr=1732900 res=4.67e+09 tierC=608 surv=512 bits=512 conf=512 best=47 gpu=0.28s cpu=0.11s prep=0.01s up=0.001s wait=0.148s (1.68e+10 res/s)
K=3189 sh=0 MOD=1133661268029390 thr=1732900 res=4.67e+09 tierC=608 surv=474 bits=474 conf=474 best=47 gpu=0.29s cpu=0.09s prep=0.01s up=0.001s wait=0.148s (1.62e+10 res/s)
K=3190 sh=0 MOD=1133661268029390 thr=1732900 res=4.67e+09 tierC=608 surv=442 bits=442 conf=430 best=47 gpu=0.28s cpu=0.09s prep=0.01s up=0.001s wait=0.156s (1.65e+10 res/s)
K=3191 sh=0 MOD=1133661268029390 thr=1732900 res=4.67e+09 tierC=608 surv=455 bits=455 conf=455 best=47 gpu=0.29s cpu=0.09s prep=0.01s up=0.001s wait=0.167s (1.61e+10 res/s)
K=3192 sh=0 MOD=1133661268029390 thr=1732900 res=4.67e+09 tierC=608 surv=487 bits=487 conf=487 best=47 gpu=0.28s cpu=0.10s prep=0.01s up=0.001s wait=0.158s (1.64e+10 res/s)
K=3193 sh=0 MOD=1133661268029390 thr=1732900 res=4.67e+09 tierC=608 surv=465 bits=465 conf=465 best=47 gpu=0.28s cpu=0.09s prep=0.01s up=0.001s wait=0.153s (1.67e+10 res/s)
K=3194 sh=0 MOD=1133661268029390 thr=1732900 res=4.67e+09 tierC=608 surv=463 bits=463 conf=463 best=47 gpu=0.28s cpu=0.10s prep=0.01s up=0.000s wait=0.156s (1.67e+10 res/s)
K=3195 sh=0 MOD=15967060113090 thr=133300 res=3.592e+08 tierC=608 surv=40 bits=40 conf=40 best=47 gpu=0.13s cpu=0.01s prep=0.01s up=0.001s wait=0.000s (2.75e+09 res/s)
K=3196 sh=0 MOD=1133661268029390 thr=1732900 res=4.67e+09 tierC=608 surv=428 bits=428 conf=428 best=47 gpu=0.27s cpu=0.09s prep=0.01s up=0.001s wait=0.222s (1.73e+10 res/s)
K=3197 sh=0 MOD=1133661268029390 thr=1732900 res=4.67e+09 tierC=608 surv=447 bits=447 conf=447 best=47 gpu=0.28s cpu=0.09s prep=0.01s up=0.001s wait=0.158s (1.65e+10 res/s)
K=3198 sh=0 MOD=1133661268029390 thr=1732900 res=4.67e+09 tierC=608 surv=460 bits=460 conf=460 best=47 gpu=0.28s cpu=0.09s prep=0.01s up=0.001s wait=0.162s (1.64e+10 res/s)
K=3199 sh=0 MOD=1133661268029390 thr=1732900 res=4.67e+09 tierC=608 surv=474 bits=474 conf=474 best=47 gpu=0.28s cpu=0.10s prep=0.01s up=0.001s wait=0.156s (1.67e+10 res/s)
K=3200 sh=0 MOD=1133661268029390 thr=1732900 res=4.67e+09 tierC=608 surv=458 bits=458 conf=458 best=47 gpu=0.28s cpu=0.09s prep=0.01s up=0.001s wait=0.157s (1.64e+10 res/s)
K=3201 sh=0 MOD=1133661268029390 thr=1732900 res=4.67e+09 tierC=608 surv=430 bits=430 conf=430 best=47 gpu=0.28s cpu=0.09s prep=0.01s up=0.001s wait=0.157s (1.67e+10 res/s)
K=3202 sh=0 MOD=1133661268029390 thr=1732900 res=4.67e+09 tierC=608 surv=485 bits=485 conf=485 best=47 gpu=0.29s cpu=0.10s prep=0.01s up=0.001s wait=0.168s (1.59e+10 res/s)
K=3203 sh=0 MOD=1133661268029390 thr=1732900 res=4.67e+09 tierC=608 surv=490 bits=490 conf=490 best=47 gpu=0.29s cpu=0.10s prep=0.01s up=0.001s wait=0.156s (1.62e+10 res/s)
K=3204 sh=0 MOD=1668647484402810 thr=2739100 res=1.1e+10 tierC=608 surv=2155 bits=2155 conf=2145 best=47 gpu=0.76s cpu=0.39s prep=0.01s up=0.001s wait=0.624s (1.46e+10 res/s)
K=3205 sh=0 MOD=1133661268029390 thr=1732900 res=4.67e+09 tierC=608 surv=493 bits=493 conf=492 best=47 gpu=0.43s cpu=0.10s prep=0.01s up=0.001s wait=0.000s (1.1e+10 res/s)
K=3206 sh=0 MOD=1133661268029390 thr=1732900 res=4.67e+09 tierC=608 surv=469 bits=469 conf=469 best=47 gpu=0.27s cpu=0.10s prep=0.01s up=0.001s wait=0.136s (1.74e+10 res/s)
K=3207 sh=0 MOD=1133661268029390 thr=1732900 res=4.67e+09 tierC=608 surv=467 bits=467 conf=467 best=47 gpu=0.27s cpu=0.09s prep=0.01s up=0.001s wait=0.148s (1.7e+10 res/s)
K=3208 sh=0 MOD=1133661268029390 thr=1732900 res=4.67e+09 tierC=608 surv=562 bits=562 conf=562 best=47 gpu=0.28s cpu=0.11s prep=0.01s up=0.001s wait=0.158s (1.64e+10 res/s)
K=3209 sh=0 MOD=1133661268029390 thr=1732900 res=4.67e+09 tierC=608 surv=471 bits=471 conf=471 best=47 gpu=0.28s cpu=0.10s prep=0.01s up=0.001s wait=0.144s (1.64e+10 res/s)
K=3210 sh=0 MOD=1387940430951870 thr=1732900 res=6.958e+09 tierC=608 surv=1347 bits=1347 conf=1340 best=47 gpu=0.50s cpu=0.25s prep=0.01s up=0.001s wait=0.363s (1.4e+10 res/s)
K=3211 sh=0 MOD=1133661268029390 thr=1732900 res=4.67e+09 tierC=608 surv=537 bits=537 conf=536 best=47 gpu=0.30s cpu=0.10s prep=0.01s up=0.001s wait=0.019s (1.56e+10 res/s)
K=3212 sh=0 MOD=1133661268029390 thr=1732900 res=4.67e+09 tierC=608 surv=475 bits=475 conf=475 best=47 gpu=0.28s cpu=0.10s prep=0.01s up=0.001s wait=0.147s (1.66e+10 res/s)
K=3213 sh=0 MOD=1133661268029390 thr=1732900 res=4.67e+09 tierC=608 surv=440 bits=440 conf=440 best=47 gpu=0.29s cpu=0.09s prep=0.01s up=0.001s wait=0.158s (1.63e+10 res/s)
K=3214 sh=0 MOD=1133661268029390 thr=1732900 res=4.67e+09 tierC=608 surv=478 bits=478 conf=478 best=47 gpu=0.28s cpu=0.10s prep=0.01s up=0.001s wait=0.160s (1.68e+10 res/s)
K=3215 sh=0 MOD=1133661268029390 thr=1732900 res=4.67e+09 tierC=608 surv=472 bits=472 conf=472 best=47 gpu=0.28s cpu=0.10s prep=0.01s up=0.001s wait=0.152s (1.66e+10 res/s)
K=3216 sh=0 MOD=1133661268029390 thr=1732900 res=4.67e+09 tierC=608 surv=425 bits=425 conf=425 best=47 gpu=0.28s cpu=0.09s prep=0.01s up=0.001s wait=0.154s (1.65e+10 res/s)
K=3217 sh=0 MOD=1133661268029390 thr=1732900 res=4.67e+09 tierC=608 surv=444 bits=444 conf=444 best=47 gpu=0.28s cpu=0.09s prep=0.01s up=0.001s wait=0.160s (1.67e+10 res/s)
K=3218 sh=0 MOD=1133661268029390 thr=1732900 res=4.67e+09 tierC=608 surv=540 bits=540 conf=540 best=47 gpu=0.29s cpu=0.10s prep=0.01s up=0.001s wait=0.164s (1.62e+10 res/s)
K=3219 sh=0 MOD=1133661268029390 thr=1732900 res=4.67e+09 tierC=608 surv=489 bits=489 conf=489 best=47 gpu=0.28s cpu=0.10s prep=0.01s up=0.001s wait=0.149s (1.64e+10 res/s)
K=3220 sh=0 MOD=1133661268029390 thr=1732900 res=4.67e+09 tierC=608 surv=445 bits=445 conf=445 best=47 gpu=0.28s cpu=0.09s prep=0.01s up=0.001s wait=0.151s (1.66e+10 res/s)
K=3221 sh=0 MOD=1133661268029390 thr=1732900 res=4.67e+09 tierC=608 surv=477 bits=477 conf=477 best=47 gpu=0.29s cpu=0.10s prep=0.01s up=0.001s wait=0.164s (1.63e+10 res/s)
K=3222 sh=0 MOD=1133661268029390 thr=1732900 res=4.67e+09 tierC=608 surv=685 bits=685 conf=684 best=47 gpu=0.31s cpu=0.14s prep=0.01s up=0.001s wait=0.172s (1.52e+10 res/s)
K=3223 sh=0 MOD=1133661268029390 thr=1732900 res=4.67e+09 tierC=608 surv=553 bits=553 conf=550 best=47 gpu=0.30s cpu=0.11s prep=0.01s up=0.001s wait=0.123s (1.57e+10 res/s)
K=3224 sh=0 MOD=1133661268029390 thr=1732900 res=4.67e+09 tierC=608 surv=417 bits=417 conf=417 best=47 gpu=0.29s cpu=0.08s prep=0.01s up=0.001s wait=0.142s (1.62e+10 res/s)
K=3225 sh=0 MOD=1133661268029390 thr=1732900 res=4.67e+09 tierC=608 surv=503 bits=503 conf=503 best=47 gpu=0.29s cpu=0.09s prep=0.01s up=0.001s wait=0.176s (1.59e+10 res/s)
K=3226 sh=0 MOD=1133661268029390 thr=1732900 res=4.67e+09 tierC=608 surv=508 bits=508 conf=508 best=47 gpu=0.28s cpu=0.10s prep=0.01s up=0.001s wait=0.154s (1.66e+10 res/s)
K=3227 sh=0 MOD=1133661268029390 thr=1732900 res=4.67e+09 tierC=608 surv=525 bits=525 conf=525 best=47 gpu=0.29s cpu=0.11s prep=0.01s up=0.001s wait=0.164s (1.59e+10 res/s)
K=3228 sh=0 MOD=1133661268029390 thr=1732900 res=4.67e+09 tierC=608 surv=633 bits=633 conf=629 best=47 gpu=0.30s cpu=0.13s prep=0.01s up=0.001s wait=0.164s (1.54e+10 res/s)
K=3229 sh=0 MOD=1133661268029390 thr=1732900 res=4.67e+09 tierC=608 surv=489 bits=489 conf=489 best=47 gpu=0.29s cpu=0.10s prep=0.01s up=0.001s wait=0.132s (1.61e+10 res/s)
K=3230 sh=0 MOD=1133661268029390 thr=1732900 res=4.67e+09 tierC=608 surv=487 bits=487 conf=487 best=47 gpu=0.28s cpu=0.09s prep=0.01s up=0.001s wait=0.149s (1.66e+10 res/s)
K=3231 sh=0 MOD=1133661268029390 thr=1732900 res=4.67e+09 tierC=608 surv=563 bits=563 conf=560 best=47 gpu=0.29s cpu=0.11s prep=0.01s up=0.001s wait=0.170s (1.59e+10 res/s)
K=3232 sh=0 MOD=1470392337741090 thr=1974700 res=7.928e+09 tierC=608 surv=1347 bits=1347 conf=1338 best=47 gpu=0.58s cpu=0.28s prep=0.01s up=0.001s wait=0.437s (1.37e+10 res/s)
K=3233 sh=0 MOD=1133661268029390 thr=1732900 res=4.67e+09 tierC=608 surv=459 bits=459 conf=459 best=47 gpu=0.31s cpu=0.10s prep=0.01s up=0.001s wait=0.000s (1.52e+10 res/s)
K=3234 sh=0 MOD=1133661268029390 thr=1732900 res=4.67e+09 tierC=608 surv=456 bits=456 conf=456 best=47 gpu=0.28s cpu=0.10s prep=0.01s up=0.001s wait=0.151s (1.67e+10 res/s)
K=3235 sh=0 MOD=1133661268029390 thr=1732900 res=4.67e+09 tierC=608 surv=513 bits=513 conf=513 best=47 gpu=0.29s cpu=0.10s prep=0.01s up=0.001s wait=0.151s (1.61e+10 res/s)
K=3236 sh=0 MOD=1133661268029390 thr=1732900 res=4.67e+09 tierC=608 surv=465 bits=465 conf=465 best=47 gpu=0.28s cpu=0.10s prep=0.01s up=0.001s wait=0.145s (1.66e+10 res/s)
K=3237 sh=0 MOD=1789272603757230 thr=3396484 res=1.364e+10 tierC=608 surv=2337 bits=2337 conf=2325 best=47 gpu=0.94s cpu=0.46s prep=0.01s up=0.001s wait=0.811s (1.45e+10 res/s)
K=3238 sh=0 MOD=1133661268029390 thr=1732900 res=4.67e+09 tierC=608 surv=469 bits=469 conf=469 best=47 gpu=0.50s cpu=0.10s prep=0.01s up=0.001s wait=0.000s (9.41e+09 res/s)
K=3239 sh=0 MOD=1133661268029390 thr=1732900 res=4.67e+09 tierC=608 surv=424 bits=424 conf=424 best=47 gpu=0.28s cpu=0.09s prep=0.01s up=0.001s wait=0.151s (1.67e+10 res/s)
K=3240 sh=0 MOD=1133661268029390 thr=1732900 res=4.67e+09 tierC=608 surv=478 bits=478 conf=478 best=47 gpu=0.28s cpu=0.10s prep=0.01s up=0.001s wait=0.162s (1.65e+10 res/s)
K=3241 sh=0 MOD=1133661268029390 thr=1732900 res=4.67e+09 tierC=608 surv=453 bits=453 conf=453 best=47 gpu=0.29s cpu=0.09s prep=0.01s up=0.001s wait=0.162s (1.61e+10 res/s)
K=3242 sh=0 MOD=1133661268029390 thr=1732900 res=4.67e+09 tierC=608 surv=456 bits=456 conf=456 best=47 gpu=0.28s cpu=0.09s prep=0.01s up=0.001s wait=0.159s (1.67e+10 res/s)
K=3243 sh=0 MOD=1133661268029390 thr=1732900 res=4.67e+09 tierC=608 surv=444 bits=444 conf=444 best=47 gpu=0.28s cpu=0.09s prep=0.01s up=0.001s wait=0.158s (1.67e+10 res/s)
K=3244 sh=0 MOD=1133661268029390 thr=1732900 res=4.67e+09 tierC=608 surv=500 bits=500 conf=500 best=47 gpu=0.28s cpu=0.09s prep=0.01s up=0.001s wait=0.152s (1.68e+10 res/s)
K=3245 sh=0 MOD=19214597763210 thr=1732900 res=4.67e+09 tierC=608 surv=442 bits=442 conf=441 best=47 gpu=0.28s cpu=0.08s prep=0.01s up=0.001s wait=0.158s (1.68e+10 res/s)
K=3246 sh=0 MOD=1133661268029390 thr=1732900 res=4.67e+09 tierC=608 surv=466 bits=466 conf=466 best=47 gpu=0.28s cpu=0.10s prep=0.01s up=0.001s wait=0.173s (1.67e+10 res/s)
K=3247 sh=0 MOD=1133661268029390 thr=1732900 res=4.67e+09 tierC=608 surv=706 bits=706 conf=703 best=47 gpu=0.30s cpu=0.13s prep=0.01s up=0.001s wait=0.177s (1.53e+10 res/s)
K=3248 sh=0 MOD=1133661268029390 thr=1732900 res=4.67e+09 tierC=608 surv=423 bits=423 conf=423 best=47 gpu=0.29s cpu=0.09s prep=0.01s up=0.001s wait=0.122s (1.63e+10 res/s)
K=3249 sh=0 MOD=1133661268029390 thr=1732900 res=4.67e+09 tierC=608 surv=451 bits=451 conf=450 best=47 gpu=0.28s cpu=0.09s prep=0.01s up=0.001s wait=0.156s (1.68e+10 res/s)
K=3250 sh=0 MOD=1133661268029390 thr=1732900 res=4.67e+09 tierC=608 surv=438 bits=438 conf=438 best=47 gpu=0.28s cpu=0.09s prep=0.01s up=0.001s wait=0.157s (1.65e+10 res/s)
K=3251 sh=0 MOD=1133661268029390 thr=1732900 res=4.67e+09 tierC=608 surv=530 bits=530 conf=529 best=47 gpu=0.28s cpu=0.10s prep=0.01s up=0.001s wait=0.163s (1.65e+10 res/s)
K=3252 sh=0 MOD=1133661268029390 thr=1732900 res=4.67e+09 tierC=608 surv=467 bits=467 conf=466 best=47 gpu=0.29s cpu=0.09s prep=0.01s up=0.001s wait=0.164s (1.6e+10 res/s)
K=3253 sh=0 MOD=1133661268029390 thr=1732900 res=4.67e+09 tierC=608 surv=481 bits=481 conf=481 best=47 gpu=0.29s cpu=0.10s prep=0.01s up=0.001s wait=0.161s (1.63e+10 res/s)
K=3254 sh=0 MOD=1133661268029390 thr=1732900 res=4.67e+09 tierC=608 surv=496 bits=496 conf=494 best=47 gpu=0.29s cpu=0.11s prep=0.01s up=0.001s wait=0.164s (1.6e+10 res/s)
K=3255 sh=0 MOD=1133661268029390 thr=1732900 res=4.67e+09 tierC=608 surv=459 bits=459 conf=459 best=47 gpu=0.29s cpu=0.10s prep=0.01s up=0.001s wait=0.146s (1.63e+10 res/s)
K=3256 sh=0 MOD=1133661268029390 thr=1732900 res=4.67e+09 tierC=608 surv=418 bits=418 conf=418 best=47 gpu=0.29s cpu=0.09s prep=0.01s up=0.001s wait=0.156s (1.63e+10 res/s)
K=3257 sh=0 MOD=1133661268029390 thr=1732900 res=4.67e+09 tierC=608 surv=496 bits=496 conf=496 best=47 gpu=0.30s cpu=0.10s prep=0.01s up=0.001s wait=0.182s (1.55e+10 res/s)
K=3258 sh=0 MOD=1133661268029390 thr=1732900 res=4.67e+09 tierC=608 surv=475 bits=475 conf=475 best=47 gpu=0.28s cpu=0.09s prep=0.01s up=0.001s wait=0.150s (1.66e+10 res/s)
K=3259 sh=0 MOD=1133661268029390 thr=1732900 res=4.67e+09 tierC=608 surv=480 bits=480 conf=480 best=47 gpu=0.28s cpu=0.10s prep=0.01s up=0.001s wait=0.159s (1.65e+10 res/s)
K=3260 sh=0 MOD=1133661268029390 thr=1732900 res=4.67e+09 tierC=608 surv=472 bits=472 conf=472 best=47 gpu=0.29s cpu=0.10s prep=0.01s up=0.001s wait=0.157s (1.63e+10 res/s)
K=3261 sh=0 MOD=1133661268029390 thr=1732900 res=4.67e+09 tierC=608 surv=455 bits=455 conf=455 best=47 gpu=0.29s cpu=0.10s prep=0.01s up=0.001s wait=0.157s (1.62e+10 res/s)
K=3262 sh=0 MOD=1133661268029390 thr=1732900 res=4.67e+09 tierC=608 surv=611 bits=611 conf=609 best=47 gpu=0.30s cpu=0.12s prep=0.01s up=0.001s wait=0.176s (1.53e+10 res/s)
K=3263 sh=0 MOD=1133661268029390 thr=1732900 res=4.67e+09 tierC=608 surv=633 bits=633 conf=630 best=47 gpu=0.30s cpu=0.12s prep=0.01s up=0.001s wait=0.150s (1.55e+10 res/s)
K=3264 sh=0 MOD=1133661268029390 thr=1732900 res=4.67e+09 tierC=608 surv=482 bits=482 conf=482 best=47 gpu=0.29s cpu=0.10s prep=0.01s up=0.001s wait=0.143s (1.58e+10 res/s)
K=3265 sh=0 MOD=1133661268029390 thr=1732900 res=4.67e+09 tierC=608 surv=456 bits=456 conf=455 best=47 gpu=0.28s cpu=0.09s prep=0.01s up=0.000s wait=0.156s (1.64e+10 res/s)
K=3266 sh=0 MOD=15967060113090 thr=133300 res=3.592e+08 tierC=608 surv=43 bits=43 conf=43 best=47 gpu=0.12s cpu=0.02s prep=0.01s up=0.001s wait=0.000s (2.95e+09 res/s)
K=3267 sh=0 MOD=1133661268029390 thr=1732900 res=4.67e+09 tierC=608 surv=510 bits=510 conf=508 best=47 gpu=0.27s cpu=0.10s prep=0.01s up=0.001s wait=0.223s (1.72e+10 res/s)
K=3268 sh=0 MOD=1133661268029390 thr=1732900 res=4.67e+09 tierC=608 surv=457 bits=457 conf=457 best=47 gpu=0.29s cpu=0.09s prep=0.01s up=0.001s wait=0.150s (1.64e+10 res/s)
K=3269 sh=0 MOD=1133661268029390 thr=1732900 res=4.67e+09 tierC=608 surv=482 bits=482 conf=482 best=47 gpu=0.29s cpu=0.10s prep=0.01s up=0.001s wait=0.168s (1.61e+10 res/s)
K=3270 sh=0 MOD=1133661268029390 thr=1732900 res=4.67e+09 tierC=608 surv=469 bits=469 conf=469 best=47 gpu=0.29s cpu=0.10s prep=0.01s up=0.001s wait=0.158s (1.64e+10 res/s)
K=3271 sh=0 MOD=1133661268029390 thr=1732900 res=4.67e+09 tierC=608 surv=456 bits=456 conf=456 best=47 gpu=0.29s cpu=0.09s prep=0.01s up=0.001s wait=0.158s (1.63e+10 res/s)
K=3272 sh=0 MOD=1133661268029390 thr=1732900 res=4.67e+09 tierC=608 surv=446 bits=446 conf=443 best=47 gpu=0.29s cpu=0.09s prep=0.01s up=0.001s wait=0.164s (1.63e+10 res/s)
K=3273 sh=0 MOD=1133661268029390 thr=1732900 res=4.67e+09 tierC=608 surv=434 bits=434 conf=434 best=47 gpu=0.28s cpu=0.09s prep=0.01s up=0.001s wait=0.160s (1.64e+10 res/s)
K=3274 sh=0 MOD=1133661268029390 thr=1732900 res=4.67e+09 tierC=608 surv=480 bits=480 conf=480 best=47 gpu=0.29s cpu=0.09s prep=0.01s up=0.001s wait=0.168s (1.61e+10 res/s)
K=3275 sh=0 MOD=1133661268029390 thr=1732900 res=4.67e+09 tierC=608 surv=821 bits=821 conf=817 best=47 gpu=0.33s cpu=0.16s prep=0.01s up=0.001s wait=0.202s (1.43e+10 res/s)
K=3276 sh=0 MOD=1133661268029390 thr=1732900 res=4.67e+09 tierC=608 surv=488 bits=488 conf=488 best=47 gpu=0.29s cpu=0.10s prep=0.01s up=0.001s wait=0.095s (1.6e+10 res/s)
K=3277 sh=0 MOD=1314244478865930 thr=1732900 res=6.199e+09 tierC=608 surv=1185 bits=1185 conf=1180 best=47 gpu=0.45s cpu=0.23s prep=0.01s up=0.001s wait=0.311s (1.39e+10 res/s)
K=3278 sh=0 MOD=1133661268029390 thr=1732900 res=4.67e+09 tierC=608 surv=741 bits=741 conf=737 best=47 gpu=0.34s cpu=0.14s prep=0.01s up=0.001s wait=0.077s (1.39e+10 res/s)
K=3279 sh=0 MOD=1133661268029390 thr=1732900 res=4.67e+09 tierC=608 surv=518 bits=518 conf=518 best=47 gpu=0.29s cpu=0.10s prep=0.01s up=0.001s wait=0.114s (1.6e+10 res/s)
K=3280 sh=0 MOD=1133661268029390 thr=1732900 res=4.67e+09 tierC=608 surv=466 bits=466 conf=466 best=47 gpu=0.28s cpu=0.10s prep=0.01s up=0.001s wait=0.142s (1.69e+10 res/s)
K=3281 sh=0 MOD=1133661268029390 thr=1732900 res=4.67e+09 tierC=608 surv=459 bits=459 conf=459 best=47 gpu=0.28s cpu=0.09s prep=0.01s up=0.001s wait=0.156s (1.65e+10 res/s)
K=3282 sh=0 MOD=1133661268029390 thr=1732900 res=4.67e+09 tierC=608 surv=483 bits=483 conf=483 best=47 gpu=0.28s cpu=0.10s prep=0.01s up=0.001s wait=0.153s (1.67e+10 res/s)
K=3283 sh=0 MOD=1133661268029390 thr=1732900 res=4.67e+09 tierC=608 surv=466 bits=466 conf=466 best=47 gpu=0.28s cpu=0.10s prep=0.01s up=0.001s wait=0.151s (1.66e+10 res/s)
K=3284 sh=0 MOD=1133661268029390 thr=1732900 res=4.67e+09 tierC=608 surv=514 bits=514 conf=514 best=47 gpu=0.29s cpu=0.09s prep=0.01s up=0.001s wait=0.155s (1.64e+10 res/s)
K=3285 sh=0 MOD=1133661268029390 thr=1732900 res=4.67e+09 tierC=608 surv=449 bits=449 conf=449 best=47 gpu=0.28s cpu=0.09s prep=0.01s up=0.001s wait=0.158s (1.65e+10 res/s)
K=3286 sh=0 MOD=1133661268029390 thr=1732900 res=4.67e+09 tierC=608 surv=450 bits=450 conf=450 best=47 gpu=0.28s cpu=0.10s prep=0.01s up=0.001s wait=0.156s (1.66e+10 res/s)
K=3287 sh=0 MOD=1133661268029390 thr=1732900 res=4.67e+09 tierC=608 surv=691 bits=691 conf=689 best=47 gpu=0.31s cpu=0.14s prep=0.01s up=0.001s wait=0.181s (1.49e+10 res/s)
K=3288 sh=0 MOD=1133661268029390 thr=1732900 res=4.67e+09 tierC=608 surv=836 bits=836 conf=830 best=47 gpu=0.35s cpu=0.15s prep=0.01s up=0.001s wait=0.183s (1.32e+10 res/s)
K=3289 sh=0 MOD=1133661268029390 thr=1732900 res=4.67e+09 tierC=608 surv=453 bits=453 conf=453 best=47 gpu=0.29s cpu=0.09s prep=0.01s up=0.001s wait=0.105s (1.61e+10 res/s)
K=3290 sh=0 MOD=1133661268029390 thr=1732900 res=4.67e+09 tierC=608 surv=446 bits=446 conf=442 best=47 gpu=0.28s cpu=0.09s prep=0.01s up=0.001s wait=0.159s (1.64e+10 res/s)
K=3291 sh=0 MOD=1133661268029390 thr=1732900 res=4.67e+09 tierC=608 surv=539 bits=539 conf=538 best=47 gpu=0.29s cpu=0.10s prep=0.01s up=0.001s wait=0.162s (1.64e+10 res/s)
K=3292 sh=0 MOD=1133661268029390 thr=1732900 res=4.67e+09 tierC=608 surv=442 bits=442 conf=442 best=47 gpu=0.28s cpu=0.09s prep=0.01s up=0.001s wait=0.145s (1.66e+10 res/s)
K=3293 sh=0 MOD=1668647484402810 thr=2739100 res=1.1e+10 tierC=608 surv=2048 bits=2048 conf=2029 best=47 gpu=0.76s cpu=0.40s prep=0.01s up=0.001s wait=0.636s (1.44e+10 res/s)
K=3294 sh=0 MOD=1133661268029390 thr=1732900 res=4.67e+09 tierC=608 surv=460 bits=460 conf=460 best=47 gpu=0.43s cpu=0.09s prep=0.01s up=0.001s wait=0.000s (1.08e+10 res/s)
K=3295 sh=0 MOD=1133661268029390 thr=1732900 res=4.67e+09 tierC=608 surv=536 bits=536 conf=536 best=47 gpu=0.28s cpu=0.11s prep=0.01s up=0.001s wait=0.153s (1.67e+10 res/s)
K=3296 sh=0 MOD=1133661268029390 thr=1732900 res=4.67e+09 tierC=608 surv=456 bits=456 conf=456 best=47 gpu=0.28s cpu=0.09s prep=0.01s up=0.001s wait=0.142s (1.66e+10 res/s)
K=3297 sh=0 MOD=1133661268029390 thr=1732900 res=4.67e+09 tierC=608 surv=446 bits=446 conf=446 best=47 gpu=0.28s cpu=0.09s prep=0.01s up=0.001s wait=0.153s (1.67e+10 res/s)
K=3298 sh=0 MOD=1133661268029390 thr=1732900 res=4.67e+09 tierC=608 surv=494 bits=494 conf=494 best=47 gpu=0.28s cpu=0.09s prep=0.01s up=0.001s wait=0.158s (1.65e+10 res/s)
K=3299 sh=0 MOD=1133661268029390 thr=1732900 res=4.67e+09 tierC=608 surv=513 bits=513 conf=511 best=47 gpu=0.28s cpu=0.10s prep=0.01s up=0.001s wait=0.156s (1.67e+10 res/s)
K=3300 sh=0 MOD=1133661268029390 thr=1732900 res=4.67e+09 tierC=608 surv=474 bits=474 conf=474 best=47 gpu=0.28s cpu=0.10s prep=0.01s up=0.001s wait=0.152s (1.66e+10 res/s)
K=3301 sh=0 MOD=1133661268029390 thr=1732900 res=4.67e+09 tierC=608 surv=489 bits=489 conf=489 best=47 gpu=0.29s cpu=0.10s prep=0.01s up=0.001s wait=0.156s (1.63e+10 res/s)
K=3302 sh=0 MOD=1133661268029390 thr=1732900 res=4.67e+09 tierC=608 surv=450 bits=450 conf=450 best=47 gpu=0.29s cpu=0.09s prep=0.01s up=0.001s wait=0.154s (1.63e+10 res/s)
K=3303 sh=0 MOD=1133661268029390 thr=1732900 res=4.67e+09 tierC=608 surv=506 bits=506 conf=506 best=47 gpu=0.28s cpu=0.10s prep=0.01s up=0.001s wait=0.159s (1.65e+10 res/s)
K=3304 sh=0 MOD=19214597763210 thr=1732900 res=4.67e+09 tierC=608 surv=466 bits=466 conf=466 best=47 gpu=0.28s cpu=0.07s prep=0.01s up=0.001s wait=0.147s (1.66e+10 res/s)
K=3305 sh=0 MOD=1133661268029390 thr=1732900 res=4.67e+09 tierC=608 surv=472 bits=472 conf=472 best=47 gpu=0.29s cpu=0.10s prep=0.01s up=0.001s wait=0.189s (1.59e+10 res/s)
K=3306 sh=0 MOD=1133661268029390 thr=1732900 res=4.67e+09 tierC=608 surv=452 bits=452 conf=452 best=47 gpu=0.28s cpu=0.09s prep=0.01s up=0.001s wait=0.156s (1.64e+10 res/s)
K=3307 sh=0 MOD=1133661268029390 thr=1732900 res=4.67e+09 tierC=608 surv=471 bits=471 conf=471 best=47 gpu=0.28s cpu=0.10s prep=0.01s up=0.001s wait=0.163s (1.64e+10 res/s)
K=3308 sh=0 MOD=1133661268029390 thr=1732900 res=4.67e+09 tierC=608 surv=527 bits=527 conf=526 best=47 gpu=0.29s cpu=0.10s prep=0.01s up=0.001s wait=0.158s (1.61e+10 res/s)
K=3309 sh=0 MOD=1133661268029390 thr=1732900 res=4.67e+09 tierC=608 surv=507 bits=507 conf=507 best=47 gpu=0.29s cpu=0.10s prep=0.01s up=0.001s wait=0.158s (1.61e+10 res/s)
K=3310 sh=0 MOD=1133661268029390 thr=1732900 res=4.67e+09 tierC=608 surv=447 bits=447 conf=447 best=47 gpu=0.28s cpu=0.09s prep=0.01s up=0.001s wait=0.147s (1.65e+10 res/s)
K=3311 sh=0 MOD=1133661268029390 thr=1732900 res=4.67e+09 tierC=608 surv=453 bits=453 conf=453 best=47 gpu=0.29s cpu=0.09s prep=0.01s up=0.001s wait=0.165s (1.61e+10 res/s)
K=3312 sh=0 MOD=1133661268029390 thr=1732900 res=4.67e+09 tierC=608 surv=499 bits=499 conf=499 best=47 gpu=0.28s cpu=0.10s prep=0.01s up=0.001s wait=0.162s (1.66e+10 res/s)
K=3313 sh=0 MOD=1133661268029390 thr=1732900 res=4.67e+09 tierC=608 surv=489 bits=489 conf=489 best=47 gpu=0.28s cpu=0.11s prep=0.01s up=0.001s wait=0.145s (1.66e+10 res/s)
K=3314 sh=0 MOD=1133661268029390 thr=1732900 res=4.67e+09 tierC=608 surv=449 bits=449 conf=449 best=47 gpu=0.28s cpu=0.09s prep=0.01s up=0.001s wait=0.143s (1.66e+10 res/s)
K=3315 sh=0 MOD=1133661268029390 thr=1732900 res=4.67e+09 tierC=608 surv=431 bits=431 conf=431 best=47 gpu=0.29s cpu=0.09s prep=0.01s up=0.001s wait=0.168s (1.62e+10 res/s)
K=3316 sh=0 MOD=1133661268029390 thr=1732900 res=4.67e+09 tierC=608 surv=460 bits=460 conf=460 best=47 gpu=0.28s cpu=0.09s prep=0.01s up=0.001s wait=0.161s (1.66e+10 res/s)
K=3317 sh=0 MOD=1387940430951870 thr=1732900 res=6.958e+09 tierC=608 surv=1224 bits=1224 conf=1218 best=47 gpu=0.49s cpu=0.26s prep=0.01s up=0.001s wait=0.367s (1.42e+10 res/s)
K=3318 sh=0 MOD=1133661268029390 thr=1732900 res=4.67e+09 tierC=608 surv=462 bits=462 conf=462 best=47 gpu=0.30s cpu=0.09s prep=0.01s up=0.001s wait=0.012s (1.53e+10 res/s)
K=3319 sh=0 MOD=1133661268029390 thr=1732900 res=4.67e+09 tierC=608 surv=464 bits=464 conf=464 best=47 gpu=0.29s cpu=0.09s prep=0.01s up=0.001s wait=0.160s (1.62e+10 res/s)
K=3320 sh=0 MOD=1789272603757230 thr=3396484 res=1.364e+10 tierC=608 surv=2488 bits=2488 conf=2460 best=47 gpu=0.92s cpu=0.51s prep=0.01s up=0.001s wait=0.790s (1.49e+10 res/s)
K=3321 sh=0 MOD=1133661268029390 thr=1732900 res=4.67e+09 tierC=608 surv=503 bits=503 conf=502 best=47 gpu=0.54s cpu=0.10s prep=0.01s up=0.001s wait=0.000s (8.69e+09 res/s)
K=3322 sh=0 MOD=1133661268029390 thr=1732900 res=4.67e+09 tierC=608 surv=482 bits=482 conf=482 best=47 gpu=0.27s cpu=0.10s prep=0.01s up=0.001s wait=0.140s (1.71e+10 res/s)
K=3323 sh=0 MOD=1133661268029390 thr=1732900 res=4.67e+09 tierC=608 surv=472 bits=472 conf=472 best=47 gpu=0.29s cpu=0.10s prep=0.01s up=0.001s wait=0.160s (1.61e+10 res/s)
K=3324 sh=0 MOD=1133661268029390 thr=1732900 res=4.67e+09 tierC=608 surv=473 bits=473 conf=473 best=47 gpu=0.28s cpu=0.09s prep=0.01s up=0.001s wait=0.154s (1.65e+10 res/s)
K=3325 sh=0 MOD=1133661268029390 thr=1732900 res=4.67e+09 tierC=608 surv=471 bits=471 conf=471 best=47 gpu=0.31s cpu=0.11s prep=0.01s up=0.001s wait=0.189s (1.49e+10 res/s)
K=3326 sh=0 MOD=1133661268029390 thr=1732900 res=4.67e+09 tierC=608 surv=471 bits=471 conf=471 best=47 gpu=0.29s cpu=0.10s prep=0.01s up=0.001s wait=0.148s (1.64e+10 res/s)
K=3327 sh=0 MOD=1133661268029390 thr=1732900 res=4.67e+09 tierC=608 surv=506 bits=506 conf=506 best=47 gpu=0.28s cpu=0.10s prep=0.01s up=0.001s wait=0.154s (1.66e+10 res/s)
K=3328 sh=0 MOD=1133661268029390 thr=1732900 res=4.67e+09 tierC=608 surv=457 bits=457 conf=457 best=47 gpu=0.29s cpu=0.10s prep=0.01s up=0.001s wait=0.153s (1.63e+10 res/s)
K=3329 sh=0 MOD=1133661268029390 thr=1732900 res=4.67e+09 tierC=608 surv=458 bits=458 conf=458 best=47 gpu=0.28s cpu=0.09s prep=0.01s up=0.001s wait=0.150s (1.67e+10 res/s)
K=3330 sh=0 MOD=1133661268029390 thr=1732900 res=4.67e+09 tierC=608 surv=448 bits=448 conf=448 best=47 gpu=0.29s cpu=0.09s prep=0.01s up=0.001s wait=0.168s (1.6e+10 res/s)
K=3331 sh=0 MOD=1133661268029390 thr=1732900 res=4.67e+09 tierC=608 surv=500 bits=500 conf=500 best=47 gpu=0.29s cpu=0.10s prep=0.01s up=0.001s wait=0.165s (1.62e+10 res/s)
K=3332 sh=0 MOD=1133661268029390 thr=1732900 res=4.67e+09 tierC=608 surv=482 bits=482 conf=482 best=47 gpu=0.28s cpu=0.09s prep=0.01s up=0.001s wait=0.148s (1.65e+10 res/s)
K=3333 sh=0 MOD=1470392337741090 thr=1974700 res=7.928e+09 tierC=608 surv=1312 bits=1312 conf=1301 best=47 gpu=0.56s cpu=0.27s prep=0.01s up=0.001s wait=0.429s (1.43e+10 res/s)
K=3334 sh=0 MOD=1133661268029390 thr=1732900 res=4.67e+09 tierC=608 surv=516 bits=516 conf=516 best=47 gpu=0.31s cpu=0.11s prep=0.01s up=0.001s wait=0.000s (1.52e+10 res/s)
K=3335 sh=0 MOD=1133661268029390 thr=1732900 res=4.67e+09 tierC=608 surv=441 bits=441 conf=441 best=47 gpu=0.28s cpu=0.09s prep=0.01s up=0.001s wait=0.141s (1.67e+10 res/s)
K=3336 sh=0 MOD=1133661268029390 thr=1732900 res=4.67e+09 tierC=608 surv=461 bits=461 conf=461 best=47 gpu=0.29s cpu=0.09s prep=0.01s up=0.000s wait=0.164s (1.63e+10 res/s)
K=3337 sh=0 MOD=15967060113090 thr=133300 res=3.592e+08 tierC=608 surv=43 bits=43 conf=43 best=47 gpu=0.12s cpu=0.01s prep=0.01s up=0.001s wait=0.000s (2.9e+09 res/s)
K=3338 sh=0 MOD=1133661268029390 thr=1732900 res=4.67e+09 tierC=608 surv=474 bits=474 conf=474 best=47 gpu=0.27s cpu=0.09s prep=0.01s up=0.001s wait=0.227s (1.7e+10 res/s)
K=3339 sh=0 MOD=1133661268029390 thr=1732900 res=4.67e+09 tierC=608 surv=514 bits=514 conf=513 best=47 gpu=0.28s cpu=0.10s prep=0.01s up=0.001s wait=0.160s (1.66e+10 res/s)
K=3340 sh=0 MOD=1133661268029390 thr=1732900 res=4.67e+09 tierC=608 surv=736 bits=736 conf=734 best=47 gpu=0.31s cpu=0.15s prep=0.01s up=0.001s wait=0.177s (1.49e+10 res/s)
K=3341 sh=0 MOD=1133661268029390 thr=1732900 res=4.67e+09 tierC=608 surv=554 bits=554 conf=554 best=47 gpu=0.31s cpu=0.11s prep=0.01s up=0.001s wait=0.133s (1.49e+10 res/s)
K=3342 sh=0 MOD=1133661268029390 thr=1732900 res=4.67e+09 tierC=608 surv=520 bits=520 conf=520 best=47 gpu=0.29s cpu=0.10s prep=0.01s up=0.001s wait=0.148s (1.6e+10 res/s)
K=3343 sh=0 MOD=1133661268029390 thr=1732900 res=4.67e+09 tierC=608 surv=503 bits=503 conf=502 best=47 gpu=0.29s cpu=0.10s prep=0.01s up=0.001s wait=0.154s (1.64e+10 res/s)
K=3344 sh=0 MOD=1133661268029390 thr=1732900 res=4.67e+09 tierC=608 surv=486 bits=486 conf=483 best=47 gpu=0.29s cpu=0.10s prep=0.01s up=0.001s wait=0.157s (1.63e+10 res/s)
K=3345 sh=0 MOD=1133661268029390 thr=1732900 res=4.67e+09 tierC=608 surv=451 bits=451 conf=451 best=47 gpu=0.28s cpu=0.09s prep=0.01s up=0.001s wait=0.152s (1.65e+10 res/s)
K=3346 sh=0 MOD=1133661268029390 thr=1732900 res=4.67e+09 tierC=608 surv=629 bits=629 conf=625 best=47 gpu=0.33s cpu=0.13s prep=0.01s up=0.001s wait=0.202s (1.43e+10 res/s)
K=3347 sh=0 MOD=1133661268029390 thr=1732900 res=4.67e+09 tierC=608 surv=472 bits=472 conf=472 best=47 gpu=0.29s cpu=0.10s prep=0.01s up=0.001s wait=0.126s (1.63e+10 res/s)
K=3348 sh=0 MOD=1133661268029390 thr=1732900 res=4.67e+09 tierC=608 surv=430 bits=430 conf=430 best=47 gpu=0.28s cpu=0.09s prep=0.01s up=0.001s wait=0.149s (1.65e+10 res/s)
K=3349 sh=0 MOD=1133661268029390 thr=1732900 res=4.67e+09 tierC=608 surv=642 bits=642 conf=639 best=47 gpu=0.31s cpu=0.12s prep=0.01s up=0.001s wait=0.187s (1.53e+10 res/s)
K=3350 sh=0 MOD=1133661268029390 thr=1732900 res=4.67e+09 tierC=608 surv=522 bits=522 conf=522 best=47 gpu=0.29s cpu=0.10s prep=0.01s up=0.001s wait=0.129s (1.64e+10 res/s)
K=3351 sh=0 MOD=1133661268029390 thr=1732900 res=4.67e+09 tierC=608 surv=494 bits=494 conf=494 best=47 gpu=0.29s cpu=0.10s prep=0.01s up=0.001s wait=0.157s (1.6e+10 res/s)
K=3352 sh=0 MOD=1133661268029390 thr=1732900 res=4.67e+09 tierC=608 surv=521 bits=521 conf=521 best=47 gpu=0.30s cpu=0.11s prep=0.01s up=0.001s wait=0.168s (1.57e+10 res/s)
K=3353 sh=0 MOD=1133661268029390 thr=1732900 res=4.67e+09 tierC=608 surv=525 bits=525 conf=525 best=47 gpu=0.29s cpu=0.11s prep=0.01s up=0.001s wait=0.145s (1.64e+10 res/s)
K=3354 sh=0 MOD=1133661268029390 thr=1732900 res=4.67e+09 tierC=608 surv=491 bits=491 conf=491 best=47 gpu=0.28s cpu=0.10s prep=0.01s up=0.001s wait=0.138s (1.67e+10 res/s)
K=3355 sh=0 MOD=1133661268029390 thr=1732900 res=4.67e+09 tierC=608 surv=437 bits=437 conf=437 best=47 gpu=0.28s cpu=0.10s prep=0.01s up=0.001s wait=0.154s (1.65e+10 res/s)
K=3356 sh=0 MOD=1133661268029390 thr=1732900 res=4.67e+09 tierC=608 surv=489 bits=489 conf=489 best=47 gpu=0.29s cpu=0.11s prep=0.01s up=0.001s wait=0.161s (1.6e+10 res/s)
K=3357 sh=0 MOD=1133661268029390 thr=1732900 res=4.67e+09 tierC=608 surv=559 bits=559 conf=559 best=47 gpu=0.29s cpu=0.11s prep=0.01s up=0.001s wait=0.145s (1.62e+10 res/s)
K=3358 sh=0 MOD=1133661268029390 thr=1732900 res=4.67e+09 tierC=608 surv=451 bits=451 conf=451 best=47 gpu=0.29s cpu=0.10s prep=0.01s up=0.001s wait=0.148s (1.61e+10 res/s)
K=3359 sh=0 MOD=1133661268029390 thr=1732900 res=4.67e+09 tierC=608 surv=471 bits=471 conf=471 best=47 gpu=0.29s cpu=0.11s prep=0.01s up=0.001s wait=0.160s (1.6e+10 res/s)
K=3360 sh=0 MOD=1133661268029390 thr=1732900 res=4.67e+09 tierC=608 surv=467 bits=467 conf=467 best=47 gpu=0.29s cpu=0.10s prep=0.01s up=0.001s wait=0.151s (1.61e+10 res/s)
K=3361 sh=0 MOD=1133661268029390 thr=1732900 res=4.67e+09 tierC=608 surv=467 bits=467 conf=467 best=47 gpu=0.30s cpu=0.11s prep=0.01s up=0.001s wait=0.166s (1.55e+10 res/s)
K=3362 sh=0 MOD=1133661268029390 thr=1732900 res=4.67e+09 tierC=608 surv=438 bits=438 conf=437 best=47 gpu=0.29s cpu=0.09s prep=0.01s up=0.001s wait=0.150s (1.6e+10 res/s)
K=3363 sh=0 MOD=19214597763210 thr=1732900 res=4.67e+09 tierC=608 surv=479 bits=479 conf=477 best=47 gpu=0.29s cpu=0.09s prep=0.01s up=0.001s wait=0.158s (1.63e+10 res/s)
K=3364 sh=0 MOD=1133661268029390 thr=1732900 res=4.67e+09 tierC=608 surv=480 bits=480 conf=480 best=47 gpu=0.27s cpu=0.10s prep=0.01s up=0.001s wait=0.166s (1.73e+10 res/s)
K=3365 sh=0 MOD=1133661268029390 thr=1732900 res=4.67e+09 tierC=608 surv=494 bits=494 conf=492 best=47 gpu=0.27s cpu=0.10s prep=0.01s up=0.001s wait=0.166s (1.75e+10 res/s)
GPU BEST n=47  units=764 covered=5.472e+19 raw a  survivors=417967 confirmed=416836  254.9s
