131 1
262 1
5893 0
5251 0
5959 0
6319 0
3668 0
4897 0
6313 0
137 1
6667 0
393 1
7171 0
3799 0
3562 0
7387 0
4189 0
274 1
524 1
7597 0
3616 0
7729 0
3930 0
3699 0
8023 0
655 1
411 1
3729 0
8083 0
3638 0
4061 0
8383 0
3836 0
786 1
3842 0
3745 0
548 1
3636 0
149 1
4192 0
8881 0
3955 0
8989 0
3973 0
3852 0
917 1
113 1
3737 0
3576 0
685 1
298 1
4323 0
9301 0
4068 0
3959 0
9379 0
3838 0
226 1
3560 0
1048 1
4110 0
9523 0
822 1
3725 0
3939 0
4066 0
4454 0
4181 0
9727 0
3649 0
339 1
447 1
1179 1
4247 0
4040 0
3738 0
10057 0
4173 0
4294 0
3569 0
959 1
107 1
4585 0
452 1
3874 0
1310 1
3827 0
3652 0
4141 0
596 1
4280 0
4384 0
214 1
4407 0
565 1
1096 1
4716 0
167 1
3916 0
3735 0
4242 0
4023 0
1441 1
4387 0
321 1
4520 0
10807 0
4521 0
678 1
3818 0
4005 0
8791 0
745 1
10873 0
4847 0
1233 1
4343 0
4494 0
173 1
428 1
1572 1
3901 0
4633 0
4094 0
334 1
791 1
101 1
3674 0
4172 0
4658 0
4444 0
4978 0
3984 0
4601 0
894 1
1370 1
4183 0
535 1
11371 0
11413 0
4746 0
1703 1
202 1
904 1
179 1
3633 0
4545 0
4067 0
3621 0
4272 0
4708 0
4795 0
346 1
11659 0
4321 0
5109 0
642 1
501 1
3580 0
4859 0
303 1
1507 1
3841 0
4150 0
1017 1
3692 0
4646 0
1834 1
1043 1
4361 0
4815 0
749 1
3763 0
4233 0
5240 0
404 1
4932 0
4972 0
12091 0
4747 0
1130 1
4450 0
3806 0
4470 0
358 1
1644 1
1965 1
12193 0
3834 0
4922 0
4316 0
856 1
519 1
191 1
1192 1
505 1
668 1
4008 0
4539 0
5085 0
4848 0
3759 0
5371 0
3905 0
1243 1
5069 0
10579 0
4399 0
5029 0
2096 1
963 1
1781 1
606 1
4619 0
3976 0
4628 0
4949 0
197 1
5198 0
3629 0
4482 0
3979 0
1356 1
5502 0
1341 1
537 1
4047 0
5136 0
5206 0
1070 1
4717 0
707 1
692 1
835 1
2227 1
4175 0
5050 0
4565 0
1918 1
5311 0
4118 0
382 1
3938 0
1469 1
4768 0
4806 0
5633 0
5243 0
808 1
1177 1
4648 0
5151 0
5343 0
1490 1
13231 0
2358 1
5424 0
4152 0
4895 0
2055 1
1582 1
3599 0
4260 0
3820 0
4731 0
394 1
5350 0
716 1
909 1
1284 1
1002 1
5764 0
3743 0
865 1
4342 0
5252 0
4917 0
3658 0
4331 0
4984 0
89 1
5537 0
5480 0
2489 1
4814 0
1695 1
8378 0
4117 0
1639 1
3717 0
1010 1
5457 0
573 1
1391 1
2192 1
5353 0
4402 0
5895 0
5073 0
178 1
3776 0
13837 0
5650 0
4325 0
1808 1
4473 0
1111 1
2620 1
5066 0
5564 0
5617 0
3835 0
1169 1
1498 1
5454 0
4509 0
895 1
5162 0
14017 0
1038 1
4980 0
267 1
9794 0
4011 0
2329 1
591 1
1788 1
4544 0
3894 0
9853 0
6026 0
3940 0
5763 0
227 1
12367 0
1212 1
1921 1
5671 0
4296 0
5063 0
5555 0
1605 1
2751 1
356 1
3953 0
4615 0
5754 0
764 1
5215 0
10502 0
4012 0
233 1
2466 1
1313 1
5876 0
4498 0
5146 0
6157 0
3632 0
4686 0
5340 0
5778 0
445 1
1336 1
2034 1
5656 0
1712 1
1937 1
4676 0
4071 0
1211 1
1074 1
2882 1
4757 0
14659 0
5229 0
239 1
5891 0
1414 1
5429 0
4202 0
534 1
4130 0
5989 0
3585 0
5757 0
5885 0
788 1
2147 1
6288 0
1819 1
5364 0
14803 0
2603 1
4475 0
4828 0
4137 0
5312 0
5518 0
3013 1
623 1
2086 1
83 1
1515 1
955 1
4671 0
5858 0
4899 0
6102 0
1503 1
4248 0
5992 0
454 1
4843 0
6028 0
1926 1
3728 0
2260 1
13261 0
5395 0
11786 0
6419 0
10207 0
251 1
1384 1
5607 0
166 1
2740 1
712 1
4307 0
1253 1
4970 0
1616 1
5513 0
11918 0
3144 1
5478 0
6099 0
6215 0
3859 0
466 1
4366 0
2033 1
2373 1
257 1
4393 0
249 1
2235 1
5041 0
5696 0
801 1
3598 0
6165 0
4654 0
6550 0
1717 1
985 1
4425 0
15481 0
5561 0
6060 0
2877 1
4334 0
1670 1
5112 0
4844 0
263 1
6206 0
5010 0
332 1
3275 1
6328 0
2140 1
478 1
5785 0
890 1
4484 0
2486 1
5662 0
1146 1
3824 0
12638 0
1557 1
12626 0
5644 0
1818 1
5183 0
269 1
1432 1
6302 0
6681 0
6161 0
4543 0
415 1
2384 1
5874 0
979 1
3765 0
2247 1
6441 0
3014 1
681 1
5254 0
3406 1
3682 0
2599 1
5727 0
4602 0
3961 0
1919 1
11857 0
498 1
4833 0
4584 0
6262 0
5963 0
131 2
1837 1
1068 1
5811 0
4661 0
5325 0
5177 0
6812 0
6420 0
10561 0
5017 0
502 1
6439 0
5810 0
2354 1
281 1
1182 1
6554 0
4086 0
699 1
2712 1
581 1
4531 0
2533 1
2020 1
4720 0
13334 0
3537 1
3151 1
1730 1
5396 0
6052 0
6363 0
1157 1
1337 1
3653 0
1611 1
514 1
6527 0
4779 0
262 2
2461 1
3855 0
664 1
6943 0
3766 0
5467 0
2121 1
2825 1
6576 0
5960 0
6141 0
293 1
717 1
1246 1
4838 0
6464 0
5976 0
3668 1
4063 0
2004 1
5012 0
3288 1
526 1
5344 0
747 1
5538 0
6634 0
2682 1
5190 0
4775 0
2568 1
393 2
6230 0
6780 0
908 1
2222 1
1335 1
7074 0
6059 0
2938 1
6565 0
1903 1
5609 0
4956 0
4194 0
830 1
1379 1
4016 0
538 1
6713 0
3799 1
4728 0
6741 0
6109 0
15049 0
2675 1
1790 1
1528 1
3425 1
1424 1
3945 0
6142 0
5015 0
2323 1
5680 0
14342 0
311 1
6893 0
4313 0
524 2
913 1
6666 0
3051 1
2831 1
137 2
932 1
7205 0
753 1
2171 1
12283 0
5074 0
5511 0
317 1
5751 0
6408 0
5191 0
6225 0
6848 0
1513 1
2782 1
6850 0
5363 0
3930 1
2424 1
996 1
3809 0
5133 0
7006 0
562 1
6767 0
4966 0
3562 1
14774 0
3164 1
6258 0
5822 0
2076 1
655 2
3732 0
771 1
6308 0
9523 1
6497 0
9379 1
1602 1
7336 0
10057 1
9727 1
5192 0
4112 0
956 1
9301 1
274 2
8989 1
6955 0
1079 1
8881 1
3934 0
2889 1
4302 0
2980 1
2525 1
4035 0
1576 1
1969 1
10807 1
6868 0
4061 1
6987 0
7119 0
10873 1
1135 1
4925 0
8383 1
6391 0
1719 1
6586 0
3277 1
2338 1
1691 1
5678 0
789 1
1162 1
3699 1
786 2
3590 0
15194 0
5964 0
4427 0
7062 0
11413 1
586 1
11371 1
5310 0
7467 0
2996 1
2626 1
5370 0
6407 0
8023 1
5536 0
8083 1
411 2
6969 0
6474 0
11659 1
3804 0
4267 0
6675 0
7232 0
4540 0
1780 1
347 1
5369 0
1245 1
4192 1
15943 0
6035 0
3390 1
2249 1
3129 1
807 1
7124 0
1165 1
15458 0
5157 0
7729 1
12091 1
7169 0
17947 0
2727 1
353 1
4208 0
3103 1
6557 0
7597 1
917 2
5428 0
12193 1
3836 1
7070 0
6106 0
11269 0
6764 0
7598 0
1869 1
1004 1
13861 0
1328 1
2148 1
359 1
7345 0
2505 1
548 2
7387 1
5487 0
5845 0
3503 1
6556 0
1773 1
4323 1
6640 0
6177 0
12709 0
7276 0
2828 1
1910 1
5122 0
3210 1
6853 0
7261 0
1411 1
1958 1
622 1
5546 0
5709 0
3278 1
1195 1
5549 0
1048 2
7171 1
1028 1
4541 0
3973 1
3609 0
7458 0
6248 0
1362 1
6723 0
16046 0
4369 0
843 1
2422 1
3616 1
5605 0
3817 0
4102 0
634 1
1494 1
2929 1
6942 0
685 2
7383 0
2047 1
13231 1
4454 1
3317 1
7272 0
4660 0
16166 0
4304 0
4215 0
6705 0
5664 0
383 1
5348 0
12567 0
6806 0
7398 0
2672 1
1179 2
4043 0
6012 0
2327 1
7571 0
4767 0
1052 1
1577 1
7860 0
7031 0
389 1
3729 1
2136 1
4110 1
3030 1
3427 1
5723 0
6390 0
7490 0
4518 0
7373 0
3424 1
1398 1
6889 0
16837 0
4585 1
822 2
3883 0
5882 0
13837 1
1970 1
3592 0
2101 1
149 2
5782 0
1660 1
5728 0
879 1
6667 1
5319 0
7120 0
6461 0
401 1
2225 1
14017 1
7684 0
1310 2
7535 0
1076 1
3131 1
2595 1
11623 0
6854 0
3842 1
7991 0
16766 0
4471 0
6972 0
1255 1
5841 0
7474 0
3531 1
4247 1
1743 1
6532 0
3830 0
4121 0
7209 0
3576 1
2839 1
4716 1
14863 0
2314 1
6179 0
5900 0
959 2
1434 1
3232 1
7055 0
7797 0
5539 0
3949 0
1589 1
419 1
2506 1
4780 0
6603 0
3955 1
7575 0
7704 0
1441 2
298 2
3563 0
1826 1
3638 1
7672 0
113 2
14359 0
3771 0
8122 0
6319 1
694 1
14659 1
7298 0
1285 1
6313 1
2403 1
6055 0
4626 0
7003 0
4893 0
7138 0
3688 0
4384 1
431 1
14803 1
6674 0
3890 0
5907 0
6018 0
4847 1
3333 1
1909 1
706 1
7910 0
4994 0
2292 1
2167 1
2768 1
7676 0
1124 1
1096 2
7811 0
4068 1
3725 1
3745 1
933 1
5516 0
2492 1
226 2
1572 2
6077 0
4573 0
6745 0
443 1
7221 0
4395 0
8253 0
3006 1
718 1
7809 0
1631 1
6346 0
1315 1
1992 1
4496 0
447 2
3736 0
3434 1
449 1
4769 0
6136 0
7777 0
3647 0
4521 1
14691 0
4978 1
951 1
7476 0
6816 0
7918 0
2685 1
2581 1
7152 0
4181 1
3852 1
7304 0
3558 0
5730 0
339 2
1233 2
15481 1
461 1
2075 1
6195 0
17762 0
6228 0
1703 2
4164 0
4354 0
5959 1
3879 0
3535 1
3874 1
8384 0
6887 0
1506 1
467 1
7565 0
7878 0
7946 0
1345 1
2670 1
6086 0
4734 0
5893 1
6254 0
8136 0
2941 1
1816 1
3594 0
8025 0
1172 1
3959 1
17978 0
4294 1
1673 1
5109 1
2158 1
596 2
4658 1
2483 1
6958 0
452 2
4010 0
3173 1
479 1
5019 0
2364 1
6513 0
3636 1
7654 0
7301 0
1370 2
7470 0
1834 2
5713 0
2759 1
10579 1
3832 0
766 1
7979 0
5126 0
8515 0
2241 1
7029 0
8132 0
491 1
8249 0
5221 0
6372 0
4236 0
1542 1
4066 1
4407 1
4023 1
2864 1
4883 0
778 1
565 2
5240 1
13561 0
4438 0
7553 0
7743 0
3737 1
6401 0
8791 1
2848 1
4795 1
6431 0
15397 0
503 1
7100 0
5921 0
15753 0
2324 1
8080 0
745 2
1864 1
1965 2
509 1
14857 0
3987 0
8239 0
1507 2
3114 1
6265 0
8362 0
8646 0
4173 1
6490 0
107 2
7450 0
7636 0
4520 1
1405 1
7832 0
3595 0
3340 1
4842 0
5020 0
3702 0
2937 1
802 1
6680 0
18602 0
678 2
3838 1
2407 1
1578 1
8220 0
521 1
5371 1
12367 1
8181 0
4308 0
4213 0
2674 1
6549 0
4172 1
1041 1
18758 0
3928 0
4777 0
4688 0
4932 1
7242 0
8346 0
2561 1
7719 0
1244 1
4280 1
2096 2
8475 0
7921 0
2043 1
4041 0
3026 1
214 2
5910 0
2490 1
6608 0
8777 0
4633 1
1757 1
894 2
1644 2
3939 1
3043 1
791 2
1912 1
6574 0
1059 1
8282 0
7313 0
5258 0
7802 0
7599 0
4997 0
5502 1
8357 0
19046 0
1614 1
838 1
8010 0
1268 1
8453 0
3115 1
2573 1
6112 0
3287 1
4387 1
5359 0
167 2
4279 0
8588 0
5448 0
13261 1
321 2
3507 1
557 1
6444 0
5069 1
7384 0
4190 0
4040 1
1077 1
2227 2
6847 0
4746 1
4321 1
6726 0
4665 0
3899 0
563 1
8908 0
904 2
7885 0
1465 1
1781 2
569 1
8099 0
2656 1
3204 1
1799 1
3715 0
1043 2
6785 0
862 1
7455 0
4024 0
8560 0
5140 0
5633 1
2097 1
4494 1
4511 0
2865 1
16867 0
8494 0
428 2
8701 0
4141 1
7968 0
3941 0
7748 0
4859 1
19454 0
8484 0
6844 0
3846 0
5251 1
2758 1
2358 2
3222 1
4149 0
587 1
13987 0
1017 2
5206 1
2739 1
8188 0
6747 0
7526 0
3644 0
3293 1
9039 0
6107 0
593 1
4470 1
886 1
8667 0
5271 0
1420 1
1918 2
4072 0
6903 0
334 2
599 1
4601 1
8051 0
3460 1
3674 1
3561 0
535 2
4242 1
5764 1
8814 0
7014 0
3983 0
3882 0
2270 1
17947 1
19519 0
5111 0
2822 1
1841 1
6623 0
898 1
8585 0
4755 0
4972 1
8277 0
1192 2
6303 0
8631 0
1686 1
3382 1
3579 0
6962 0
1130 2
173 2
1491 1
15931 0
4203 0
2489 2
617 1
4589 0
3805 0
8134 0
5343 1
7897 0
9170 0
2151 1
4310 0
7668 0
8774 0
2008 1
3918 0
17679 0
4411 0
4708 1
1149 1
5058 0
2905 1
4343 1
7021 0
5497 0
642 2
3716 0
8366 0
8927 0
5675 0
1562 1
2055 2
3471 1
922 1
8686 0
5592 0
4981 0
5895 1
4619 1
5085 1
3056 1
7739 0
8217 0
20114 0
6920 0
1243 2
5260 0
7080 0
3401 1
17877 0
641 1
1167 1
934 1
8768 0
3954 0
101 2
1883 1
1555 1
2988 1
2620 2
501 2
1633 1
647 1
1341 2
4815 1
2955 1
4444 1
3651 0
3841 1
17582 0
8455 0
4168 0
3865 0
3560 1
749 2
3633 1
7181 0
3764 0
5480 1
15049 1
7139 0
653 1
7810 0
8787 0
6304 0
2330 1
9040 0
1 1
2 1
8300 0
3 1
4 1
3669 0
1388 1
5 1
659 1
8046 0
6 1
7 1
5198 1
8 1
4667 0
9 1
6802 0
10 1
11 1
12 1
2056 1
13 1
1704 1
2192 2
6026 1
14 1
3071 1
15 1
346 2
16 1
958 1
1356 2
17 1
3788 0
18 1
3574 0
19 1
5397 0
20 1
202 2
21 1
7198 0
22 1
3687 0
23 1
24 1
6494 0
25 1
26 1
8544 0
27 1
7881 0
1585 1
8988 0
28 1
29 1
3649 1
30 1
4109 0
4545 1
31 1
179 2
32 1
4596 0
4768 1
4922 1
1758 1
33 1
34 1
4311 0
35 1
36 1
1203 1
37 1
8905 0
38 1
856 2
2751 2
677 1
39 1
40 1
8888 0
41 1
3812 0
42 1
43 1
44 1
4976 0
45 1
1775 1
1412 1
46 1
47 1
9432 0
7257 0
48 1
49 1
683 1
9153 0
50 1
2497 1
51 1
3154 1
4897 1
52 1
53 1
54 1
55 1
56 1
57 1
17869 0
5617 1
58 1
5311 1
4430 0
982 1
1490 2
7952 0
60 1
5522 0
61 1
62 1
63 1
64 1
7093 0
65 1
303 2
66 1
8633 0
1469 2
67 1
3622 0
68 1
69 1
3738 1
70 1
72 1
6157 1
3580 1
73 1
668 2
74 1
7316 0
4151 0
75 1
9095 0
4646 1
3247 1
76 1
8466 0
77 1
1846 1
2329 2
78 1
4008 1
79 1
80 1
5029 1
81 1
8195 0
701 1
82 1
7348 0
84 1
85 1
963 2
86 1
4062 0
1436 1
87 1
88 1
3237 1
3806 1
90 1
2104 1
91 1
3646 0
92 1
93 1
94 1
2390 1
5380 0
95 1
96 1
2882 2
97 1
98 1
99 1
9266 0
100 1
5902 0
1006 1
7375 0
9042 0
102 1
103 1
104 1
5736 0
105 1
9563 0
106 1
8722 0
2259 1
3152 1
108 1
4917 1
5825 0
5424 1
15943 1
4668 0
109 1
1917 1
3827 1
110 1
404 2
111 1
112 1
4858 0
719 1
3985 0
3557 0
8549 0
6981 0
114 1
519 2
1967 1
3777 0
115 1
116 1
3884 0
117 1
17473 0
1582 2
4193 0
6501 0
119 1
120 1
4747 1
121 1
1018 1
4490 0
5754 1
122 1
123 1
8094 0
9202 0
124 1
4098 0
125 1
126 1
3320 1
18957 0
127 1
7434 0
128 1
5136 1
1257 1
129 1
130 1
18939 0
6288 1
9090 0
132 1
133 1
1070 2
134 1
1639 2
135 1
136 1
358 2
3581 0
138 1
139 1
140 1
3694 0
3908 0
1988 1
141 1
6685 0
2466 2
143 1
144 1
5339 0
145 1
146 1
8811 0
5072 0
4609 0
147 1
148 1
4419 0
3916 1
3593 0
150 1
15853 0
8632 0
151 1
152 1
153 1
5523 0
743 1
154 1
7493 0
2563 1
155 1
8165 0
3013 2
505 2
156 1
8344 0
157 1
158 1
159 1
5537 1
160 1
161 1
162 1
1042 1
163 1
7266 0
3403 1
9694 0
164 1
165 1
3932 0
9179 0
4848 1
835 2
1695 2
168 1
2152 1
169 1
5274 0
170 1
3831 0
9309 0
171 1
4175 1
172 1
2059 1
3617 0
174 1
175 1
4045 0
176 1
5243 1
9191 0
7515 0
3759 1
3623 0
180 1
7552 0
181 1
1177 2
182 1
183 1
5066 1
761 1
184 1
185 1
5891 1
8900 0
186 1
187 1
8236 0
3979 1
188 1
8715 0
3849 0
6419 1
189 1
1293 1
3742 0
4005 1
190 1
3438 1
192 1
193 1
2313 1
194 1
195 1
196 1
198 1
199 1
200 1
5654 0
3486 1
9492 0
606 2
201 1
3754 0
4942 0
2724 1
203 1
773 1
204 1
2130 1
205 1
2603 2
206 1
207 1
3867 0
7611 0
208 1
209 1
5650 1
16756 0
210 1
1788 2
1866 1
211 1
4949 1
212 1
692 2
3144 2
215 1
216 1
3659 0
217 1
218 1
1808 2
7160 0
9416 0
8307 0
219 1
220 1
221 1
9292 0
222 1
3553 0
9825 0
223 1
3554 0
224 1
5350 1
3555 0
225 1
3556 0
8798 0
3778 0
21614 0
228 1
3559 0
3671 0
229 1
4094 1
3349 1
1284 2
9316 0
230 1
231 1
16837 1
232 1
8493 0
3564 0
12091 2
234 1
7670 0
3565 0
3677 0
235 1
5773 0
3566 0
12193 2
3567 0
4206 0
2201 1
237 1
4105 0
3568 0
3569 1
238 1
3570 0
240 1
3571 0
6698 0
537 2
241 1
3572 0
797 1
242 1
3573 0
191 2
243 1
3903 0
244 1
11659 2
3575 0
13231 2
245 1
1532 1
246 1
707 2
3577 0
247 1
6550 1
3578 0
4610 0
1329 1
248 1
2051 1
11413 2
4319 0
6028 1
250 1
3802 0
9605 0
3582 0
6129 0
252 1
3583 0
253 1
3584 0
21746 0
254 1
255 1
11371 2
3586 0
256 1
13393 0
3587 0
5050 1
6876 0
3588 0
2629 1
258 1
3589 0
3701 0
5215 1
259 1
1002 2
5763 1
260 1
3591 0
809 1
4812 0
261 1
7439 0
4527 0
3921 0
3814 0
264 1
4342 1
265 1
13837 2
3596 0
9078 0
6058 0
266 1
3597 0
9393 0
5975 0
1902 1
268 1
4135 0
1921 2
2272 1
4183 1
3600 0
7682 0
2740 2
270 1
3601 0
271 1
3602 0
5457 1
3275 2
272 1
14017 2
3603 0
18871 0
273 1
3604 0
3605 0
1735 1
3826 0
275 1
3652 1
3606 0
276 1
3607 0
3719 0
1347 1
277 1
1391 2
3608 0
2367 1
278 1
5287 0
10873 2
279 1
3610 0
821 1
10807 2
1114 1
280 1
3611 0
9956 0
3612 0
3938 1
282 1
3613 0
2510 1
8449 0
283 1
3614 0
1556 1
3615 0
285 1
4741 0
1937 2
286 1
4152 1
287 1
3618 0
5649 0
7788 0
288 1
3619 0
827 1
289 1
4052 0
3620 0
4456 0
290 1
5026 0
291 1
808 2
292 1
3624 0
9453 0
294 1
3625 0
3626 0
20001 0
296 1
3627 0
297 1
3628 0
1126 1
299 1
3957 0
3630 0
8964 0
300 1
3631 0
2343 1
301 1
5151 1
9718 0
302 1
3634 0
304 1
3635 0
305 1
9167 0
6681 1
14659 2
306 1
3637 0
307 1
839 1
8642 0
3629 1
308 1
3639 0
4272 1
309 1
3640 0
310 1
5876 1
3641 0
4670 0
3862 0
3642 0
865 2
9494 0
312 1
2796 1
3735 1
3643 0
313 1
14803 2
4076 0
6165 1
7847 0
314 1
9630 0
3645 0
8520 0
315 1
316 1
3648 0
1138 1
318 1
4581 0
2034 2
319 1
3761 0
2248 1
3650 0
5564 1
320 1
1765 1
322 1
7339 0
323 1
3654 0
324 1
3655 0
1498 2
325 1
3767 0
3656 0
326 1
3657 0
327 1
328 1
329 1
3660 0
330 1
4195 0
3661 0
3406 2
331 1
3662 0
3663 0
2414 1
333 1
3664 0
2877 2
1383 1
3665 0
5364 1
857 1
335 1
3666 0
336 1
909 2
3667 0
9047 0
337 1
3779 0
338 1
4979 0
10087 0
3670 0
4504 0
197 2
340 1
20413 0
5786 0
7906 0
341 1
3672 0
342 1
3673 0
343 1
10057 2
18511 0
863 1
344 1
3675 0
345 1
716 2
9256 0
3676 0
5252 1
8591 0
3678 0
3898 0
348 1
3679 0
4314 0
4361 1
349 1
5620 0
3680 0
3818 1
350 1
3681 0
351 1
3546 1
1169 2
9831 0
352 1
3683 0
3684 0
2951 1
3685 0
131 3
3686 0
3797 0
9595 0
4509 1
357 1
9590 0
3689 0
382 2
3690 0
15481 2
1604 1
360 1
7612 0
3691 0
5989 1
2421 1
2086 2
361 1
3803 0
9737 0
362 1
7849 0
1401 1
3693 0
6895 0
363 1
4124 0
6812 1
364 1
2485 1
3695 0
365 1
3696 0
366 1
3697 0
367 1
7965 0
5671 1
9853 1
3698 0
368 1
1795 1
369 1
2147 2
3700 0
370 1
881 1
371 1
372 1
3703 0
1605 2
373 1
7067 0
3704 0
1174 1
374 1
9130 0
2570 1
3705 0
375 1
3706 0
376 1
3707 0
377 1
3708 0
6302 1
11857 1
378 1
3709 0
8662 0
379 1
16351 0
3710 0
887 1
3821 0
380 1
3711 0
381 1
5911 0
3712 0
1010 2
3713 0
5205 0
3714 0
384 1
9345 0
385 1
4325 1
386 1
4117 1
5389 0
5567 0
3901 1
387 1
3718 0
388 1
4450 1
3537 2
9727 2
18079 0
3720 0
4552 0
390 1
3721 0
391 1
3722 0
5353 1
3833 0
392 1
1186 1
3723 0
3724 0
8024 0
395 1
3726 0
396 1
2556 1
3727 0
3946 0
397 1
10218 0
3014 2
398 1
399 1
3730 0
400 1
3731 0
9696 0
402 1
3733 0
9944 0
6356 0
403 1
3734 0
405 1
16999 0
406 1
407 1
408 1
3739 0
3958 0
9523 2
409 1
3740 0
5513 1
9844 0
3851 0
1038 2
6024 0
410 1
3741 0
8733 0
1198 1
6102 1
9213 0
412 1
3744 0
262 3
414 1
911 1
5778 1
3746 0
416 1
3747 0
417 1
3748 0
1437 1
418 1
3749 0
3750 0
2260 2
420 1
1712 2
3751 0
2868 1
5057 0
421 1
3752 0
3863 0
422 1
6943 1
3753 0
6291 0
423 1
4285 0
3984 1
4873 0
3820 1
424 1
3755 0
4487 0
9434 0
425 1
3756 0
13747 0
3757 0
1111 2
7518 0
427 1
3758 0
4083 0
2627 1
4539 1
429 1
3760 0
430 1
6214 0
4689 0
3762 0
9379 2
22742 0
432 1
433 1
434 1
435 1
436 1
2235 2
4790 0
5454 1
4196 0
437 1
3768 0
438 1
3769 0
439 1
3770 0
440 1
3881 0
929 1
441 1
3772 0
6439 1
442 1
8804 0
3773 0
22826 0
3774 0
444 1
3775 0
1336 2
2177 1
3994 0
446 1
4101 0
3668 2
9797 0
8142 0
448 1
9296 0
9301 2
3780 0
895 2
4676 1
450 1
3781 0
451 1
3782 0
3783 0
453 1
3784 0
4315 0
3785 0
8016 0
455 1
3786 0
10349 0
456 1
3787 0
457 1
2761 1
4006 0
9951 0
941 1
458 1
3789 0
8940 0
7785 0
459 1
3790 0
2698 1
460 1
3791 0
4067 1
3792 0
6215 1
3151 2
394 2
462 1
3793 0
5885 1
463 1
3794 0
464 1
3795 0
1234 1
2630 1
4119 0
465 1
3796 0
2344 1
947 1
3798 0
4628 1
1819 2
4529 0
468 1
469 1
3800 0
3029 1
2373 2
470 1
3801 0
3911 0
1676 1
471 1
1212 2
393 3
1473 1
473 1
3743 1
8201 0
474 1
8875 0
953 1
573 2
475 1
476 1
3807 0
3917 0
477 1
3808 0
5295 0
3810 0
5918 0
480 1
3811 0
7074 1
481 1
5555 1
482 1
3813 0
3923 0
483 1
4498 1
484 1
3815 0
7092 0
485 1
5662 1
3816 0
9864 0
486 1
4244 0
487 1
5028 0
488 1
3819 0
3929 0
489 1
7258 0
490 1
4296 1
3822 0
2769 1
9898 0
492 1
3823 0
493 1
4939 0
494 1
3825 0
495 1
8989 2
496 1
3828 0
4458 0
4150 1
3829 0
499 1
500 1
971 1
8260 0
10170 0
504 1
9612 0
3178 1
10058 0
3799 2
6576 1
8946 0
506 1
4054 0
3837 0
3947 0
507 1
4717 1
508 1
2219 1
3839 0
1211 2
977 1
3840 0
510 1
5992 1
511 1
4571 0
6328 1
2384 2
512 1
3843 0
5598 0
513 1
3844 0
10480 0
3845 0
515 1
1926 2
516 1
3847 0
1313 2
8881 2
983 1
517 1
3848 0
518 1
3850 0
520 1
2486 2
522 1
3853 0
9462 0
523 1
3854 0
2840 1
2529 1
525 1
3856 0
3288 2
1509 1
3857 0
8319 0
5656 1
527 1
6049 0
3858 0
13861 1
528 1
529 1
3860 0
524 3
530 1
3861 0
4078 0
21513 0
7697 0
532 1
533 1
23318 0
3864 0
9089 0
1282 1
4233 1
3866 0
536 1
9999 0
1503 2
3868 0
9017 0
3869 0
7205 1
539 1
3870 0
4696 0
4011 1
540 1
3871 0
541 1
3872 0
542 1
3873 0
4843 1
1724 1
543 1
544 1
9701 0
3875 0
2082 1
545 1
3876 0
546 1
3877 0
4405 0
547 1
3878 0
8183 0
4806 1
3989 0
549 1
3880 0
10001 0
550 1
551 1
1915 1
552 1
1294 1
1527 1
10165 0
553 1
10283 0
2690 1
1074 2
5901 0
554 1
6583 0
3885 0
2827 1
555 1
4613 0
3886 0
2911 1
556 1
3887 0
7958 0
3888 0
558 1
6099 1
1013 1
3889 0
559 1
9545 0
560 1
3891 0
5811 1
4001 0
561 1
3892 0
1414 2
4910 0
6441 1
6168 0
3893 0
2033 2
3930 2
564 1
3895 0
3896 0
566 1
4189 1
3897 0
1019 1
567 1
4007 0
3900 0
1306 1
6713 1
9088 0
570 1
2599 2
571 1
19588 0
3902 0
5757 1
572 1
10611 0
4316 1
5385 0
4013 0
3904 0
19549 0
574 1
4227 0
575 1
3906 0
576 1
3907 0
577 1
4435 0
578 1
3909 0
579 1
4126 0
4019 0
3910 0
8437 0
580 1
6524 0
3912 0
4671 1
582 1
10100 0
3913 0
1031 1
583 1
3914 0
3107 1
591 2
17947 2
9790 0
584 1
3915 0
5213 0
6275 0
585 1
1318 1
2533 2
4895 1
2982 1
588 1
655 3
3919 0
589 1
3920 0
3425 2
4744 0
10207 1
764 2
4138 0
3922 0
592 1
3924 0
14101 0
6453 0
594 1
3925 0
4475 1
3940 1
595 1
3926 0
1945 1
3927 0
7336 1
9628 0
597 1
2118 1
598 1
600 1
3931 0
10272 0
601 1
9159 0
602 1
3933 0
5860 0
603 1
10396 0
604 1
3935 0
605 1
7449 0
3936 0
1563 1
6206 1
7289 0
3937 0
8496 0
1515 2
1384 2
1049 1
607 1
608 1
609 1
9238 0
4566 0
4364 0
4049 0
137 3
4399 1
610 1
611 1
2140 2
3942 0
612 1
3943 0
6554 1
613 1
3944 0
1772 1
10138 0
614 1
615 1
4162 0
616 1
5858 1
3948 0
618 1
12283 1
619 1
3053 1
3950 0
620 1
3951 0
2712 2
621 1
3952 0
4061 2
1061 1
9879 0
624 1
8383 2
625 1
3956 0
626 1
3262 1
5706 0
627 1
4984 1
10201 0
4174 0
628 1
21158 0
629 1
3960 0
1670 2
4281 0
19153 0
630 1
10742 0
89 2
631 1
5071 0
3962 0
632 1
3012 1
3963 0
633 1
8555 0
3964 0
9230 0
6850 1
4073 0
4388 0
9711 0
22161 0
3965 0
5010 1
635 1
3966 0
7876 0
5960 1
636 1
3967 0
14863 1
637 1
3968 0
1354 1
638 1
3969 0
5172 0
3970 0
4792 0
4079 0
640 1
8350 0
3971 0
3972 0
19519 1
643 1
3974 0
644 1
5362 0
3975 0
645 1
646 1
3977 0
786 3
4482 1
3978 0
648 1
10379 0
4299 0
17533 0
1796 1
3980 0
650 1
3981 0
2154 1
651 1
3124 1
2893 1
3982 0
4091 0
1616 2
652 1
4198 0
5552 0
3562 2
654 1
10509 0
1366 1
7467 1
3986 0
8131 0
3405 1
4202 1
656 1
657 1
3988 0
1253 2
658 1
4412 0
2247 2
3990 0
8614 0
660 1
3991 0
661 1
3992 0
662 1
3993 0
2682 2
1091 1
663 1
9968 0
3995 0
665 1
3996 0
666 1
3997 0
4317 0
5073 1
667 1
3998 0
3999 0
669 1
4000 0
670 1
178 2
1097 1
671 1
2825 2
4002 0
672 1
10302 0
4003 0
6187 0
673 1
274 3
4004 0
674 1
675 1
676 1
4222 0
10275 0
4009 0
1103 1
2488 1
679 1
4192 2
680 1
4844 1
682 1
2637 1
4436 0
3195 1
4014 0
4638 0
2005 1
4565 1
684 1
4015 0
9387 0
4739 0
686 1
8673 0
4017 0
1109 1
24182 0
687 1
5030 0
4018 0
4127 0
688 1
689 1
4020 0
690 1
4021 0
691 1
4022 0
693 1
4133 0
4025 0
695 1
4026 0
10486 0
696 1
4027 0
1717 2
697 1
9372 0
6987 1
4028 0
698 1
4029 0
4654 1
4030 0
4139 0
700 1
5137 0
4031 0
4555 0
6420 1
4032 0
702 1
4033 0
703 1
4353 0
4034 0
704 1
10622 0
1402 1
917 3
705 1
4036 0
6810 0
1557 2
788 2
4037 0
2354 2
5162 1
955 2
6060 1
4038 0
4039 0
9877 0
709 1
267 2
6109 1
711 1
4042 0
8732 0
4258 0
6780 1
713 1
4044 0
7598 1
6312 0
714 1
3266 1
715 1
4046 0
4137 1
8083 2
10403 0
3699 2
4048 0
1844 1
4157 0
4050 0
720 1
4051 0
4648 1
721 1
7640 0
2938 2
722 1
4053 0
1837 2
8023 2
723 1
724 1
4055 0
725 1
4056 0
726 1
4057 0
24386 0
727 1
4058 0
5177 1
7486 0
728 1
2810 1
4059 0
9443 0
729 1
4781 0
4060 0
730 1
731 1
732 1
5446 0
8517 0
733 1
4064 0
734 1
4065 0
735 1
3084 1
736 1
737 1
411 3
4282 0
6757 0
2831 2
738 1
4323 2
4069 0
739 1
4070 0
8055 0
740 1
1151 1
741 1
10412 0
1818 2
742 1
22791 0
6425 0
10146 0
4074 0
10593 0
744 1
4075 0
9960 0
746 1
2959 1
4077 0
3346 1
3337 1
11004 0
5909 0
748 1
2536 1
1416 1
6527 1
4080 0
5090 0
356 2
750 1
4081 0
751 1
4082 0
1868 1
6161 1
752 1
4084 0
5648 0
1438 1
8304 0
754 1
2461 2
4085 0
10735 0
755 1
756 1
1163 1
4087 0
6692 0
757 1
4088 0
227 2
4731 1
758 1
6182 0
4089 0
1671 1
759 1
4090 0
9536 0
6526 0
760 1
9514 0
7124 1
4092 0
4306 0
762 1
10504 0
1432 2
4093 0
1048 3
763 1
6893 1
4095 0
765 1
4096 0
8850 0
4097 0
768 1
4099 0
5013 0
769 1
4100 0
770 1
14342 1
3051 2
4393 1
772 1
4103 0
4211 0
13334 1
4104 0
21004 0
774 1
775 1
1475 1
4106 0
776 1
4107 0
777 1
4108 0
3408 1
4217 0
12638 1
5017 1
779 1
1181 1
14774 1
780 1
4111 0
3836 2
782 1
4113 0
10043 0
10235 0
783 1
4114 0
3495 1
1689 1
784 1
4115 0
785 1
4116 0
5340 1
6258 1
12626 1
1187 1
1919 2
787 1
4936 0
4120 0
5316 0
445 2
790 1
14359 1
4229 0
10700 0
4122 0
792 1
4123 0
8909 0
9585 0
793 1
4645 0
794 1
4125 0
1193 1
4443 0
795 1
4814 1
796 1
4454 2
6634 1
6262 1
4128 0
798 1
4129 0
15194 1
799 1
800 1
4131 0
548 3
4132 0
1534 1
2568 2
4241 0
803 1
4833 1
4134 0
1730 2
804 1
11135 0
10848 0
805 1
10549 0
4136 0
806 1
3263 1
3632 1
10605 0
1707 1
10561 1
4140 0
810 1
3479 1
811 1
4142 0
812 1
2095 1
4143 0
2980 2
813 1
4461 0
4144 0
7006 1
814 1
4145 0
2429 1
4253 0
815 1
2004 2
4146 0
816 1
4147 0
817 1
4148 0
818 1
1486 1
819 1
6153 0
1916 1
8968 0
11918 1
23187 0
10126 0
820 1
5344 1
15458 1
4259 0
11786 1
1179 3
7729 2
3164 2
4153 0
10324 0
1146 2
823 1
4154 0
824 1
4155 0
9656 0
1217 1
5067 0
7261 1
825 1
4156 0
8684 0
5429 1
985 2
4158 0
828 1
4159 0
1593 1
829 1
534 2
4160 0
5447 0
7860 1
233 2
4161 0
831 1
4479 0
4782 0
2020 2
832 1
1223 1
4163 0
4271 0
833 1
834 1
4165 0
9685 0
4166 0
836 1
4167 0
7831 0
837 1
5269 0
3156 1
4169 0
4334 1
4170 0
1229 1
840 1
4171 0
841 1
16046 1
842 1
6363 1
3550 1
844 1
8234 0
6741 1
3973 2
4283 0
845 1
4176 0
9027 0
846 1
4177 0
847 1
4178 0
848 1
4179 0
849 1
4180 0
2675 2
7683 0
4497 0
850 1
4289 0
851 1
4182 0
10706 0
8477 0
853 1
4184 0
854 1
4185 0
5744 0
4585 2
7597 2
4604 0
1652 1
4705 0
855 1
10961 0
4186 0
4187 0
7037 0
12709 1
10209 0
2298 1
4188 0
858 1
16117 0
859 1
4907 0
16166 1
860 1
4191 0
861 1
6407 1
10413 0
11266 0
7119 1
864 1
5388 0
685 3
6456 0
5518 1
866 1
4197 0
1522 1
1611 2
6023 0
867 1
868 1
4199 0
10686 0
623 2
869 1
4980 1
4200 0
870 1
4201 0
4414 0
871 1
872 1
9086 0
3277 2
873 1
4204 0
2471 1
20227 0
3621 1
874 1
4205 0
5210 0
875 1
876 1
4207 0
2121 2
1259 1
877 1
5190 1
878 1
4209 0
1310 3
4210 0
880 1
5121 0
4212 0
1711 1
882 1
16766 1
1761 1
4426 0
883 1
4214 0
884 1
4216 0
4735 0
1964 1
4533 0
10914 0
6464 1
4218 0
4584 1
7991 1
888 1
9798 0
3129 2
4219 0
7398 1
889 1
4220 0
4221 0
891 1
6848 1
892 1
4223 0
893 1
13261 2
4224 0
10292 0
6990 0
4225 0
4226 0
896 1
2155 1
897 1
2782 2
4228 0
1546 1
12367 2
2930 1
9145 0
899 1
239 2
1277 1
4230 0
4337 0
900 1
4231 0
6575 0
901 1
4232 0
902 1
1903 2
16867 1
903 1
4234 0
4652 0
4235 0
905 1
5607 1
11074 0
3692 1
4854 0
906 1
4237 0
5063 1
1283 1
907 1
1779 1
4238 0
5012 1
2334 1
2171 2
1770 1
5614 0
4239 0
712 2
454 2
4110 2
4240 0
3585 1
910 1
9834 0
15397 1
4349 0
912 1
4243 0
4716 2
5511 1
2799 1
1289 1
914 1
7232 1
4245 0
915 1
4246 0
916 1
3341 1
4765 0
8851 0
918 1
4249 0
919 1
4250 0
6931 0
9869 0
920 1
4251 0
921 1
4252 0
11397 0
2222 2
3390 2
5899 0
4569 0
4254 0
6682 0
924 1
4255 0
925 1
4256 0
9204 0
7387 2
926 1
4257 0
927 1
928 1
1301 1
822 3
14809 0
930 1
4261 0
10375 0
931 1
4262 0
1797 1
4474 0
21877 0
6565 1
19291 0
4263 0
2513 1
3091 1
10823 0
4264 0
11021 0
4265 0
6777 0
1829 1
935 1
4266 0
4373 0
1307 1
936 1
6556 1
937 1
4268 0
1441 3
3763 1
938 1
4269 0
1337 2
3228 1
939 1
4270 0
6955 1
940 1
3728 1
10591 0
942 1
10908 0
4273 0
943 1
4274 0
5146 1
4486 0
4275 0
2889 2
945 1
5696 1
4276 0
946 1
8122 1
4277 0
4278 0
948 1
8413 0
801 2
1182 2
949 1
5745 0
950 1
1319 1
8650 0
2012 1
9940 0
9263 0
952 1
7535 1
8022 0
4284 0
4391 0
954 1
4286 0
11187 0
15049 2
4287 0
957 1
4288 0
10502 1
3859 1
24069 0
4290 0
17762 1
4397 0
960 1
4531 1
4291 0
1594 1
961 1
1888 1
4292 0
962 1
4293 0
6463 0
3278 2
964 1
4295 0
7345 1
965 1
966 1
4297 0
2323 2
967 1
4298 0
968 1
10458 0
969 1
4300 0
3834 1
970 1
4301 0
1790 2
4847 2
7880 0
4409 0
972 1
4303 0
4247 2
3503 2
973 1
974 1
4305 0
19706 0
975 1
5401 0
5363 1
976 1
17978 1
6666 1
4724 0
978 1
4309 0
9322 0
2215 1
11528 0
4926 0
980 1
5229 1
6220 0
981 1
4312 0
10680 0
3514 1
11128 0
10011 0
4421 0
2036 1
984 1
5785 1
9983 0
986 1
466 2
7062 1
987 1
5128 0
11009 0
4318 0
1947 1
988 1
890 2
2853 1
989 1
5033 0
4320 0
990 1
991 1
4322 0
1618 1
992 1
5603 0
4534 0
2996 2
959 3
993 1
4324 0
995 1
4326 0
1572 3
4327 0
10960 0
997 1
4328 0
998 1
4329 0
999 1
4330 0
1000 1
2338 2
2076 2
1001 1
3905 1
4332 0
1361 1
24249 0
4748 0
4333 0
1851 1
4775 1
8253 1
4335 0
4546 0
9381 0
1005 1
10541 0
4336 0
5678 1
11300 0
1007 1
2406 1
4338 0
7264 0
1008 1
4339 0
4855 0
1367 1
1009 1
4340 0
4341 0
9018 0
1011 1
10579 2
5191 1
2424 2
1012 1
6705 1
7171 2
4344 0
4451 0
1014 1
2006 1
4345 0
5532 0
4659 0
7458 1
1015 1
4346 0
10082 0
15943 2
1373 1
1016 1
4347 0
7672 1
4962 0
4348 0
5312 1
4350 0
2245 1
1020 1
4457 0
4351 0
1021 1
10769 0
4352 0
1022 1
6767 1
1642 1
1023 1
3616 2
1024 1
4355 0
3419 1
5874 1
1025 1
4356 0
1026 1
4463 0
4772 0
4357 0
1027 1
4358 0
979 2
4359 0
251 2
4978 2
1029 1
4360 0
11235 0
6001 0
1030 1
83 2
4362 0
9440 0
1032 1
11110 0
4363 0
4677 0
1033 1
3976 1
1034 1
4365 0
7169 1
1035 1
6446 0
1036 1
4367 0
4384 2
5176 0
1037 1
4368 0
1654 1
3427 2
1039 1
4370 0
4885 0
3103 2
1040 1
4371 0
2065 1
4372 0
18602 1
10624 0
4374 0
5835 0
1044 1
4481 0
4375 0
1045 1
4376 0
1046 1
4377 0
1047 1
10153 0
4378 0
4379 0
2084 1
5283 0
8823 0
4380 0
1050 1
18758 1
14857 1
4381 0
1051 1
7223 0
4382 0
4383 0
8592 0
4594 0
1053 1
1703 3
1054 1
17869 1
4385 0
1528 2
5395 1
1055 1
4386 0
16543 0
1056 1
4493 0
1096 3
2525 2
1057 1
6725 0
1058 1
9499 0
4389 0
1409 1
4390 0
681 2
1060 1
11097 0
10132 0
10858 0
4392 0
478 2
8384 1
1063 1
4394 0
1064 1
5963 1
4047 1
7571 1
4396 0
149 3
1066 1
6868 1
1067 1
166 2
2124 1
4398 0
1068 2
1678 1
8213 0
1069 1
4400 0
4713 0
4915 0
4401 0
1379 2
1071 1
1072 1
4403 0
3824 1
1073 1
4404 0
9794 1
3729 2
5536 1
1969 2
1075 1
4406 0
19046 1
11342 0
4618 0
11211 0
4408 0
1078 1
10224 0
4410 0
10707 0
1080 1
1427 1
7809 1
4517 0
1081 1
4728 1
1082 1
7276 1
4413 0
7170 0
1083 1
1084 1
2776 1
4415 0
9558 0
1085 1
4416 0
20945 0
1086 1
4417 0
5224 0
4523 0
6838 0
1087 1
5109 2
4418 0
6854 1
1433 1
3210 2
1088 1
1089 1
4420 0
5604 0
16837 2
257 2
1090 1
5034 0
4422 0
5478 1
1092 1
4423 0
2505 2
1093 1
8077 0
4424 0
2183 1
1094 1
1439 1
1095 1
11790 0
15163 0
4118 1
3598 1
4428 0
3961 1
1923 1
5845 1
1098 1
4429 0
2249 2
1099 1
1100 1
4521 2
4431 0
10947 0
2305 1
1101 1
4432 0
2626 2
1102 1
4433 0
9185 0
4434 0
6052 1
1104 1
6939 0
249 2
5337 0
26462 0
1105 1
4749 0
1106 1
4437 0
11526 0
6340 0
1107 1
1157 2
1108 1
4439 0
1451 1
7028 0
4086 1
4440 0
1110 1
4441 0
4547 0
10295 0
9617 0
4442 0
1834 3
6969 1
1112 1
5533 0
1113 1
1714 1
3576 2
4445 0
3223 1
1115 1
20413 1
7684 1
4446 0
5370 1
1116 1
4447 0
10790 0
1117 1
4448 0
1118 1
4449 0
1119 1
4966 1
1120 1
1233 3
2242 1
8515 1
1941 1
4452 0
1122 1
11312 0
4453 0
1123 1
3842 2
4868 0
11234 0
4455 0
11449 0
1125 1
4666 0
19454 1
1127 1
1128 1
1726 1
4459 0
5561 1
1129 1
4460 0
7383 1
1131 1
3497 1
4462 0
1132 1
1133 1
4464 0
1134 1
4465 0
3317 2
4466 0
10281 0
5272 0
6103 0
4467 0
3372 1
1137 1
4468 0
9676 0
4678 0
4469 0
1139 1
14803 3
1140 1
14659 3
11036 0
25149 0
298 3
2335 1
1141 1
4472 0
332 2
1142 1
10366 0
1143 1
6141 1
699 2
1481 1
1144 1
7946 1
1959 1
1145 1
4476 0
5240 2
14017 3
4477 0
2727 2
4583 0
2301 1
1246 2
1147 1
3110 1
4478 0
8996 0
1148 1
263 2
4892 0
15481 3
4480 0
2824 1
1150 1
13837 3
1487 1
1152 1
4483 0
1153 1
2514 1
11921 0
1154 1
4485 0
5759 0
1155 1
1156 1
3765 1
8771 0
11639 0
7070 1
4488 0
1493 1
1158 1
4489 0
7491 0
1159 1
1160 1
5391 0
4491 0
4260 1
4803 0
1161 1
23572 0
4492 0
4702 0
5201 0
7003 1
2681 1
1164 1
4658 2
9735 0
4495 0
1499 1
7797 1
5644 1
1166 1
6744 0
1977 1
1168 1
4499 0
4500 0
1965 3
1170 1
1719 2
4501 0
13231 3
5866 0
1171 1
4502 0
11556 0
5709 1
4503 0
4916 0
1173 1
1762 1
2360 1
3955 2
4714 0
4505 0
10437 0
1175 1
4506 0
1176 1
4507 0
4508 0
7490 1
1178 1
415 2
8646 1
2148 2
4821 0
1511 1
4510 0
11125 0
5599 0
4512 0
4513 0
113 3
15931 1
3424 2
1183 1
4514 0
6230 1
1370 3
1184 1
4515 0
8404 0
1185 1
2672 2
4516 0
1335 2
1774 1
1188 1
4519 0
1189 1
3725 2
20114 1
1190 1
6012 1
10956 0
1191 1
4522 0
2828 2
4331 1
1576 2
6246 0
1523 1
4524 0
1194 1
4525 0
4526 0
9352 0
1196 1
1197 1
2422 2
4528 0
4839 0
1199 1
4530 0
2419 1
1200 1
1201 1
4637 0
17473 1
4532 0
5142 0
20437 0
1202 1
5727 1
19897 0
5371 2
4925 1
502 2
1204 1
4535 0
269 2
1205 1
4536 0
1206 1
10508 0
4537 0
11752 0
4643 0
4538 0
1208 1
7456 0
1209 1
1210 1
23836 0
908 2
3682 1
10430 0
4542 0
12052 0
11514 0
1213 1
4649 0
1214 1
2872 1
8274 0
18871 1
1215 1
6531 0
498 2
4857 0
7910 1
447 3
1216 1
4548 0
1218 1
4549 0
2723 1
1219 1
4550 0
11214 0
11663 0
5549 1
1220 1
2395 1
4551 0
1221 1
1222 1
4553 0
4762 0
4554 0
5065 0
4402 1
1224 1
4068 2
717 2
1225 1
4556 0
1226 1
4557 0
1424 2
2478 1
1227 1
4558 0
11039 0
1553 1
4795 2
1228 1
2096 3
4559 0
3170 1
4560 0
1230 1
4561 0
3531 2
1231 1
4562 0
6015 0
1232 1
4563 0
226 3
4564 0
1559 1
1235 1
4063 1
5157 1
5837 0
1236 1
11269 1
4567 0
2031 1
2929 2
8777 1
1237 1
4568 0
4673 0
7152 1
2228 1
1238 1
5178 0
5748 0
4570 0
1240 1
5810 1
1241 1
4572 0
1242 1
12193 3
4574 0
4679 0
9912 0
4575 0
4576 0
7409 0
9169 0
4577 0
7272 1
4786 0
1247 1
1822 1
4578 0
5570 0
1507 3
12091 3
1248 1
4579 0
1571 1
1249 1
6667 2
4580 0
2586 1
1250 1
6994 0
1251 1
4582 0
6739 0
11508 0
1252 1
16969 0
581 2
2537 1
1254 1
5095 0
4194 1
4586 0
4691 0
6128 0
4473 1
1256 1
4587 0
11615 0
11865 0
4588 0
1258 1
4798 0
2049 1
4590 0
11303 0
1260 1
4591 0
4313 1
8950 0
1261 1
4592 0
5502 2
1262 1
4593 0
1583 1
6408 1
15517 0
17947 3
1263 1
1264 1
4595 0
3874 2
11122 0
1265 1
1266 1
1513 2
4597 0
1267 1
4598 0
11770 0
4703 0
4599 0
2252 1
1269 1
4600 0
10650 0
1270 1
12183 0
4911 0
9971 0
514 2
5882 1
1271 1
8220 1
1272 1
4603 0
7704 1
1273 1
7101 0
1274 1
4605 0
4181 2
1275 1
4606 0
22663 0
1276 1
4607 0
4608 0
3855 1
2839 2
3638 2
1279 1
2596 1
1280 1
4611 0
1281 1
4612 0
3030 2
6179 1
339 3
2327 2
1601 1
4614 0
4822 0
7279 0
5416 0
7196 0
4616 0
4721 0
1910 2
1286 1
2227 3
4617 0
1287 1
4544 1
9519 0
1288 1
4620 0
664 2
1607 1
1290 1
4621 0
596 3
1291 1
1858 1
4622 0
4932 2
5327 0
7373 1
1292 1
4623 0
4624 0
4625 0
8908 1
1295 1
5036 0
2595 2
4834 0
1296 1
4627 0
11659 3
10030 0
1613 1
1297 1
4733 0
4629 0
2455 1
11392 0
1299 1
4630 0
2276 1
1300 1
8595 0
4631 0
932 2
4632 0
10721 0
11205 0
20414 0
11716 0
1302 1
6497 1
1303 1
4634 0
1619 1
1304 1
4635 0
1305 1
6354 0
4636 0
1602 2
2655 1
11978 0
4846 0
1308 1
4639 0
1309 1
4640 0
5630 0
7718 0
24734 0
4641 0
1311 1
4642 0
281 2
1644 3
1312 1
7301 1
4644 0
1773 2
1314 1
5976 1
11877 0
5155 0
11645 0
4751 0
8136 1
1316 1
4647 0
1317 1
5731 0
4615 1
4650 0
5633 2
1320 1
1882 1
7811 1
4651 0
1321 1
1322 1
4653 0
1323 1
10089 0
13561 1
3766 1
5728 1
1324 1
11413 3
4655 0
1637 1
4294 2
1325 1
5122 1
4656 0
3745 2
1326 1
4657 0
3131 2
747 2
1327 1
2103 1
5553 0
12314 0
27674 0
1330 1
2807 1
4016 1
1331 1
3516 1
4662 0
1332 1
4663 0
2714 1
1333 1
452 3
4664 0
10792 0
5464 0
1334 1
8791 2
1894 1
11371 3
526 2
8357 1
8471 0
7474 1
1338 1
4669 0
11481 0
11288 0
1339 1
4023 2
1340 1
4672 0
3653 1
1342 1
6586 1
1343 1
4674 0
4882 0
9342 0
1344 1
2658 1
4675 0
2358 3
1691 2
6034 0
1346 1
6657 0
11817 0
1348 1
5286 0
1906 1
4680 0
10148 0
1350 1
4681 0
5348 1
4686 1
1351 1
6059 1
4682 0
4787 0
1352 1
4683 0
9039 1
1353 1
4684 0
3123 1
4685 0
1355 1
6224 0
5069 2
4894 0
4687 0
4793 0
1358 1
1667 1
1359 1
2773 1
4690 0
1360 1
4692 0
10728 0
5001 0
1135 2
4693 0
11984 0
21614 1
1363 1
4694 0
830 2
4799 0
1364 1
4695 0
9129 0
18511 1
1365 1
10863 0
7689 0
745 3
8249 1
4697 0
4698 0
7918 1
1368 1
4699 0
5108 0
6055 1
1369 1
4700 0
3006 2
4701 0
1371 1
7025 0
3232 2
5690 0
1372 1
3852 2
4704 0
1374 1
4407 2
1375 1
1781 3
4706 0
6346 1
1376 1
4707 0
2515 1
1377 1
5764 2
5411 0
1378 1
753 2
4709 0
11570 0
19519 2
4710 0
11782 0
1380 1
4918 0
4711 0
9686 0
1381 1
3421 1
4712 0
7575 1
6675 1
1382 1
4817 0
4757 1
21746 1
565 3
4715 0
1385 1
1780 2
2832 1
5322 0
1386 1
12445 0
1387 1
2506 2
4718 0
956 2
7450 1
5892 0
6142 1
4719 0
1389 1
1390 1
2694 1
4722 0
2348 1
1392 1
4723 0
1942 1
1697 1
5132 0
1393 1
2768 2
1394 1
4725 0
2157 1
28034 0
1395 1
4726 0
1396 1
4727 0
10934 0
1397 1
538 2
3945 1
5993 0
4302 1
4729 0
1399 1
8494 1
4730 0
1400 1
913 2
4732 0
26643 0
2101 2
2489 3
10266 0
1403 1
1404 1
4736 0
1406 1
1709 1
4737 0
1954 1
1407 1
5245 0
4738 0
12204 0
1408 1
10873 3
7648 0
4740 0
1410 1
293 2
9170 1
4742 0
4540 1
4427 1
2891 1
4743 0
11454 0
1413 1
4745 0
4828 1
4172 2
10807 3
2545 1
1415 1
8025 1
8786 0
8362 1
3333 2
4954 0
1417 1
5156 0
6462 0
1418 1
1419 1
5206 2
4750 0
1721 1
3959 2
1421 1
1966 1
4752 0
6764 1
2372 1
1422 1
4753 0
1423 1
4754 0
1869 2
4520 2
1425 1
3177 1
6225 1
4756 0
1426 1
7676 1
4758 0
6319 2
5907 1
1428 1
4759 0
11005 0
15871 0
1429 1
4760 0
10325 0
1430 1
4761 0
1431 1
4763 0
1733 1
4764 0
678 3
1435 1
4766 0
1970 2
25276 0
5895 2
4871 0
10877 0
12019 0
996 2
2950 1
1918 3
4770 0
6313 2
1440 1
8378 1
25252 0
4771 0
894 3
1442 1
9515 0
4773 0
4877 0
7263 0
1443 1
11919 0
4774 0
1444 1
12576 0
11623 1
1445 1
4776 0
1446 1
4899 1
5319 1
1447 1
4778 0
1448 1
1449 1
6842 0
11537 0
1450 1
771 2
1452 1
2396 1
4783 0
5091 0
1453 1
4784 0
1454 1
4785 0
4889 0
1455 1
10384 0
1456 1
1457 1
26967 0
4788 0
12198 0
11748 0
1165 2
12317 0
8668 0
1458 1
4112 1
4789 0
7530 0
1459 1
1460 1
7364 0
4791 0
11076 0
2620 3
7945 0
1461 1
6853 1
3434 2
1462 1
6593 0
6308 1
3173 2
8132 1
8631 1
1463 1
7599 1
4794 0
1464 1
1958 2
3009 1
4796 0
7453 0
1466 1
5204 0
4797 0
8475 1
22879 0
5539 1
1467 1
6228 1
7032 0
6513 1
1468 1
4066 2
3064 1
3487 1
5305 0
9308 0
4800 0
1470 1
4801 0
1471 1
4802 0
7777 1
1472 1
4804 0
1474 1
21583 0
4805 0
1079 2
4633 2
1476 1
4807 0
1477 1
4808 0
1478 1
4970 1
4809 0
6071 0
1479 1
4810 0
1480 1
4811 0
12120 0
5608 0
1482 1
4813 0
10443 0
5343 2
2229 1
1483 1
791 3
2766 1
1484 1
4919 0
1485 1
4816 0
11620 0
21079 0
4818 0
1488 1
4819 0
1489 1
4820 0
5127 0
4321 2
5228 0
2685 2
2605 1
3068 1
2941 2
1492 1
11147 0
4823 0
2026 1
4824 0
1787 1
6026 2
4825 0
2933 1
1495 1
4826 0
3231 1
1496 1
4827 0
4931 0
1497 1
11837 0
18079 1
4829 0
4830 0
6391 1
1500 1
4831 0
6942 1
1501 1
4832 0
1502 1
12707 0
4937 0
2055 3
1504 1
2047 2
4835 0
1505 1
12305 0
4836 0
4267 1
3535 2
4837 0
2038 1
12056 0
1508 1
12430 0
4943 0
4840 0
5041 1
22742 1
1510 1
4841 0
8239 1
11026 0
1162 2
1512 1
6285 0
1362 2
18841 0
1514 1
4845 0
562 2
4173 2
22826 1
1516 1
4035 1
1043 3
7878 1
8588 1
1517 1
2292 2
1518 1
3127 1
4849 0
2751 3
1519 1
4850 0
6202 0
1520 1
4851 0
1811 1
107 3
1521 1
4852 0
789 2
7922 0
4853 0
11703 0
11218 0
1524 1
1525 1
4856 0
4746 2
5062 0
5163 0
1526 1
12221 0
8768 1
9432 1
1529 1
4860 0
2802 1
1530 1
4861 0
3112 1
1531 1
4862 0
8977 0
6086 1
4863 0
4967 0
1533 1
5466 0
4864 0
904 3
1823 1
4865 0
2062 1
1535 1
4866 0
1536 1
4867 0
6474 1
11926 0
1537 1
6036 0
1538 1
4869 0
7748 1
19549 1
4973 0
1539 1
4870 0
5276 0
1540 1
7031 1
9688 0
1541 1
4872 0
5112 1
2468 1
1543 1
4874 0
2136 2
1544 1
4875 0
3186 1
1545 1
4876 0
3934 1
5480 2
1547 1
3809 1
311 2
4878 0
1548 1
4879 0
2283 1
1245 2
1549 1
4880 0
5086 0
5769 0
1550 1
5579 0
4881 0
1195 2
1551 1
3636 2
6157 2
1552 1
12412 0
1004 2
4884 0
13987 1
1554 1
6416 0
3340 2
4886 0
11289 0
4887 0
2167 2
4888 0
5870 0
8346 1
1558 1
12543 0
4890 0
1560 1
6680 1
4891 0
12838 0
1847 1
4541 1
6511 0
1561 1
7979 1
5098 0
10620 0
5199 0
4767 1
15853 1
4280 2
1564 1
10057 3
4470 2
1565 1
4896 0
6401 1
10020 0
1566 1
2192 3
8701 1
1567 1
4898 0
1568 1
5516 1
4660 1
214 3
5003 0
1569 1
4900 0
1570 1
4901 0
3245 1
7887 0
4902 0
12322 0
4903 0
9487 0
1573 1
4904 0
6557 1
5183 1
1574 1
4905 0
5009 0
1575 1
4906 0
4859 2
7306 0
12015 0
2882 3
2098 1
4908 0
4909 0
1579 1
8865 0
7120 1
1580 1
6707 0
1581 1
4912 0
4913 0
5730 1
4914 0
2225 2
23318 1
4208 1
1584 1
1017 3
9563 1
1328 2
1586 1
6974 0
11175 0
1587 1
5021 0
1871 1
11360 0
1588 1
10679 0
24485 0
4920 0
807 2
317 2
1590 1
3114 2
4921 0
8905 1
1591 1
1192 3
1592 1
4923 0
2319 1
4924 0
1877 1
1595 1
2864 2
1596 1
3737 2
4927 0
1597 1
4928 0
3304 1
11869 0
1598 1
4929 0
1599 1
4930 0
1600 1
12519 0
4933 0
3017 1
1603 1
4934 0
4935 0
5039 0
5254 1
2122 1
5823 0
8453 1
1606 1
8080 1
6286 0
1889 1
4938 0
1608 1
12656 0
1609 1
4940 0
6288 2
1610 1
5617 2
4941 0
6640 1
4387 2
6108 0
8172 0
1612 1
4944 0
7897 1
4945 0
1398 2
10738 0
1615 1
3732 1
4946 0
321 3
12104 0
4947 0
12423 0
1617 1
8814 1
5051 0
4948 0
12969 0
23449 0
5930 0
11431 0
4950 0
7209 1
1620 1
4951 0
1901 1
1621 1
4952 0
2874 1
5455 0
1622 1
4953 0
5158 0
1411 2
2314 2
1623 1
3470 1
1624 1
3363 1
4955 0
1625 1
4972 2
1626 1
4957 0
586 2
1627 1
1907 1
4958 0
1628 1
4959 0
21122 0
1629 1
4960 0
5752 0
1630 1
2329 3
4961 0
1028 2
27903 0
1632 1
4963 0
7781 0
2483 2
4964 0
1913 1
1634 1
12330 0
1130 3
4965 0
29318 0
3013 3
11952 0
7532 0
1635 1
1636 1
6265 1
5663 0
5325 1
4968 0
1638 1
4969 0
4369 1
9861 0
6227 0
1640 1
4619 2
4971 0
3838 2
1641 1
10797 0
167 3
1643 1
4974 0
9694 1
5574 0
17821 0
4975 0
1645 1
7710 0
1646 1
4977 0
7627 0
17582 1
5182 0
1647 1
5081 0
6723 1
9168 0
3507 2
1648 1
1649 1
1650 1
3422 1
11502 0
1651 1
8181 1
4982 0
5485 0
4983 0
6847 1
1653 1
9727 3
8560 1
5087 0
1931 1
3208 1
9042 1
4985 0
1655 1
4986 0
1656 1
4987 0
1657 1
4988 0
10187 0
1658 1
4989 0
4494 2
12769 0
1659 1
7298 1
4990 0
1494 2
4991 0
2564 1
26522 0
5877 0
1661 1
4992 0
12524 0
11324 0
1662 1
4993 0
5959 2
2403 2
1663 1
6574 1
428 3
1589 2
1664 1
4995 0
1665 1
4996 0
5099 0
1666 1
28137 0
1341 3
6613 0
8927 1
4998 0
10856 0
1668 1
6419 2
4999 0
5396 1
1669 1
5000 0
5002 0
12035 0
1672 1
5004 0
1949 1
5754 2
1674 1
19153 1
5005 0
2182 1
1675 1
5006 0
5085 2
26668 0
5007 0
13100 0
9666 0
1677 1
3481 1
5008 0
2364 2
2391 1
8155 0
1679 1
1680 1
4518 1
5011 0
5990 0
1681 1
1682 1
5515 0
11573 0
5218 0
7153 0
1683 1
5014 0
7325 0
1684 1
1243 3
6806 1
1685 1
5016 0
3939 2
1687 1
5018 0
29606 0
1688 1
3287 2
8046 1
2194 1
2588 1
5713 1
1690 1
5022 0
1692 1
5023 0
3144 3
1693 1
5024 0
2466 3
1694 1
5025 0
10915 0
12733 0
12282 0
1696 1
8282 1
5027 0
1577 2
24182 1
12467 0
1698 1
9523 3
5921 1
6465 0
1699 1
6821 0
3043 2
1973 1
5893 2
1700 1
5031 0
5467 1
8667 1
3530 1
1701 1
9062 0
5032 0
9825 1
1702 1
2492 2
2206 1
3540 1
5035 0
1705 1
4601 2
1706 1
12625 0
5037 0
1979 1
5242 0
5038 0
1052 2
1708 1
3804 1
4304 1
12882 0
12118 0
3101 1
5040 0
5444 0
1710 1
535 3
5042 0
2946 1
5043 0
1713 1
5545 0
1434 2
4994 1
5044 0
5147 0
5045 0
11644 0
1715 1
4768 2
5046 0
1716 1
5047 0
5931 0
2218 1
2785 1
5646 0
5048 0
9040 1
9179 1
1718 1
5049 0
2612 1
16999 1
5153 0
843 2
1720 1
10974 0
5052 0
6889 1
2427 1
1722 1
5747 0
5053 0
1723 1
5054 0
4780 1
5055 0
1725 1
4893 1
5056 0
5198 2
6550 2
1997 1
5361 0
6127 0
1727 1
1255 2
1728 1
5059 0
1729 1
5060 0
24386 1
3599 1
5061 0
4040 2
1731 1
5266 0
6940 0
1732 1
5538 1
2003 1
5064 0
1660 2
8126 0
1734 1
5468 0
1356 3
334 3
12371 0
1736 1
10034 0
1737 1
11473 0
5068 0
5891 2
5171 0
1738 1
7476 1
1739 1
5070 0
19339 0
3674 2
1740 1
6444 1
21877 1
9379 3
1741 1
1490 3
2581 2
28569 0
1742 1
12840 0
1744 1
5075 0
7014 1
1745 1
5076 0
12201 0
1746 1
11715 0
5077 0
1747 1
5078 0
11033 0
2636 1
1748 1
8774 1
5079 0
2674 2
1749 1
5080 0
4215 1
1750 1
10354 0
3275 3
1751 1
12726 0
5082 0
1752 1
5083 0
1753 1
5084 0
4708 2
2815 1
5682 0
1754 1
1755 1
5189 0
1756 1
3658 1
5088 0
2603 3
5089 0
6972 1
642 3
5492 0
2027 1
12995 0
1759 1
9956 1
16579 0
1760 1
6252 0
5092 0
12604 0
6747 1
3143 1
5093 0
8399 0
1763 1
9359 0
4102 1
5094 0
8195 1
5609 1
1764 1
2463 1
5789 0
5096 0
1766 1
5097 0
1767 1
9153 1
1768 1
1769 1
5100 0
5101 0
4471 1
9301 3
1743 2
1771 1
5102 0
1631 2
2039 1
5103 0
5104 0
3447 1
22261 0
11092 0
5105 0
12460 0
5106 0
4141 2
1776 1
5311 2
5107 0
1777 1
3590 1
1778 1
7565 1
5110 0
23714 0
7587 0
5314 0
6454 0
9845 0
622 2
9316 1
2670 2
1076 2
1782 1
5113 0
12284 0
1783 1
3717 1
5114 0
1784 1
6681 2
5115 0
1469 3
1785 1
347 2
5116 0
2481 1
8484 1
1786 1
5117 0
3460 2
5118 0
5119 0
1789 1
5120 0
4917 2
12947 0
2845 1
5718 0
1791 1
5326 0
1792 1
5123 0
13362 0
1793 1
5124 0
1794 1
5125 0
6193 0
7055 1
5680 1
12827 0
5231 0
1798 1
2063 1
5129 0
5433 0
5130 0
1800 1
2561 2
5131 0
11151 0
4815 2
1801 1
6383 0
6028 2
3018 1
1802 1
1803 1
5134 0
3222 2
5237 0
1804 1
5135 0
2069 1
1805 1
1806 1
749 3
1807 1
5138 0
8032 0
1826 2
5139 0
3406 3
1809 1
13108 0
3776 1
1810 1
5141 0
173 3
5910 1
1285 2
1812 1
11622 0
5143 0
2302 1
1813 1
5144 0
13861 2
6112 1
1814 1
5145 0
12549 0
1816 2
1815 1
16351 1
1639 3
1817 1
5148 0
10087 1
9266 1
7654 1
2081 1
5149 0
4626 1
5150 0
1820 1
4242 2
353 2
1821 1
2759 2
2740 3
5152 0
9259 0
5154 0
1824 1
2087 1
1825 1
12741 0
5424 2
7967 0
7291 0
5944 0
11210 0
1827 1
501 3
7801 0
5751 1
1828 1
5261 0
2517 1
5159 0
5160 0
634 2
1830 1
5161 0
8585 1
1831 1
1832 1
3841 2
7138 1
7890 0
1833 1
5164 0
131 4
14863 2
5165 0
1582 3
2708 1
1835 1
5166 0
5469 0
8388 0
1836 1
3352 1
3835 1
5167 0
5168 0
2099 1
7181 1
13054 0
1838 1
5169 0
8344 1
1839 1
5170 0
18247 0
1840 1
5273 0
2326 1
5374 0
12928 0
11928 0
3501 1
1842 1
6812 2
5173 0
23701 0
10521 0
879 2
1843 1
8988 1
5174 0
6623 1
5175 0
1909 2
1845 1
9453 1
3054 1
5279 0
1848 1
5179 0
4922 2
4043 1
1849 1
5180 0
1850 1
5181 0
2111 1
13493 0
5873 0
1852 1
5386 0
1853 1
5184 0
6704 0
856 3
1854 1
5185 0
20203 0
4769 1
1855 1
5186 0
359 2
1856 1
5187 0
7060 0
12450 0
1857 1
5188 0
7743 1
1859 1
5822 1
13221 0
6920 1
1860 1
20227 1
2848 2
1861 1
8989 3
29181 0
1862 1
5193 0
6259 0
3894 1
26255 0
1863 1
5194 0
2732 1
5221 1
5297 0
5195 0
5398 0
2865 2
6165 2
1865 1
5196 0
5066 2
4343 2
6170 0
6894 0
5197 0
3537 3
3227 1
1867 1
6538 0
5200 0
7221 1
2129 1
1870 1
5303 0
5202 0
1872 1
5203 0
1873 1
11999 0
1874 1
1875 1
10218 1
8686 1
1673 2
1876 1
5207 0
5309 0
5537 2
5208 0
1878 1
6817 0
5209 0
9550 0
1879 1
11328 0
1880 1
5211 0
1881 1
2362 1
5212 0
1992 2
5126 1
6093 0
2141 1
5214 0
1884 1
3633 2
2877 3
10024 0
1695 3
6645 0
1885 1
5216 0
13161 0
11857 2
13029 0
1886 1
5217 0
5019 1
20413 2
1887 1
11771 0
5219 0
5422 0
12878 0
3953 1
5220 0
1890 1
9095 1
1891 1
5222 0
262 4
2571 1
1788 3
1892 1
5223 0
1893 1
3817 1
12727 0
12533 0
1315 2
5225 0
2374 1
1895 1
5226 0
5029 2
2153 1
1896 1
5227 0
8365 0
7832 1
1897 1
1898 1
1899 1
5230 0
8881 3
7618 0
1900 1
101 3
6943 2
2935 1
2937 2
5333 0
4573 1
5826 0
963 3
5232 0
1506 2
5233 0
5234 0
1904 1
5235 0
5636 0
12070 0
1905 1
5236 0
11387 0
7304 1
3401 2
5238 0
1908 1
5239 0
5541 0
2386 1
13624 0
9590 1
346 3
4444 2
5241 0
1911 1
15049 3
2589 1
5244 0
8626 0
8493 1
1914 1
5246 0
4012 1
5247 0
7464 0
15943 3
5248 0
9492 1
5249 0
5351 0
2075 2
3269 1
5250 0
668 3
1920 1
8787 1
2758 2
1922 1
5253 0
5964 1
1124 2
1924 1
5255 0
4008 2
3668 3
5458 0
1925 1
5256 0
5257 0
5650 2
5755 0
1927 1
1928 1
1864 2
5259 0
6302 2
1929 1
6303 1
7348 1
1930 1
13130 0
12616 0
5262 0
1932 1
5263 0
11446 0
13268 0
6107 1
1933 1
10380 0
12816 0
5264 0
10349 1
1934 1
3126 1
5265 0
15481 4
10688 0
1808 3
1935 1
1936 1
5267 0
2965 1
7921 1
12141 0
5268 0
5862 0
1938 1
9202 1
6147 0
17947 4
1939 1
5270 0
3026 2
1940 1
5215 2
30962 0
4071 1
16837 3
1943 1
5136 2
1944 1
9456 0
5275 0
202 3
1946 1
5277 0
5278 0
4121 1
1948 1
6802 1
3014 3
1070 3
5381 0
5482 0
5280 0
393 4
2804 1
1950 1
5281 0
1951 1
5282 0
1952 1
13015 0
1953 1
5284 0
4496 1
2207 1
6035 1
5285 0
16867 2
5387 0
1955 1
4545 2
3448 1
2158 2
1956 1
25134 0
4734 1
1957 1
5288 0
26373 0
7093 1
7074 2
5289 0
11505 0
5290 0
13447 0
1960 1
5291 0
5393 0
2213 1
1961 1
5292 0
14803 4
1962 1
6539 0
5293 0
11920 0
2434 1
1963 1
5294 0
19837 0
5296 0
8888 1
2043 2
5399 0
13755 0
1937 3
5298 0
12699 0
9605 1
1968 1
5299 0
12212 0
4130 1
5300 0
14659 4
5301 0
179 3
1971 1
5302 0
1972 1
2995 1
12905 0
5304 0
5506 0
6088 0
1974 1
1345 2
5898 0
1975 1
5306 0
2643 1
1976 1
2446 1
8010 1
5307 0
3883 1
5763 2
3609 1
5308 0
5708 0
6735 0
1978 1
7002 0
4395 1
3115 2
5999 0
1980 1
3056 2
13375 0
7470 1
13261 3
7180 0
1981 1
5613 0
1982 1
8283 0
5313 0
3799 3
3806 2
1983 1
7868 0
1984 1
5315 0
5417 0
1985 1
1921 3
17533 1
9309 1
11564 0
6106 1
1986 1
383 2
5317 0
2237 1
1987 1
5318 0
5815 0
8642 1
10203 0
1989 1
5320 0
2458 1
303 3
1990 1
5321 0
5243 2
1991 1
10480 1
6439 2
5323 0
1542 2
8621 0
2241 2
2243 1
1993 1
5324 0
1994 1
9741 0
1995 1
1996 1
1177 3
2661 1
5328 0
1998 1
5329 0
21158 1
1999 1
5330 0
5631 0
4883 1
4646 2
2000 1
5331 0
2001 1
5332 0
7287 0
2002 1
5732 0
5334 0
5335 0
12782 0
5336 0
8224 0
2007 1
5338 0
524 4
519 3
28684 0
5441 0
2009 1
13560 0
2010 1
5341 0
2011 1
3580 2
5342 0
835 3
3151 3
12994 0
2013 1
14017 4
2014 1
5345 0
933 2
2015 1
5448 1
5346 0
5364 2
8099 1
2016 1
7205 2
13152 0
5347 0
389 2
4175 2
2017 1
7553 1
6177 1
2018 1
9718 1
5349 0
2267 1
2019 1
3204 2
8153 0
8070 0
13332 0
2021 1
5352 0
4248 1
5554 0
2022 1
7515 1
3353 1
6041 0
2023 1
5354 0
2024 1
5355 0
13886 0
2025 1
2273 1
5356 0
26462 1
5357 0
5756 0
5876 2
10855 0
5358 0
13482 0
2028 1
2029 1
5360 0
5020 1
2324 2
13837 4
2030 1
30171 0
10553 0
12354 0
2032 1
9416 1
5365 0
404 3
2876 1
18673 0
2035 1
2034 3
5366 0
5667 0
9864 1
5367 0
2037 1
5368 0
12069 0
5350 2
17679 1
1912 2
11682 0
5359 1
5471 0
2040 1
3930 3
6706 0
2041 1
5372 0
12865 0
2086 3
2042 1
5373 0
6617 0
2955 2
1284 3
2044 1
5375 0
4747 2
15753 1
5477 0
2045 1
6494 1
17869 2
5376 0
5578 0
2046 1
5377 0
5378 0
4307 1
2048 1
5379 0
5258 1
10611 1
6248 1
2050 1
2297 1
5483 0
5382 0
17877 1
6896 0
6981 1
2052 1
13083 0
5383 0
2053 1
5384 0
2054 1
7636 1
6304 1
694 2
9090 1
8188 1
6576 2
7266 1
2518 1
2057 1
2058 1
1172 2
3293 2
3949 1
5390 0
8604 0
13673 0
2060 1
2061 1
5392 0
5394 0
12425 0
2309 1
2064 1
8853 0
12367 3
11741 0
13433 0
655 4
9653 0
6457 0
2066 1
7608 0
2407 2
2067 1
2068 1
9831 1
5501 0
5400 0
951 2
2070 1
5602 0
2071 1
5402 0
2072 1
5703 0
6184 0
5403 0
2073 1
5404 0
2074 1
7336 2
3544 1
4366 1
5405 0
358 3
5507 0
5804 0
13589 0
5406 0
3288 3
401 2
5407 0
1757 2
5989 2
2077 1
5408 0
2078 1
5409 0
12948 0
3830 1
2079 1
5905 0
5410 0
2733 1
505 3
13289 0
2080 1
1578 2
3085 1
3979 2
5412 0
18957 1
5413 0
4354 1
2083 1
5414 0
5415 0
19291 1
2085 1
2097 2
2147 3
5457 2
5519 0
5418 0
2088 1
5419 0
14691 1
8383 3
2089 1
5420 0
2333 1
4848 2
17287 0
2090 1
5421 0
5721 0
5513 2
1391 3
13231 4
18939 1
2091 1
7719 1
11800 0
13172 0
2092 1
5423 0
10382 0
4842 1
2093 1
2094 1
5425 0
20737 0
8277 1
12496 0
5426 0
3247 2
2339 1
5427 0
706 2
2554 1
3382 2
4061 3
5531 0
5430 0
10001 1
9191 1
2100 1
5431 0
4425 1
5432 0
2102 1
5434 0
2490 2
22663 1
1002 3
6309 0
5435 0
2105 1
5436 0
692 3
2106 1
5437 0
5638 0
2107 1
5438 0
10742 1
14359 2
2108 1
5439 0
5739 0
2351 1
2109 1
5440 0
4342 2
13786 0
5935 0
13534 0
2110 1
9932 0
2566 1
5442 0
2112 1
5443 0
12218 0
19519 3
6410 0
6390 1
2113 1
2114 1
5445 0
7682 1
2115 1
3759 2
2357 1
13031 0
7911 0
2116 1
2270 2
2117 1
2235 3
11859 0
5449 0
9944 1
2119 1
5450 0
11022 0
6713 2
2120 1
5451 0
5452 0
5453 0
13696 0
2123 1
786 4
2578 1
606 3
3437 1
2125 1
5456 0
2126 1
6102 2
2127 1
4484 1
9630 1
2128 1
1405 2
7802 1
5459 0
5460 0
10726 0
5461 0
2131 1
5462 0
7413 0
7467 2
2132 1
5463 0
2133 1
3592 1
5564 2
6523 0
2134 1
5465 0
4949 2
8366 1
2135 1
2260 3
2137 1
718 2
15397 2
3471 2
2138 1
1498 3
8940 1
2139 1
5470 0
3425 3
5965 0
2573 2
14148 0
2381 1
2787 1
5472 0
5573 0
2142 1
5473 0
5674 0
2143 1
4997 1
5474 0
13426 0
2144 1
5475 0
6461 1
9292 1
2145 1
5476 0
2146 1
2972 1
5479 0
2149 1
8854 0
20001 1
2150 1
5481 0
2602 1
7775 0
6167 0
18871 2
13114 0
3890 1
5484 0
2393 1
4543 1
29548 0
7439 1
5686 0
13635 0
5486 0
7160 1
2156 1
4192 3
8534 0
5488 0
6078 0
4777 1
5489 0
2159 1
137 4
5490 0
5591 0
13899 0
419 2
2399 1
2160 1
5491 0
6685 1
2161 1
2162 1
24566 0
5493 0
4164 1
2163 1
5793 0
5494 0
10138 1
6915 0
2614 1
2164 1
12283 2
5495 0
3152 2
2165 1
7885 1
5496 0
5662 2
5675 1
2166 1
1614 2
5498 0
2168 1
5499 0
2169 1
707 3
5500 0
2170 1
13803 0
13350 0
11977 0
7277 0
2172 1
5503 0
1799 2
2411 1
2173 1
5504 0
6470 0
2174 1
8455 1
5505 0
2175 1
9737 1
6501 1
2176 1
6532 1
6215 2
3771 1
5508 0
3560 2
2656 2
2178 1
5509 0
537 3
2179 1
4152 2
2417 1
5510 0
5050 2
5140 1
2180 1
4602 1
5671 2
2181 1
5512 0
917 4
2823 1
6850 2
5514 0
2184 1
2185 1
2373 3
2423 1
1605 3
2186 1
5517 0
2187 1
9850 0
8481 0
4438 1
9853 2
8149 0
2188 1
2189 1
5520 0
9393 1
13197 0
7598 2
2190 1
5521 0
2638 1
5722 0
2191 1
2384 3
2193 1
5524 0
6209 0
6114 0
5525 0
7123 0
2195 1
4688 1
5526 0
3342 1
5592 1
2196 1
5527 0
1169 3
5924 0
2197 1
5528 0
12036 0
2198 1
5529 0
14279 0
2199 1
5530 0
13736 0
2200 1
2151 2
7218 0
6589 0
4509 2
2202 1
7968 1
2841 1
3562 3
6773 0
2203 1
5534 0
5271 1
865 3
2204 1
5535 0
2441 1
6684 0
2205 1
8416 0
4661 1
7849 1
13563 0
5639 0
6603 1
27674 1
2208 1
2209 1
5540 0
14012 0
2210 1
13439 0
2211 1
2447 1
5542 0
3438 2
5497 1
8339 0
11189 0
2212 1
5543 0
431 2
5544 0
8544 1
9089 1
6874 0
808 3
2214 1
2739 2
4323 3
9080 0
2216 1
5547 0
2217 1
3649 2
5548 0
13910 0
5847 0
24523 0
10170 1
3938 2
5550 0
5651 0
2220 1
5551 0
2221 1
5948 0
8843 0
12780 0
3205 1
274 4
9844 1
2223 1
11004 1
2859 1
12095 0
2459 1
2224 1
5151 2
5556 0
10123 0
5657 0
2226 1
3521 1
5557 0
13280 0
5251 2
10275 1
6328 2
5758 0
5558 0
10899 0
5778 2
5559 0
5560 0
19099 0
2230 1
2231 1
3044 1
5562 0
2232 1
5563 0
4720 1
2233 1
1712 3
2234 1
5565 0
9494 1
5566 0
6530 0
2486 3
2236 1
5568 0
5669 0
2238 1
5569 0
3378 1
8051 1
2239 1
1048 4
6674 1
2240 1
8083 3
5571 0
5811 2
5572 0
12193 4
2330 2
2477 1
2244 1
5575 0
5576 0
5972 0
2246 1
5577 0
6987 2
21513 1
1244 2
5580 0
3688 1
13528 0
7088 0
2250 1
5581 0
12154 0
2008 2
2251 1
5582 0
2822 2
4236 1
5583 0
7612 1
2253 1
5584 0
8633 1
12851 0
2254 1
8023 3
5585 0
2255 1
5586 0
12091 4
2256 1
5587 0
7005 0
14410 0
3738 2
2257 1
5588 0
2258 1
3235 1
5589 0
909 3
5590 0
4779 1
7339 1
14125 0
2261 1
5693 0
28034 1
2262 1
6085 0
191 3
7539 0
5593 0
12516 0
2263 1
5594 0
5794 0
13363 0
443 2
2264 1
5595 0
2265 1
5596 0
2266 1
5597 0
3699 3
1841 2
2533 3
2497 2
6186 0
2268 1
6376 0
10283 1
5252 2
2269 1
5600 0
5996 0
6471 0
5601 0
9951 1
13700 0
7634 0
2271 1
6745 1
4454 3
2274 1
1465 2
2275 1
5606 0
5806 0
5885 2
8134 1
6876 1
3563 1
12213 0
2277 1
6441 2
4325 2
2278 1
17473 2
6756 0
2279 1
9595 1
22538 0
5610 0
5711 0
2280 1
5611 0
1819 3
2281 1
3414 1
11135 1
5612 0
2282 1
716 3
2722 1
2284 1
5615 0
2913 1
2285 1
5111 1
5616 0
12922 0
2599 3
4838 1
5717 0
3349 2
2286 1
411 4
3092 1
2287 1
5618 0
20437 1
5818 0
2288 1
449 2
5619 0
2905 2
1336 3
9238 1
2289 1
13938 0
7391 0
13617 0
2290 1
5621 0
5919 0
10412 1
2291 1
5622 0
766 2
5623 0
6115 0
8722 1
2293 1
5624 0
3265 1
4676 2
2294 1
5625 0
2295 1
5626 0
2296 1
3827 2
5627 0
2734 1
6590 0
1179 4
6698 1
5628 0
5629 0
22161 1
8016 1
2299 1
2300 1
2531 1
4010 1
13446 0
10740 0
5632 0
1038 3
2303 1
6816 1
12272 0
5634 0
1010 3
2304 1
11356 0
5635 0
30388 0
2931 1
25021 0
7860 2
7925 0
9087 0
2306 1
5637 0
2307 1
3736 1
2308 1
5937 0
10047 0
3879 1
5640 0
1268 2
12567 1
2746 1
5741 0
14238 0
2310 1
5641 0
7124 2
2311 1
5642 0
2312 1
5643 0
14124 0
8217 1
2543 1
22879 1
5353 2
5645 0
14541 0
2315 1
5960 2
2316 1
5647 0
4665 1
5902 1
2317 1
12993 0
10058 1
2318 1
6044 0
10396 1
2549 1
2320 1
2321 1
5652 0
2322 1
5653 0
6145 0
5992 2
4117 2
5854 0
9696 1
1041 2
5655 0
2325 1
2949 1
2988 2
11072 0
3629 2
6554 2
5658 0
2328 1
778 2
1926 3
5659 0
3295 1
13706 0
5660 0
5260 1
12331 0
3836 3
5661 0
4585 3
2331 1
8785 0
8204 0
2332 1
1686 2
8811 1
14039 0
5665 0
6887 1
21271 0
5666 0
2712 3
3916 2
461 2
2336 1
2337 1
5668 0
13529 0
12665 0
17762 2
17978 2
4956 1
11266 1
5670 0
2340 1
4308 1
2341 1
10314 0
5672 0
11659 4
2342 1
2682 3
5673 0
16766 2
2345 1
5676 0
2346 1
5677 0
2347 1
5878 0
5679 0
1111 3
13064 0
7184 0
2349 1
8300 1
548 4
2350 1
5681 0
7785 1
2579 1
2352 1
5783 0
5825 1
5683 0
6828 0
2353 1
2056 2
5684 0
10549 1
5685 0
18758 2
2355 1
1310 4
2356 1
12390 0
5687 0
5688 0
5689 0
18602 2
5454 2
1883 2
2359 1
467 2
14231 0
14351 0
22791 1
5691 0
5397 1
19046 2
2361 1
5692 0
5058 1
3071 2
5991 0
2363 1
5694 0
7518 1
2591 1
7991 2
2390 2
9387 1
5695 0
2365 1
10165 1
5015 1
6377 0
2366 1
9307 0
5697 0
6958 1
6472 0
6092 0
5698 0
8738 0
2368 1
5699 0
13795 0
10509 1
9797 1
2369 1
5700 0
2370 1
5801 0
5701 0
6099 2
2371 1
5702 0
16046 2
1059 2
8900 1
14672 0
30098 0
5704 0
7261 2
5736 1
5705 0
13612 0
2375 1
4498 2
4005 2
2033 3
29465 0
2376 1
19897 1
5807 0
5707 0
3647 1
2377 1
6294 0
382 3
2378 1
10579 3
5522 1
14140 0
2379 1
5710 0
2380 1
13135 0
18511 2
1503 3
16166 2
6009 0
5712 0
2382 1
5813 0
12449 0
2609 1
2383 1
5714 0
4213 1
5914 0
5715 0
8086 0
9082 0
2385 1
19454 2
5716 0
2825 3
895 3
4843 2
7042 0
2387 1
2388 1
5719 0
4716 3
2818 1
2389 1
5720 0
6109 2
8183 1
5074 1
11413 4
8679 0
7067 1
2392 1
8430 0
1212 3
5724 0
3973 3
2394 1
5725 0
5726 0
2621 1
197 3
5926 0
11523 0
2397 1
11397 1
3188 1
14857 2
13974 0
2398 1
7029 1
5729 0
2563 2
3154 2
802 2
2400 1
1211 3
2401 1
2402 1
5733 0
5734 0
5555 2
20114 2
8608 0
2404 1
5735 0
479 2
10919 0
6787 0
7327 0
2405 1
5737 0
11371 4
5738 0
14338 0
7766 0
3546 2
2408 1
2633 1
13884 0
5938 0
3522 1
12508 0
2409 1
5740 0
2410 1
14464 0
30916 0
4981 1
13695 0
5742 0
23187 1
2412 1
13206 0
5743 0
5843 0
12814 0
10272 1
15458 2
2413 1
1441 4
9898 1
685 4
7729 3
4094 2
2415 1
20833 0
5746 0
15194 2
2416 1
2831 3
10686 1
6206 2
2418 1
5133 1
2724 2
5749 0
5849 0
1077 2
10622 1
6895 1
5750 0
2420 1
8122 2
5753 0
2140 3
3832 1
8466 1
14241 0
11245 0
2425 1
2259 2
2426 1
3039 1
4296 2
6780 2
4755 1
2428 1
2854 1
5760 0
7100 1
10244 0
2430 1
5761 0
5861 0
2431 1
5762 0
2432 1
4511 1
2433 1
3385 1
2657 1
5765 0
2435 1
5766 0
2938 3
2436 1
3237 2
5767 0
5867 0
2437 1
12709 2
15931 2
5768 0
7398 2
1313 3
2438 1
32421 0
9536 1
2439 1
3987 1
5770 0
2663 1
29795 0
2440 1
5771 0
2866 1
5772 0
7185 0
2442 1
3820 2
14774 2
2443 1
5774 0
13277 0
2444 1
5775 0
5192 1
2445 1
5776 0
5777 0
4847 3
3057 1
13973 0
2448 1
491 2
13778 0
5656 2
5779 0
5879 0
7958 1
2449 1
5780 0
2450 1
5781 0
6366 0
13393 1
2451 1
3558 1
9078 1
3236 1
2452 1
2453 1
2104 2
5784 0
6081 0
2454 1
2878 1
4183 2
14445 0
11528 1
2456 1
10207 2
5787 0
10505 0
2457 1
5788 0
4110 3
9999 1
5790 0
10379 1
2460 1
14577 0
5791 0
8549 1
5792 0
14111 0
29318 1
2462 1
9320 0
2464 1
5795 0
4279 1
6568 0
2687 1
2465 1
5796 0
6258 2
23449 1
5797 0
5897 0
2467 1
5798 0
6129 1
7697 1
3415 1
5799 0
10735 1
5998 0
2469 1
5800 0
2470 1
2247 3
1572 4
5802 0
7597 3
2693 1
2472 1
5803 0
5903 0
2473 1
3320 2
7126 0
1670 3
4671 2
2474 1
5805 0
24734 1
2475 1
6295 0
13348 0
2476 1
7660 0
822 4
6893 2
5808 0
5380 1
2699 1
5809 0
5010 2
2479 1
8253 2
32619 0
2480 1
2902 1
6770 0
10823 1
5812 0
2482 1
1555 2
1414 3
5814 0
8350 1
2484 1
5816 0
3051 3
14342 2
5817 0
3093 1
2487 1
14062 0
12963 0
14934 0
12685 0
5819 0
24069 1
6212 0
11690 0
5820 0
1074 3
6117 0
503 2
2711 1
5821 0
21614 2
1758 2
9167 1
6687 0
2491 1
2980 3
5757 2
6022 0
2493 1
7242 1
3594 1
573 3
5824 0
6503 0
4272 2
2494 1
2495 1
2496 1
5827 0
5927 0
5828 0
5310 1
8632 1
2498 1
1384 3
5829 0
19549 2
2499 1
5830 0
2500 1
5831 0
21583 1
838 2
7535 2
2501 1
5832 0
2502 1
14552 0
5833 0
2503 1
10100 1
5834 0
4041 1
2504 1
4978 3
21746 2
5836 0
9036 0
29606 1
3284 1
2507 1
13419 0
5838 0
10486 1
7258 1
2508 1
5839 0
11098 0
5939 0
6058 1
2509 1
2729 1
5840 0
3403 2
14690 0
509 2
2511 1
5842 0
2512 1
6236 0
6420 2
14443 0
5844 0
6616 0
9685 1
12744 0
5846 0
5523 1
2516 1
9534 0
6046 0
5848 0
394 3
2354 3
4190 1
10848 1
2519 1
5850 0
2520 1
5851 0
4247 3
2521 1
5852 0
11418 0
2741 1
24249 1
13944 0
2522 1
5853 0
2523 1
5369 1
2524 1
5855 0
7619 0
7313 1
14248 0
5856 0
2526 1
5857 0
2629 2
14151 0
2527 1
7006 2
4589 1
1515 3
2528 1
5859 0
3743 2
1703 4
10873 4
2530 1
9256 1
4475 2
2532 1
5863 0
5864 0
2313 2
4361 2
3308 1
2534 1
5865 0
2753 1
8715 1
2535 1
7542 0
3164 3
1967 2
5975 1
5868 0
3928 1
8384 2
5858 2
2538 1
5869 0
13490 0
2539 1
24883 0
2540 1
7092 1
5871 0
6407 2
7981 0
5654 1
959 4
2541 1
12803 0
5872 0
2542 1
10807 4
6830 0
7898 0
2544 1
25418 0
5875 0
10960 1
8242 0
21877 2
2962 1
2546 1
15065 0
7376 0
8131 1
3486 2
2547 1
3147 1
9321 0
8497 0
8995 0
10201 1
2548 1
1585 2
5880 0
2550 1
5428 1
5881 0
4976 1
2152 2
5981 0
521 2
2551 1
10441 0
2552 1
5883 0
5773 1
2553 1
5884 0
6082 0
22927 0
10593 1
2555 1
2796 2
5886 0
5887 0
7384 1
5987 0
2557 1
5888 0
2558 1
14544 0
4011 2
5889 0
2974 1
14027 0
2559 1
5890 0
2777 1
2560 1
6527 2
6284 0
2562 1
5109 3
13112 0
6189 0
5894 0
7672 2
2565 1
5896 0
2461 3
1837 3
862 2
5339 1
14240 0
6385 0
3129 3
2567 1
12862 0
10961 1
2951 2
2569 1
9345 1
5177 2
11790 1
8798 1
4844 2
7876 1
3505 1
2986 1
2572 1
2789 1
10696 0
1616 3
4450 2
5904 0
2574 1
7044 0
2575 1
5906 0
8517 1
2576 1
5487 1
2577 1
5908 0
7119 2
8942 0
6587 0
2580 1
6011 0
6207 0
22742 2
5912 0
18349 0
2582 1
22826 2
5913 0
2583 1
3569 2
2584 1
5915 0
4384 3
2801 1
2998 1
2585 1
5916 0
3277 3
4897 2
5917 0
1834 4
7387 3
2587 1
3183 1
7455 1
3356 1
14385 0
9834 1
5920 0
2590 1
5922 0
21079 1
2592 1
5923 0
10302 1
2593 1
1388 2
1253 3
12921 0
2594 1
5925 0
8515 2
14110 0
8711 0
1557 3
8877 0
1149 2
6415 0
14766 0
2597 1
5928 0
2598 1
5929 0
6029 0
18079 2
2510 2
2600 1
25149 1
7780 0
29382 0
2601 1
5932 0
10700 1
13632 0
5933 0
14645 0
5546 1
5934 0
23246 0
2819 1
15196 0
2604 1
1096 4
32092 0
5936 0
1349 2
14329 0
2606 1
2607 1
6634 2
2608 1
11097 1
764 3
9434 1
5940 0
6332 0
2610 1
14916 0
5941 0
3022 1
2611 1
6712 0
5942 0
11277 0
5943 0
17947 5
4539 2
2568 3
2613 1
5945 0
7531 0
2615 1
5946 0
6556 2
2616 1
5947 0
6047 0
2617 1
1717 3
6243 0
2618 1
8397 0
6356 1
5949 0
19951 0
11074 1
3702 1
2619 1
5950 0
9553 0
11591 0
7526 1
5240 3
5951 0
12980 0
3652 2
5952 0
13334 2
4667 1
6629 0
2622 1
5953 0
2837 1
7449 1
2623 1
6053 0
5954 0
4411 1
2624 1
5955 0
2625 1
5956 0
5957 0
7365 0
5274 1
6445 0
5958 0
23318 2
6060 2
7232 2
27722 0
2628 1
7809 2
886 2
11921 1
2843 1
5605 1
5961 0
2631 1
5962 0
2632 1
4149 1
14193 0
6546 0
13703 0
2634 1
4654 2
2635 1
5966 0
6261 0
3390 3
5967 0
3046 1
5968 0
1420 2
10403 1
6166 0
5969 0
591 3
2639 1
5970 0
2367 2
1167 2
21331 0
2640 1
5971 0
2641 1
3278 3
2642 1
5973 0
5974 0
2644 1
14873 0
8304 1
1965 4
2645 1
8964 1
7472 0
13747 1
14418 0
7294 0
2646 1
5977 0
13039 0
2647 1
1412 2
5978 0
14746 0
2861 1
4521 3
2648 1
7116 0
5979 0
25807 0
2649 1
5980 0
6178 0
2650 1
3940 2
4024 1
2651 1
5982 0
14522 0
2652 1
4628 2
5983 0
2653 1
8646 2
5984 0
2654 1
5985 0
20413 3
6741 2
5986 0
5664 1
6849 0
5988 0
3735 2
2004 3
2659 1
898 2
6089 0
2660 1
2675 3
15029 0
7289 1
4310 1
15327 0
1818 3
2662 1
32332 0
5344 2
5994 0
9983 1
2664 1
557 2
5995 0
6671 0
2665 1
13774 0
6291 1
2666 1
5997 0
2879 1
2667 1
5072 1
9761 0
1233 4
8684 1
2668 1
11187 1
2669 1
1491 2
6000 0
5017 2
5649 1
3428 1
14276 0
6582 0
16117 1
2671 1
6101 0
6002 0
6297 0
11234 1
6161 2
6003 0
10638 0
2673 1
12024 0
13098 0
6004 0
4202 2
3899 1
6005 0
7051 0
3595 1
6006 0
8055 1
2676 1
6007 0
2677 1
6008 0
7345 2
5371 3
2678 1
2679 1
6010 0
9287 0
2680 1
9047 1
563 2
10504 1
6013 0
5723 1
6404 0
8119 0
2683 1
7668 1
6113 0
6014 0
7241 0
2684 1
14507 0
2897 1
6016 0
3503 3
2686 1
6017 0
12052 1
3273 1
10887 0
6505 0
2688 1
9612 1
6019 0
2868 2
2689 1
6020 0
4596 1
6705 2
6021 0
2691 1
2903 1
7946 2
4717 2
14980 0
2692 1
14847 0
1730 3
6025 0
3818 2
2695 1
2696 1
6027 0
3452 1
4203 1
10914 1
2697 1
13845 0
1432 3
2909 1
6030 0
6214 1
13157 0
569 2
1436 2
2700 1
6031 0
1562 2
2701 1
6032 0
6131 0
3106 1
4858 1
5786 1
2702 1
6848 2
6033 0
24182 2
2096 4
2703 1
2704 1
2705 1
2706 1
6037 0
6618 0
2051 2
1919 3
3291 1
6428 0
2707 1
6038 0
4072 1
2782 3
6333 0
6039 0
5782 1
2709 1
6040 0
9560 0
23701 1
2710 1
15142 0
6238 0
8777 2
6042 0
4658 3
3029 2
13410 0
6043 0
19153 2
2713 1
6143 0
2570 2
6045 0
3118 1
7739 1
2715 1
2716 1
11456 0
1866 2
15481 5
2927 1
3427 3
6262 2
2717 1
6048 0
11764 0
10561 2
2718 1
6535 0
11300 1
922 2
9130 1
2719 1
6050 0
3178 2
7633 0
2720 1
6051 0
5911 1
2721 1
7188 0
1203 2
3941 1
6054 0
30962 1
955 3
14596 0
7171 3
2725 1
6056 0
2726 1
13216 0
6057 0
7010 0
24386 2
3309 1
12638 2
6024 1
10605 1
7458 2
9701 1
2728 1
9252 0
13916 0
2939 1
2730 1
6061 0
2731 1
6452 0
4806 2
1370 4
6062 0
3901 2
6063 0
1633 2
6064 0
31886 0
6065 0
31595 0
2735 1
5841 1
6066 0
5502 3
3616 3
2736 1
6067 0
2737 1
14948 0
6068 0
2738 1
6069 0
4833 2
7640 1
10132 1
15087 0
6070 0
12626 2
31565 0
2248 2
3142 1
6072 0
2742 1
6073 0
7117 0
8477 1
2421 2
6654 0
2743 1
26522 1
6074 0
149 4
6173 0
14442 0
2744 1
6075 0
11021 1
12183 1
2745 1
6076 0
18703 0
3327 1
7810 1
6274 0
2747 1
2957 1
2748 1
934 2
6079 0
2749 1
6080 0
6955 2
2171 3
2750 1
2020 3
587 2
2752 1
6083 0
13275 0
6084 0
2754 1
2963 1
2889 3
2755 1
5511 2
6476 0
34113 0
9213 1
2756 1
6087 0
2757 1
7758 0
6856 0
6090 0
2760 1
8851 1
15255 0
6091 0
788 3
2227 4
2969 1
6363 2
5900 1
2762 1
6387 0
2763 1
6094 0
7319 0
8790 0
14685 0
2764 1
1704 2
9205 0
6095 0
2765 1
6854 2
12191 0
6096 0
3166 1
6097 0
6957 0
2767 1
6098 0
9790 1
5190 2
6197 0
3984 2
593 2
8908 2
6583 1
6100 0
2770 1
5620 1
4895 2
2771 1
4137 2
3983 1
10706 1
2772 1
34239 0
6104 0
6203 0
2761 2
2774 1
6105 0
4795 3
2775 1
4668 1
10057 4
9786 0
26643 1
7571 2
3524 1
15589 0
2778 1
7881 1
14796 0
2779 1
8234 1
6595 0
6110 0
14803 5
2780 1
6111 0
14525 0
2781 1
8043 0
7486 1
2783 1
2784 1
5287 1
599 2
3846 1
8559 0
6116 0
3729 3
2786 1
13559 0
6118 0
2788 1
9146 0
6119 0
1902 2
19706 1
4393 2
6120 0
2790 1
6121 0
2791 1
6122 0
6221 0
16837 4
3576 3
11128 1
2999 1
2792 1
1903 3
14058 0
6123 0
9296 1
6797 0
2793 1
6124 0
5633 3
10835 0
2794 1
6125 0
1507 4
2795 1
6126 0
1775 2
2121 3
14659 5
7062 2
2797 1
2798 1
11508 1
6423 0
6130 0
2800 1
8992 0
6132 0
1611 3
2996 3
12314 1
6133 0
4942 1
2803 1
11078 0
6134 0
4430 1
3548 1
3011 1
6135 0
3202 1
2805 1
4067 2
958 2
2806 1
6137 0
6464 2
6904 0
9879 1
6334 0
6138 0
2808 1
6139 0
2809 1
6140 0
7952 1
7183 0
8328 0
4984 2
15368 0
2811 1
7545 0
3715 1
2812 1
2813 1
6144 0
89 3
10281 1
22339 0
2814 1
6018 1
15943 4
6146 0
26967 1
11937 0
2816 1
3023 1
2817 1
14608 0
6148 0
3214 1
22261 1
298 4
2358 4
6149 0
9988 0
8220 2
11526 1
6150 0
4168 1
11635 0
2820 1
6151 0
2821 1
6152 0
6524 1
23533 0
6154 0
29323 0
14129 0
4311 1
6155 0
8257 0
6156 0
2630 2
2826 1
3882 1
15150 0
9039 2
6158 0
7684 2
1846 2
6257 0
6548 0
6159 0
2829 1
6160 0
2830 1
3226 1
6162 0
13452 0
6163 0
2833 1
6164 0
617 2
6263 0
15301 0
2834 1
2835 1
6459 0
6839 0
15720 0
3041 1
3842 3
2836 1
2838 1
14101 1
6169 0
4932 3
11235 1
1146 3
6269 0
7003 2
6171 0
8650 1
6077 1
2222 3
6172 0
1257 2
2842 1
4150 2
2338 3
5012 2
7664 0
14933 0
20227 2
5567 1
19519 4
6174 0
7397 0
3238 1
2844 1
6175 0
7169 2
6176 0
2846 1
9968 1
2847 1
5678 2
8020 0
2849 1
6180 0
3103 3
5073 2
2850 1
6181 0
2851 1
6565 2
5764 3
3107 2
8708 0
2852 1
6183 0
9018 1
178 3
7831 1
9538 0
6185 0
2855 1
6382 0
14200 0
33532 0
2856 1
2857 1
6188 0
12358 0
6287 0
2858 1
13511 0
1644 4
1917 2
4609 1
6190 0
2860 1
12445 1
6191 0
982 2
10908 1
6192 0
5918 1
6453 1
13708 0
2862 1
11645 1
1735 2
2863 1
6194 0
15049 4
21829 0
6196 0
5363 2
9462 1
3725 3
2867 1
6136 1
6198 0
3918 1
6199 0
3262 2
11639 1
2869 1
6200 0
6299 0
2870 1
6201 0
3405 2
2871 1
15251 0
9799 0
2873 1
8094 1
35894 0
6204 0
6205 0
4490 1
2875 1
2489 4
7961 0
7249 0
6208 0
7797 2
14017 5
6881 0
4233 2
3083 1
6406 0
6210 0
2880 1
6211 0
2881 1
15408 0
985 3
6311 0
3274 1
8357 2
6213 0
14952 0
8413 1
2883 1
2884 1
13570 0
9170 2
3453 1
2885 1
6216 0
3089 1
2323 3
3955 3
2886 1
6217 0
11342 1
2887 1
14271 0
6218 0
6317 0
6049 1
2888 1
6219 0
10430 1
11918 2
16543 1
5162 2
2890 1
2076 3
1988 2
6222 0
6418 0
7276 2
2892 1
6223 0
267 3
4334 2
447 4
15851 0
6195 1
6323 0
2827 2
2894 1
113 4
2895 1
6226 0
641 2
6666 2
2896 1
3210 3
2898 1
6229 0
2899 1
6329 0
2900 1
6231 0
2901 1
6168 1
6232 0
6275 1
1532 2
5069 3
6233 0
5026 1
6234 0
9545 1
7635 0
2904 1
7683 1
6235 0
4584 2
8165 1
1790 3
13837 5
11009 1
15070 0
2906 1
6237 0
5389 1
2907 1
9727 4
2908 1
6239 0
9509 0
3954 1
6240 0
5895 3
24289 0
2910 1
15594 0
7190 0
6241 0
647 2
13629 0
11786 2
3644 1
6242 0
8169 0
2912 1
34977 0
3805 1
6244 0
12110 0
2914 1
6245 0
1006 2
7152 2
2915 1
11032 0
6442 0
4316 2
2916 1
15352 0
6247 0
3119 1
2917 1
4109 1
12576 1
2918 1
6249 0
1293 2
11752 1
2919 1
6250 0
6810 1
2920 1
6254 1
6251 0
2921 1
1781 4
15041 0
2922 1
6253 0
2059 2
2344 2
1765 2
2923 1
11814 0
6353 0
2924 1
3489 1
6255 0
2925 1
6256 0
10146 1
653 2
11782 1
2926 1
7910 2
2928 1
15515 0
22663 2
6260 0
7837 0
6359 0
2424 3
2932 1
356 3
10019 0
6264 0
11449 1
2620 4
2934 1
2505 3
2690 2
6266 0
3137 1
4068 3
2936 1
6267 0
8236 1
13857 0
6268 0
13688 0
8823 1
7383 2
6270 0
5845 2
2940 1
659 2
6271 0
9628 1
6767 2
6272 0
26462 2
1018 2
3874 3
2942 1
6273 0
7404 0
2943 1
2944 1
27903 1
2529 2
3317 3
226 4
9185 1
31506 0
2945 1
6276 0
8494 2
5191 2
3334 1
6277 0
4812 1
2947 1
6278 0
2948 1
6279 0
3012 2
6280 0
6668 0
12525 0
2177 2
4419 1
6281 0
14413 0
9468 0
1556 2
11110 1
15982 0
6282 0
2952 1
6283 0
4399 2
2953 1
7048 0
2130 2
2954 1
1337 3
2956 1
2958 1
8472 0
6289 0
6290 0
2960 1
6389 0
15707 0
15453 0
2961 1
6292 0
15130 0
6293 0
5536 2
2964 1
14940 0
10235 1
15853 2
6296 0
5206 3
4151 1
2966 1
28137 1
3167 1
2967 1
6026 3
6298 0
8307 1
596 4
2968 1
5340 2
13561 2
11865 1
10215 0
6300 0
8022 1
15207 0
26167 0
2970 1
6301 0
2971 1
5205 1
445 3
227 3
6372 1
2973 1
5901 1
6305 0
2975 1
2525 3
6306 0
12707 1
6502 0
15622 0
2976 1
6307 0
2977 1
9711 1
9523 4
2978 1
6757 1
2979 1
6310 0
9083 0
7974 0
25777 0
31737 0
9415 0
3865 1
2981 1
11556 1
1795 2
14484 0
8791 3
3543 1
2983 1
6314 0
677 2
2984 1
6315 0
2985 1
1918 4
6316 0
6868 2
2201 2
4181 3
7490 2
7173 0
8592 1
2987 1
6318 0
6514 0
2249 3
2989 1
6320 0
11919 1
4482 2
7301 2
2990 1
13806 0
6321 0
2991 1
3716 1
6322 0
3191 1
3424 3
6805 0
2751 4
2992 1
2993 1
6324 0
1329 2
1042 2
2994 1
6325 0
339 4
4979 1
6326 0
11211 1
6327 0
2997 1
683 2
6621 0
6906 0
6431 1
6330 0
3000 1
6331 0
9432 2
16867 3
15219 0
3001 1
15023 0
3002 1
7096 0
3561 1
1182 3
3003 1
3203 1
9273 0
3004 1
6335 0
10324 1
3005 1
6336 0
15554 0
20803 0
6337 0
13231 5
3007 1
6338 0
5429 2
3008 1
6339 0
16113 0
1969 3
8631 2
3010 1
3209 1
15820 0
3394 1
6341 0
534 3
6342 0
2893 2
14006 0
6343 0
6344 0
4193 1
14555 0
3346 2
4531 2
6345 0
4741 1
3015 1
4610 1
3016 1
6347 0
4023 3
13865 0
6639 0
2272 2
6348 0
5598 1
6349 0
11978 1
3019 1
6350 0
2626 3
4775 2
3020 1
6449 0
6351 0
3021 1
3632 2
28569 1
6352 0
6835 0
3579 1
3221 1
15729 0
14863 3
3024 1
6355 0
6692 1
8876 0
16999 2
3495 2
6157 3
3025 1
7880 1
6490 1
6357 0
4565 2
2672 3
3027 1
8136 2
6358 0
11993 0
3028 1
2219 2
11663 1
9789 0
5343 3
6360 0
1347 2
6969 2
6361 0
3031 1
8449 1
6362 0
4062 1
17869 3
6012 2
3032 1
15344 0
3033 1
6364 0
12838 1
7939 0
3034 1
11460 0
6365 0
10038 0
3035 1
3418 1
4294 3
3036 1
6367 0
8996 1
11229 0
9352 1
3037 1
6368 0
3038 1
10728 1
6369 0
15106 0
3531 3
6370 0
701 2
7856 0
9379 4
3040 1
11312 1
6371 0
15308 0
12692 0
3042 1
6373 0
745 4
13924 0
6374 0
10413 1
3764 1
6375 0
6473 0
452 4
3045 1
14626 0
1604 2
33335 0
3047 1
5518 2
6378 0
3048 1
6379 0
2055 4
2343 2
3049 1
6380 0
2882 4
5370 2
3050 1
6381 0
15655 0
623 3
9877 1
3052 1
6549 1
6865 0
12056 1
22873 0
6384 0
3251 1
6187 1
3055 1
6386 0
18841 1
6388 0
3058 1
9563 2
5860 1
3059 1
3257 1
3060 1
15933 0
3061 1
29726 0
6392 0
5709 2
3442 1
13261 4
3062 1
6393 0
6491 0
8520 1
3063 1
6394 0
4648 2
6395 0
2727 3
7450 2
3065 1
6396 0
28718 0
3066 1
6397 0
16244 0
3067 1
6398 0
6399 0
3069 1
6400 0
13983 0
3070 1
7037 1
6788 0
1528 3
15836 0
3788 1
233 3
6402 0
6978 0
3072 1
4098 1
6403 0
6598 0
8768 2
3073 1
3074 1
6312 1
3084 2
6405 0
7070 2
3075 1
15189 0
4527 1
6526 1
11770 1
3076 1
14697 0
3077 1
8249 2
5295 1
3078 1
6409 0
6608 1
3079 1
8675 0
7447 0
719 2
3080 1
6411 0
2414 2
3081 1
7704 2
6412 0
6425 1
3082 1
9301 4
6413 0
27674 2
6288 3
7631 0
6414 0
8213 1
18871 3
4670 1
9019 0
4407 3
3086 1
2422 3
6417 0
3638 3
14155 0
5057 1
5607 2
3466 1
3087 1
8426 0
22327 0
9960 1
3088 1
7815 0
9766 0
10252 0
6711 0
712 3
3090 1
6421 0
13861 3
8771 1
8082 0
4172 3
6422 0
12969 1
7091 0
24139 0
5480 3
6521 0
6667 3
6424 0
3094 1
565 4
8591 1
3095 1
15756 0
6426 0
14042 0
3096 1
6427 0
7281 0
33674 0
3097 1
3812 1
19588 1
3098 1
6429 0
3099 1
6430 0
3100 1
4731 2
3651 1
6432 0
1383 2
3102 1
6433 0
6434 0
3299 1
3104 1
6435 0
3105 1
24523 1
6436 0
16969 1
8616 0
6437 0
6438 0
6729 0
3013 4
3108 1
14768 0
3109 1
6440 0
2828 3
12456 0
8189 0
3111 1
2485 2
2192 4
15272 0
6443 0
2148 3
3113 1
10877 1
29181 1
3985 1
9694 2
3116 1
6447 0
3117 1
6448 0
894 4
12204 1
2839 3
6836 0
6450 0
15486 0
10442 0
3669 1
3120 1
6451 0
6646 0
3121 1
3122 1
454 3
6551 0
3263 2
10591 1
11877 1
6179 2
1379 3
6455 0
16375 0
10043 1
28034 2
3125 1
21004 1
8662 1
5696 2
2959 2
8362 2
6458 0
3128 1
3323 1
7811 2
9519 1
6460 0
801 3
11514 1
3130 1
12172 0
6726 1
3132 1
743 2
2082 2
6658 0
3133 1
3745 3
12859 0
3134 1
7133 0
3329 1
9169 1
6563 0
3135 1
6466 0
6990 1
4966 2
4728 2
4520 3
3136 1
8905 2
6467 0
9731 0
1401 2
4814 2
6468 0
4581 1
3138 1
2637 2
6469 0
3139 1
3687 1
7599 2
15857 0
3140 1
14839 0
6569 0
6419 3
3141 1
1114 2
2556 2
678 4
6475 0
3145 1
3146 1
6477 0
5706 1
8077 1
7513 0
6478 0
3148 1
2810 2
6479 0
14160 0
36273 0
3149 1
15355 0
13100 1
6480 0
11651 0
3150 1
6481 0
6482 0
6483 0
4456 1
6581 0
3347 1
3153 1
6484 0
5549 2
2929 3
6485 0
7430 0
3155 1
6486 0
5617 3
6487 0
22879 2
3157 1
6488 0
4319 1
6785 1
8733 1
11426 0
3158 1
6489 0
15575 0
3159 1
5882 2
15618 0
3160 1
16159 0
3161 1
6492 0
20414 1
14304 0
10126 1
7798 0
3162 1
10680 1
6493 0
7709 0
3163 1
7272 2
6495 0
3165 1
3144 4
6496 0
16050 0
3359 1
5785 2
4321 3
239 3
1126 2
6498 0
6884 0
3168 1
6499 0
12317 1
6694 0
4873 1
890 3
3169 1
6500 0
761 2
11984 1
8421 0
6599 0
3171 1
3859 2
14910 0
3172 1
9684 0
6504 0
9825 2
3174 1
11615 1
16756 1
14219 0
3175 1
6506 0
2627 2
2329 4
7918 2
3176 1
6507 0
3585 2
3884 1
8475 2
6508 0
3371 1
6182 1
6509 0
3179 1
6510 0
12330 1
6801 0
3180 1
3852 3
7086 0
3181 1
6512 0
3728 2
4045 1
3182 1
16506 0
1676 2
2488 2
2595 3
6844 1
3184 1
6515 0
5385 1
15958 0
3185 1
6516 0
4633 3
15438 0
1719 3
25021 1
6517 0
6931 1
3187 1
6518 0
11026 1
6519 0
3189 1
6520 0
8804 1
3190 1
1138 2
6522 0
3192 1
1043 4
6718 0
3193 1
24931 0
4206 1
3194 1
791 4
8950 1
6525 0
773 2
9376 0
3196 1
3389 1
3197 1
10277 0
6528 0
7288 0
3156 2
2118 2
6819 0
3198 1
6529 0
10209 1
15664 0
6550 3
3030 3
3199 1
9042 2
3200 1
5028 1
8404 1
3201 1
14278 0
3574 1
10769 1
6533 0
3908 1
10040 0
6534 0
14981 0
5874 2
6536 0
1437 2
3206 1
6537 0
7389 0
2698 2
1915 2
3207 1
4504 1
12629 0
9554 0
979 3
7373 2
6540 0
16272 0
36579 0
6541 0
6903 1
3006 3
4980 2
3211 1
6542 0
3212 1
6543 0
16157 0
3213 1
6544 0
35524 0
6545 0
7748 2
3407 1
3215 1
6346 2
6932 0
3216 1
8989 4
6547 0
2327 3
3217 1
6742 0
8380 0
7122 0
3218 1
12430 1
14809 1
11716 1
3219 1
7217 0
5754 3
3220 1
9686 1
8875 1
7264 1
3413 1
6552 0
6553 0
8558 0
15521 0
3275 4
8025 2
11269 2
15755 0
3224 1
6555 0
4790 1
6653 0
12367 4
3225 1
13026 0
8588 2
6558 0
13987 2
14337 0
466 3
6559 0
3959 3
3229 1
3932 1
16059 0
6560 0
3230 1
6561 0
6659 0
6562 0
19291 2
9956 2
9342 1
3233 1
6564 0
8825 0
3234 1
7045 0
12351 0
15052 0
10292 1
6566 0
4746 3
12193 5
8048 0
14453 0
6567 0
3777 1
6962 1
7692 0
2769 2
3239 1
2466 4
30171 1
6570 0
3240 1
16637 0
6571 0
5552 1
4470 3
3241 1
10858 1
6572 0
3242 1
7787 0
6573 0
16351 2
3243 1
8143 0
12467 1
3131 3
797 2
3244 1
904 4
5963 2
1576 3
4939 1
10485 0
6456 1
3246 1
6577 0
6578 0
23572 1
5063 2
7882 0
1068 3
3248 1
6579 0
4105 1
3249 1
6580 0
6777 1
3250 1
5157 2
5909 1
3252 1
3622 1
8946 1
3253 1
6778 0
6584 0
7474 2
7158 0
14396 0
3254 1
6585 0
3341 2
3255 1
3256 1
6681 3
4925 2
6055 2
5728 2
6588 0
12091 5
3258 1
3449 1
3259 1
15604 0
1174 2
16385 0
16264 0
3260 1
6575 1
6591 0
6689 0
3261 1
6592 0
7443 0
1945 2
6682 1
4552 1
4689 1
2154 2
11175 1
9179 2
7021 1
6594 0
11817 1
3264 1
9193 0
13362 1
11842 0
12198 1
6596 0
6597 0
15123 0
3267 1
1192 4
809 2
2536 2
8274 1
3268 1
12543 1
10023 0
6600 0
25651 0
5213 1
3270 1
2840 2
10669 0
6601 0
8132 2
6891 0
3461 1
3271 1
8881 4
6602 0
1724 2
3272 1
10375 1
6701 0
681 3
6604 0
1473 2
16160 0
6605 0
6153 1
23836 1
6606 0
4066 3
3276 1
6607 0
23714 1
3467 1
8701 2
15842 0
3646 1
6609 0
3279 1
6610 0
3280 1
6611 0
14455 0
10947 1
3406 4
3281 1
6612 0
4135 1
2768 3
3282 1
1186 2
5891 3
3283 1
6614 0
17947 6
6052 2
9017 1
6615 0
5146 2
3285 1
4859 3
3286 1
29318 2
15892 0
1157 3
3232 3
6619 0
3289 1
7897 2
6620 0
10087 2
6814 0
7080 1
20203 1
3290 1
35956 0
821 2
6719 0
6622 0
17582 2
23407 0
7223 1
3292 1
6624 0
3294 1
1017 4
6625 0
3831 1
6626 0
3296 1
6627 0
15687 0
3514 2
3297 1
6628 0
9129 1
16768 0
3298 1
7575 2
6630 0
5362 1
19339 1
3300 1
6631 0
3301 1
6632 0
1910 3
6826 0
3491 1
2911 2
3302 1
6633 0
827 2
2603 4
3173 3
3303 1
6635 0
3305 1
1198 2
6636 0
131 5
12802 0
3306 1
6637 0
12604 1
6927 0
10502 2
14514 0
27122 0
3307 1
16371 0
6638 0
6513 2
10458 1
6737 0
23449 2
16498 0
3310 1
6641 0
7764 0
3311 1
14602 0
6642 0
8298 0
3312 1
6643 0
12305 1
3313 1
6644 0
17533 2
6812 3
3314 1
3849 1
3315 1
4314 1
8595 1
4619 3
9088 1
7139 1
3316 1
6647 0
6648 0
8239 2
3318 1
13193 0
6649 0
12656 1
16261 0
3319 1
3228 2
9330 0
6650 0
11036 1
2506 3
6651 0
3321 1
6652 0
5229 2
3322 1
30098 1
29606 2
4086 2
13493 1
9994 0
4173 3
6141 2
3324 1
6655 0
3325 1
6656 0
839 2
7135 0
3326 1
9316 2
1246 3
8814 2
3328 1
107 4
3694 1
478 3
6660 0
15265 0
3330 1
6661 0
9515 1
3331 1
6662 0
1 2
3332 1
6663 0
2 2
3333 3
6761 0
14573 0
6664 0
15770 0
2982 2
3867 1
7966 0
3 2
6665 0
8144 0
4 2
3335 1
4972 3
5 2
3336 1
6 2
11324 1
7 2
3961 2
3338 1
7610 0
6669 0
3537 4
12530 0
3527 1
8 2
3824 2
3339 1
6670 0
1509 2
9 2
10 2
6672 0
11 2
1341 4
6673 0
7198 1
12 2
7676 2
3343 1
7432 0
13 2
251 3
1130 4
3344 1
8417 0
14 2
3533 1
3345 1
26989 0
6676 0
10541 1
15 2
6028 3
6677 0
16 2
7343 0
10218 2
6678 0
4487 1
9159 1
21877 3
17 2
3348 1
4195 1
6679 0
9022 0
7711 0
18 2
7170 1
19 2
3350 1
16029 0
20 2
17473 3
3351 1
6779 0
3539 1
21 2
3091 2
6683 0
22 2
12019 1
5648 1
23 2
2930 2
3354 1
16478 0
24 2
3355 1
6228 2
6686 0
16899 0
25 2
7165 0
16020 0
26 2
3357 1
15397 3
6688 0
27 2
3358 1
1772 2
21158 2
5312 2
28 2
857 2
6690 0
14632 0
10516 0
11125 1
16611 0
29 2
12412 1
3360 1
6691 0
4052 1
30 2
5907 2
3361 1
15336 0
31 2
3362 1
6693 0
4910 1
32 2
6230 2
6791 0
262 5
16362 0
33 2
3364 1
8046 2
6695 0
9953 0
34 2
3053 2
3365 1
8346 2
6696 0
35 2
2740 4
3366 1
5348 2
6697 0
1335 3
1773 3
36 2
3367 1
5172 1
37 2
3368 1
20437 2
6699 0
12769 1
2005 2
7257 1
38 2
6319 3
3369 1
6700 0
3557 1
39 2
12741 1
3370 1
4280 3
863 2
83 3
40 2
7551 0
6702 0
7491 1
1234 2
6943 3
41 2
1527 2
3903 1
6703 0
42 2
3373 1
43 2
6898 0
3374 1
44 2
3375 1
6803 0
214 4
45 2
3376 1
25276 1
46 2
8927 2
3377 1
10291 0
6708 0
3434 3
47 2
5122 2
6709 0
48 2
3742 1
3379 1
9230 1
6999 0
6710 0
49 2
2941 3
3380 1
13624 1
12033 0
50 2
3381 1
11659 5
51 2
11857 3
6463 1
10624 1
52 2
3383 1
6714 0
53 2
3419 2
7836 0
3384 1
699 3
6715 0
54 2
6716 0
5085 3
6313 3
55 2
6023 1
14751 0
25252 1
3386 1
7195 0
6717 0
4076 1
56 2
3387 1
8975 0
7777 2
57 2
3388 1
29559 0
58 2
8471 1
6720 0
9453 2
6721 0
4768 3
60 2
3391 1
6722 0
3754 1
3921 1
18511 3
61 2
3392 1
8809 0
62 2
3393 1
15407 0
6724 0
63 2
1243 4
3581 1
4529 1
64 2
3340 3
5395 2
7316 1
3395 1
16109 0
65 2
3396 1
6727 0
3668 4
3124 2
66 2
3397 1
6728 0
7017 0
5446 1
67 2
12120 1
6922 0
3398 1
5071 1
68 2
3399 1
11214 1
6827 0
6730 0
7302 0
69 2
3400 1
6680 2
6731 0
11820 0
1796 2
70 2
6732 0
2429 2
9308 1
16585 0
3402 1
10718 0
6733 0
72 2
6734 0
881 2
12975 0
73 2
3404 1
74 2
10349 2
10020 1
6833 0
6736 0
1424 3
75 2
3593 1
76 2
15936 0
12519 1
15163 1
6738 0
166 3
77 2
16463 0
78 2
3409 1
6740 0
6165 3
16724 0
79 2
6934 0
3410 1
13360 0
80 2
9669 0
3411 1
9835 0
81 2
3412 1
6743 0
14750 0
8453 2
11473 1
82 2
17030 0
887 2
84 2
6746 0
85 2
3416 1
2101 3
86 2
3778 1
14359 3
3417 1
1490 4
2799 2
6748 0
4387 3
87 2
12882 1
6749 0
88 2
6750 0
10707 1
3420 1
6751 0
20413 4
90 2
10896 0
393 5
26671 0
6752 0
7375 1
91 2
3535 3
6753 0
8406 0
92 2
321 4
3423 1
6754 0
908 3
93 2
2685 3
7028 1
6755 0
15478 0
94 2
4696 1
95 2
3426 1
9040 2
96 2
6758 0
257 3
97 2
9688 1
3195 2
6759 0
98 2
3429 1
6760 0
6857 0
2877 4
7074 3
99 2
3430 1
3957 1
100 2
8786 1
3431 1
6762 0
3617 1
5478 2
3432 1
7427 0
6763 0
7878 2
102 2
3433 1
12878 1
7053 0
103 2
7148 0
6765 0
3598 2
104 2
3435 1
16198 0
6766 0
5198 3
6863 0
105 2
1563 2
3436 1
7338 0
106 2
6768 0
3623 1
6725 1
13755 1
6769 0
11303 1
4124 1
108 2
8195 2
3439 1
109 2
3440 1
6771 0
110 2
3441 1
7528 0
6772 0
6869 0
6939 1
111 2
4571 1
6408 2
3802 1
9372 1
12221 1
112 2
3443 1
6774 0
1356 4
16019 0
3444 1
249 3
6775 0
114 2
3445 1
1513 3
6776 0
115 2
3446 1
6838 1
116 2
7255 0
4285 1
7434 1
117 2
7456 1
10280 0
16692 0
119 2
3450 1
6781 0
120 2
3451 1
6782 0
7071 0
121 2
8347 0
6783 0
16564 0
122 2
6401 2
9590 2
11413 5
6784 0
123 2
24883 1
3454 1
3799 4
3814 1
124 2
3455 1
19549 3
6786 0
125 2
3456 1
10790 1
15549 0
126 2
3457 1
911 2
7908 0
1282 2
127 2
3458 1
6982 0
6789 0
128 2
3459 1
6790 0
8560 2
129 2
3266 2
7730 0
14900 0
130 2
6792 0
8531 0
3462 1
6793 0
10480 2
132 2
3463 1
6794 0
8620 0
133 2
3464 1
6795 0
6086 2
134 2
4494 3
14868 0
3465 1
6796 0
4917 3
5744 1
135 2
136 2
3636 3
6798 0
3826 1
11623 2
3468 1
12995 1
6799 0
5561 2
138 2
3469 1
6800 0
139 2
428 4
140 2
3765 2
17161 0
6899 0
141 2
3472 1
7374 0
4313 2
6302 3
3473 1
2471 2
6804 0
11371 5
143 2
9443 1
5137 1
3474 1
7493 1
16287 0
3659 1
35855 0
144 2
3475 1
4458 1
145 2
3476 1
6807 0
9153 2
146 2
7979 2
16303 0
3477 1
6808 0
25573 0
3114 3
147 2
11392 1
3478 1
6809 0
524 5
1294 2
148 2
4744 1
3480 1
6811 0
4315 1
16102 0
150 2
332 3
8021 0
6497 2
5539 2
151 2
167 4
3482 1
6813 0
152 2
3483 1
6911 0
153 2
3484 1
1844 2
6815 0
1602 3
154 2
6220 1
3485 1
5311 3
155 2
156 2
3671 1
3507 3
12322 1
11622 1
7205 3
6818 0
157 2
1970 3
15620 0
3488 1
929 2
158 2
4613 1
6820 0
6917 0
7576 0
159 2
3490 1
6446 1
160 2
717 3
6822 0
14927 0
3337 2
161 2
1639 4
3492 1
6847 2
6823 0
3014 4
162 2
3493 1
3677 1
6824 0
8822 0
1469 4
163 2
3494 1
6825 0
4194 2
164 2
15481 6
12224 0
165 2
13886 1
3496 1
16799 0
13015 1
10187 1
16665 0
3498 1
6829 0
168 2
3499 1
5319 2
1306 2
169 2
5030 1
3500 1
6831 0
7552 1
170 2
4063 2
6832 0
13148 0
12733 1
171 2
3502 1
13527 0
30962 2
172 2
6834 0
9510 0
3504 1
29714 0
174 2
3862 1
9487 1
9514 1
5644 2
175 2
3506 1
6837 0
176 2
8667 2
2853 2
263 3
3508 1
9178 0
10257 0
3509 1
941 2
6840 0
16950 0
5899 1
3510 1
6841 0
8668 1
180 2
3511 1
3497 2
3737 3
7409 1
181 2
3930 4
2298 2
3512 1
4601 3
6843 0
182 2
3513 1
8344 2
183 2
16376 0
6845 0
184 2
3515 1
6846 0
26668 1
185 2
186 2
4196 1
3517 1
11481 1
535 4
16185 0
14986 0
187 2
3701 1
415 3
3518 1
13108 1
502 3
188 2
3519 1
15691 0
6947 0
947 2
189 2
3520 1
6851 0
1318 2
10611 2
6586 2
190 2
6852 0
12017 0
8080 2
10755 0
21583 2
7718 1
192 2
3408 2
3523 1
2095 2
193 2
1691 3
7143 0
6855 0
194 2
3525 1
4189 2
1868 2
195 2
3526 1
9861 1
9266 2
196 2
7611 1
6858 0
2864 3
3528 1
30794 0
37204 0
6859 0
198 2
3529 1
17292 0
6860 0
953 2
199 2
10956 1
21122 1
6861 0
23941 0
7054 0
7244 0
8336 0
200 2
6862 0
6959 0
201 2
12423 1
3532 1
2292 3
6864 0
5316 1
8947 0
203 2
4792 1
3534 1
204 2
23323 0
5424 3
17821 1
6866 0
7713 0
205 2
3536 1
6867 0
3719 1
6439 3
655 5
206 2
9585 1
207 2
3538 1
7624 0
208 2
6870 0
209 2
5066 3
6871 0
16440 0
932 3
210 2
5447 1
3541 1
6872 0
211 2
8383 4
3542 1
6873 0
5727 2
19837 1
7066 0
212 2
3898 1
19897 2
35894 1
6971 0
2513 2
1582 4
16906 0
15045 0
6875 0
25807 1
7336 3
3545 1
215 2
12888 0
6877 0
8977 1
20737 1
216 2
3547 1
6878 0
217 2
6879 0
218 2
12840 1
3549 1
6880 0
6977 0
219 2
7909 0
220 2
6574 2
3551 1
15762 0
10542 0
6882 0
221 2
3552 1
6883 0
9641 0
222 2
3553 1
7670 1
16465 0
223 2
3554 1
8774 2
6885 0
16268 0
3479 2
7078 0
498 3
224 2
3555 1
6886 0
6983 0
3372 2
225 2
3556 1
3151 4
3838 3
10222 0
11570 1
6888 0
8799 0
10951 0
228 2
3559 1
6890 0
17063 0
4708 3
20473 0
32421 1
229 2
971 2
6675 2
13152 1
7179 0
230 2
6892 0
231 2
11771 1
232 2
1780 3
3564 1
642 4
234 2
4083 1
3565 1
235 2
3566 1
6897 0
8181 2
1788 4
11039 1
3567 1
237 2
26329 0
13221 1
3568 1
6265 2
5090 1
9656 1
238 2
4244 1
6900 0
3223 2
4061 4
3682 2
3570 1
977 2
6901 0
15104 0
240 2
3571 1
6902 0
19519 5
11123 0
241 2
3572 1
2334 2
242 2
3573 1
7001 0
243 2
23701 2
334 4
1135 3
6905 0
244 2
3575 1
3287 3
245 2
6907 0
37516 0
12524 1
246 2
3577 1
6908 0
247 2
3578 1
10742 2
6909 0
7197 0
248 2
7292 0
3674 3
5810 2
4405 1
6910 0
3761 1
9864 2
983 2
250 2
6912 0
1354 2
3582 1
6913 0
15833 0
252 2
3583 1
35358 0
6914 0
253 2
3584 1
4101 1
7014 2
269 3
254 2
5537 3
6916 0
3767 1
6744 1
7013 0
22081 0
255 2
3586 1
3550 2
256 2
17423 0
3587 1
6918 0
3588 1
6919 0
8493 2
258 2
3589 1
10354 1
259 2
6921 0
7767 0
260 2
7114 0
3591 1
17013 0
8218 0
581 3
7019 0
261 2
6923 0
5614 1
16554 0
9794 2
6924 0
3946 1
1695 4
15517 1
786 5
14803 6
6925 0
13694 0
264 2
32619 1
4566 1
6926 0
265 2
3596 1
12947 1
266 2
5730 2
3597 1
6928 0
3779 1
7279 1
6929 0
7405 0
268 2
13321 0
6930 0
6764 2
6576 3
3600 1
26373 1
270 2
3939 3
3601 1
271 2
1366 2
3602 1
6933 0
7467 3
272 2
1869 3
3603 1
4119 1
11122 1
273 2
16577 0
3604 1
6935 0
5745 1
7689 1
3605 1
6936 0
275 2
3958 1
7788 1
3606 1
6937 0
1916 2
4815 3
276 2
3607 1
6938 0
514 3
34279 0
277 2
3608 1
278 2
9666 1
2167 3
17176 0
279 2
3610 1
20114 3
6941 0
15198 0
280 2
3611 1
8282 2
12415 0
14148 1
21614 3
749 4
3612 1
4435 1
282 2
3613 1
6944 0
283 2
3614 1
15904 0
6945 0
3855 2
7233 0
5215 3
3615 1
6946 0
10116 0
7043 0
285 2
5388 1
3797 1
286 2
6948 0
9369 0
3621 2
287 2
3618 1
6949 0
288 2
3619 1
14659 6
6950 0
3288 4
21746 3
289 2
3620 1
5516 2
6951 0
290 2
1671 2
12625 1
6952 0
291 2
7196 1
6953 0
3803 1
292 2
15222 0
6954 0
4540 2
13289 1
10034 1
3624 1
2155 2
294 2
3625 1
5269 1
6340 1
6956 0
3626 1
9492 2
9962 0
296 2
3627 1
4192 4
31886 1
297 2
16434 0
3628 1
664 3
6001 1
7435 0
10537 0
1013 2
6960 0
25351 0
4739 1
6994 1
299 2
3630 1
6961 0
5013 1
300 2
3631 1
16968 0
3043 3
8865 1
301 2
9798 1
7101 1
24734 2
6963 0
7847 1
16643 0
302 2
7251 0
6964 0
3634 1
6965 0
304 2
5650 3
19454 3
3635 1
6966 0
11748 1
305 2
19046 3
6967 0
11920 1
306 2
3637 1
6968 0
16837 5
307 2
17120 0
308 2
1019 2
7162 0
6853 2
3639 1
6970 0
309 2
3640 1
8355 0
11205 1
310 2
3641 1
3821 1
1937 4
3642 1
6973 0
1958 3
22826 3
12214 0
312 2
3643 1
10001 2
1808 4
13054 1
3994 1
8622 0
313 2
6975 0
10873 5
17554 0
314 2
7637 0
3645 1
4016 2
6976 0
4040 3
315 2
15975 0
22742 3
316 2
2483 3
3648 1
6979 0
6747 2
8988 2
318 2
6980 0
3692 2
15281 0
13067 0
18758 3
319 2
3650 1
3110 2
320 2
1689 2
4427 2
7269 0
7079 0
917 5
5976 2
322 2
956 3
6984 0
3833 1
323 2
4922 3
3654 1
6985 0
7554 0
324 2
3655 1
6986 0
325 2
3656 1
4006 1
326 2
3657 1
6988 0
327 2
1031 2
6989 0
7906 1
328 2
7465 0
17289 0
856 4
329 2
3660 1
6991 0
7598 3
8551 0
330 2
3661 1
35754 0
36935 0
6992 0
1402 2
9168 1
331 2
3662 1
6993 0
3663 1
10807 5
7186 0
6713 3
8642 2
9869 1
4302 2
333 2
3664 1
6995 0
16517 0
3665 1
747 3
6996 0
23318 3
335 2
12726 1
18602 3
3666 1
501 4
6997 0
336 2
3667 1
16714 0
6998 0
13447 1
337 2
9334 0
338 2
14279 1
7000 0
3670 1
340 2
2776 2
3841 3
16732 0
341 2
3851 1
6444 2
3672 1
7945 1
342 2
3673 1
7004 0
3460 3
343 2
7648 1
4638 1
344 2
3675 1
11837 1
345 2
7388 0
7103 0
15340 0
17069 0
3676 1
9605 2
7181 2
7007 0
4781 1
8302 0
11288 1
7008 0
8124 0
3678 1
7009 0
6942 2
348 2
3679 1
38092 0
349 2
3680 1
7011 0
1707 2
350 2
3763 2
3681 1
7012 0
10521 1
351 2
2047 3
7109 0
352 2
3425 4
3683 1
3684 1
3863 1
7015 0
10994 0
7768 0
15931 3
5763 3
7965 1
3685 1
15347 0
4323 4
7016 0
17227 0
1964 2
3686 1
33512 0
1049 2
13426 1
7018 0
7679 0
27974 0
357 2
3689 1
7495 0
7020 0
6059 2
5364 3
3690 1
4141 3
17978 3
360 2
13161 1
3691 1
2406 2
7022 0
5067 1
361 2
21079 2
753 3
7023 0
362 2
3693 1
7024 0
1921 4
526 3
11004 2
363 2
7121 0
8759 0
10520 0
364 2
9940 1
3695 1
7026 0
4936 1
365 2
3696 1
9095 2
24566 1
7027 0
18079 3
366 2
13494 0
3697 1
1165 3
9192 0
367 2
12283 3
3698 1
173 4
4364 1
368 2
7030 0
369 2
7127 0
3700 1
8484 2
370 2
5029 3
16600 0
371 2
830 3
24182 3
17685 0
15399 0
7033 0
3881 1
137 5
372 2
3766 2
3703 1
7034 0
373 2
3704 1
7035 0
7970 0
5210 1
374 2
3705 1
7036 0
7323 0
1061 2
375 2
6739 1
3706 1
4054 1
963 4
10138 2
376 2
3707 1
7038 0
17762 3
377 2
3708 1
15943 5
7039 0
5835 1
378 2
3709 1
17402 0
8860 0
7040 0
1048 5
379 2
3710 1
7041 0
12827 1
380 2
3711 1
16821 0
7234 0
8024 1
12069 1
381 2
28684 1
3712 1
5921 2
3834 2
9845 1
3713 1
3714 1
11926 1
384 2
11184 0
7046 0
385 2
2086 4
7047 0
386 2
13560 1
387 2
7031 2
3718 1
7049 0
6531 1
4227 1
24386 3
388 2
7050 0
1438 2
3720 1
5603 1
17170 0
390 2
3721 1
2136 3
7052 0
20827 0
391 2
11350 0
3722 1
5959 3
2215 2
392 2
3723 1
7246 0
7341 0
7151 0
3724 1
4388 1
1362 3
7056 0
10793 0
395 2
3726 1
9718 2
7057 0
12606 0
6142 2
6850 3
10011 1
396 2
14410 1
3727 1
7058 0
397 2
7059 0
398 2
281 3
399 2
3730 1
7721 0
2364 3
7061 0
16851 0
400 2
3731 1
4078 1
8445 0
7063 0
402 2
17334 0
3733 1
7816 0
7064 0
3911 1
403 2
3734 1
7065 0
5876 3
4242 3
3222 3
10579 4
405 2
14857 3
406 2
7068 0
407 2
13268 1
14017 6
7069 0
16683 0
408 2
913 3
3739 1
3917 1
409 2
3740 1
16188 0
410 2
3741 1
7072 0
5713 2
7073 0
412 2
4454 4
4555 1
2034 4
9827 0
9202 2
3744 1
3905 2
7075 0
414 2
8585 2
7076 0
3923 1
3746 1
7077 0
3562 4
6920 2
6103 1
3170 2
416 2
19153 3
3747 1
417 2
3748 1
18247 1
2824 2
10491 0
5136 3
418 2
3749 1
7555 0
3750 1
4412 1
7081 0
13563 1
16910 0
8083 4
420 2
11454 1
8196 0
22663 3
3751 1
7082 0
11135 2
3929 1
421 2
3752 1
1091 2
7083 0
5121 1
9062 1
422 2
3753 1
7084 0
13246 0
1070 4
423 2
12015 1
7085 0
424 2
3755 1
7929 0
12928 1
425 2
3945 2
3756 1
7087 0
3757 1
7120 2
427 2
3758 1
668 4
10082 1
7089 0
17515 0
7090 0
3653 2
7377 0
429 2
15496 0
17816 0
3760 1
7187 0
2225 3
430 2
7922 1
1097 2
3762 1
8386 0
2674 3
432 2
6225 2
4008 3
7094 0
433 2
12411 0
2012 2
7662 0
8142 1
7095 0
5513 3
8653 0
434 2
17271 0
435 2
274 5
7193 0
7097 0
436 2
7098 0
1179 5
13673 1
437 2
3768 1
1761 2
7099 0
7348 2
438 2
3769 1
439 2
3770 1
10275 2
3947 1
1103 2
440 2
3633 3
2245 2
7102 0
441 2
3772 1
16259 0
7530 1
7484 0
7763 0
442 2
8023 4
3773 1
7104 0
10688 1
3774 1
4767 2
7105 0
444 2
3775 1
5401 1
7106 0
996 3
6623 2
3976 2
4281 1
7860 3
9831 2
4436 1
538 3
7107 0
446 2
9359 1
7108 0
13837 6
22507 0
14028 0
448 2
6246 1
7110 0
15871 1
4343 3
1109 2
3780 1
17441 0
7111 0
5893 3
5532 1
450 2
3781 1
7112 0
15576 0
4126 1
451 2
7864 0
3782 1
7113 0
3783 1
9531 0
453 2
3784 1
7211 0
7115 0
5989 3
14541 1
3785 1
3516 2
13375 1
455 2
3786 1
9952 0
12218 1
456 2
3787 1
7118 0
771 3
11537 1
457 2
39693 0
458 2
3789 1
7025 1
8686 2
10153 1
459 2
6987 3
3790 1
8201 1
9309 2
460 2
2235 4
3791 1
3792 1
462 2
3793 1
2147 4
12104 1
463 2
16988 0
3794 1
4138 1
7125 0
4112 2
464 2
4299 1
13667 0
3795 1
7318 0
465 2
5243 3
16766 3
346 4
3796 1
1486 2
7209 2
7508 0
1779 2
7128 0
3798 1
7129 0
468 2
8333 0
7130 0
13029 1
469 2
6308 2
3800 1
2314 3
7131 0
7698 0
4585 4
470 2
1177 4
3801 1
7132 0
471 2
7453 1
7229 0
21271 1
2036 2
7134 0
16330 0
473 2
29548 1
474 2
7136 0
475 2
7137 0
476 2
3807 1
4047 2
4660 2
15635 0
477 2
3808 1
17628 0
10794 0
11266 2
7140 0
3699 4
17372 0
7983 0
3810 1
7141 0
7615 0
480 2
15049 5
3811 1
8873 0
7142 0
481 2
16849 0
1079 3
22927 1
8940 2
482 2
3813 1
3989 1
7144 0
13700 1
483 2
4317 1
101 4
7431 0
7145 0
484 2
3815 1
7146 0
1195 3
485 2
4907 1
3816 1
9051 0
7147 0
10024 1
9223 0
8260 1
486 2
2681 2
13786 1
487 2
7364 1
7149 0
488 2
8173 0
3819 1
4162 1
7150 0
10397 0
4267 2
10380 1
489 2
34113 1
7342 0
7247 0
26522 2
20227 3
490 2
10224 1
7263 1
3822 1
492 2
3823 1
7154 0
8172 1
493 2
8535 0
4444 3
7155 0
11620 1
2872 2
494 2
3825 1
1310 5
7156 0
1797 2
4001 1
495 2
9944 2
4541 2
7253 0
7157 0
8090 0
496 2
17548 0
6112 2
3828 1
7159 0
3829 1
17088 0
411 5
499 2
7161 0
500 2
4007 1
4174 1
7354 0
8980 0
34239 1
7163 0
13482 1
4782 1
7164 0
10412 2
7991 3
15694 0
8787 2
6102 3
15645 0
504 2
7166 0
16401 0
7298 2
7167 0
7887 1
7734 0
506 2
6391 2
3837 1
7168 0
507 2
4013 1
9416 2
3401 3
508 2
4118 2
3839 1
5662 3
2403 3
3840 1
510 2
4645 1
38908 0
7172 0
12797 0
511 2
10255 0
14672 1
1151 2
512 2
2260 4
3843 1
5350 3
8319 1
7174 0
513 2
4019 1
3844 1
7175 0
7093 2
13130 1
9336 0
3845 1
7556 0
7176 0
515 2
7177 0
11233 0
516 2
3847 1
7178 0
517 2
3848 1
1284 4
518 2
16932 0
1162 3
3850 1
835 4
520 2
7182 0
2561 3
4353 1
1522 2
522 2
10295 1
3853 1
7124 3
26462 3
1398 3
523 2
37985 0
3854 1
4175 3
525 2
3856 1
7283 0
4198 1
13425 0
3857 1
17125 0
527 2
3858 1
22261 2
4716 4
7189 0
202 4
17741 0
528 2
529 2
3860 1
1163 2
7191 0
7515 2
530 2
3861 1
11703 1
7192 0
5604 1
5910 2
532 2
7194 0
533 2
3864 1
30621 0
8838 0
2514 2
293 3
6657 1
10855 1
2384 4
3866 1
27007 0
1004 3
536 2
11397 2
2305 2
16472 0
13899 1
3868 1
7199 0
4545 3
17177 0
3869 1
3806 3
7200 0
539 2
3870 1
7201 0
14195 0
540 2
3871 1
7202 0
11417 0
541 2
3872 1
12282 1
7203 0
11577 0
542 2
3836 4
3873 1
7204 0
6474 2
543 2
9259 1
17655 0
4049 1
544 2
3875 1
7206 0
1589 3
18078 0
545 2
3876 1
7207 0
546 2
3877 1
7208 0
547 2
3878 1
2865 3
2084 2
8411 0
2492 3
8888 2
6802 2
7210 0
789 3
549 2
13589 1
3880 1
7402 0
7307 0
10783 0
550 2
7212 0
5866 1
551 2
4222 1
7213 0
552 2
1441 5
7214 0
2723 2
21181 0
553 2
3421 2
6215 3
7215 0
10366 1
554 2
12608 0
3885 1
7216 0
17015 0
555 2
1245 3
3886 1
1181 2
15812 0
556 2
9716 0
3887 1
9089 2
3888 1
7219 0
558 2
1546 2
3889 1
16046 3
7220 0
559 2
5457 3
16166 3
560 2
3891 1
7222 0
8122 3
561 2
3892 1
26167 1
9550 1
13840 0
548 5
2373 4
3893 1
7224 0
7604 0
519 4
7225 0
564 2
4035 2
3895 1
7226 0
1187 2
1391 4
8437 1
3896 1
7227 0
566 2
10549 2
3897 1
7228 0
567 2
25957 0
5759 1
9218 0
17574 0
4073 1
7230 0
11044 0
27722 1
3900 1
7231 0
570 2
179 4
571 2
4260 2
3902 1
572 2
303 4
6354 1
3904 1
1193 2
7235 0
7331 0
574 2
7236 0
4079 1
575 2
4705 1
3906 1
7237 0
576 2
3907 1
7238 0
577 2
17266 0
7239 0
17854 0
578 2
30388 1
3909 1
35164 0
7240 0
15794 0
5128 1
7806 0
6128 1
579 2
1851 2
3910 1
6557 2
580 2
12371 1
4854 1
3912 1
7243 0
582 2
3913 1
4646 3
583 2
2335 2
5811 3
3914 1
7245 0
584 2
7476 2
3915 1
6015 1
585 2
4847 4
10437 1
7438 0
7261 3
14012 1
7248 0
25777 1
10553 1
4091 1
8155 1
7628 0
2581 3
13231 6
588 2
3919 1
7250 0
4258 1
589 2
10203 1
3920 1
17262 0
7252 0
7032 1
3922 1
8496 1
17098 0
7349 0
1328 3
592 2
7254 0
3924 1
5533 1
11528 2
4994 2
594 2
3925 1
7256 0
10170 2
595 2
3926 1
3927 1
13696 1
597 2
7259 0
598 2
7260 0
16614 0
600 2
3931 1
7262 0
601 2
9630 2
602 2
3933 1
18209 0
562 3
4331 2
13332 1
5283 1
603 2
6328 3
7265 0
11869 1
604 2
3935 1
12516 1
605 2
3936 1
7267 0
3973 4
3937 1
7268 0
5564 3
607 2
4735 1
1217 2
608 2
7270 0
15930 0
609 2
3123 2
10760 0
7271 0
13974 1
2533 4
1572 5
610 2
33674 1
611 2
4208 2
7652 0
3942 1
7266 2
1002 4
3580 3
7273 0
33734 0
2486 4
1498 4
6303 2
612 2
3943 1
7274 0
613 2
17675 0
3944 1
7275 0
4282 1
614 2
615 2
7842 0
7781 1
616 2
1223 2
6640 2
4342 3
4443 1
7278 0
10508 1
17355 0
22161 2
404 4
3948 1
8210 0
8555 1
21513 2
618 2
34977 1
8253 3
7280 0
9693 0
619 2
3950 1
620 2
12460 1
3951 1
7282 0
6842 1
621 2
3952 1
7682 2
17947 7
7284 0
27674 3
7285 0
7565 2
4127 1
624 2
5033 1
7286 0
1229 2
625 2
3956 1
685 5
4604 1
626 2
12988 0
11022 1
14934 1
2670 3
627 2
8489 0
4747 3
17967 0
628 2
17181 0
7290 0
1411 3
629 2
18673 1
3960 1
10686 2
4133 1
13604 0
630 2
1594 2
16685 0
631 2
7765 0
3962 1
9238 2
7293 0
14362 0
5176 1
632 2
3963 1
3934 2
633 2
4893 2
3964 1
22791 2
7295 0
3965 1
4402 2
7296 0
15989 0
635 2
3966 1
7297 0
4461 1
4139 1
636 2
3979 3
14125 1
3967 1
1028 3
637 2
3968 1
807 3
9090 2
7299 0
638 2
3969 1
7300 0
4306 1
3970 1
8412 0
640 2
4765 1
3971 1
11952 1
3972 1
7303 0
2758 3
8857 0
4978 4
643 2
8399 1
3974 1
7305 0
13803 1
4369 2
644 2
8614 1
3975 1
10283 2
645 2
646 2
2586 2
7593 0
3977 1
7308 0
1434 3
3978 1
7309 0
13433 1
648 2
7310 0
9737 2
7398 3
3980 1
7311 0
10057 5
650 2
3981 1
24319 0
7312 0
651 2
7710 1
3982 1
10144 0
652 2
6981 2
7314 0
6107 2
6723 2
17399 0
6441 3
7315 0
28034 3
20001 2
654 2
5671 3
4157 1
4479 1
3986 1
3487 2
7317 0
656 2
5837 1
17444 0
657 2
3988 1
4780 2
17776 0
5960 3
38645 0
658 2
24523 2
11051 0
7320 0
30916 1
1605 4
3990 1
7321 0
12549 1
4926 1
14013 0
660 2
18340 0
23187 2
3991 1
7322 0
692 4
661 2
15458 3
3992 1
16048 0
7795 0
9853 3
2599 4
505 4
662 2
7729 4
3993 1
7306 1
7324 0
3056 3
4518 2
7654 2
663 2
5337 1
9456 1
31862 0
3995 1
7326 0
665 2
17264 0
3996 1
1494 3
4473 2
666 2
22879 3
3997 1
2759 3
7328 0
1618 2
667 2
3998 1
1259 2
1703 5
7329 0
8126 1
5599 1
3999 1
7330 0
4110 4
669 2
4000 1
7522 0
3809 2
670 2
8673 1
7332 0
671 2
4002 1
9575 0
7333 0
4848 3
672 2
4003 1
7334 0
14111 1
673 2
4004 1
7627 1
7335 0
4497 1
674 2
358 4
24069 2
675 2
12805 0
7337 0
12709 3
7433 0
8384 3
676 2
25009 0
2395 2
9741 1
4652 1
18080 0
12035 1
11472 0
4009 1
8270 0
7340 0
679 2
1631 3
12665 1
10650 1
680 2
7534 0
682 2
9191 2
7629 0
7344 0
7532 1
17869 4
2807 2
4014 1
18871 4
7724 0
684 2
4015 1
2682 4
10726 1
7346 0
15065 1
5224 1
7347 0
17976 0
686 2
14238 1
18957 2
4017 1
687 2
4018 1
16107 0
7914 0
688 2
15194 3
8638 0
7350 0
6224 1
822 5
10263 0
1923 2
689 2
4020 1
8371 0
7351 0
6806 2
690 2
36757 0
4021 1
7352 0
13910 1
691 2
4022 1
7353 0
13534 1
11804 0
10678 0
1277 2
3177 2
10823 2
10382 1
693 2
20833 1
7355 0
37914 0
7451 0
16827 0
4025 1
8104 0
7356 0
10396 2
5748 1
695 2
1816 3
4026 1
7357 0
696 2
9844 2
4027 1
7358 0
8732 1
6462 1
697 2
11650 0
4028 1
4544 2
7359 0
698 2
8199 0
4029 1
7360 0
4962 1
4030 1
7361 0
18939 2
24249 2
37878 0
7457 0
700 2
4031 1
7362 0
5109 4
7647 0
1283 2
5778 3
4032 1
7363 0
1642 2
17347 0
702 2
4033 1
1577 3
7743 2
703 2
6554 3
4034 1
1169 4
704 2
7366 0
705 2
4036 1
7367 0
20945 1
2848 3
1357 2
7558 0
9387 2
4037 1
606 4
1712 4
7368 0
8567 0
4038 1
7369 0
37101 0
4039 1
4509 3
7370 0
709 2
1289 2
11790 2
7439 2
4211 1
7371 0
1255 3
7372 0
16867 4
711 2
4042 1
10721 1
4533 1
2712 4
7535 3
713 2
4044 1
9101 0
26857 0
7849 2
714 2
12118 1
715 2
3759 3
4046 1
4217 1
1941 2
7378 0
4949 3
17536 0
6593 1
4048 1
7379 0
18471 0
7380 0
11189 1
25149 2
311 3
4050 1
1654 2
7381 0
720 2
4051 1
7382 0
721 2
7855 0
722 2
4053 1
723 2
5391 1
7385 0
14529 0
7481 0
724 2
4055 1
7386 0
725 2
1834 5
4056 1
16898 0
1301 2
726 2
4057 1
9292 2
6889 2
727 2
10548 0
4058 1
6494 2
18193 0
4229 1
16092 0
728 2
9884 0
4059 1
7390 0
4615 2
729 2
4060 1
7487 0
730 2
7392 0
731 2
7393 0
732 2
1416 2
4247 4
7394 0
6109 3
18083 0
733 2
25021 2
4064 1
13783 0
7395 0
8515 3
4152 3
1307 2
734 2
4065 1
7396 0
1052 3
735 2
17622 0
11046 0
14351 1
736 2
14248 1
13635 1
737 2
4855 1
7399 0
738 2
5272 1
4069 1
12727 1
7400 0
17430 0
739 2
1660 3
4070 1
8057 0
7401 0
740 2
4241 1
16225 0
40228 0
741 2
13179 0
7403 0
7832 2
7499 0
742 2
7594 0
6034 1
15196 1
1959 2
11295 0
8152 0
10792 1
9303 0
8388 1
9951 2
4074 1
7597 4
744 2
4075 1
5221 2
10509 2
7406 0
2937 3
7407 0
746 2
4077 1
9220 0
7408 0
748 2
5885 3
7410 0
4080 1
586 3
8850 1
4569 1
7411 0
750 2
4081 1
1319 2
7412 0
4414 1
751 2
707 4
12201 1
4082 1
752 2
959 5
4253 1
7414 0
4084 1
7415 0
1819 4
4724 1
754 2
7606 0
9054 0
4085 1
1678 2
12814 1
7416 0
755 2
7417 0
7160 2
4304 2
756 2
10960 2
7796 0
4087 1
7418 0
2658 2
757 2
4088 1
14186 0
7419 0
758 2
5240 4
4089 1
1475 2
4259 1
7420 0
865 4
759 2
2831 4
4090 1
7421 0
7517 0
760 2
14774 3
7422 0
4686 2
5050 3
4092 1
2825 4
7423 0
762 2
4093 1
7424 0
2955 3
763 2
4426 1
7425 0
6972 2
4095 1
7426 0
765 2
24289 1
4096 1
23533 1
7523 0
4097 1
7428 0
16284 0
11921 2
7429 0
2455 2
768 2
4099 1
8805 0
2228 2
769 2
4100 1
1977 2
4885 1
770 2
4271 1
24485 1
9393 2
772 2
7529 0
4103 1
4104 1
6974 1
774 2
6304 2
17711 0
7436 0
10863 1
3231 2
775 2
4106 1
7437 0
17513 0
8909 1
7672 3
1743 3
776 2
29318 3
4107 1
317 3
17877 2
777 2
18306 0
4108 1
5034 1
3247 3
12816 1
537 4
5570 1
7440 0
779 2
4748 1
7441 0
17673 0
780 2
18190 0
4111 1
7442 0
9536 2
7921 2
13736 1
782 2
25418 1
10899 1
4113 1
7915 0
7444 0
1965 5
4283 1
783 2
4114 1
7445 0
784 2
7541 0
4115 1
17679 2
7446 0
3026 3
1534 2
785 2
14124 1
4116 1
9653 1
14464 1
7448 0
3732 2
787 2
8912 0
12284 1
17040 0
4289 1
4120 1
5126 2
8032 1
790 2
7547 0
7642 0
10058 2
7452 0
32092 1
7737 0
3064 2
4122 1
8646 3
9932 1
792 2
4757 2
4123 1
7454 0
16343 0
793 2
8626 1
794 2
10622 2
4125 1
795 2
1336 4
4384 4
808 4
5992 3
796 2
13002 0
4471 2
4128 1
7459 0
798 2
4129 1
7460 0
799 2
41511 0
7461 0
14385 1
15327 1
800 2
8390 0
4131 1
7055 2
4676 3
7462 0
1926 4
11029 0
4132 1
7463 0
4915 1
8968 1
7559 0
16241 0
6780 3
803 2
4134 1
804 2
29606 3
2252 2
7466 0
4772 1
805 2
4136 1
8016 2
5151 3
806 2
10934 1
1714 2
7325 1
843 3
13261 5
7468 0
7612 2
1361 2
6258 3
7469 0
9624 0
5201 1
4140 1
1673 3
7471 0
810 2
11356 1
811 2
2694 2
1593 2
2938 4
4142 1
7473 0
26643 2
812 2
4143 1
17596 0
1826 3
813 2
4474 1
4144 1
7475 0
17800 0
814 2
4145 1
7666 0
815 2
4146 1
1096 5
1367 2
7477 0
36273 1
14696 0
9494 2
5371 4
816 2
16579 1
5731 1
4147 1
21877 4
7478 0
1285 3
817 2
12905 1
4148 1
7479 0
818 2
7480 0
3938 3
819 2
16402 0
11097 2
23449 3
5019 2
820 2
7577 0
17111 0
7482 0
8010 2
7483 0
4153 1
823 2
4154 1
1726 2
1373 2
8503 0
9727 5
7485 0
4828 2
3115 3
4626 2
824 2
4155 1
8141 0
12052 2
9725 0
825 2
10063 0
4156 1
4486 1
7583 0
7488 0
18419 0
18297 0
4158 1
7773 0
7489 0
828 2
4159 1
9027 1
829 2
12963 1
1076 3
4160 1
8365 1
4161 1
7492 0
831 2
7967 1
4325 3
832 2
7589 0
4163 1
14231 1
5993 1
7494 0
833 2
18733 0
26967 2
2980 4
834 2
4165 1
7496 0
4166 1
26563 0
7497 0
1864 3
14577 1
836 2
18180 0
4215 2
4167 1
7498 0
4769 2
837 2
13962 0
7138 2
1652 2
11005 1
10165 2
9482 0
4337 1
4169 1
11308 0
7500 0
7809 3
4170 1
32332 1
7501 0
19099 1
2276 2
840 2
8248 0
909 4
4171 1
11711 0
2096 5
7502 0
841 2
7503 0
842 2
7504 0
6685 2
12031 0
6099 3
17810 0
7505 0
844 2
10735 2
4659 1
7506 0
5630 1
845 2
4176 1
7507 0
2043 3
16461 0
846 2
4177 1
847 2
4178 1
7509 0
6707 1
848 2
2033 4
4179 1
7510 0
2031 2
849 2
8777 3
4180 1
1909 3
7511 0
850 2
7607 0
4349 1
5252 3
7702 0
7512 0
851 2
4182 1
17182 0
7514 0
6893 3
20413 5
7892 0
853 2
17889 0
4184 1
11883 0
854 2
4185 1
7153 1
7516 0
14342 3
9086 1
855 2
4899 2
4186 1
9685 2
4187 1
1038 4
12994 1
13370 0
5892 1
4188 1
7519 0
2515 2
858 2
7520 0
4521 4
859 2
7339 2
7890 1
8628 0
7521 0
8099 2
860 2
8895 0
4191 1
9595 2
861 2
3051 4
12450 1
8361 0
7524 0
14522 1
4677 1
3204 3
3112 2
7525 0
1711 2
864 2
9162 0
39038 0
7527 0
866 2
7587 1
4197 1
867 2
868 2
4199 1
9340 0
869 2
36579 1
11076 1
4200 1
870 2
4201 1
26255 1
13938 1
871 2
1409 2
7533 0
9429 0
16520 0
872 2
873 2
8005 0
4204 1
5502 4
7221 2
874 2
4205 1
1762 2
2933 2
18404 0
7536 0
7801 1
7726 0
4373 1
2049 2
875 2
4534 1
7537 0
876 2
4207 1
14863 4
7538 0
18532 0
877 2
7916 0
16390 0
878 2
4209 1
3470 2
7540 0
1233 5
4210 1
14338 1
11072 1
880 2
18281 0
35894 2
9145 1
4212 1
7543 0
7827 0
716 4
882 2
6407 3
12183 2
7544 0
11234 2
883 2
17253 0
4214 1
6511 1
1506 3
3152 3
884 2
7546 0
26786 0
1010 4
10272 2
4216 1
14690 1
4102 2
9008 0
1992 3
7643 0
7548 0
4970 2
4218 1
1503 4
7549 0
4546 1
888 2
4219 1
7550 0
889 2
4220 1
1770 2
6206 3
4221 1
18864 0
891 2
1774 2
10461 0
6285 1
892 2
7649 0
4223 1
4843 3
893 2
3438 3
4391 1
4224 1
10848 2
4225 1
5142 1
12193 6
3804 2
5448 2
5353 3
1427 2
6501 2
4226 1
2140 4
7557 0
13083 1
10959 0
896 2
5416 1
897 2
4228 1
8183 2
2227 5
12533 1
7560 0
899 2
4230 1
4397 1
8188 2
7561 0
42051 0
8621 1
10052 0
10740 1
900 2
4231 1
7562 0
11147 1
4713 1
901 2
4232 1
7563 0
2545 2
902 2
7006 3
7946 3
7564 0
11523 1
3293 3
5553 1
1433 2
903 2
7387 4
4234 1
8035 0
13112 1
4235 1
7566 0
7785 2
905 2
9696 2
7567 0
906 2
4237 1
9850 1
7568 0
40115 0
8908 3
907 2
4868 1
6416 1
10123 1
4238 1
9204 1
7569 0
4239 1
3129 4
7570 0
9637 0
4240 1
910 2
7572 0
7304 2
7762 0
1439 2
3164 4
7573 0
4409 1
5690 1
912 2
4243 1
7574 0
29726 1
914 2
4245 1
17324 0
915 2
14039 1
4246 1
15589 1
916 2
7673 0
1829 2
7578 0
11546 0
27903 2
7579 0
13199 0
7863 0
918 2
9523 5
4249 1
5041 2
7580 0
2766 2
919 2
4250 1
7581 0
920 2
4251 1
6071 1
1315 3
7582 0
921 2
4252 1
11309 0
10574 0
4658 4
4117 3
7584 0
17845 0
2075 3
4254 1
7585 0
12091 6
4421 1
924 2
4255 1
7586 0
16638 0
925 2
4256 1
18382 0
926 2
4257 1
1451 2
7588 0
18645 0
22538 1
14445 1
927 2
28137 2
928 2
7590 0
4498 3
1111 4
7591 0
930 2
4261 1
9834 2
7592 0
931 2
5633 4
4262 1
18067 0
6202 1
10379 2
4263 1
11218 1
21331 1
4892 1
4264 1
5178 1
7595 0
8065 0
9263 1
4265 1
7691 0
7596 0
12616 1
935 2
4266 1
13172 1
936 2
30098 2
937 2
4268 1
4594 1
938 2
4269 1
7600 0
8277 2
4749 1
939 2
4270 1
7601 0
5454 3
12314 2
940 2
7602 0
15481 7
14141 0
7603 0
1370 5
942 2
3382 3
4273 1
8166 0
2247 4
10841 0
1888 2
943 2
4274 1
7605 0
191 4
10961 2
8853 1
4275 1
8801 0
945 2
4276 1
2348 2
5359 2
946 2
9329 0
4277 1
5327 1
17395 0
7703 0
4278 1
7609 0
30962 3
4573 2
948 2
18995 0
949 2
5464 1
7988 0
9797 2
5112 2
950 2
16697 0
7613 0
8267 0
8985 0
952 2
16539 0
7119 3
622 3
7614 0
2103 2
14532 0
26989 1
4284 1
7899 0
954 2
1211 4
4451 1
7616 0
4286 1
7617 0
2358 5
4287 1
6556 3
957 2
4288 1
6876 2
1822 2
4916 1
7620 0
4290 1
17928 0
7621 0
2158 3
14140 1
9322 1
960 2
4291 1
4457 1
7622 0
3277 4
961 2
4292 1
7623 0
28569 2
962 2
4293 1
4618 1
7518 2
5065 1
7625 0
11289 1
8095 0
8283 1
964 2
4295 1
9039 3
7626 0
879 3
965 2
1481 2
966 2
4297 1
19519 6
4463 1
967 2
4298 1
3530 2
968 2
7630 0
18618 0
969 2
1947 2
4300 1
18084 0
18483 0
970 2
4301 1
7727 0
7632 0
7822 0
18156 0
1912 3
2802 2
12699 1
8469 0
972 2
28459 0
4303 1
33532 1
15720 1
973 2
1487 2
8012 0
974 2
1212 4
14552 1
4305 1
975 2
10207 3
976 2
9958 0
7638 0
7639 0
11245 1
17466 0
6821 1
978 2
8366 2
4309 1
8202 0
40415 0
1670 4
10486 2
7641 0
22339 1
980 2
2372 2
1493 2
981 2
4312 1
5183 2
3471 3
5258 2
7644 0
8570 0
4734 2
7834 0
3278 4
9104 0
7645 0
984 2
7470 2
5555 3
5010 3
7646 0
6420 3
4481 1
14916 1
895 4
4795 4
8392 0
986 2
9381 1
6940 1
987 2
4318 1
988 2
7650 0
1499 2
5764 4
989 2
4320 1
8350 2
7651 0
14796 1
2354 4
2605 2
990 2
991 2
4322 1
7653 0
2097 3
992 2
8604 1
16999 3
993 2
11298 0
12258 0
4324 1
7655 0
11074 2
8309 0
9898 2
7656 0
11690 1
995 2
7846 0
4326 1
5095 1
11360 1
2006 2
4803 1
7657 0
2270 3
18011 0
4327 1
27499 0
7658 0
2241 3
1542 3
997 2
4493 1
4328 1
12445 2
7659 0
998 2
4329 1
3017 2
999 2
4330 1
6613 1
7661 0
15030 0
1000 2
9379 5
7757 0
1001 2
4332 1
7663 0
7232 3
4333 1
7958 2
11950 0
10237 0
31737 1
10919 1
7665 0
16815 0
4883 2
1511 2
4335 1
14241 1
9983 2
3349 3
1005 2
1507 5
4336 1
7667 0
3208 2
19126 0
1007 2
7858 0
4338 1
1858 2
7669 0
1008 2
4339 1
3629 3
12782 1
31683 0
1009 2
4340 1
11508 2
17537 0
7671 0
12116 0
1124 3
4341 1
3390 4
18245 0
5020 2
1011 2
8224 1
1012 2
4666 1
7674 0
7291 1
9440 1
5254 2
4344 1
2489 5
7675 0
1014 2
13350 1
4345 1
4821 1
18584 0
2396 2
1015 2
8238 0
4346 1
7677 0
634 3
1016 2
18725 0
6698 2
4347 1
7678 0
4348 1
8455 2
6036 1
11565 0
7680 0
1313 4
4350 1
1523 2
7681 0
1020 2
4043 2
4351 1
3560 3
7553 2
1021 2
1345 3
4352 1
4517 1
2065 2
7618 1
9170 3
1022 2
10314 1
1023 2
7685 0
8879 0
1024 2
4355 1
4678 1
7686 0
1025 2
4356 1
7687 0
4296 3
1026 2
4357 1
7971 0
7688 0
10593 2
8523 0
6286 1
16688 0
11431 1
1027 2
4671 3
4358 1
10047 1
4523 1
15853 3
4359 1
7690 0
5656 3
2157 2
1029 2
8220 3
29181 2
4360 1
13861 4
16874 0
1030 2
8974 0
15851 1
4362 1
6705 3
7693 0
6527 3
29737 0
1032 2
4363 1
7694 0
18094 0
1033 2
18221 0
4839 1
2324 3
7695 0
1034 2
4365 1
7696 0
24883 2
15029 1
1035 2
1036 2
4367 1
7793 0
8351 0
2461 4
1037 2
4368 1
7699 0
5411 1
7700 0
13396 0
9999 2
9499 1
1039 2
28718 1
4370 1
347 3
7701 0
4496 2
1040 2
1882 2
4371 1
17608 0
4372 1
19291 3
7894 0
4374 1
11187 2
7705 0
8630 0
1044 2
14320 0
4375 1
7989 0
5325 2
7706 0
1045 2
5675 2
8153 1
4376 1
12865 1
7707 0
1046 2
4377 1
7708 0
5895 4
1047 2
4378 1
12367 5
2124 2
4379 1
26671 1
4932 4
24139 1
4380 1
4702 1
31706 0
1050 2
18334 0
5286 1
4381 1
15753 2
7712 0
14705 0
1051 2
4382 1
7345 3
1384 4
4857 1
4547 1
4383 1
7714 0
14933 1
1053 2
13410 1
13439 1
7715 0
1054 2
4385 1
7716 0
8185 0
9301 5
8378 2
1055 2
12576 2
4386 1
7717 0
8854 1
3590 2
1056 2
16933 0
1894 2
8544 2
35738 0
1057 2
1553 2
7636 2
3427 4
1757 3
1058 2
4389 1
11502 1
7720 0
382 4
18685 0
4390 1
5155 1
25651 1
1060 2
3649 3
3503 4
7722 0
7817 0
4392 1
7723 0
4714 1
24931 1
1063 2
1414 4
4394 1
18832 0
7725 0
19257 0
1064 2
1559 2
9558 1
4396 1
1066 2
8070 1
7697 2
7728 0
7823 0
1067 2
4398 1
18511 4
14766 1
1644 5
1069 2
4400 1
7731 0
18177 0
7868 1
2407 3
4401 1
8108 0
7732 0
1071 2
2620 5
1837 4
7733 0
1072 2
4403 1
11645 2
1906 2
7829 0
7067 2
1073 2
4404 1
5757 3
7735 0
10700 2
2183 2
7736 0
40002 0
14803 7
1075 2
4406 1
11418 1
5396 2
18984 0
5177 3
7738 0
2874 2
19549 4
4408 1
1078 2
7740 0
6634 3
4410 1
7741 0
10132 2
1080 2
1571 2
7742 0
1081 2
8577 0
8517 2
1082 2
12948 1
4413 1
16992 0
7744 0
8488 0
1083 2
10100 2
7745 0
1084 2
2568 4
4415 1
149 5
7746 0
9378 0
15142 1
7841 0
1085 2
11659 6
4416 1
5036 1
7747 0
1086 2
4417 1
1087 2
13752 0
4418 1
353 3
7749 0
17473 4
7464 1
1088 2
15982 1
7750 0
1074 4
4583 1
5322 1
1089 2
4420 1
18423 0
7751 0
11573 1
1090 2
7752 0
11797 0
7171 4
4422 1
8767 0
7753 0
9617 1
15197 0
1092 2
4423 1
8357 3
7754 0
13528 1
1093 2
11300 2
4424 1
7755 0
14443 1
1094 2
10410 0
9080 1
7719 2
7756 0
6465 1
1095 2
6227 1
1583 2
3447 2
8633 2
18358 0
7853 0
4428 1
7759 0
1098 2
4429 1
6108 1
7760 0
1099 2
3738 3
7761 0
11240 0
1100 2
8131 2
4431 1
2242 2
1101 2
4395 2
4432 1
7458 3
1102 2
5592 2
4433 1
27169 0
4434 1
18786 0
17750 0
1104 2
6026 4
23701 3
1105 2
1106 2
6854 3
4437 1
1578 3
18260 0
2490 3
1107 2
11098 1
5608 1
25807 2
7769 0
5467 2
9746 0
11572 0
1515 4
14659 7
1108 2
4439 1
7770 0
4911 1
17051 0
4440 1
7771 0
1110 2
3616 4
4441 1
30171 2
7772 0
5870 1
4442 1
4762 1
1112 2
5069 4
7774 0
12707 2
1113 2
20437 3
9580 0
4445 1
7776 0
197 4
1115 2
4446 1
14873 1
9058 0
1116 2
15070 1
4447 1
7778 0
8061 0
1117 2
2468 2
4448 1
7779 0
1601 2
9676 1
5858 3
1118 2
4449 1
8156 0
13031 1
29465 1
1119 2
1120 2
7782 0
7877 0
1942 2
3101 2
4452 1
19388 0
7783 0
11644 1
13334 3
1122 2
4453 1
7784 0
7060 1
1123 2
3820 3
4455 1
7786 0
4844 3
1125 2
1607 2
19097 0
3546 3
6741 3
7883 0
2301 2
1127 2
7978 0
7789 0
13559 1
1128 2
10201 2
4459 1
7790 0
2751 5
18512 0
9681 0
1129 2
2229 2
4460 1
4475 3
7791 0
7792 0
10778 0
1131 2
7802 2
10025 0
4462 1
2675 4
28363 0
1781 5
1132 2
13617 1
7794 0
3576 4
1613 2
1133 2
4464 1
2151 3
4121 2
1134 2
359 3
4465 1
15255 1
8079 0
17110 0
34946 0
4466 1
10114 0
8722 2
11782 2
4786 1
4467 1
1954 2
1137 2
6895 2
9432 3
4468 1
7799 0
10505 1
8534 1
14544 1
4469 1
7800 0
3827 3
1139 2
5538 2
16117 2
4842 2
1140 2
1619 2
5769 1
1141 2
4472 1
7803 0
1142 2
7804 0
1143 2
18343 0
7805 0
2573 3
12485 0
4637 1
1144 2
9735 1
5497 2
7901 0
1145 2
4476 1
7807 0
16113 1
4477 1
2497 3
7808 0
1147 2
4478 1
3817 2
14499 0
1148 2
2330 3
18887 0
10244 1
14878 0
4798 1
16837 6
4480 1
1557 4
4643 1
1150 2
7812 0
7907 0
7571 3
7813 0
8002 0
26077 0
8916 0
1152 2
4483 1
1616 4
7814 0
1966 2
8097 0
1153 2
11715 1
2360 2
1154 2
4485 1
10281 2
8843 1
1155 2
10885 0
13114 1
8494 3
5245 1
4649 1
1156 2
7818 0
4488 1
7819 0
1158 2
11134 0
4489 1
7820 0
298 5
1159 2
7821 0
18495 0
13593 0
3729 4
1160 2
4491 1
1161 2
4492 1
29795 1
17169 0
5108 1
6157 4
7824 0
1637 2
7919 0
14980 1
2004 4
7825 0
8014 0
1164 2
4495 1
7826 0
12189 0
1166 2
12349 0
7828 0
17892 0
7885 2
1168 2
10914 2
18601 0
5344 3
4499 1
7830 0
4997 2
4500 1
7876 2
1170 2
4501 1
12838 2
5609 2
21829 1
1171 2
4502 1
7833 0
13706 1
4503 1
10302 2
1173 2
11591 1
4822 1
6848 3
8684 2
7835 0
573 4
3501 2
4505 1
8811 2
1175 2
4506 1
5206 4
8026 0
19210 0
1176 2
16986 0
4507 1
7838 0
1799 3
5930 1
4508 1
7839 0
1178 2
3916 3
12024 1
9557 0
7840 0
2782 4
11413 6
17287 1
4510 1
15207 1
2419 2
18426 0
2946 2
2656 3
1172 3
4673 1
7003 3
10411 0
7937 0
4512 1
7843 0
3143 2
4513 1
7844 0
14645 1
1183 2
4514 1
7845 0
15364 0
5140 2
1184 2
15368 1
4515 1
11567 0
5271 2
1185 2
4516 1
4834 1
933 3
2882 5
7848 0
4679 1
5132 1
31886 2
17228 0
8038 0
1188 2
7258 2
4519 1
6894 1
7850 0
1189 2
8133 0
7851 0
1190 2
7852 0
9913 0
1191 2
8481 1
4522 1
1253 4
13197 1
7854 0
11526 2
7949 0
18988 0
4524 1
1194 2
4525 1
9563 3
1918 5
4526 1
7857 0
5902 2
1196 2
1717 4
1197 2
4528 1
7859 0
8304 2
4846 1
11822 0
17963 0
22597 0
4691 1
1199 2
11919 2
4530 1
7861 0
1667 2
5823 1
1200 2
7862 0
1201 2
9142 0
7684 3
4532 1
1202 2
5680 2
13943 0
13708 1
5001 1
2283 2
16244 1
7865 0
11371 6
1204 2
4535 1
7866 0
7968 2
1205 2
4536 1
27494 0
7867 0
8335 0
2478 2
1206 2
4537 1
8519 0
6060 3
3725 4
4538 1
7869 0
18690 0
1208 2
7870 0
1209 2
21583 3
7871 0
3842 4
1210 2
15087 1
7872 0
11277 1
13795 1
4703 1
4542 1
7873 0
5156 1
9087 1
7874 0
1614 3
1213 2
7875 0
1405 3
1214 2
8900 2
6454 1
3352 2
1215 2
11021 2
8252 0
37701 0
1216 2
18509 0
2739 3
10403 2
4548 1
7879 0
4005 3
1218 2
4549 1
8631 3
1219 2
4550 1
6288 4
5305 1
5579 1
1220 2
4551 1
6955 3
1221 2
1222 2
4553 1
7884 0
5017 3
18632 0
9912 1
4554 1
1224 2
7886 0
1225 2
4556 1
8899 0
19323 0
41915 0
2889 4
8810 0
1226 2
4557 1
9255 0
7888 0
1227 2
4558 1
14746 1
7889 0
12969 2
1228 2
4559 1
10430 2
13280 1
4721 1
4560 1
7891 0
6817 1
1230 2
18034 0
4561 1
5251 3
1231 2
8416 1
4562 1
7893 0
8989 5
2008 3
2026 2
1232 2
2537 2
4563 1
6704 1
22873 1
4654 3
8454 0
4564 1
7895 0
447 5
5751 2
7896 0
1235 2
4882 1
394 4
1236 2
4567 1
1697 2
19650 0
1237 2
4568 1
7911 1
19089 0
1238 2
7900 0
5343 4
4011 3
4570 1
22663 4
8276 0
15397 4
1240 2
17346 0
7902 0
1241 2
4572 1
8051 2
4733 1
7903 0
1818 4
1242 2
9878 0
7904 0
11639 2
15344 1
3883 2
4574 1
5990 1
8187 0
7905 0
4777 2
5466 1
3013 5
4575 1
9307 1
4576 1
8739 0
39783 0
15051 0
4577 1
35524 1
2785 2
18779 0
1247 2
3743 3
4578 1
1730 4
4894 1
11928 1
2038 2
8098 0
1248 2
4579 1
8561 0
1249 2
4580 1
9971 1
10056 0
1250 2
13884 1
7912 0
17135 0
2564 2
1251 2
7797 3
1709 2
14678 0
4582 1
7913 0
6161 3
7608 1
2319 2
1252 2
19260 0
9694 3
10696 1
8009 0
18592 0
4354 2
2822 3
1254 2
2171 4
4586 1
951 3
7287 1
7152 3
7917 0
1256 2
4587 1
6127 1
4094 3
4588 1
9807 0
1258 2
8339 1
19706 2
7092 2
2055 5
6252 1
5825 2
2596 2
7920 0
19951 1
18841 2
7180 1
5877 1
4590 1
3955 4
4751 1
1260 2
5511 3
4591 1
1261 2
16375 1
4592 1
7923 0
18105 0
9113 0
10504 2
1262 2
4593 1
12056 2
11128 2
7924 0
5204 1
43977 0
1263 2
1264 2
5752 1
4595 1
14691 2
7926 0
14017 7
1265 2
12048 0
5822 2
8851 2
7927 0
1721 2
13363 1
9469 0
1266 2
4597 1
7928 0
17405 0
1267 2
4598 1
15943 6
7062 3
113 5
4599 1
7930 0
1269 2
6383 1
4600 1
10441 1
7931 0
1270 2
12191 1
7932 0
11764 1
1271 2
7933 0
13561 3
14847 1
1272 2
4603 1
4918 1
7934 0
2996 4
1273 2
8149 1
8055 2
7935 0
1274 2
4605 1
7936 0
1275 2
4606 1
19436 0
15531 0
10030 1
1276 2
4607 1
7938 0
9392 0
6419 4
13857 1
4608 1
10590 0
8134 2
7940 0
2062 2
39176 0
1279 2
11999 1
28141 0
7941 0
8223 0
1280 2
10561 3
4611 1
1733 2
7942 0
13790 0
10341 0
1281 2
4612 1
7943 0
3018 2
3874 4
19190 0
8768 3
7944 0
8039 0
4614 1
15594 1
2588 2
2655 2
4616 1
7947 0
13100 2
1286 2
1919 4
23246 1
18769 0
18868 0
4617 1
8791 4
7948 0
9226 0
8870 0
1287 2
8324 0
1288 2
5228 1
2815 2
7950 0
17947 8
764 4
4620 1
7951 0
13973 1
1290 2
18675 0
4621 1
2905 3
1291 2
8603 0
4622 1
7953 0
1292 2
1841 3
4623 1
11752 2
7954 0
17464 0
9078 2
18176 0
43228 0
4624 1
11835 0
7955 0
12712 0
19781 0
4625 1
13393 2
7956 0
9671 0
1295 2
7957 0
8477 2
1432 4
1296 2
2390 3
8146 0
6262 3
4627 1
4183 3
4787 1
6645 1
5091 1
2724 3
1297 2
7959 0
4629 1
7960 0
1299 2
19367 0
4630 1
8793 0
1300 2
4631 1
7962 0
7910 3
3227 2
4632 1
7963 0
3144 5
5480 4
10089 1
1302 2
4793 1
13446 1
7964 0
1303 2
8881 5
4634 1
11521 0
7449 2
1304 2
4635 1
15301 1
2563 3
17533 3
1305 2
4636 1
35956 1
10605 2
5736 2
7969 0
1308 2
8158 0
596 5
383 3
4639 1
694 3
4799 1
6538 1
1309 2
4640 1
4068 4
4954 1
11235 2
9825 3
4641 1
7002 1
7972 0
12070 1
5663 1
1311 2
2714 2
4642 1
7973 0
8348 0
8785 1
1312 2
8069 0
4644 1
7975 0
1314 2
11456 1
7976 0
7169 3
8217 2
13837 7
7977 0
8259 0
1316 2
4647 1
14948 1
4688 2
9082 1
2612 2
1317 2
14134 0
226 5
25813 0
5931 1
7980 0
16506 1
17523 0
4650 1
1320 2
3103 4
4651 1
5190 3
7982 0
1321 2
7775 1
2192 5
1322 2
4653 1
12582 0
7984 0
1323 2
7985 0
1324 2
4655 1
7986 0
12638 3
1325 2
8081 0
4656 1
17284 0
2098 2
7987 0
8728 0
1326 2
4657 1
4817 1
1327 2
12428 0
2988 3
5964 2
10148 1
35571 0
7990 0
3609 2
14062 1
6193 1
1330 2
7301 3
2845 2
7992 0
2020 4
1331 2
8087 0
4662 1
5111 2
16351 3
7993 0
1332 2
8182 0
3054 2
4663 1
9167 2
31595 1
7994 0
1333 2
4664 1
7995 0
15707 1
1334 2
5127 1
7996 0
6550 4
7997 0
4272 3
4833 3
7998 0
3949 2
8093 0
2773 2
7999 0
1338 2
4669 1
8000 0
5276 1
1339 2
13529 1
8001 0
1340 2
6363 3
4672 1
8003 0
1342 2
8562 0
11865 2
12626 3
12141 1
31565 1
8004 0
1343 2
4674 1
44409 0
15224 0
1344 2
4675 1
8006 0
32421 2
1903 4
8905 3
1787 2
8007 0
6129 2
1346 2
19474 0
8008 0
2338 4
1348 2
2391 2
43492 0
389 3
4680 1
18906 0
2636 2
8011 0
1350 2
4681 1
10706 2
1351 2
4682 1
3448 2
8013 0
15408 1
8300 2
19912 0
14006 1
1352 2
5678 3
4683 1
1353 2
4684 1
8015 0
4202 3
4685 1
5260 2
8847 0
1355 2
8111 0
8017 0
18318 0
4687 1
2122 2
4023 4
8018 0
2056 3
11342 2
591 4
8485 0
9018 2
8019 0
1358 2
9820 0
5522 2
1359 2
4181 4
9031 0
3275 5
4690 1
25573 1
6035 2
5574 1
22951 0
1360 2
3269 2
8396 0
8117 0
4692 1
7276 3
28891 0
12358 1
4693 1
706 3
1363 2
4694 1
10757 0
2832 2
5397 2
3071 3
1364 2
4695 1
1365 2
5617 4
8027 0
39693 1
4697 1
8028 0
24182 4
8123 0
3210 4
4698 1
22826 4
15698 0
8029 0
339 5
9956 3
23318 4
10887 1
1368 2
3940 3
14151 1
4699 1
8030 0
9320 1
11937 1
1369 2
15618 1
4700 1
8031 0
9571 0
11095 0
4701 1
8738 1
1371 2
26329 1
19392 0
9132 0
8033 0
9256 2
5163 1
17641 0
1372 2
8034 0
4438 2
4704 1
32619 2
11427 0
12212 1
1374 2
9488 0
1811 2
8776 0
19897 3
30523 0
8036 0
19662 0
4361 3
24386 4
1375 2
2121 4
4706 1
8037 0
13612 1
1376 2
22742 4
4707 1
16637 1
11836 0
8234 2
1377 2
1378 2
12079 0
10728 2
4709 1
8598 0
8040 0
16543 2
21158 3
5455 1
4710 1
7289 2
8041 0
1380 2
4711 1
8042 0
10266 1
1381 2
4712 1
4871 1
1382 2
8044 0
745 5
15820 1
8045 0
4715 1
2329 5
1385 2
6464 3
8047 0
1386 2
20203 2
1387 2
4718 1
8049 0
18389 0
4877 1
8331 0
14359 4
4719 1
8050 0
1823 2
11196 0
12330 2
1389 2
2891 2
1390 2
10638 1
8052 0
8147 0
6106 2
4722 1
8053 0
11978 2
1392 2
6681 4
4723 1
8054 0
1393 2
8650 2
19581 0
1394 2
4725 1
8056 0
1395 2
9534 1
4726 1
1465 3
1396 2
21614 4
2427 2
4727 1
8058 0
1397 2
6735 1
8059 0
7413 1
17700 0
21746 4
4729 1
8060 0
15515 1
1399 2
1611 4
4730 1
4889 1
1400 2
17433 0
18924 0
8136 3
8062 0
3154 3
3830 2
13362 2
4732 1
5747 1
8063 0
6259 1
8064 0
1403 2
11449 2
1404 2
19135 0
955 4
8254 0
8066 0
1883 3
7450 3
4736 1
8067 0
15150 1
2259 3
1406 2
4737 1
8068 0
1407 2
10325 1
4738 1
14240 1
1408 2
24637 0
22327 1
8444 0
9042 3
4294 4
7383 3
4740 1
5199 1
20043 0
8071 0
30794 1
1410 2
8072 0
9345 2
5485 1
4742 1
8073 0
4743 1
8074 0
19043 0
13695 1
1413 2
29353 0
8075 0
4745 1
4450 3
3317 4
8076 0
6058 2
8634 0
718 3
1415 2
8171 0
19493 0
2950 2
4164 2
8266 0
8078 0
3406 5
8679 1
1417 2
1847 2
1686 3
452 5
8545 0
11635 1
5363 3
1418 2
7640 2
1244 3
1419 2
18460 0
4750 1
2222 4
5062 1
1421 2
4752 1
1422 2
4753 1
8084 0
6177 2
8824 0
10873 6
1423 2
4754 1
15049 6
8085 0
8367 0
17759 0
19775 0
1425 2
8466 2
4756 1
10087 3
9097 0
1426 2
14155 1
8088 0
4758 1
401 3
8089 0
1428 2
4759 1
5754 4
8278 0
1429 2
4760 1
29041 0
8091 0
6565 3
1430 2
4761 1
4919 1
8092 0
26462 4
1431 2
4172 4
3126 2
4763 1
15755 1
14325 0
2182 2
15933 1
23714 2
4764 1
10384 1
16768 1
8096 0
1435 2
4766 1
12354 1
5646 1
19007 0
3237 3
8100 0
2505 4
12299 0
4770 1
8101 0
5012 3
10908 2
1440 2
4771 1
8102 0
19688 0
6170 1
131 6
8103 0
1442 2
4773 1
6539 1
3009 2
4931 1
2076 4
5515 1
1443 2
4774 1
8105 0
2463 2
19224 0
5845 3
1444 2
12939 0
8106 0
1445 2
4776 1
5086 1
8107 0
1871 2
15622 1
19153 4
1446 2
10503 0
5789 1
2708 2
14329 1
1447 2
5058 2
2951 3
4778 1
6896 1
10807 6
8109 0
2194 2
1448 2
2466 5
8110 0
4937 1
1449 2
9185 2
13778 1
6812 4
8608 1
1450 2
15251 1
8249 3
9434 2
8112 0
17818 0
18531 0
11556 2
8113 0
1452 2
12467 2
33674 2
4783 1
8114 0
1877 2
41251 0
8204 1
10877 2
1453 2
4784 1
24734 3
8115 0
2935 2
4539 3
10426 0
1454 2
12525 1
6248 2
4785 1
8116 0
4943 1
1455 2
1456 2
7490 3
21079 3
8118 0
1457 2
4788 1
894 5
18079 4
5098 1
1458 2
15036 0
2629 3
4789 1
13493 2
8120 0
4407 4
1459 2
15865 0
8121 0
10443 1
1460 2
19594 0
4791 1
8403 0
2796 3
1461 2
3424 4
10770 0
8549 2
1462 2
1463 2
2206 2
4794 1
8219 0
8125 0
1464 2
20227 4
2323 4
8314 0
4796 1
8127 0
1466 2
4797 1
12110 1
8128 0
1889 2
20174 0
1467 2
2481 2
565 5
8129 0
1468 2
12425 1
8130 0
5975 2
3068 2
4393 3
4800 1
1470 2
4801 1
1471 2
4802 1
8872 0
9584 0
9179 3
1472 2
10189 0
5944 1
4804 1
9673 0
8135 0
19090 0
1474 2
3320 3
4805 1
3537 5
19888 0
6666 3
5545 1
5682 1
8231 0
8137 0
19180 0
1476 2
4807 1
8138 0
3353 2
1477 2
8430 1
4808 1
8139 0
8605 0
788 4
1478 2
2104 3
2218 2
4809 1
8140 0
12815 0
2732 2
9321 1
1479 2
20114 4
4967 1
4810 1
12098 0
7599 3
1480 2
4811 1
8413 2
26167 2
8516 0
1901 2
8237 0
1482 2
4813 1
10218 3
19313 0
1483 2
11078 1
8145 0
1484 2
11009 2
23407 1
3890 2
1485 2
4816 1
4973 1
3544 2
9036 1
14418 1
8148 0
4665 2
4818 1
8706 0
8243 0
32702 0
19795 0
1488 2
1907 2
4819 1
8150 0
1489 2
4137 3
12667 0
4820 1
8151 0
27674 4
8823 2
7925 1
12204 2
16899 1
5891 4
1492 2
4823 1
8154 0
4628 3
15729 1
4824 1
7277 1
2965 2
4825 1
1268 3
6093 1
15352 1
1495 2
1913 2
3127 2
4826 1
8157 0
6706 1
13231 7
15892 1
1496 2
4827 1
6356 2
1497 2
8159 0
37204 1
4829 1
11663 2
8632 2
8160 0
262 6
9347 0
4830 1
8161 0
12496 1
8362 3
1500 2
4831 1
7486 2
8162 0
1501 2
14304 1
4832 1
8163 0
1502 2
8164 0
1790 4
17936 0
8813 0
22879 4
1504 2
4835 1
19695 0
37742 0
1505 2
4836 1
8167 0
4321 4
4837 1
8168 0
11802 0
29714 1
6943 4
1508 2
4520 4
8170 0
3531 4
2424 4
4840 1
28034 4
1510 2
4841 1
19173 0
3403 3
10142 0
2603 5
10835 1
1512 2
8174 0
8175 0
5718 1
1514 2
2517 2
10059 0
4845 1
8176 0
8457 0
13747 2
12604 2
5444 1
8177 0
5536 3
5003 1
13624 2
1516 2
1931 2
8178 0
678 5
1517 2
9276 0
6390 2
8273 0
8179 0
4236 2
1518 2
4849 1
8180 0
6767 3
1519 2
4850 1
1146 4
5158 1
1520 2
4851 1
19339 2
25777 2
1521 2
11814 1
4852 1
3186 2
5009 1
19402 0
4853 1
8184 0
14184 0
13944 1
5380 2
1524 2
7634 1
8186 0
20305 0
9553 1
1525 2
4856 1
14507 1
28202 0
1526 2
9899 0
11026 2
8190 0
6617 1
9612 2
1529 2
11110 2
4860 1
8564 0
8191 0
17995 0
9110 0
1530 2
4861 1
8192 0
2672 4
1531 2
4862 1
8193 0
3668 5
4981 2
1043 5
4863 1
4717 3
8194 0
16159 1
5773 2
1533 2
4864 1
37516 1
7831 2
5021 1
4865 1
2995 2
1535 2
19902 0
9316 3
8715 2
4866 1
8291 0
8197 0
6012 3
1536 2
4867 1
8198 0
2313 3
5873 1
1537 2
1949 2
11857 4
1538 2
4869 1
419 3
8665 0
8200 0
10620 1
24523 3
1539 2
19317 0
15453 1
15570 0
4870 1
7539 1
1540 2
26311 0
15836 1
2249 4
5523 2
10349 3
5468 1
9352 2
1541 2
12317 2
4872 1
8297 0
8203 0
33335 1
9478 0
1543 2
10344 0
4874 1
5191 3
8205 0
5654 2
1544 2
5182 1
4875 1
8206 0
1545 2
41713 0
18744 0
4876 1
11770 2
8207 0
9761 1
12692 1
8208 0
19454 4
1547 2
19256 0
35894 3
4878 1
8209 0
3486 3
3245 2
14516 0
1548 2
4879 1
34113 2
6461 2
1549 2
17030 1
17731 0
4880 1
19796 0
8211 0
8475 3
1550 2
4881 1
8212 0
7704 3
8995 1
1551 2
16032 0
1552 2
3592 2
5039 1
8214 0
7218 1
10943 0
4884 1
6147 1
2525 4
8215 0
7748 3
1554 2
8086 1
8216 0
6028 4
4886 1
3771 2
34239 2
18054 0
3638 4
4887 1
393 6
4888 1
1558 2
12336 0
4633 4
16029 1
4890 1
8221 0
14027 1
9229 0
1560 2
13987 3
4891 1
8222 0
1561 2
19491 0
15215 0
26522 3
28783 0
22261 3
8225 0
6868 3
1564 2
25134 1
5051 1
8226 0
14596 1
10679 1
7074 4
1565 2
4896 1
1973 2
8227 0
5492 1
1566 2
8228 0
791 5
1567 2
4898 1
8229 0
1568 2
9701 2
12105 0
8230 0
8511 0
1569 2
4900 1
1570 2
4901 1
8232 0
6291 2
4902 1
8233 0
4806 3
8798 2
4903 1
1979 2
7123 1
19046 4
8422 0
1573 2
4904 1
8235 0
13755 2
11211 2
1574 2
3304 2
4905 1
2804 2
2740 5
1575 2
4906 1
14453 1
18815 0
4908 1
1041 3
8612 0
5361 1
4909 1
8240 0
12741 2
1579 2
8241 0
2510 3
1580 2
6532 2
4470 4
1581 2
5218 1
4912 1
20436 0
18113 0
20009 0
4913 1
16272 1
8244 0
2302 2
4914 1
8245 0
15554 1
2571 2
8592 2
1584 2
4584 3
3569 3
8246 0
8434 0
8247 0
10724 0
1586 2
1587 2
8529 0
1588 2
8250 0
8996 2
6667 4
11720 0
39038 1
4920 1
3799 5
8251 0
1590 2
10475 0
4921 1
12430 2
1591 2
10738 1
1592 2
3437 2
4923 1
9615 0
11877 2
1997 2
4924 1
8255 0
17582 3
29318 4
8256 0
13166 0
5081 1
1595 2
15931 4
1596 2
4927 1
14110 1
2152 3
8258 0
1597 2
4928 1
6915 1
33998 0
3178 3
7811 3
2626 4
1598 2
10480 3
4929 1
9453 3
985 4
1599 2
4930 1
8588 3
8261 0
25063 0
43026 0
1600 2
2003 2
3363 2
8262 0
19580 0
5087 1
8263 0
11175 2
4933 1
8264 0
8942 1
10060 0
1603 2
3745 4
4934 1
8265 0
14685 1
4935 1
5242 1
11918 3
1606 2
1969 4
8268 0
17161 1
18758 4
1192 5
2589 2
4938 1
8269 0
8363 0
9790 2
4746 4
431 3
1608 2
27122 1
25021 3
6969 3
18886 0
18172 0
1609 2
11412 0
37022 0
8458 0
18871 5
4940 1
8271 0
1610 2
4334 3
4941 1
8272 0
4895 3
1758 3
6603 2
1612 2
25351 1
4755 2
10327 0
2326 2
12550 0
766 3
5099 1
4944 1
5709 3
21877 5
20413 6
8275 0
8369 0
29606 4
524 6
4945 1
1615 2
4946 1
16969 2
38092 1
4947 1
904 5
3029 3
1617 2
4948 1
10797 1
8279 0
4308 2
6165 4
11312 2
8280 0
6457 1
4950 1
8281 0
1620 2
4951 1
2868 3
19422 0
1967 3
7391 1
1621 2
3652 3
4952 1
7683 2
1622 2
11507 0
4953 1
8284 0
7205 4
2839 4
1623 2
8285 0
17880 0
1624 2
4955 1
8286 0
11993 1
1625 2
8287 0
12780 1
1626 2
4957 1
8288 0
3422 2
1627 2
4958 1
8289 0
6179 3
9117 0
9562 0
6088 1
2027 2
1628 2
4959 1
15655 1
7897 3
8290 0
5826 1
1629 2
4960 1
20116 0
1630 2
4961 1
5266 1
8939 0
8292 0
6214 2
13886 2
8293 0
8387 0
1632 2
16385 1
4963 1
11104 0
11032 1
8294 0
9519 2
14193 1
8482 0
4964 1
8295 0
1634 2
4965 1
8296 0
16050 1
1337 4
18231 0
13048 0
1635 2
18602 4
1636 2
15743 0
4968 1
1059 3
8299 0
2877 5
12859 1
1638 2
2422 4
4969 1
19998 0
28381 0
8301 0
20567 0
11984 2
1640 2
19669 0
4971 1
12543 2
1641 2
9560 1
8583 0
8303 0
8877 1
12878 2
2039 2
2727 4
16199 0
1643 2
6674 2
4974 1
8305 0
14381 0
10856 1
4975 1
8306 0
7918 3
1645 2
8964 2
10274 0
1646 2
4977 1
8308 0
6583 2
5370 3
9879 2
1647 2
3930 5
1648 2
8310 0
8022 2
11786 3
33734 1
1649 2
8701 3
8311 0
1650 2
3852 4
4984 3
34977 2
14602 1
8312 0
5339 2
1651 2
4982 1
4010 2
12906 0
8313 0
4983 1
1555 3
7070 3
5433 1
3481 2
1653 2
8315 0
89 4
8383 5
4985 1
8316 0
4619 4
3085 2
1655 2
4986 1
8317 0
10611 3
1656 2
4987 1
8318 0
1657 2
2362 2
12851 1
8506 0
4988 1
19505 0
23449 4
4859 4
3735 3
1658 2
4989 1
8320 0
36158 0
1659 2
4990 1
8321 0
778 3
20737 2
9287 1
4991 1
8322 0
18290 0
1661 2
7088 1
17869 5
4992 1
9590 3
8323 0
12456 1
5147 1
1662 2
4993 1
14707 0
1663 2
8325 0
2367 3
1664 2
17292 1
4995 1
8326 0
1665 2
12361 0
15394 0
4996 1
8327 0
19591 0
1666 2
1017 5
41511 1
5862 1
4998 1
8329 0
8423 0
5153 1
1668 2
4999 1
8497 1
8330 0
2876 2
8886 0
1669 2
5000 1
8518 0
2063 2
14276 1
10915 1
8332 0
19028 0
5002 1
655 6
2374 2
1672 2
5999 1
8334 0
7766 1
15756 1
8981 0
5004 1
20340 0
20803 1
8429 0
1674 2
5005 1
443 3
6745 2
1675 2
5006 1
8337 0
20414 2
2643 2
5007 1
2069 2
20223 0
8338 0
11324 2
1677 2
5008 1
8340 0
1679 2
3540 2
8341 0
19758 0
5314 1
1680 2
7336 4
5011 1
44405 0
8342 0
8711 1
1681 2
9786 1
6302 4
1341 5
23659 0
6874 1
8343 0
16157 1
27007 1
16498 1
1682 2
9047 2
9171 0
20099 0
1683 2
5014 1
3688 2
8345 0
9705 0
1684 2
1685 2
16303 1
5016 1
4511 2
9968 2
5171 1
9169 2
2386 2
2828 4
1687 2
5018 1
8771 2
8349 0
1688 2
12922 1
5073 3
5469 1
1690 2
19519 7
2081 2
12656 2
8352 0
6523 1
5022 1
8353 0
8447 0
1692 2
8025 3
5326 1
5023 1
8354 0
178 4
1693 2
5024 1
8542 0
1694 2
5025 1
3818 3
8356 0
8637 0
1077 3
9988 1
1696 2
5027 1
10974 1
8358 0
5755 1
7005 1
2087 2
20698 0
3959 4
8359 0
1698 2
18029 0
8360 0
2661 2
8814 3
1699 2
4775 3
1700 2
5031 1
6773 1
3014 5
1701 2
5032 1
1702 2
8364 0
6410 1
8046 3
17978 4
3879 2
5035 1
5189 1
4061 5
13015 2
1705 2
8922 0
3599 2
5898 1
4213 2
1706 2
3521 2
6816 2
5037 1
8368 0
6024 2
449 3
11514 2
5038 1
4972 4
1708 2
8370 0
5040 1
2148 4
1710 2
12083 0
8372 0
2099 2
5882 3
40826 0
5042 1
8373 0
9290 0
5043 1
8374 0
1713 2
10742 3
5044 1
11460 1
8375 0
18408 0
15481 8
5045 1
3006 4
8376 0
5649 2
1715 2
5046 1
9023 0
8377 0
1130 5
1716 2
5047 1
2570 3
18349 1
31309 0
5636 1
6041 1
5048 1
15857 1
8566 0
8379 0
1718 2
5049 1
9130 2
19847 0
8381 0
6346 3
1182 4
4976 2
1720 2
12993 1
8382 0
45484 0
30962 4
5052 1
17423 1
1722 2
14952 1
5053 1
11033 1
1723 2
20453 0
5054 1
8385 0
5911 2
20330 0
5055 1
2111 2
9686 2
3342 2
10180 0
14751 1
1725 2
5056 1
5786 2
29719 0
1727 2
6524 2
20200 0
8389 0
12172 1
1728 2
5059 1
46443 0
19728 0
16264 1
5162 3
6309 1
1729 2
786 6
5060 1
8578 0
4768 4
8391 0
13026 1
5061 1
8242 1
9252 1
19671 0
1731 2
4531 3
3901 3
6184 1
8393 0
2929 4
16611 1
3658 2
1732 2
267 4
8394 0
14101 2
5064 1
8395 0
1585 3
12198 2
1734 2
19170 0
6684 1
15916 0
16366 0
22927 2
2595 4
23941 1
1736 2
8398 0
17762 4
1737 2
5068 1
7467 4
6887 2
12593 0
1738 2
14857 4
8400 0
1739 2
8132 3
5070 1
8401 0
18467 0
1740 2
12769 2
8402 0
1741 2
5374 1
8958 0
7272 3
1742 2
7880 2
11129 0
14442 1
8405 0
10026 0
1744 2
45652 0
5075 1
6439 4
4066 4
1745 2
2434 2
2129 2
5076 1
8407 0
8501 0
1746 2
5077 1
14148 2
8408 0
1747 2
5231 1
5078 1
5274 2
8409 0
3405 3
1748 2
16867 5
5079 1
3736 2
16440 1
8410 0
8927 3
11092 1
1749 2
5080 1
1528 4
8691 0
1750 2
802 3
5549 3
1751 2
11473 2
5082 1
13064 1
11615 2
1752 2
38908 1
5083 1
8414 0
1753 2
5237 1
5084 1
11229 1
8415 0
5386 1
2761 3
1754 2
10579 5
20829 0
42051 1
1755 2
9213 2
1490 5
1756 2
8418 0
4897 3
10892 0
5085 4
5088 1
8419 0
8513 0
3717 2
19936 0
5089 1
8420 0
2141 2
1759 2
12629 1
2446 2
1760 2
12374 0
5815 1
9427 0
5092 1
42008 0
15041 1
15958 1
4192 5
5093 1
3563 2
8424 0
1763 2
6589 1
5094 1
8425 0
8213 2
1764 2
3151 5
9872 0
14578 0
5541 1
10146 2
5096 1
8427 0
1243 5
19241 0
5398 1
1766 2
18526 0
5097 1
8428 0
1767 2
19754 0
7184 1
6470 1
3984 3
8709 0
1768 2
13152 2
15573 0
1769 2
6958 2
5100 1
461 3
8431 0
5101 1
8432 0
10311 0
1771 2
29382 1
5102 1
8433 0
356 4
20301 0
5103 1
3378 2
2153 2
20566 0
18178 0
3262 3
5104 1
8435 0
2458 2
5105 1
8436 0
9795 0
11151 1
5106 1
16371 1
1776 2
3030 4
5107 1
10827 0
8438 0
1777 2
44945 0
5261 1
8439 0
8195 3
8994 0
1778 2
14898 0
8440 0
5110 1
17554 1
8441 0
14525 1
19837 2
8442 0
12305 2
16724 1
8443 0
8537 0
1782 2
5113 1
3107 3
1783 2
13135 1
5114 1
9342 2
1784 2
5115 1
3776 2
8446 0
9979 0
1785 2
5116 1
8727 0
1786 2
7373 3
5117 1
8239 3
8448 0
917 6
12801 0
5118 1
8397 1
8543 0
9864 3
2421 3
5119 1
9205 1
8450 0
1789 2
5120 1
2733 2
8451 0
5273 1
12882 2
8452 0
5422 1
8950 2
1791 2
13281 0
25489 0
9279 0
4173 4
19865 0
1792 2
5708 1
9296 2
5123 1
18585 0
4589 2
6453 2
2972 2
1793 2
5124 1
7981 1
1794 2
5125 1
8456 0
8828 0
7598 4
4279 2
5279 1
11716 2
107 5
6810 2
19312 0
20025 0
8459 0
7660 1
1798 2
5129 1
9040 3
8460 0
5130 1
14900 1
8461 0
467 3
7327 1
1800 2
9107 0
5131 1
8462 0
7029 2
15130 1
1801 2
11210 1
8463 0
1802 2
8464 0
1803 2
9799 1
5134 1
8465 0
14279 2
1804 2
4917 4
10235 2
5135 1
12013 0
4067 3
1805 2
8467 0
1806 2
3173 4
16059 1
8468 0
5198 4
1807 2
5138 1
5340 3
6576 4
5139 1
8470 0
6055 3
36273 2
1809 2
9564 0
1810 2
8935 0
5141 1
3835 2
9208 0
445 4
6513 3
8473 0
16577 1
1812 2
5143 1
20960 0
8474 0
3205 2
1813 2
2327 4
6756 1
5144 1
13145 0
5297 1
1814 2
5145 1
4966 3
8476 0
13206 1
1815 2
1356 5
9659 0
20402 0
14608 1
8478 0
1817 2
5732 1
5148 1
8479 0
20544 0
8573 0
5149 1
8480 0
18644 0
8852 0
5150 1
4323 5
1820 2
5303 1
3414 2
3131 4
7898 1
1821 2
5152 1
8483 0
13193 1
20679 0
16478 1
5154 1
1824 2
2248 3
8486 0
1825 2
8487 0
8674 0
11622 2
5309 1
16533 0
2051 3
1827 2
9493 0
3288 5
5458 1
44322 0
11296 0
1828 2
12412 2
5159 1
11004 3
11651 1
8490 0
19383 0
5160 1
8491 0
1830 2
5161 1
1639 5
8492 0
7474 3
1831 2
13289 2
12351 1
1832 2
7100 2
16089 0
6530 1
1833 2
5164 1
9146 1
2768 4
9410 0
8346 3
8495 0
2207 2
9538 1
5165 1
1835 2
27722 2
5166 1
35855 1
1836 2
5167 1
10632 0
8498 0
3894 2
17685 1
10019 1
5168 1
8499 0
1838 2
5169 1
8500 0
4280 4
1839 2
5613 1
5170 1
12995 2
1840 2
15219 1
8781 0
8502 0
2213 2
1379 4
11817 2
19920 0
4150 3
8597 0
1842 2
5173 1
5756 1
9149 0
8504 0
1843 2
5174 1
10324 2
8505 0
214 5
1048 6
5175 1
1845 2
8507 0
13277 1
10215 1
1388 3
8508 0
2518 2
5429 3
8509 0
10057 6
18327 0
1848 2
9153 3
11729 0
5179 1
8510 0
227 4
1849 2
5180 1
2630 3
8698 0
1850 2
3987 2
534 4
9066 0
5181 1
5333 1
8512 0
12624 0
16160 1
10001 3
5072 2
6167 1
3235 2
4728 3
1852 2
5482 1
8344 3
8514 0
1853 2
5184 1
29559 1
5728 3
10134 0
8609 0
11328 1
1854 2
5620 2
5185 1
36579 2
1855 2
5905 1
20002 0
5186 1
11818 0
1856 2
5187 1
5311 4
12802 1
2787 2
1857 2
5188 1
5631 1
37101 1
479 3
1859 2
8521 0
1860 2
8522 0
20503 0
1861 2
14410 2
1862 2
5193 1
8524 0
1863 2
3953 2
8077 2
5194 1
8525 0
27679 0
11269 3
5195 1
8526 0
1719 4
20651 0
1865 2
3232 4
1469 5
5196 1
8527 0
9462 2
5197 1
9885 0
7042 1
8528 0
1867 2
2237 2
8530 0
5351 1
5200 1
21091 0
1870 2
16585 1
8532 0
6713 4
18762 0
5202 1
8533 0
8627 0
1872 2
15752 0
5203 1
20792 0
1873 2
1874 2
3647 2
11426 1
8536 0
2243 2
16714 1
1875 2
7575 3
7619 1
12519 2
1876 2
5207 1
8817 0
8538 0
5506 1
3832 2
5208 1
4454 5
13261 6
8539 0
20003 0
13348 1
4233 3
1878 2
30098 3
5209 1
8540 0
5066 4
838 3
8404 2
1879 2
15308 1
8541 0
12193 7
1880 2
5211 1
11387 1
8453 3
6275 2
23323 1
16950 1
1881 2
5212 1
9515 2
10413 2
5214 1
6757 2
9814 0
8790 1
14803 8
1884 2
8992 1
8546 0
3044 2
1885 2
5216 1
1866 3
8547 0
14775 0
4387 4
11135 3
1886 2
5518 3
5217 1
8548 0
5935 1
1887 2
36849 0
10081 0
5219 1
8550 0
26989 2
5220 1
13108 2
4012 2
623 4
2554 2
24566 2
1890 2
11107 0
8552 0
3425 5
3265 2
321 5
1891 2
31099 0
5222 1
8553 0
19525 0
6828 1
12283 4
1892 2
5223 1
5804 1
8554 0
25957 1
1893 2
15089 0
10603 0
9470 0
18703 1
5225 1
9129 2
17816 1
8556 0
13426 2
1895 2
7242 2
5667 1
5226 1
13620 0
16261 1
8557 0
10775 0
7185 1
1896 2
4190 2
2827 3
5227 1
6209 1
6078 1
1897 2
18821 0
9266 3
6590 1
8746 0
1898 2
3340 4
3632 3
4667 2
1899 2
5381 1
5230 1
1900 2
11771 2
26373 2
11451 0
5232 1
8563 0
2267 2
2823 2
29893 0
1179 6
5233 1
9545 2
6680 3
5234 1
6168 2
8565 0
6471 1
1904 2
2566 2
31862 1
5235 1
1905 2
1788 5
5387 1
5236 1
20604 0
6228 3
5424 4
5918 2
8568 0
11446 1
16766 4
5238 1
8569 0
9304 0
8663 0
1908 2
5239 1
2273 2
10020 2
13419 1
8571 0
3333 4
137 6
5241 1
7860 4
8572 0
9509 1
1911 2
5393 1
6049 2
20758 0
1412 3
12567 2
8574 0
5244 1
7542 1
13360 1
8575 0
12364 0
8669 0
1914 2
20086 0
10138 3
10538 0
8576 0
4316 3
1582 5
491 3
5246 1
20292 0
8948 0
4071 2
5247 1
2506 4
12091 7
5248 1
16692 1
5399 1
8579 0
1149 3
12850 0
5965 1
5249 1
20139 0
2578 2
16700 0
8580 0
14541 2
5250 1
8581 0
7676 3
1920 2
8083 5
8582 0
1922 2
20905 0
18476 0
5253 1
4041 2
8584 0
9138 0
19596 0
18880 0
2841 2
1924 2
5255 1
8586 0
14659 8
1925 2
5256 1
5607 3
8587 0
5554 1
8681 0
5257 1
7313 2
8493 3
1927 2
9233 0
21222 0
8589 0
8560 3
3012 3
1928 2
5259 1
8590 0
712 4
1929 2
3295 2
3495 3
5157 3
12019 2
16262 0
1930 2
17063 1
8871 0
10894 0
2941 4
9055 0
5262 1
8593 0
21271 2
7780 1
1932 2
46636 0
5263 1
5703 1
8594 0
11505 1
4494 4
1933 2
5264 1
6850 4
1934 2
8782 0
5265 1
8596 0
6114 1
4585 5
12530 1
1935 2
2297 2
5417 1
1936 2
5267 1
5268 1
8599 0
6376 1
1938 2
16851 1
8693 0
428 5
40228 1
8600 0
9628 2
1939 2
13221 2
5270 1
8601 0
8972 0
16362 1
1940 2
8602 0
13490 1
31506 1
4130 2
1943 2
24883 3
11266 3
11842 1
1944 2
8699 0
5275 1
8606 0
3346 3
8607 0
3092 2
1946 2
2859 2
8794 0
5277 1
24289 2
2602 2
5278 1
7037 2
13514 0
8119 1
1948 2
8610 0
15198 1
8889 0
2309 2
5280 1
8611 0
20705 0
1950 2
5281 1
5578 1
8023 5
26857 1
20169 0
1951 2
5721 1
5282 1
4399 3
8613 0
12643 0
1952 2
1953 2
5287 2
5215 4
5284 1
8615 0
3562 5
17947 9
3434 4
5285 1
4858 2
12975 1
19667 0
20381 0
9530 0
9708 0
6692 2
1955 2
9441 0
8617 0
1956 2
5537 4
8618 0
1957 2
5907 3
5288 1
33807 0
8619 0
13563 2
15486 1
7384 2
5289 1
7126 1
11564 1
20865 0
5290 1
1310 6
5441 1
1960 2
5291 1
862 3
13052 0
1961 2
2614 2
5292 1
10591 2
3522 2
8623 0
1576 4
6319 4
1962 2
5293 1
8624 0
5567 2
1963 2
23701 4
5294 1
14940 1
10242 0
8625 0
7777 3
16799 1
1695 5
5696 3
10038 1
5296 1
8907 0
5298 1
8629 0
7991 4
801 4
1968 2
5299 1
10420 0
28459 1
5300 1
25276 2
8559 1
12733 2
5739 1
503 3
36935 1
8818 0
5301 1
1167 3
1971 2
5302 1
21018 0
1972 2
1902 3
4925 3
5304 1
274 6
8635 0
4411 2
1974 2
9468 1
12120 2
8636 0
8667 3
11920 2
1975 2
5602 1
42316 0
5306 1
233 4
2333 2
13384 0
9711 2
1976 2
5307 1
18998 0
14672 2
1436 3
44233 0
5308 1
10275 3
8639 0
1978 2
8640 0
6787 1
9688 2
8641 0
1937 5
7376 1
2690 3
1910 4
1980 2
4601 4
17176 1
1981 2
20276 0
8643 0
1982 2
23572 2
5313 1
2339 2
8644 0
1983 2
6313 4
10776 0
25252 2
8645 0
44191 0
1984 2
8274 2
5315 1
16463 1
167 5
21353 0
1985 2
535 5
8647 0
1986 2
19738 0
8741 0
5317 1
8648 0
1987 2
5318 1
8649 0
20252 0
4482 3
16837 7
1989 2
5320 1
23836 2
8651 0
7455 2
2638 2
3507 4
1990 2
5471 1
5321 1
8652 0
1991 2
9115 0
10183 0
8747 0
5323 1
4716 5
8654 0
1993 2
5324 1
10252 1
8655 0
29737 1
20470 0
1994 2
8595 2
8842 0
4248 2
20806 0
8656 0
1995 2
6847 3
8657 0
2351 2
1996 2
509 3
5477 1
10442 1
8658 0
18625 0
6987 4
9492 3
5328 1
15575 1
8659 0
9308 2
25807 3
1998 2
8753 0
5329 1
8660 0
3535 4
1999 2
5330 1
454 4
8661 0
15023 1
2000 2
10187 2
5331 1
10680 2
11397 3
2001 2
16988 1
5332 1
8642 3
2002 2
2357 2
5483 1
8664 0
19057 0
5334 1
13632 1
6401 3
5785 3
26671 2
5335 1
3928 2
8666 0
13527 1
5336 1
5650 4
20972 0
14972 0
2007 2
1349 3
5338 1
890 4
9789 1
3558 2
15280 0
26668 2
8670 0
7878 3
2009 2
18078 1
8671 0
2010 2
4596 2
5341 1
8672 0
6186 1
2011 2
5342 1
16906 1
11682 1
5638 1
2913 2
2013 2
2014 2
1808 5
5345 1
8676 0
2015 2
5346 1
8677 0
2016 2
5347 1
8678 0
12840 2
1441 6
3699 5
2017 2
19809 0
27974 1
5924 1
2018 2
5349 1
8680 0
12221 2
2019 2
12306 0
2685 4
8682 0
5501 1
4307 2
8708 1
13700 2
2021 2
7526 2
5352 1
21131 0
8683 0
8774 3
2022 2
2023 2
15347 1
5354 1
11488 0
8685 0
2024 2
5355 1
30397 0
20335 0
4565 3
9415 1
2025 2
5356 1
8122 4
7531 1
5793 1
8687 0
19549 5
5357 1
8688 0
5507 1
10563 0
4708 4
5358 1
16435 0
9691 0
8689 0
5364 4
2529 3
2028 2
8783 0
8690 0
3114 4
19116 0
16564 1
2029 2
2381 2
5360 1
17289 1
2030 2
8692 0
2032 2
642 5
8694 0
20559 0
8695 0
35738 1
10741 0
23533 2
5365 1
2931 2
8696 0
2035 2
13703 1
5366 1
2893 3
8697 0
9068 0
5367 1
12887 0
15664 1
411 6
15106 1
2037 2
5368 1
11741 1
13447 2
8700 0
1420 3
5519 1
20907 0
886 3
6990 2
10769 2
2040 2
6472 1
8702 0
10412 3
2041 2
5372 1
8703 0
2042 2
2344 3
5373 1
2393 2
8704 0
21484 0
5948 1
3636 4
5874 3
8705 0
2044 2
5375 1
6085 1
3385 2
5348 3
2045 2
5376 1
8707 0
13847 0
2046 2
5377 1
979 4
4366 2
9605 3
5378 1
521 3
2048 2
5379 1
3859 3
8710 0
5674 1
19880 0
9877 2
2399 2
12069 2
4847 5
2050 2
8712 0
5531 1
5382 1
8713 0
2052 2
13148 1
8807 0
5383 1
8714 0
9893 0
2053 2
9448 0
7979 3
5384 1
2054 2
2086 5
8902 0
8716 0
3594 2
14863 5
6526 2
19175 0
5763 4
8717 0
2949 2
4310 2
22663 5
8718 0
2057 2
8997 0
8719 0
5901 2
2058 2
11528 3
8720 0
17013 1
12033 1
5390 1
16166 4
8721 0
2060 2
9092 0
7124 4
6086 3
20418 0
2061 2
5686 1
5392 1
4648 3
8723 0
45582 0
8328 1
2411 2
8724 0
5394 1
12322 2
8725 0
9727 6
12947 2
35066 0
1921 5
2064 2
11800 1
8819 0
9549 0
17125 1
8726 0
4149 2
2066 2
3188 2
16046 4
8914 0
13774 1
18209 1
2067 2
4942 2
8729 0
11281 0
5972 1
2068 2
8730 0
2417 2
5400 1
8731 0
1491 3
2070 2
18511 5
2071 2
28684 2
21244 0
18774 0
5402 1
2072 2
41890 0
5403 1
8734 0
20648 0
1203 3
2073 2
4425 2
5404 1
15189 1
16665 1
8735 0
2074 2
4815 4
5405 1
1572 6
8736 0
31886 3
5406 1
6377 1
8737 0
2423 2
6115 1
3084 3
8831 0
5407 1
334 5
9861 2
2077 2
898 3
5408 1
46505 0
2078 2
5409 1
8926 0
8740 0
16110 0
2079 2
10858 2
5410 1
43977 1
749 5
17402 1
2080 2
3836 5
8742 0
5847 1
5412 1
19234 0
8743 0
3674 4
8837 0
5413 1
8744 0
5963 3
3415 2
1773 4
8253 4
2083 2
17821 2
6425 2
5414 1
21008 0
8745 0
7668 2
5415 1
2085 2
7472 1
39098 0
3728 3
9960 2
1068 4
8748 0
21122 2
7014 3
5418 1
12046 0
8749 0
3737 4
9273 1
2088 2
13560 2
5419 1
8750 0
12129 0
2722 2
2089 2
5420 1
8751 0
2090 2
5421 1
9766 1
11859 1
8752 0
5389 2
2091 2
14934 2
29726 2
10354 2
2092 2
5423 1
6770 1
8754 0
5996 1
2093 2
9033 0
8755 0
5573 1
7365 1
5122 3
2094 2
9757 0
5425 1
8849 0
8756 0
2101 4
5426 1
8757 0
2441 2
5427 1
239 4
8758 0
9718 3
13694 1
13107 0
7264 2
6312 2
20501 0
15496 1
8080 3
5722 1
13845 1
4731 3
6187 2
8760 0
11228 0
9083 1
5430 1
4484 2
8761 0
548 6
2100 2
21615 0
5431 1
21186 0
28213 0
8762 0
9852 0
9487 2
5432 1
6574 3
9496 0
8257 1
1562 3
8763 0
3263 3
2102 2
17034 0
5513 4
2447 2
8764 0
2734 2
8043 1
11649 0
5434 1
8765 0
10549 3
9318 0
5435 1
8766 0
8471 2
2105 2
5876 4
5436 1
17120 1
2106 2
5437 1
8861 0
4668 2
3585 3
2107 2
5438 1
6145 1
4978 5
8769 0
19293 0
12423 2
20550 0
2108 2
5439 1
8770 0
2109 2
8786 2
5440 1
15272 1
2110 2
8772 0
13054 2
5442 1
8773 0
5591 1
20022 0
2112 2
9235 0
5443 1
8867 0
29548 2
2113 2
8775 0
2034 5
2114 2
5445 1
8962 0
2115 2
15842 1
1735 3
11659 7
7739 2
2459 2
2116 2
8988 3
11820 1
37985 1
8778 0
2746 2
6931 2
2117 2
12645 0
8779 0
5449 1
10947 2
8780 0
14017 8
2177 3
2119 2
5450 1
2120 2
21004 2
5451 1
21357 0
5452 1
4922 4
6052 3
5453 1
10043 2
8784 0
2123 2
15471 0
2864 4
7261 4
12218 2
18340 1
16608 0
6294 1
2125 2
1157 4
5456 1
4543 2
3236 2
2126 2
3287 4
8788 0
856 5
30067 0
7044 1
2127 2
10277 1
15169 0
17262 1
8789 0
21109 0
2128 2
5459 1
2235 5
5460 1
17515 1
9069 0
13916 1
4024 2
5461 1
8792 0
2131 2
5462 1
466 4
1703 6
2132 2
3838 4
5463 1
1633 3
2133 2
8795 0
19352 0
2134 2
5465 1
20584 0
8796 0
13303 0
4814 3
5758 1
2135 2
8797 0
2477 2
6687 1
4203 2
9710 0
2137 2
13623 0
7633 1
13673 2
2138 2
8800 0
8986 0
46895 0
10066 0
2139 2
5470 1
10155 0
9354 0
8384 4
8802 0
5472 1
8803 0
12888 1
2142 2
8181 3
5473 1
7294 1
6044 1
6568 1
11977 1
2143 2
3973 5
5474 1
12912 0
20093 0
2144 2
5475 1
11623 3
8806 0
2145 2
5476 1
18923 0
2146 2
9831 3
8808 0
15355 1
10669 1
7810 2
13974 2
21293 0
5479 1
15065 2
2149 2
681 4
10485 1
13321 1
9544 0
2150 2
5481 1
8940 3
8812 0
17473 5
20826 0
44409 1
922 3
4602 2
7758 1
12524 2
17227 1
5484 1
8815 0
10256 0
8816 0
15943 7
5989 4
10689 0
5486 1
5919 1
2156 2
9188 0
6830 1
5488 1
11036 2
13161 2
5489 1
8820 0
2159 2
25149 3
10126 2
5490 1
14809 2
8821 0
5539 3
9731 1
2160 2
19411 0
5491 1
5639 1
2161 2
6141 3
38306 0
2162 2
5493 1
24721 0
685 6
2163 2
9095 3
5494 1
2147 5
6265 3
2164 2
5495 1
1704 3
1246 4
8826 0
5109 5
2165 2
29618 0
5496 1
3039 2
8827 0
2166 2
10686 3
5498 1
8829 0
2168 2
5499 1
5029 4
501 5
8830 0
2169 2
12036 1
5500 1
26643 3
2170 2
11798 0
8832 0
21470 0
20687 0
20667 0
30388 2
2959 3
8833 0
5794 1
2172 2
15645 1
26563 1
5503 1
21210 0
5651 1
8834 0
2173 2
29593 0
5504 1
11790 3
8835 0
9924 0
3841 4
963 5
12224 1
2174 2
5937 1
5505 1
10034 2
26967 3
8836 0
20164 0
2175 2
2176 2
25651 2
3939 4
5662 4
5508 1
8839 0
2178 2
4661 2
5860 2
5509 1
7881 2
8933 0
8840 0
5657 1
7181 3
2179 2
19291 4
17628 1
5510 1
5026 2
8841 0
2180 2
13837 8
2181 2
5512 1
24069 3
10040 1
18471 1
16289 0
8844 0
10802 0
9523 6
5514 1
15438 1
8845 0
9123 0
10521 2
5806 1
2184 2
8846 0
2185 2
3284 2
20437 4
2186 2
5517 1
19470 0
5598 2
8848 0
7398 4
8282 3
9034 0
2187 2
3057 2
1765 3
13786 2
934 3
2188 2
2189 2
5520 1
1834 6
2190 2
5521 1
20915 0
17399 1
5669 1
2191 2
14058 1
4072 2
6092 1
3702 2
2193 2
557 3
5524 1
8855 0
16020 1
17201 0
6616 1
5525 1
8856 0
21400 0
2195 2
11490 0
2531 2
5526 1
12095 1
7223 2
10209 2
1775 3
14074 0
3505 2
2196 2
9944 3
5818 1
5527 1
8951 0
12367 6
8858 0
12625 2
2197 2
11125 2
5528 1
9770 0
8859 0
8020 1
8515 4
2198 2
5529 1
34946 1
24249 3
4086 3
9046 0
2199 2
6747 3
5530 1
17334 1
2200 2
6230 3
2818 2
8862 0
11075 0
6366 1
8863 0
2202 2
8864 0
3899 2
2203 2
2384 5
5534 1
1970 4
1335 4
2204 2
5535 1
4720 2
9666 2
8866 0
6102 4
9236 0
2205 2
7116 1
13268 2
20235 0
4110 5
8868 0
15196 2
16968 1
35164 1
8869 0
20750 0
2208 2
4980 3
2543 2
8963 0
8876 1
2209 2
6503 1
5540 1
7952 2
2292 4
2210 2
9202 3
14111 2
10049 0
2211 2
5542 1
28137 3
35894 4
2219 3
2212 2
5543 1
7241 1
8874 0
19529 0
9426 0
2260 5
5544 1
2214 2
27903 3
4430 2
8969 0
3308 2
5319 3
2549 2
5693 1
5136 4
563 3
2216 2
5547 1
8878 0
9684 1
21311 0
2217 2
5548 1
8880 0
5550 1
1257 3
2220 2
15521 1
5551 1
19072 0
8882 0
1070 5
2221 2
3156 3
4040 4
8883 0
12154 1
10583 0
13150 0
1532 3
5240 5
8472 1
8884 0
16781 0
2223 2
5205 2
21583 4
8885 0
9527 0
3460 4
14129 1
2224 2
8977 2
9089 3
46374 0
5556 1
8887 0
8668 2
28569 3
22791 3
2226 2
822 6
38645 1
5557 1
3043 4
30916 2
5558 1
1846 3
23187 3
5559 1
8890 0
6777 2
17741 1
15458 4
5560 1
8891 0
5991 1
2230 2
10823 3
3093 2
7729 5
11413 7
8892 0
4779 2
11921 3
2231 2
5562 1
2810 3
10245 0
8893 0
2232 2
5563 1
10292 2
8894 0
5854 1
9355 0
16109 1
2233 2
5711 1
2234 2
20824 0
5565 1
8896 0
12599 0
5566 1
8897 0
12709 4
25009 1
2236 2
11214 2
8898 0
4609 2
12017 1
13899 2
5568 1
20306 0
2238 2
5569 1
15662 0
569 3
2239 2
5717 1
8901 0
2240 2
5571 1
12726 2
5572 1
8903 0
3961 3
21507 0
2854 2
8169 1
8904 0
1424 4
2244 2
5575 1
8999 0
8906 0
5063 3
13067 1
27499 1
5576 1
2246 2
5577 1
15794 1
1965 6
9094 0
17441 1
13494 1
7491 2
2579 2
12213 1
11206 0
15366 0
173 5
6009 1
8910 0
5580 1
8911 0
7535 4
2250 2
5581 1
48364 0
2251 2
5582 1
5811 4
17069 1
10352 0
8913 0
13375 2
5583 1
2253 2
5584 1
8915 0
17536 1
7961 1
32234 0
2254 2
9019 1
6215 4
5585 1
22161 3
2255 2
5586 1
14200 1
8646 4
8917 0
3341 3
2256 2
2866 2
5587 1
3941 2
9011 0
8918 0
15604 1
4838 2
2257 2
5588 1
9309 3
5878 1
2637 3
1795 3
8919 0
24931 2
9830 0
2258 2
5589 1
478 4
8920 0
1917 3
958 3
5590 1
8921 0
13980 0
11371 7
668 5
2261 2
2591 2
6182 2
21412 0
8923 0
2262 2
5593 1
19588 2
8924 0
5243 4
2373 5
6682 2
2263 2
9385 0
5594 1
8925 0
5741 1
2264 2
15327 2
5595 1
7051 1
6295 1
2265 2
19647 0
5596 1
4008 4
4141 4
9569 0
2266 2
31921 0
5597 1
8928 0
6444 3
8929 0
1177 5
2268 2
29181 3
8930 0
3824 3
21093 0
2269 2
10375 2
47615 0
20377 0
5600 1
4247 5
8931 0
2878 2
21696 0
10023 1
5601 1
7348 3
8932 0
2271 2
11313 0
39693 2
16198 1
8934 0
22008 0
8094 2
12516 2
14248 2
3356 2
2274 2
12272 1
8936 0
9029 0
5730 3
2275 2
5606 1
3514 3
8937 0
10688 2
11303 2
8484 3
11064 0
8938 0
44073 0
2277 2
13364 0
4311 2
2533 5
2278 2
17854 1
6408 3
2279 2
7170 2
5610 1
8941 0
5371 5
2280 2
5611 1
14028 1
2609 2
15194 4
1556 3
20916 0
2281 2
5612 1
5146 3
8943 0
2282 2
1513 4
8944 0
7188 1
6575 2
8945 0
2284 2
5615 1
9379 6
2285 2
16999 4
5616 1
9498 0
16468 0
17368 0
12827 2
2286 2
9041 0
14271 1
14012 2
2287 2
5618 1
8949 0
699 4
2288 2
5619 1
12052 3
12415 1
2289 2
959 6
10516 1
6456 2
2290 2
1988 3
5621 1
22081 1
8952 0
7545 1
33674 3
2291 2
9554 1
5622 1
8953 0
5623 1
10566 0
8954 0
4490 2
2293 2
10960 3
5624 1
15687 1
8955 0
13861 5
20833 2
2621 2
2294 2
17548 1
5914 1
5625 1
8956 0
3147 2
19221 0
2295 2
5626 1
10170 3
8957 0
17170 1
7664 1
2296 2
5627 1
6712 1
4812 2
6920 3
32092 2
10896 1
18733 1
7319 1
20961 0
5628 1
8959 0
2902 2
6587 1
5629 1
8960 0
2299 2
13482 2
10502 3
9238 3
8961 0
13862 0
908 4
2300 2
12331 1
20448 0
28363 1
5632 1
9332 0
10489 0
2303 2
5634 1
8965 0
587 3
6328 4
2304 2
8165 2
11847 0
5635 1
2096 6
9416 3
8966 0
9059 0
8967 0
10458 2
10718 1
5783 1
2306 2
30171 3
5637 1
5926 1
21513 3
2633 2
2307 2
9845 2
2308 2
21182 0
9611 0
3595 2
8970 0
13554 0
5640 1
4956 2
8971 0
6849 1
5350 4
2310 2
4242 4
3983 2
9249 0
5641 1
2311 2
39038 2
5642 1
16287 1
8973 0
2312 2
5643 1
2486 5
1293 3
7672 4
8777 4
18247 2
5645 1
9376 1
8976 0
11017 0
4979 2
11392 2
1284 5
35358 1
2315 2
39783 1
2316 2
5647 1
4168 2
8978 0
17673 1
2317 2
6212 1
8979 0
19765 0
20999 0
2318 2
5229 3
6497 3
5938 1
9166 0
10068 0
21809 0
2320 2
8585 3
16954 0
8982 0
12926 0
2321 2
5652 1
3633 4
8983 0
1602 4
12440 0
2059 3
2322 2
5653 1
251 4
8984 0
6081 1
9445 0
5801 1
5655 1
2167 4
2325 2
2483 4
593 3
8987 0
9356 0
5960 4
12363 0
12390 1
5658 1
982 3
2328 2
17967 1
9267 0
5659 1
8990 0
5660 1
8991 0
5706 2
15770 1
22139 0
3222 4
12928 2
5661 1
5807 1
24139 2
2331 2
8675 1
8993 0
2332 2
20519 0
45147 0
4384 5
48772 0
2657 2
5665 1
13181 0
5666 1
7117 1
7597 5
5516 3
26462 5
8236 2
5015 2
21721 0
2336 2
5813 1
8998 0
14125 2
14385 2
28718 2
9819 0
2337 2
32332 2
5668 1
5502 5
3183 2
10697 0
9000 0
22879 5
9168 2
5670 1
9001 0
2663 2
2340 2
17271 1
9002 0
2341 2
17655 1
5672 1
9003 0
25418 2
2342 2
5295 2
6236 1
5673 1
10541 2
9004 0
6629 1
9005 0
9736 0
19824 0
9006 0
13667 1
2345 2
10283 3
5676 1
9007 0
9994 1
346 5
12183 3
599 3
2346 2
14301 0
5677 1
13589 2
8865 2
2347 2
9009 0
30523 1
12665 2
5679 1
13246 1
9010 0
10448 0
4313 3
2349 2
31737 2
14413 1
2350 2
5681 1
24319 1
9012 0
7010 1
16376 1
9301 6
9013 0
7456 2
2488 3
2352 2
835 5
2682 5
5683 1
1096 6
9014 0
12449 1
2353 2
2130 3
5684 1
11225 0
9015 0
6441 4
11481 2
5685 1
21082 0
4343 4
9016 0
18864 1
5312 3
2355 2
27674 5
10291 1
2356 2
5687 1
11097 3
5457 4
4175 4
5688 1
6586 3
12214 1
24182 5
5689 1
24386 5
9020 0
6385 1
2359 2
9021 0
6117 1
5691 1
21098 0
1691 4
2361 2
10021 0
5692 1
3428 2
2227 6
7837 1
1391 5
5074 2
2599 5
7515 3
9024 0
3228 3
2363 2
28034 5
15049 7
5694 1
9025 0
20590 0
5695 1
9026 0
8686 3
2365 2
2687 2
2366 2
5697 1
2962 2
9028 0
5843 1
83 4
8307 2
5698 1
10855 2
2368 2
5699 1
9030 0
2369 2
15163 2
15563 0
5700 1
21922 0
19370 0
10380 2
2370 2
19883 0
5701 1
8908 4
9032 0
6623 3
2371 2
5702 1
35754 1
20413 7
14195 1
2693 2
5849 1
5704 1
9035 0
9404 0
30621 1
9387 3
5705 1
3846 2
13029 2
2375 2
9037 0
2376 2
7809 4
5707 1
9038 0
2377 2
17535 0
12002 0
18080 1
2378 2
11670 0
2699 2
15589 2
2379 2
10624 2
12508 1
5710 1
5998 1
2380 2
17810 1
2974 2
14484 1
5712 1
9043 0
7397 1
2382 2
8616 1
9044 0
9137 0
21828 0
2383 2
5714 1
9045 0
9505 0
2082 3
5715 1
2201 3
17372 1
5861 1
2385 2
5716 1
14238 2
9048 0
21360 0
2387 2
6671 1
28891 1
9049 0
22270 0
2388 2
5133 2
5719 1
9050 0
7635 1
101 5
16647 0
2389 2
5720 1
5921 3
7974 1
6415 1
16465 1
3452 2
9052 0
6546 1
5867 1
21165 0
5395 3
9873 0
9053 0
2392 2
2711 2
9784 0
6284 1
5724 1
11570 2
13696 2
6153 2
1006 3
2986 2
2394 2
7093 3
9606 0
5725 1
9056 0
10396 3
21715 0
5633 5
20661 0
1604 3
5726 1
9057 0
16092 1
4521 5
19942 0
6675 3
14774 4
23318 5
2397 2
26167 3
4194 3
9428 0
2398 2
7718 2
5729 1
9060 0
9630 3
4444 4
9061 0
14522 2
2400 2
1780 4
13231 8
6109 4
2401 2
32881 0
9063 0
10674 0
2402 2
5733 1
7028 2
9064 0
5879 1
5734 1
6554 4
15936 1
1329 3
12314 3
9065 0
166 4
12606 1
5564 4
2404 2
43228 1
5735 1
6022 1
2405 2
9067 0
5737 1
7183 1
3419 3
9161 0
617 3
5738 1
8426 1
2998 2
13413 0
2408 2
21877 6
9953 1
9070 0
4741 2
2409 2
1498 5
8787 3
5740 1
29318 5
9071 0
2410 2
9072 0
10941 0
33532 2
10024 2
5742 1
9073 0
2729 2
2712 5
2412 2
19519 8
18995 1
5743 1
40115 1
9074 0
14555 1
2413 2
9075 0
9535 0
5192 2
9076 0
2415 2
5746 1
1233 6
15853 4
9077 0
10707 2
14213 0
2416 2
2272 3
4419 2
5057 2
24523 4
9079 0
17127 0
2418 2
22826 5
5749 1
9357 0
9173 0
3806 4
22035 0
13130 2
5750 1
2358 6
11234 3
3882 2
5909 2
9081 0
29323 1
2420 2
717 4
29606 5
5897 1
6445 1
11629 0
12814 2
11208 0
5753 1
9084 0
21235 0
9085 0
2741 2
6957 1
2425 2
21449 0
2426 2
1018 3
20732 0
2831 5
5903 1
46669 0
9274 0
18193 1
21248 0
9039 4
37742 1
29353 1
2428 2
5478 3
6582 1
257 4
6046 1
5760 1
16554 1
9091 0
2430 2
8449 2
21935 0
5761 1
9642 0
4063 3
34869 0
2431 2
5762 1
9093 0
22742 5
2432 2
5959 4
2433 2
202 5
3401 4
6189 1
5765 1
9096 0
3091 3
2435 2
3022 2
5766 1
20227 5
3598 3
6764 3
14351 2
2436 2
5767 1
15720 2
9098 0
2437 2
31706 1
5768 1
9099 0
2753 2
2438 2
9100 0
12145 0
2439 2
7946 4
5770 1
1869 4
21816 0
9286 0
16019 1
2440 2
2674 4
5771 1
249 4
9832 0
13803 2
9102 0
7409 2
5772 1
9103 0
6332 1
2442 2
13840 1
6939 2
2443 2
5774 1
4545 4
519 5
9105 0
1002 5
932 4
14626 1
2444 2
3273 2
9565 0
5775 1
10509 3
9106 0
2445 2
22401 0
2364 4
5776 1
9737 3
9927 0
10544 0
5777 1
9108 0
11123 1
38127 0
2343 3
9109 0
1347 3
9193 1
39412 0
4610 2
15397 5
2448 2
5779 1
9536 3
9203 0
20060 0
4342 4
2449 2
5780 1
3765 3
6856 1
9111 0
10280 1
2450 2
1135 4
5781 1
9112 0
12892 0
5671 4
11066 0
2451 2
2536 3
27169 1
10755 1
9298 0
5927 1
13425 1
2452 2
25777 3
10790 2
5764 5
6207 1
9114 0
2453 2
5784 1
9853 4
10811 0
43492 1
8888 3
7682 3
2454 2
9359 2
9116 0
9209 0
32421 3
2456 2
1605 5
5787 1
3715 2
5713 3
9118 0
2457 2
13621 0
5788 1
9119 0
12685 1
9120 0
4658 5
11022 2
5790 1
9121 0
2460 2
5385 2
5791 1
9122 0
12445 3
5792 1
2825 5
8520 2
10951 1
2118 3
2462 2
3046 2
9124 0
9125 0
2777 2
5939 1
2464 2
14362 1
5795 1
3918 2
9126 0
6463 2
5561 3
2465 2
21538 0
3291 2
5796 1
9127 0
6082 1
6618 1
5797 1
9128 0
9678 0
9221 0
5310 2
2467 2
10553 2
5798 1
9062 2
5799 1
16044 0
16643 1
22148 0
6838 2
2469 2
17702 0
5800 1
4109 2
40826 1
19126 1
9131 0
22339 2
2470 2
16241 1
5802 1
9133 0
11748 2
2472 2
19153 5
5803 1
9134 0
9411 0
2930 3
9227 0
48635 0
2473 2
9135 0
7939 1
17574 1
20001 3
2474 2
6802 3
5805 1
9136 0
6258 4
2475 2
20119 0
6853 3
14697 1
2476 2
40415 1
16102 1
2789 2
2489 6
332 4
22042 0
18306 1
5808 1
3524 2
9139 0
7249 1
303 5
32619 3
5809 1
9140 0
1370 6
1958 4
12411 1
2414 3
2479 2
10402 0
9141 0
2480 2
25021 4
5812 1
6725 2
9143 0
2482 2
17976 1
13805 0
9144 0
25429 0
5814 1
21917 0
2484 2
6505 1
30326 0
12744 1
641 3
9239 0
15481 9
5816 1
9170 4
9147 0
14464 2
5817 1
3309 2
9148 0
21372 0
2487 2
9330 1
13910 2
4646 4
5819 1
9150 0
5820 1
20874 0
6243 1
9151 0
2801 2
1042 3
15760 0
5821 1
9152 0
2491 2
7266 3
5552 2
16826 0
30962 5
9154 0
9844 3
8591 2
2493 2
5369 2
5824 1
23449 5
9155 0
15851 2
2494 2
10622 3
9524 0
9156 0
9835 1
22507 1
2495 2
9157 0
2496 2
502 4
179 5
5827 1
14528 0
9158 0
12963 2
5828 1
8825 1
5778 4
2498 2
5829 1
9160 0
2499 2
4540 3
5830 1
46443 1
9346 0
11873 0
2500 2
5831 1
6904 1
9981 0
21414 0
26329 2
2501 2
2980 5
5832 1
20178 0
5644 3
9163 0
2502 2
5833 1
9164 0
22532 0
21746 5
6780 4
9257 0
9714 0
2503 2
1712 5
5834 1
647 3
9165 0
6654 1
2504 2
21627 0
8189 1
6112 3
10515 0
5836 1
7856 1
3548 2
5981 1
18084 1
21614 5
30967 0
14768 1
2507 2
5838 1
3327 2
16732 1
7689 2
6261 1
2508 2
13332 2
8082 1
5839 1
3954 2
2509 2
2819 2
5840 1
5895 5
12803 1
2485 3
9172 0
5893 4
2511 2
2938 5
11837 2
5842 1
10782 0
9358 0
2512 2
5987 1
9174 0
5844 1
16185 1
9175 0
43955 0
415 4
6942 3
9176 0
10203 2
17300 0
5846 1
6535 1
9177 0
2516 2
3979 4
7404 1
6404 1
5848 1
2047 4
17675 1
19668 0
12576 3
9180 0
12797 1
2519 2
5850 1
5428 2
9181 0
2520 2
6797 1
5851 1
8421 1
9182 0
2521 2
5852 1
9183 0
4795 5
4151 2
2522 2
653 3
404 5
5853 1
9184 0
9685 3
2523 2
2524 2
22149 0
5855 1
8662 2
13207 0
9186 0
4670 2
5856 1
9187 0
10956 2
14796 2
2526 2
5857 1
10361 0
13450 0
18419 1
9281 0
1915 3
19257 1
2527 2
10873 7
9189 0
20237 0
48138 0
2528 2
22018 0
5859 1
9190 0
2837 2
10542 1
18083 1
9669 1
2530 2
263 4
3106 2
41511 2
10257 1
19897 4
18871 6
2532 2
5863 1
4747 4
9194 0
5864 1
9195 0
1383 3
2534 2
5865 1
2620 6
9196 0
9655 0
2535 2
2843 2
14577 2
9197 0
1169 5
9382 0
6011 1
9198 0
12862 1
3580 4
5868 1
9199 0
21497 0
10284 0
5727 3
2538 2
2154 3
5869 1
14839 1
9200 0
28141 1
9293 0
7387 5
2539 2
9201 0
9951 3
14013 1
2540 2
5871 1
659 3
4509 4
2541 2
692 5
5872 1
6428 1
14342 4
1507 6
2556 3
2542 2
18673 2
9090 3
9572 0
7190 1
21716 0
10735 3
2544 2
3118 2
5875 1
9206 0
16390 1
6297 1
5885 4
18079 5
9207 0
5487 2
11508 3
7849 3
2546 2
2547 2
16821 1
21079 4
2548 2
21331 2
7945 2
9210 0
5880 1
6407 4
9211 0
21509 0
16268 1
2550 2
1819 5
5881 1
498 4
11926 2
9212 0
11189 2
2551 2
6166 1
15982 2
2552 2
5883 1
21016 0
6893 4
13433 2
9214 0
8558 1
2553 2
5884 1
9215 0
7031 3
20296 0
4427 3
4527 2
2861 2
3497 3
9216 0
6029 1
12751 0
2555 2
2865 4
13604 1
27193 0
5886 1
9217 0
8733 2
14529 1
5887 1
9311 0
2557 2
2136 4
5888 1
9219 0
10807 7
2558 2
5889 1
2559 2
5890 1
1676 3
9406 0
2560 2
9222 0
3051 5
10130 0
10219 0
2562 2
9863 0
11039 2
9224 0
17776 1
12921 1
9501 0
5894 1
9225 0
6178 1
6839 1
10726 2
2565 2
11518 0
5896 1
8220 4
12680 0
2561 4
6452 1
3805 2
9228 0
505 5
9596 0
2567 2
6026 5
25573 2
22374 0
9323 0
6023 2
2569 2
9550 2
18221 1
9231 0
14910 1
9232 0
8989 6
13112 2
3142 2
22256 0
14446 0
5546 2
2572 2
9234 0
22119 0
6047 1
5904 1
2627 3
2879 2
2574 2
21580 0
4193 2
5810 3
2575 2
5906 1
9237 0
3129 5
12707 3
2576 2
1401 3
7279 2
15517 2
18190 1
18532 1
4848 4
5028 2
2577 2
5908 1
5910 3
6981 3
6595 1
9240 0
4873 2
6053 1
9241 0
2580 2
20355 0
9242 0
5912 1
9243 0
14124 2
6333 1
2582 2
5913 1
956 4
9244 0
21805 0
2583 2
16235 0
9245 0
21087 0
2584 2
5915 1
19388 1
9246 0
7815 1
14690 2
2799 3
12206 0
11198 0
2585 2
4932 5
5916 1
9247 0
5917 1
16910 1
9248 0
10058 3
9191 3
9341 0
581 4
2587 2
8804 2
9259 2
9250 0
12980 1
14933 2
7439 3
5920 1
9251 0
12015 2
2590 2
6476 1
5922 1
9253 0
1945 3
2751 6
2592 2
5992 4
5923 1
3682 3
9254 0
4302 3
19817 0
7120 3
2593 2
2897 2
10848 3
13676 0
2594 2
677 3
8380 1
5925 1
11293 0
17005 0
22261 4
9442 0
2225 4
9258 0
13534 2
2597 2
1926 5
5928 1
11350 1
9834 3
2598 2
5605 2
5929 1
3166 2
9260 0
11122 2
9261 0
358 5
12608 1
10222 1
2903 2
9022 1
1165 4
2600 2
24734 4
1362 4
9432 4
11637 0
9262 0
2601 2
14981 1
5932 1
7006 4
35524 2
5933 1
9264 0
7648 2
5934 1
34113 3
9265 0
2604 2
2698 3
1644 6
18957 3
5936 1
34239 3
2606 2
2909 2
9268 0
2607 2
42051 2
9269 0
2608 2
514 4
9270 0
6881 1
11645 3
6446 2
16113 2
5940 1
29041 1
9271 0
2610 2
5941 1
37022 1
3164 5
10356 0
9272 0
15957 0
21663 0
2611 2
606 5
5942 1
11732 0
9822 0
683 3
5943 1
37914 1
21646 0
2613 2
10994 1
9275 0
4152 4
5945 1
48498 0
9644 0
2615 2
5946 1
3855 3
6089 1
13039 1
9277 0
2616 2
5947 1
9278 0
9371 0
5648 2
2617 2
22220 0
30794 2
22794 0
17947 10
22487 0
11184 1
10382 2
2618 2
5949 1
22363 0
9280 0
31753 0
8875 2
5213 2
2619 2
16539 1
5950 1
5362 2
6303 3
9466 0
5951 1
9282 0
17533 4
3644 2
4949 4
5952 1
9283 0
10190 0
2622 2
21894 0
5953 1
7196 2
9284 0
4581 2
18939 3
37878 1
9377 0
2623 2
4016 3
16434 1
5954 1
18297 1
9285 0
664 4
14340 0
6556 4
2624 2
5955 1
5664 2
6238 1
6157 5
2625 2
9745 0
5956 1
2927 2
18645 1
5957 1
9288 0
5958 1
1336 5
6101 1
9289 0
269 4
2628 2
8357 4
14231 2
12104 2
9291 0
10537 1
26522 4
5961 1
2631 2
5962 1
9292 3
2632 2
7209 3
33086 0
4676 4
18358 1
9294 0
15052 1
12838 3
9295 0
12988 1
10165 3
2634 2
7631 1
2635 2
5966 1
9573 0
9297 0
2314 4
11205 2
2769 3
17869 6
5967 1
13878 0
5968 1
8016 3
14186 1
6387 1
9299 0
3372 3
5969 1
41583 0
2939 2
9300 0
865 5
3202 2
2639 2
9668 0
3865 2
6099 4
5970 1
6113 1
2640 2
3759 4
5971 1
9302 0
2641 2
32743 0
13635 2
13098 1
2642 2
4062 2
5973 1
11356 2
10961 3
5974 1
9305 0
2644 2
2033 5
35956 2
9306 0
2645 2
2646 2
5977 1
14755 0
21229 0
2647 2
5978 1
47144 0
14696 1
5976 3
2648 2
5069 5
5979 1
28801 0
9310 0
2649 2
2882 6
5980 1
4767 3
2650 2
8946 2
3278 5
9312 0
5723 2
2651 2
5982 1
9313 0
7119 4
2652 2
15070 2
5983 1
3214 2
12355 0
9314 0
6220 2
18036 0
2429 3
2653 2
7048 1
5984 1
9315 0
2654 2
5985 1
3453 2
7101 2
7173 1
5986 1
9317 0
707 5
9502 0
14056 0
5988 1
9319 0
6131 1
2957 2
9563 4
11525 0
13783 1
8881 6
20532 0
1437 3
2659 2
9413 0
16517 1
2660 2
3277 5
747 4
21983 0
6274 1
22321 0
2662 2
10899 2
9324 0
41915 1
4939 2
8975 1
701 3
9692 0
5994 1
9325 0
7922 2
2664 2
15123 1
2963 2
5995 1
9326 0
17088 1
2665 2
9419 0
1724 3
22470 0
9327 0
6548 1
5050 4
3226 2
13185 0
2666 2
5997 1
16244 2
40454 0
9328 0
2667 2
22600 0
19966 0
2840 3
13157 1
1781 6
2668 2
6744 2
2669 2
6000 1
9331 0
6143 1
753 4
3056 4
18404 1
2969 2
1114 3
2671 2
6002 1
9609 0
7298 3
9333 0
11782 3
9983 3
11288 2
6003 1
6994 2
2673 2
6004 1
20114 5
9335 0
6005 1
6423 1
2403 4
22925 0
6006 1
9337 0
14338 2
9393 3
21783 0
2676 2
6007 1
9338 0
5782 2
2677 2
9431 0
6008 1
9339 0
4790 2
2678 2
21300 0
34977 3
2679 2
3238 2
6010 1
2680 2
4456 2
7160 3
10272 3
9343 0
9017 2
6288 5
6013 1
10072 0
9344 0
33734 2
2683 2
9437 0
6014 1
2684 2
9741 2
14916 2
10517 0
14359 5
6059 3
20591 0
6016 1
13736 2
2686 2
6206 4
4098 2
6017 1
9348 0
9510 1
7612 3
2758 4
9349 0
2688 2
3223 3
6019 1
9350 0
12059 0
2689 2
9989 0
6020 1
9627 0
9351 0
7447 1
14803 9
2853 3
7798 1
6021 1
12969 3
31351 0
2691 2
2140 5
9353 0
8494 4
2692 2
11074 3
16688 1
13216 1
6025 1
10351 0
2695 2
18495 1
2696 2
3489 2
8143 1
6027 1
16600 1
830 4
2697 2
10116 1
6107 3
6705 4
16426 0
8172 2
9360 0
2911 3
17184 0
6030 1
19650 1
9361 0
1126 3
11140 0
2700 2
808 5
6173 1
6031 1
9362 0
31309 1
22072 0
2701 2
7232 4
6032 1
9363 0
2702 2
6033 1
9364 0
2999 2
537 5
2703 2
5841 2
10793 1
9365 0
7096 1
2704 2
17177 1
9366 0
2705 2
9367 0
2706 2
22422 0
3716 2
6037 1
9368 0
3013 6
38582 0
2707 2
9461 0
6038 1
12282 2
12492 0
6039 1
9370 0
2709 2
6040 1
9456 2
21371 0
3390 5
2710 2
4660 3
5151 4
17646 0
20650 0
5206 5
6042 1
4325 4
6459 1
9373 0
8809 1
6043 1
22577 0
9374 0
719 3
9088 2
2713 2
9467 0
9375 0
2492 4
6045 1
8048 1
11496 0
2715 2
9694 4
15207 2
526 4
3011 2
10897 0
2716 2
10520 1
22713 0
2717 2
6048 1
2005 3
2718 2
13719 0
9380 0
7709 1
1503 5
2719 2
9473 0
6050 1
3274 2
2720 2
13410 2
9494 3
13275 1
9641 1
6051 1
12805 1
21912 0
2721 2
6142 3
9383 0
9384 0
6334 1
14445 2
6054 1
21158 4
11674 0
16375 2
4843 4
6197 1
9386 0
3427 5
2725 2
9479 0
6056 1
9663 0
2726 2
6057 1
9388 0
15265 1
5446 2
9389 0
13488 0
14679 0
10379 3
2728 2
9574 0
1138 3
9390 0
3023 2
8183 3
5900 2
9391 0
2730 2
6061 1
6203 1
2982 3
4319 2
1918 6
2731 2
6062 1
10031 0
16154 0
6063 1
23056 0
9394 0
16683 1
26077 1
6064 1
9395 0
913 4
15029 2
10654 0
11523 2
6065 1
9396 0
6494 3
11919 3
2735 2
6066 1
9397 0
9764 0
2736 2
1038 5
6067 1
9398 0
22873 2
2471 3
2737 2
9491 0
6068 1
20709 0
9399 0
10832 0
2738 2
6069 1
2247 5
9400 0
21920 0
14659 9
6070 1
1473 3
9401 0
6419 5
9586 0
4504 2
18180 1
9402 0
21442 0
5744 2
6072 1
9403 0
20115 0
2742 2
6073 1
11187 3
10310 0
33667 0
2743 2
9497 0
17266 1
6074 1
3938 4
9405 0
16351 4
2744 2
12030 0
8298 1
6075 1
1195 4
9159 2
18203 0
909 5
9962 1
2745 2
6076 1
11454 2
9407 0
9865 0
27619 0
3766 3
36158 1
10132 3
9408 0
12371 2
2747 2
9409 0
11577 1
3041 2
2748 2
13100 3
6079 1
6221 1
13179 1
2749 2
6080 1
7476 3
7530 2
2750 2
1589 4
22523 0
9412 0
7345 4
149 6
2752 2
9598 0
6083 1
9414 0
9794 3
2581 4
6084 1
2754 2
8417 1
47672 0
5252 4
8631 4
4541 3
2755 2
9417 0
2756 2
1398 4
6087 1
9418 0
19781 1
2757 2
21995 0
6225 3
4689 2
3543 2
15336 1
9420 0
18632 1
6090 1
3503 5
22684 0
9421 0
11072 2
9788 0
2760 2
6091 1
9422 0
7513 1
5899 2
5172 2
10417 0
9423 0
13962 1
3053 3
2762 2
9424 0
3764 2
2763 2
6094 1
9425 0
20768 0
50285 0
2764 2
3144 6
6095 1
18618 1
9595 3
7887 2
2765 2
6096 1
6097 1
16756 2
2767 2
9521 0
6098 1
34279 1
1772 3
6906 1
9430 0
19099 2
6100 1
7281 1
14552 2
2770 2
996 4
20473 1
2771 2
9433 0
6382 1
2772 2
9178 1
9825 4
6854 4
6104 1
9435 0
10073 0
11417 1
2774 2
6105 1
5343 5
9436 0
13938 2
2775 2
10486 3
45484 1
18984 1
11233 1
9230 2
9895 0
7171 5
9438 0
743 3
9439 0
3945 3
2778 2
15344 2
10785 0
2779 2
3561 2
22250 0
9533 0
13939 0
6110 1
2780 2
6420 4
6111 1
7882 1
2781 2
16506 2
15871 2
16867 6
6018 2
11537 2
17355 1
9444 0
2783 2
3985 2
15142 2
19454 5
2784 2
7339 3
7785 3
18841 3
9446 0
18281 1
6257 1
3247 4
9539 0
6116 1
2354 5
9447 0
14579 0
12460 2
2786 2
3334 2
6118 1
9449 0
771 4
13062 0
2788 2
6119 1
9634 0
9450 0
1010 5
7565 3
6120 1
9451 0
6668 1
15407 1
2790 2
6121 1
9452 0
2791 2
6263 1
3788 2
10491 1
6122 1
2792 2
11300 3
37204 2
6123 1
2670 4
9454 0
3083 2
10002 0
2793 2
6124 1
3124 3
9455 0
45652 1
2794 2
2055 6
22078 0
6125 1
6308 3
13559 2
22624 0
4112 3
2795 2
6126 1
9457 0
6406 1
9458 0
6805 1
14982 0
4267 3
2797 2
6269 1
6550 5
9551 0
9459 0
2798 2
12056 3
9460 0
36273 3
13452 1
5353 4
3089 2
3576 5
9932 2
6130 1
7430 1
4994 3
3579 2
4552 2
2800 2
11153 0
7458 4
21829 2
6132 1
9463 0
22057 0
7453 2
6133 1
17363 0
9464 0
31034 0
26137 0
7787 1
2803 2
6134 1
9465 0
21584 0
6135 1
12256 0
12997 0
2805 2
2806 2
716 5
6137 1
16849 1
1079 4
20203 3
6138 1
2955 4
17819 0
9836 0
6340 2
6077 2
2808 2
6418 1
6139 1
35571 1
4498 4
3616 5
2809 2
9696 3
6140 1
10794 1
9471 0
11675 0
9472 0
1670 5
2811 2
1174 3
18725 1
281 4
2812 2
9474 0
2813 2
6144 1
10207 4
16617 0
9475 0
2814 2
19912 1
9476 0
17877 3
37516 2
6287 1
6146 1
9477 0
5010 4
9753 0
2816 2
20886 0
20264 0
22939 0
14135 0
30098 4
2817 2
6148 1
4206 2
8768 4
1796 3
1509 3
3110 3
6149 1
9480 0
11620 2
8144 1
6304 3
2513 3
10999 0
14039 2
538 4
6150 1
3812 2
23701 5
9481 0
2820 2
8155 2
6151 1
10281 3
8350 3
2821 2
15478 1
6152 1
9483 0
11260 0
3275 6
17444 1
18769 1
10593 3
26989 3
9484 0
761 3
6154 1
9485 0
6739 2
27007 2
6155 1
9486 0
10740 2
19097 1
3195 3
12549 2
13511 1
6156 1
298 6
11690 2
7692 1
2826 2
16837 8
6158 1
6527 4
6299 1
9489 0
10216 0
6835 1
10483 0
47259 0
6159 1
7654 3
9490 0
4910 2
10572 0
2829 2
18382 1
6160 1
7091 1
14307 0
2830 2
5071 2
9653 2
9956 4
15030 1
6391 3
3119 2
6162 1
15931 5
2298 3
2759 4
28783 1
6163 1
14532 1
2461 5
6442 1
2833 2
15255 2
9587 0
6164 1
1111 5
9495 0
1211 5
9771 0
2834 2
6136 2
19046 5
29714 2
2835 2
10928 0
21655 0
2836 2
18370 0
36579 3
5480 5
2838 2
6169 1
9500 0
9372 2
16637 2
1186 3
22725 0
6311 1
11106 0
7364 2
6171 1
6172 1
13002 1
9503 0
3653 3
2842 2
10673 0
9504 0
16986 1
8822 1
17679 3
16932 1
6174 1
6978 1
1162 4
5454 4
1004 4
2844 2
6175 1
9506 0
6176 1
9507 0
6317 1
2846 2
9508 0
4117 4
2847 2
7003 4
8399 2
2849 2
6180 1
24883 4
9511 0
6685 3
2850 2
7571 4
6181 1
3137 2
9512 0
2851 2
13570 1
9513 0
6323 1
2852 2
6183 1
15549 1
11462 0
773 3
3394 2
22898 0
9797 3
6185 1
9516 0
6681 5
2855 2
4045 2
11703 2
9517 0
2856 2
3266 3
1527 3
9518 0
8620 1
2857 2
2192 6
11245 2
6188 1
22428 0
6329 1
2858 2
10157 0
9520 0
3729 5
18832 1
43754 0
6865 1
6190 1
2860 2
6191 1
6195 2
9522 0
6192 1
12193 8
8406 1
2862 2
2863 2
13362 3
6194 1
8947 1
9525 0
14140 2
13370 1
14766 2
7263 2
9526 0
14141 1
22194 0
6196 1
12565 0
1198 3
23052 0
4893 3
9985 0
9528 0
21726 0
2867 2
6198 1
22244 0
9529 0
7743 3
6474 3
6199 1
9369 1
13708 2
2869 2
10700 3
6200 1
9623 0
29299 0
2870 2
9443 2
6201 1
9532 0
2848 4
2871 2
22663 6
7025 2
7966 1
20043 1
2873 2
6204 1
3725 5
18483 1
7133 1
6205 1
6634 4
19210 1
35894 5
11569 0
2875 2
9629 0
9537 0
10264 0
11044 1
6208 1
38092 2
13629 1
6621 1
1212 5
8531 1
9540 0
3406 6
6210 1
47829 0
2568 5
9541 0
17015 1
2880 2
1245 4
3418 2
9908 0
6211 1
9542 0
8905 4
2881 2
13478 0
9543 0
7958 3
10359 0
6353 1
3167 2
3651 2
6213 1
15368 2
2883 2
14912 0
2884 2
15620 1
7389 1
9546 0
18906 1
2885 2
6216 1
9547 0
6531 2
25807 4
2886 2
6217 1
9548 0
6254 2
2887 2
6218 1
7518 3
33998 1
3337 3
10087 4
18758 5
5555 4
6359 1
2888 2
6219 1
2890 2
9552 0
31683 1
6222 1
11526 3
22538 2
6001 2
2892 2
40002 1
6223 1
43977 2
9555 0
6502 1
2894 2
9556 0
21063 0
2895 2
6226 1
10430 3
2896 2
16768 2
6639 1
13561 4
9742 0
10015 0
22517 0
9559 0
11804 1
9898 3
2898 2
21797 0
6229 1
2899 2
31099 1
32702 1
9561 0
7684 4
447 6
3438 4
2900 2
2095 3
17622 1
6231 1
5617 5
23005 0
1816 4
2901 2
6232 1
789 4
10397 1
9514 2
10644 0
2334 3
6233 1
1837 5
10783 1
3669 2
7764 1
6234 1
3516 3
131 7
12727 2
3884 2
13688 1
2904 2
10822 0
6235 1
6557 3
9566 0
15618 2
17992 0
9567 0
17542 0
6514 1
12091 8
2906 2
6237 1
1434 4
4671 4
9568 0
7288 1
3442 2
7832 3
2907 2
5177 4
3191 2
2908 2
14241 2
6239 1
3842 5
9570 0
9754 0
6240 1
895 5
13988 0
2910 2
2937 4
6241 1
14873 2
8791 5
6242 1
797 3
2912 2
6812 5
1631 4
8517 3
23714 3
5137 2
6244 1
6788 1
2914 2
10123 2
6245 1
9576 0
50298 0
2915 2
23165 0
15691 1
9577 0
11267 0
2916 2
1844 3
6247 1
17098 1
9578 0
4780 3
1328 4
2917 2
17135 1
29719 1
5447 2
9579 0
8347 1
2918 2
18584 1
6389 1
6249 1
3408 3
2919 2
6250 1
9581 0
2920 2
2329 6
6251 1
25351 2
3203 2
9582 0
13493 3
10751 0
2921 2
6741 4
9583 0
7152 4
2776 3
2922 2
1313 5
6253 1
11101 0
15197 1
2923 2
3687 2
9677 0
7781 2
5745 2
19323 1
2924 2
12330 3
6255 1
10312 0
10490 0
2925 2
6256 1
9827 1
2926 2
46079 0
4105 2
9588 0
2675 5
3209 2
8126 2
12708 0
9589 0
18537 0
10919 2
2928 2
16117 3
22331 0
16808 0
18602 5
3152 4
11869 2
20174 1
3170 3
6260 1
11961 0
21868 0
9591 0
14705 1
11650 1
9592 0
1384 5
13769 0
9593 0
3908 2
1563 3
2932 2
5656 4
9594 0
9778 0
9585 2
3466 2
6264 1
2934 2
8799 1
6266 1
9689 0
9597 0
2936 2
22606 0
4487 2
6267 1
3537 6
6268 1
11472 1
9599 0
4035 3
9600 0
13334 4
6372 2
6270 1
17711 1
9601 0
3221 2
6501 3
2940 2
6271 1
9602 0
22410 0
809 3
11639 3
6640 3
6272 1
5614 2
7443 1
9603 0
2942 2
6273 1
9999 3
9604 0
12816 2
5316 2
2943 2
11380 0
13857 2
9334 1
9042 4
2944 2
20827 1
13261 7
1234 3
10218 4
2945 2
6276 1
9607 0
7921 3
6277 1
9608 0
15209 0
15762 1
2947 2
6278 1
23112 0
14818 0
4314 2
19043 1
3874 5
2948 2
6279 1
9610 0
6280 1
3026 4
7797 4
5221 3
29893 1
4296 4
6281 1
191 5
3479 3
9850 2
6282 1
9613 0
12151 0
2952 2
6283 1
9614 0
12068 0
17181 1
2953 2
29737 2
1411 4
9952 1
16899 2
2954 2
9616 0
11418 2
2956 2
7086 1
13806 1
9618 0
26671 3
44409 2
9619 0
3955 5
14980 2
2958 2
6289 1
9620 0
46636 1
31886 4
6290 1
3932 2
9621 0
2960 2
10255 1
9897 0
9622 0
21939 0
262 7
2961 2
6292 1
4135 2
7217 1
13199 1
23580 0
6293 1
26491 0
18685 1
10914 3
6836 1
9625 0
4208 3
5754 5
28459 2
2964 2
1868 3
9656 2
9626 0
6876 3
14202 0
23278 0
20562 0
11952 2
6296 1
6431 2
9719 0
2966 2
113 6
1414 5
2967 2
6298 1
1028 4
15755 2
2968 2
6848 4
14320 1
821 3
6300 1
6943 5
9631 0
6711 1
14017 9
2970 2
6301 1
9632 0
4518 3
2971 2
3251 2
9633 0
7711 1
19549 6
23028 0
2973 2
16548 0
21240 0
9635 0
2782 5
19436 1
31411 0
10182 0
6305 1
596 6
9636 0
4369 3
2975 2
6306 1
22695 0
2976 2
8388 2
6307 1
9638 0
12839 0
5757 4
2977 2
4696 2
22493 0
9639 0
6723 3
3257 2
13624 3
2978 2
5030 2
15833 1
9640 0
17800 1
6449 1
2979 2
8131 3
6310 1
7836 1
2981 2
31897 0
9643 0
7710 2
3550 3
12905 2
15594 2
293 4
13865 1
827 3
10760 1
2983 2
2466 6
6314 1
9645 0
2984 2
22927 3
6315 1
9646 0
2985 2
6316 1
8010 3
9647 0
9648 0
20305 1
10100 3
2987 2
4529 2
12467 3
6318 1
9649 0
38908 2
6729 1
9650 0
3115 4
11051 1
2989 2
6320 1
9743 0
17264 1
9651 0
1494 4
2990 2
6321 1
9652 0
11752 3
7697 3
10467 0
7610 1
2991 2
6322 1
22468 0
6598 1
17284 1
6490 2
2992 2
22010 0
9654 0
9838 0
2993 2
6324 1
7122 1
3668 6
2994 2
2004 5
6325 1
23219 0
6326 1
9749 0
9657 0
7301 4
14392 0
6327 1
9658 0
14443 2
2997 2
9660 0
8626 2
7910 4
5344 4
12448 0
6330 1
9661 0
21299 0
3000 2
6331 1
9662 0
3001 2
23407 2
12035 2
3002 2
10349 4
9664 0
18165 0
6473 1
3003 2
37101 2
9665 0
14558 0
4844 4
3004 2
6335 1
8684 3
15087 2
3005 2
6336 1
9667 0
6337 1
11784 0
9179 4
18786 1
36757 1
3007 2
28381 1
6338 1
4068 5
35738 2
3008 2
6339 1
9670 0
13924 1
17721 0
12024 2
15904 1
3010 2
839 3
11021 3
33938 0
6341 1
9672 0
807 4
19180 1
17030 2
1515 5
6342 1
2824 3
6343 1
9674 0
6884 1
1074 5
3621 3
6344 1
9767 0
9675 0
22576 0
6806 3
6345 1
15364 1
22784 0
23391 0
3629 4
11707 0
3015 2
562 4
6955 4
226 6
3016 2
6347 1
9192 1
9862 0
11857 5
23129 0
6348 1
10135 0
2155 3
9679 0
1255 4
6549 2
14006 2
17889 1
6349 1
393 7
9680 0
3019 2
6350 1
18704 0
23711 0
3020 2
6351 1
9682 0
2889 5
13373 0
3021 2
10408 0
5858 4
6491 1
12994 2
6352 1
9683 0
6103 2
5126 3
3299 2
4023 5
3024 2
6355 1
8099 3
3025 2
9687 0
3777 2
11203 0
7627 2
21358 0
17347 1
6357 1
1577 4
8336 1
5891 5
7074 5
3027 2
9798 2
6358 1
14878 1
3204 4
10681 0
3028 2
9690 0
1557 5
9874 0
10314 2
6360 1
6246 2
6361 1
15892 2
3031 2
11098 2
10201 3
11381 0
6362 1
7158 1
39098 1
39038 3
15707 2
3032 2
9969 0
4195 2
3033 2
5388 2
6364 1
9695 0
44405 1
3034 2
6365 1
13983 1
3035 2
13755 3
9697 0
4744 2
3036 2
6367 1
9698 0
3037 2
6368 1
9791 0
9699 0
4571 2
5835 2
3038 2
6369 1
12118 2
9700 0
15943 8
6370 1
7032 2
20711 0
3040 2
10057 7
15145 0
2406 3
17978 5
11865 3
6646 1
11986 0
6371 1
9702 0
9886 0
15975 1
14544 2
9703 0
23326 0
3042 2
6373 1
9704 0
13837 9
6374 1
13314 0
20436 1
6608 2
10728 3
6375 1
9706 0
3692 3
3934 3
3045 2
10610 0
9707 0
7045 1
2603 6
1282 3
10254 0
19706 3
9531 1
19260 1
6657 2
3047 2
26786 1
6378 1
9709 0
50197 0
3323 2
12031 1
3048 2
6379 1
745 6
3049 2
6380 1
3349 4
9803 0
25813 1
3050 2
6381 1
12604 3
857 3
22659 0
9712 0
11295 1
9987 0
2043 4
6889 3
3421 3
3799 6
18887 1
6521 1
9713 0
22327 2
3052 2
21417 0
11591 2
3574 2
6658 1
5090 2
6384 1
4475 4
9715 0
8021 1
3329 2
22605 0
3055 2
22152 0
6386 1
1616 5
9717 0
7551 1
7532 2
4181 5
7908 1
11128 3
6388 1
3058 2
7432 1
9720 0
9869 2
1916 3
3059 2
9721 0
10480 4
3060 2
13083 2
6698 3
9722 0
3061 2
14042 1
6392 1
23230 0
9723 0
3062 2
6801 1
6932 1
6393 1
7062 4
9724 0
17430 1
3063 2
1660 4
6394 1
863 3
8188 3
6395 1
23504 0
19339 3
9726 0
14857 5
3065 2
6396 1
382 5
339 6
17433 1
3066 2
6397 1
12431 0
9728 0
3067 2
3293 4
6398 1
9729 0
2996 5
1864 4
1673 4
6399 1
17161 2
9730 0
3069 2
6400 1
10456 0
10367 0
9316 4
3070 2
18511 6
9732 0
7450 4
40828 0
1294 3
6402 1
9733 0
14499 1
10047 2
3072 2
6403 1
9734 0
19662 1
3073 2
3347 2
3074 2
19317 1
6405 1
7306 2
3075 2
12201 2
10302 3
524 7
3076 2
3763 3
9738 0
8304 3
23842 0
3077 2
9739 0
10195 0
5269 2
3078 2
6409 1
21476 0
9740 0
5019 3
10907 0
3079 2
7067 3
9833 0
3080 2
6411 1
6819 1
3081 2
6412 1
15820 2
6551 1
3082 2
6413 1
9744 0
13396 1
6414 1
7205 5
34453 0
9747 0
9839 0
14645 2
2171 5
3359 2
3086 2
11883 1
6417 1
9748 0
22223 0
3831 2
1052 4
3087 2
6972 3
3088 2
11046 1
9750 0
4613 2
23433 0
8365 2
9934 0
6694 1
8383 6
9751 0
6028 5
11978 3
3090 2
9940 2
17762 5
6421 1
9752 0
29797 0
5511 4
6422 1
14155 2
13886 3
22962 0
6424 1
9755 0
13752 1
16029 2
12123 0
6563 1
19367 1
7876 3
3094 2
16745 0
4792 2
7343 1
9756 0
10747 0
3095 2
6426 1
1306 3
18988 1
27722 3
8851 3
3096 2
8622 1
18067 1
6427 1
13771 0
6726 2
9758 0
4172 5
10579 6
15436 0
3097 2
10124 0
9759 0
8032 2
9851 0
20737 3
3098 2
8136 4
6429 1
9760 0
4052 2
3371 2
15301 2
3099 2
11711 1
6430 1
17513 1
13172 2
2872 3
1743 4
5448 3
6569 1
1717 5
3100 2
18338 0
9762 0
9946 0
12191 2
14257 0
6432 1
20567 1
5017 4
9763 0
3102 2
6433 1
881 3
8277 3
6434 1
9765 0
9857 0
3104 2
11235 3
6435 1
21535 0
10678 1
10041 0
3105 2
3622 2
6436 1
23331 0
15531 1
3382 4
6437 1
9768 0
4294 5
3849 2
6438 1
3834 3
9769 0
3108 2
3930 6
12639 0
52924 0
3109 2
6440 1
2740 6
7169 4
15057 0
6060 4
9772 0
3111 2
9773 0
12284 2
6581 1
10409 0
17900 0
6443 1
9774 0
3113 2
5603 2
12741 3
6718 1
4189 3
9775 0
14160 1
44945 1
23617 0
20860 0
9776 0
3103 5
11975 0
452 6
9777 0
887 3
3116 2
1253 5
6447 1
21181 1
3117 2
6448 1
10611 4
9779 0
3389 2
22294 0
8860 1
7730 1
3809 3
9780 0
10877 3
6842 2
10326 0
6450 1
9781 0
4458 2
3120 2
1318 3
10403 3
6451 1
9782 0
31742 0
3121 2
10011 2
9783 0
3122 2
19775 1
6785 2
894 6
24289 3
9785 0
22825 0
7055 3
6455 1
15051 1
3125 2
9787 0
17292 2
1730 5
4076 2
8759 1
11216 0
28471 0
6458 1
3867 2
33674 4
3128 2
20413 8
4304 3
6460 1
3820 4
3130 2
6599 1
14746 2
40228 2
9792 0
21594 0
15933 2
3646 2
9793 0
53841 0
2215 3
3132 2
19519 9
8621 2
23051 0
3133 2
9453 4
655 7
9887 0
3134 2
23973 0
11277 2
9796 0
14050 0
3135 2
6466 1
16188 1
18156 1
23540 0
17596 1
3136 2
2681 3
6467 1
1826 4
3407 2
6468 1
9716 1
6742 1
3138 2
6469 1
9800 0
4285 2
8551 1
3905 3
3139 2
7135 1
31862 2
9801 0
14219 1
3140 2
19089 1
9802 0
19474 1
10077 0
3141 2
11659 8
7336 5
8366 3
8218 1
9804 0
11145 0
3413 2
9805 0
10505 2
6475 1
1818 5
4769 3
9806 0
7599 4
3145 2
10172 0
3471 4
15408 2
3146 2
6477 1
12924 0
9808 0
1285 4
6478 1
9809 0
8249 4
3148 2
6479 1
9810 0
1671 3
6844 2
8853 2
3149 2
4471 3
6480 1
22365 0
9811 0
11764 2
3150 2
23432 0
6481 1
14465 0
9812 0
11342 3
6482 1
1964 3
9813 0
6483 1
6165 5
10082 2
3153 2
6484 1
9815 0
10629 0
6485 1
4626 3
10451 0
6161 4
6891 1
9816 0
3155 2
6486 1
9817 0
6487 1
4407 5
7276 4
9818 0
4654 4
21653 0
3157 2
6488 1
3158 2
17190 0
6489 1
5013 2
20698 1
197 5
3159 2
7528 1
9821 0
3160 2
22908 0
7138 3
10561 4
3161 2
10006 0
10813 0
6492 1
7967 2
9823 0
3210 5
3162 2
6493 1
9824 0
3163 2
23730 0
6495 1
10504 3
9826 0
10144 1
565 6
3165 2
9223 1
6496 1
14278 1
4061 6
10552 0
911 3
6354 2
9828 0
14304 2
16259 1
6498 1
9829 0
3903 2
3168 2
8355 1
3487 3
6499 1
11308 1
3169 2
6500 1
10196 0
9923 0
3546 4
7165 1
3976 3
3171 2
4321 5
23140 0
3172 2
19888 1
22879 6
2877 6
1909 4
10018 0
39693 3
6504 1
4315 2
9336 1
3174 2
8477 3
11029 1
6778 1
14847 2
29465 2
18245 1
10742 4
14678 1
3175 2
6903 2
6506 1
10548 1
9837 0
9929 0
14649 0
3176 2
6507 1
12878 3
10113 0
6508 1
2338 5
11697 0
13350 2
5359 3
6509 1
9840 0
3179 2
6510 1
9841 0
3180 2
573 5
9842 0
22436 0
3449 2
3181 2
6512 1
6895 3
8455 3
4124 2
7302 1
9843 0
3182 2
7427 1
5678 4
23647 0
7909 1
21712 0
17423 2
1689 3
26857 2
3694 2
3184 2
10153 2
6515 1
9846 0
6653 1
19190 1
3560 4
12450 2
3185 2
6516 1
38306 1
9847 0
16579 2
26255 2
6517 1
10263 1
9848 0
3187 2
6518 1
9849 0
9018 3
9941 0
19581 1
2245 3
3921 2
6519 1
21009 0
1919 5
12204 3
3189 2
16543 3
6520 1
3190 2
3123 3
786 7
6659 1
10398 0
6927 1
6522 1
1506 4
1354 3
24104 0
3192 2
14337 1
10932 0
10244 2
9854 0
12358 2
11026 3
15515 2
3193 2
3461 2
9855 0
3194 2
6525 1
7258 3
9856 0
3196 2
15378 0
9590 4
29795 2
9858 0
10493 0
22991 0
3197 2
8055 3
10042 0
7221 3
6528 1
8362 4
9859 0
1043 6
586 4
15698 1
3198 2
12258 1
10315 0
16330 1
11449 3
6529 1
12142 0
9860 0
6262 4
5190 4
3199 2
7467 5
3467 2
3200 2
19591 1
5210 2
21877 7
2270 4
3201 2
6962 2
7195 1
4047 3
13061 0
1076 4
6533 1
19038 0
929 3
6534 1
7383 4
13593 1
9866 0
6536 1
9867 0
4520 5
3206 2
6537 1
9868 0
3207 2
14148 3
13943 1
9870 0
10683 0
3317 5
10605 3
9051 1
6540 1
21771 0
9871 0
1992 4
7576 1
6541 1
23229 0
17473 6
6814 1
3211 2
6542 1
7890 2
3212 2
5532 2
6543 1
33109 0
2723 3
25957 2
3213 2
23843 0
6544 1
9875 0
28034 6
18334 1
6545 1
678 6
9876 0
13987 4
17731 1
16942 0
3215 2
1366 3
10224 2
6302 5
3216 2
20829 1
6547 1
311 4
17582 4
3217 2
13439 2
27674 6
19951 2
1707 3
3218 2
14396 1
843 4
9880 0
14948 2
7338 1
3219 2
7748 4
1432 5
9881 0
16303 2
3220 2
9882 0
8544 3
6689 1
6552 1
12533 2
9883 0
6553 1
29318 6
15224 1
6826 1
1903 5
4192 6
3649 4
3224 2
5067 2
2097 4
6555 1
9693 1
11546 1
30397 1
3225 2
3491 2
29606 6
40826 2
9888 0
7713 1
6558 1
7021 2
9889 0
941 3
14863 6
6559 1
10345 0
6128 2
9890 0
3957 2
3229 2
6560 1
9891 0
16401 1
23754 0
3230 2
16159 2
1912 4
6561 1
9892 0
39794 0
27122 2
6562 1
10167 0
9894 0
8302 1
6701 1
3233 2
2020 5
4118 3
6564 1
10078 0
23074 0
7304 3
3234 2
21583 5
9896 0
19688 1
6566 1
3014 6
21830 0
6567 1
3742 2
26462 6
11456 2
48364 1
9900 0
12317 3
12638 4
3239 2
23634 0
6570 1
13015 3
9901 0
947 3
4739 2
15622 2
3240 2
6571 1
2514 3
32017 0
5258 3
9902 0
5401 2
17554 2
3241 2
14453 2
6572 1
9903 0
2012 3
3242 2
12116 1
6573 1
9904 0
3243 2
6363 4
23016 0
9905 0
22578 0
11158 0
3244 2
9906 0
14455 1
4011 4
11556 3
13186 0
9907 0
4470 5
17845 1
3246 2
2075 4
6577 1
31595 2
11937 2
10295 2
8475 4
15663 0
6578 1
7801 2
9909 0
4566 2
917 7
3248 2
6579 1
4215 3
9910 0
8980 1
8653 1
3249 2
24235 0
6580 1
9911 0
3754 2
8873 1
5675 3
3250 2
7490 4
8604 2
6719 1
953 3
3252 2
9914 0
3253 2
18423 1
10706 3
6584 1
9915 0
7080 2
50552 0
13684 0
3254 2
20437 5
15481 10
6585 1
9916 0
7325 2
3255 2
9917 0
4633 5
3424 5
3256 2
7374 1
13528 2
7598 5
9918 0
24485 2
6588 1
10102 0
9919 0
5866 2
34946 2
3258 2
12616 2
9920 0
10696 2
3259 2
9921 0
8633 3
4833 4
3260 2
7624 1
6591 1
9922 0
12626 4
31565 2
16472 1
3261 2
50504 0
11950 1
6592 1
30962 6
21889 0
23956 0
10737 0
3527 2
3738 4
19728 1
6594 1
7255 1
9925 0
6015 2
4196 2
3264 2
791 6
9926 0
8445 1
6999 1
14279 3
6596 1
29726 3
23941 2
6597 1
9928 0
40874 0
3267 2
11175 3
3268 2
4936 2
46443 2
9930 0
2505 5
45147 1
6600 1
6737 1
3533 2
9931 0
3270 2
23157 0
6601 1
14514 1
3271 2
8283 2
6602 1
48970 0
15296 0
9933 0
8650 3
3272 2
1192 6
1315 4
33512 1
17381 0
6604 1
19392 1
9935 0
20960 1
11309 1
5845 4
6605 1
9936 0
9218 1
22649 0
6606 1
9937 0
3539 2
3778 2
3276 2
6607 1
9938 0
23861 0
11538 0
2121 5
9939 0
11413 8
7587 2
6609 1
10366 2
4405 2
6439 5
3279 2
6610 1
9185 3
17947 11
394 5
16272 2
7139 2
3280 2
6611 1
9942 0
4323 6
3281 2
10577 0
6612 1
9943 0
26311 1
27199 0
19795 1
3282 2
43026 1
17928 1
13631 0
43077 0
2158 4
30883 0
16440 2
3283 2
6614 1
7017 1
23735 0
9945 0
7767 1
3732 3
6615 1
12525 2
1402 3
7148 1
3285 2
10221 0
9947 0
31921 1
6974 2
3286 2
3177 3
23246 2
2036 3
9948 0
971 3
15729 2
8124 1
9949 0
6464 4
21948 0
8854 2
12430 3
6619 1
9950 0
10405 0
3289 2
17880 1
6620 1
317 4
15865 1
11004 4
25651 3
5121 2
4781 2
10316 0
3290 2
3743 4
6622 1
3292 2
12570 0
11663 3
18512 1
9954 0
14526 0
6624 1
24523 5
6761 1
9955 0
12404 0
7897 4
3294 2
6625 1
19205 0
3557 2
12699 2
11983 0
764 5
18684 0
6626 1
9957 0
13617 2
4260 3
3296 2
6627 1
5363 4
6898 1
8588 4
14573 1
3297 2
6628 1
9959 0
23533 3
9727 7
17685 2
3298 2
2305 3
6593 2
3151 6
977 3
8722 3
12072 0
9080 2
6630 1
9961 0
3300 2
15049 8
6631 1
8234 3
3301 2
5604 2
6632 1
9963 0
3802 2
13231 9
3302 2
7092 3
6633 1
3827 4
6462 2
44589 0
13152 3
9964 0
3531 5
3303 2
10239 0
9965 0
6635 1
9966 0
12499 0
3305 2
4746 5
6636 1
11823 0
1048 7
9967 0
3306 2
7198 2
6637 1
22720 0
23153 0
24366 0
23240 0
3307 2
7470 3
5759 2
6638 1
15150 2
11740 0
10959 1
9970 0
7449 3
12837 0
10437 2
3310 2
983 3
6641 1
9972 0
3311 2
6642 1
14064 0
9973 0
6779 1
26167 4
19291 5
3312 2
11371 8
6643 1
9974 0
3313 2
48772 1
10441 2
6644 1
4435 2
9975 0
904 6
3314 2
22007 0
9976 0
3814 2
11141 0
3315 2
14602 2
9977 0
51709 0
3316 2
6647 1
9978 0
42316 1
6648 1
10162 0
19493 1
3318 2
30523 2
5020 3
6649 1
9980 0
18258 0
4244 2
10435 0
18011 1
3319 2
6650 1
2241 4
1761 3
3581 2
4619 5
7053 1
6651 1
9982 0
4573 3
6922 1
9575 1
2076 5
3321 2
6652 1
9884 1
2222 5
3322 2
9864 4
14410 3
9984 0
8386 1
1611 5
14632 1
14134 1
23968 0
6791 1
16614 1
3324 2
6655 1
13790 1
9986 0
3325 2
6656 1
3326 2
19865 1
1542 4
23449 6
4331 3
3826 2
3328 2
23496 0
9990 0
19902 1
6660 1
16385 2
10174 0
9991 0
8838 1
3330 2
6661 1
9992 0
21091 1
3331 2
6662 1
12782 2
18601 1
9993 0
1 3
6565 4
3332 2
7257 2
6663 1
3593 2
4638 2
2 3
6934 1
6664 1
9995 0
4102 3
3 3
4883 3
15836 2
5592 3
6665 1
9996 0
4734 3
4 3
13706 2
3335 2
11509 0
9997 0
17139 0
5 3
6803 1
14728 0
3336 2
9998 0
6 3
21307 0
7 3
12543 3
14331 0
3338 2
10364 0
8811 3
6669 1
4454 6
24386 6
10000 0
7071 1
8 3
3339 2
11770 3
6670 1
9 3
22066 0
12367 7
16766 5
10 3
11635 2
8224 2
10508 2
6672 1
19837 3
3916 4
10003 0
11 3
6576 5
11324 3
10908 3
6673 1
10004 0
12 3
3343 2
10005 0
7553 3
13 3
3344 2
7704 4
12110 2
14 3
3345 2
6676 1
10007 0
24182 6
15 3
16577 2
8701 4
6677 1
1341 6
10008 0
16 3
11135 4
6678 1
10009 0
17 3
3348 2
10910 0
12485 1
11565 1
6679 1
37742 2
6224 2
10010 0
18 3
3638 5
19 3
3350 2
25021 5
10012 0
20 3
2497 4
3351 2
15060 0
10013 0
7153 2
21 3
15611 0
15251 2
1438 3
6683 1
2335 3
10014 0
1779 3
22 3
10198 0
23 3
3354 2
10016 0
4859 5
24 3
3355 2
16685 1
6686 1
17816 2
14906 0
10017 0
18094 1
25 3
2324 4
33335 2
26 3
3357 2
6688 1
3617 2
27 3
3358 2
7316 2
4402 3
28 3
6690 1
4202 4
29 3
3360 2
6827 1
6691 1
10022 0
30 3
2672 5
3361 2
8535 1
3288 6
31 3
3362 2
19594 1
6693 1
2807 3
1179 7
32 3
5012 4
1017 6
18029 1
33 3
3623 2
24497 0
3364 2
8196 1
15753 3
6695 1
34 3
1757 4
3365 2
6696 1
13289 3
10027 0
10661 0
11298 1
35 3
6012 4
3366 2
6833 1
6697 1
2323 5
10028 0
22125 0
36 3
3367 2
3862 2
1013 3
23585 0
10029 0
37 3
12865 2
3368 2
8046 4
6699 1
38 3
46505 1
3369 2
8823 3
22862 0
6700 1
4083 2
23290 0
2586 3
39 3
3370 2
20340 1
10032 0
24075 0
18690 1
40 3
9352 3
6702 1
7860 5
10033 0
41 3
23937 0
6703 1
7970 1
42 3
3373 2
10035 0
43 3
10887 2
2084 3
13795 2
3374 2
10036 0
44 3
3375 2
10037 0
14750 1
45 3
20009 1
12692 2
3376 2
6666 4
46 3
35066 1
3377 2
6708 1
8900 3
10039 0
11723 0
47 3
6709 1
1019 3
48 3
16498 2
3379 2
10495 0
6710 1
49 3
14541 3
23406 0
3380 2
2330 4
7636 3
3231 3
39783 2
4005 4
50 3
3381 2
25777 4
16032 1
15036 1
6982 1
51 3
10044 0
52 3
3383 2
6714 1
7244 1
10045 0
53 3
3384 2
6715 1
10046 0
7375 2
54 3
10001 4
6716 1
1797 3
21271 3
55 3
3386 2
19372 0
11877 3
6717 1
11009 3
10048 0
11646 0
56 3
3387 2
12656 3
8333 1
57 3
17572 0
3388 2
21222 1
10050 0
58 3
12832 0
20002 1
6720 1
10051 0
4101 2
14751 2
4473 3
6857 1
6721 1
10841 1
34387 0
60 3
3391 2
6722 1
7811 4
10053 0
61 3
3392 2
41511 3
2151 4
18177 1
10054 0
2407 4
18857 0
22184 0
62 3
3393 2
6724 1
27494 1
10055 0
1345 4
5536 4
11219 0
63 3
4768 5
64 3
3395 2
4585 6
65 3
8814 4
3396 2
6727 1
6863 1
15352 2
3745 5
66 3
8153 2
3397 2
15890 0
6728 1
67 3
3398 2
11797 1
12349 1
68 3
3399 2
6730 1
10061 0
69 3
3400 2
5902 3
6731 1
591 5
10062 0
22933 0
1031 3
70 3
6732 1
3659 2
7637 1
3402 2
5533 2
6733 1
6869 1
5497 3
10064 0
6667 5
72 3
6734 1
5837 2
20227 6
10065 0
8413 3
10461 1
73 3
3404 2
10650 2
11266 4
4972 5
12948 2
32881 1
74 3
6713 5
36849 1
6736 1
10067 0
75 3
49468 0
3898 2
10063 1
23674 0
19695 1
76 3
24566 3
3804 3
6738 1
10069 0
77 3
10070 0
10970 0
12283 5
78 3
16714 2
3409 2
6740 1
28891 2
10071 0
4119 2
79 3
18779 1
3410 2
955 5
10436 0
11148 0
2424 5
80 3
7434 2
3411 2
7768 1
24295 0
3940 4
21456 0
81 3
10347 0
3412 2
7143 1
8083 6
6743 1
10074 0
8843 2
82 3
1130 6
879 4
13884 2
13022 0
10075 0
11326 0
3671 2
10076 0
84 3
6746 1
11415 0
85 3
3416 2
30067 1
11473 3
23489 0
24038 0
86 3
7719 3
3417 2
15570 1
6748 1
46895 1
10079 0
87 3
11504 0
16827 1
6749 1
2249 5
10080 0
7405 1
88 3
12275 0
22243 0
6750 1
10574 1
4094 4
20453 1
3420 2
1310 7
6751 1
3677 2
6767 4
90 3
1490 6
6752 1
24628 0
4544 3
10083 0
91 3
1124 4
23318 6
18437 0
6753 1
12447 0
10084 0
7289 3
92 3
20116 1
3423 2
12189 1
6754 1
10085 0
93 3
7640 3
6755 1
3425 6
10086 0
94 3
95 3
1790 5
3426 2
35239 0
10088 0
96 3
13283 0
6758 1
97 3
16050 2
14868 1
6759 1
50511 0
16611 2
13426 3
10090 0
7991 5
18260 1
98 3
3429 2
2490 4
6760 1
11860 0
10091 0
99 3
3430 2
10092 0
100 3
11110 3
3431 2
6762 1
10093 0
23004 0
3432 2
6763 1
10094 0
23427 0
6899 1
102 3
7292 1
11949 0
3433 2
11984 3
15535 0
10095 0
1049 3
103 3
10638 2
6765 1
10096 0
104 3
3435 2
6766 1
10721 2
10097 0
105 3
3436 2
10098 0
106 3
12769 3
7493 2
14672 3
6768 1
10099 0
18178 1
6769 1
14325 1
7918 4
11611 0
108 3
8070 2
3439 2
4907 2
10555 0
10101 0
109 3
3440 2
29353 2
1486 3
6771 1
3064 3
110 3
15453 2
27553 0
3441 2
6707 2
13031 2
6772 1
9523 7
10103 0
111 3
10104 0
8195 4
112 3
3443 2
6774 1
10105 0
7554 1
3852 5
3444 2
9087 2
137 7
11814 2
6775 1
10106 0
6911 1
114 3
12216 0
8534 2
3445 2
22302 0
6776 1
8927 4
7679 1
10107 0
3701 2
23763 0
21353 1
115 3
3446 2
10108 0
16969 3
116 3
10109 0
117 3
10383 0
10138 4
10110 0
7179 1
24931 3
18868 1
9307 2
16898 1
622 4
10111 0
7435 1
10294 0
119 3
3450 2
6781 1
8023 6
10112 0
6917 1
120 3
19796 1
3451 2
6782 1
4496 3
121 3
18871 7
4555 2
20139 1
6783 1
13973 2
2839 5
122 3
4615 3
4716 6
6784 1
7802 3
10115 0
123 3
5085 5
3454 2
14927 1
7929 1
13393 3
7054 1
124 3
3455 2
2525 5
4364 2
6786 1
1061 3
10117 0
9078 3
125 3
3456 2
17336 0
10118 0
126 3
3457 2
42051 3
6179 4
10119 0
44322 1
127 3
1578 4
3458 2
3946 2
6789 1
10120 0
10484 0
128 3
3459 2
2395 3
4183 4
11572 1
3470 3
6790 1
54035 0
10121 0
129 3
10122 0
130 3
24408 0
6792 1
11397 4
7816 1
10306 0
3462 2
6793 1
1243 6
9519 3
132 3
8173 1
3463 2
7552 2
6794 1
23075 0
10125 0
133 3
12572 0
3464 2
14900 2
6795 1
3719 2
134 3
53286 0
3465 2
22826 6
6868 4
6796 1
18343 1
6034 2
10127 0
2573 4
135 3
10401 0
5191 4
28363 2
10128 0
8996 3
136 3
10792 2
7066 1
6798 1
7197 1
10129 0
12859 2
6850 5
3468 2
6799 1
8857 1
138 3
4917 5
3469 2
11030 0
6800 1
10131 0
20566 1
7618 2
20223 1
139 3
18078 2
8411 1
140 3
3958 2
22361 0
10133 0
141 3
16851 2
3472 2
16199 1
3473 2
6804 1
143 3
3474 2
10136 0
4393 4
27679 1
144 3
16157 2
3475 2
11211 3
10137 0
145 3
3476 2
6807 1
13414 0
146 3
3477 2
6808 1
1441 7
10139 0
5748 2
13114 2
147 3
19539 0
3478 2
16724 2
6809 1
10140 0
24759 0
148 3
7078 1
10141 0
3480 2
6811 1
14986 1
7465 1
10953 0
150 3
6947 1
7868 2
10143 0
151 3
3482 2
6813 1
4388 2
1851 3
9303 1
5599 2
152 3
3483 2
22742 6
10145 0
153 3
3484 2
14795 0
9725 1
6815 1
4686 3
28569 4
15215 1
154 3
5283 2
23852 0
3485 2
15554 2
8025 4
10147 0
155 3
21605 0
8122 5
12882 3
156 3
13995 0
6818 1
9624 1
3562 6
10149 0
157 3
3488 2
10150 0
11078 2
158 3
7721 1
6820 1
7611 2
27499 2
10151 0
23655 0
159 3
28137 4
7885 3
3490 2
19030 0
5825 3
10152 0
3959 5
11622 3
160 3
5709 4
6822 1
13563 3
14062 2
161 3
5271 3
3492 2
6823 1
10154 0
162 3
3493 2
6959 1
6824 1
163 3
3494 2
11143 0
14803 10
6825 1
10156 0
23146 0
164 3
9167 3
9040 4
19153 6
1639 6
23564 0
165 3
2658 3
11754 0
3496 2
9101 1
10158 0
30171 4
10159 0
22420 0
5128 2
10342 0
3498 2
4272 4
12712 1
10863 2
6829 1
10160 0
168 3
3499 2
8090 1
2626 5
10161 0
169 3
3500 2
6831 1
170 3
4782 2
2724 4
6832 1
10163 0
29181 4
171 3
18426 1
3502 2
2656 4
10164 0
172 3
17763 0
21484 1
6834 1
5198 5
3504 2
7233 1
26563 2
1522 3
10166 0
10888 0
174 3
10052 1
27903 4
6971 1
24240 0
175 3
41251 1
3506 2
6837 1
1799 4
10168 0
15045 1
24637 1
10532 0
176 3
8592 3
274 7
10169 0
3508 2
15844 0
9220 1
3761 2
1091 3
26967 4
3509 2
20414 3
6840 1
4412 2
6969 4
10171 0
3510 2
3994 2
6841 1
43228 2
4847 6
24521 0
180 3
3511 2
7983 1
10275 4
6977 1
11240 1
10173 0
24396 0
7495 1
181 3
7864 1
1356 6
4842 3
3512 2
17040 1
6843 1
18327 1
182 3
3513 2
10175 0
5140 3
183 3
13533 0
13197 2
6845 1
10176 0
3767 2
15743 1
12454 0
184 3
3515 2
20276 1
6846 1
10177 0
7670 2
7114 1
4757 3
185 3
2422 5
35855 2
10178 0
20330 1
186 3
8344 4
3517 2
10722 0
4043 3
6983 1
10179 0
187 3
3518 2
188 3
31417 0
11528 4
3519 2
1097 3
20679 1
10181 0
11312 3
189 3
3520 2
4997 3
6851 1
8481 2
190 3
26643 4
788 5
6852 1
32899 0
14991 0
13948 0
16264 2
26373 3
7251 1
10184 0
192 3
3112 3
4006 2
3523 2
10185 0
22479 0
193 3
6855 1
10186 0
194 3
15311 0
7291 2
1146 5
45326 0
3525 2
18616 0
195 3
3526 2
23217 0
23738 0
10188 0
7968 3
14357 0
196 3
12198 3
3779 2
6858 1
47615 1
18209 2
11822 1
3528 2
634 4
6859 1
198 3
3529 2
1969 5
54365 0
6860 1
4227 2
10191 0
11090 0
1103 3
10934 2
15655 2
199 3
10645 0
6861 1
10192 0
14151 2
200 3
6987 5
6862 1
7388 1
10193 0
201 3
3532 2
4137 4
8132 4
10194 0
15104 1
6511 2
7763 1
6864 1
203 3
10378 0
3534 2
9256 3
204 3
16988 2
1572 7
11007 0
6866 1
7001 1
10197 0
205 3
3536 2
33277 0
24890 0
35894 6
12995 3
2563 4
6867 1
4436 2
206 3
4361 4
10199 0
4066 5
207 3
3538 2
10473 0
18509 1
10200 0
2008 4
208 3
2739 4
7831 3
6870 1
12456 2
19998 1
209 3
1109 3
6871 1
10202 0
210 3
7269 1
3541 2
14612 0
6872 1
211 3
3542 2
6873 1
10204 0
5251 4
212 3
5066 5
8253 5
7486 3
10205 0
17111 1
2727 5
3006 5
6875 1
10206 0
9153 4
3545 2
215 3
3797 2
6877 1
10208 0
1546 3
216 3
3547 2
4828 3
6878 1
11993 2
7013 1
217 3
6879 1
10210 0
218 3
4395 3
3549 2
6346 4
6880 1
5337 2
10211 0
219 3
24341 0
23323 2
6129 3
16166 5
3699 6
10212 0
220 3
13280 2
11980 0
14659 10
3551 2
6882 1
10213 0
221 3
14934 3
3552 2
3803 2
6883 1
10214 0
13861 6
222 3
10936 0
3553 2
5311 5
14516 1
7019 1
43492 2
8489 1
223 3
7070 4
2390 4
3554 2
12582 1
9686 3
6885 1
13700 3
10835 2
5176 2
224 3
3555 2
6886 1
4645 2
10217 0
7662 1
225 3
11292 0
3556 2
11567 1
6888 1
23288 0
2694 3
10220 0
24503 0
228 3
3559 2
6890 1
13026 2
229 3
24634 0
21754 0
21615 1
3530 3
11209 0
230 3
29593 1
11005 2
6892 1
9482 1
32421 4
10223 0
1469 6
231 3
9054 1
9379 7
23821 0
232 3
8051 3
24030 0
2455 3
10225 0
9169 3
3564 2
5736 3
16366 1
7162 1
10226 0
234 3
11771 3
3565 2
16046 5
10227 0
40683 0
235 3
14184 1
3566 2
6897 1
10228 0
55348 0
19135 1
6940 2
3567 2
10229 0
237 3
4978 6
7788 2
3568 2
10230 0
20792 1
238 3
16371 2
6900 1
10231 0
1788 6
5370 4
14240 2
3570 2
411 7
6901 1
10232 0
240 3
3571 2
3821 2
6902 1
10233 0
12048 1
241 3
3572 2
10234 0
16999 5
242 3
3573 2
9345 3
7555 1
243 3
15756 2
12305 3
10412 4
6905 1
10236 0
9082 2
244 3
4054 2
17182 1
3575 2
18592 1
2822 4
245 3
6907 1
10238 0
4450 4
246 3
3577 2
10871 0
16950 2
6908 1
41713 1
7043 1
247 3
3578 2
32619 4
6909 1
4899 3
10240 0
248 3
6910 1
8239 4
10241 0
2933 3
250 3
6912 1
30967 1
10243 0
3582 2
53934 0
6913 1
17287 2
8416 2
252 3
6821 2
3583 2
6914 1
11494 0
3833 2
253 3
3584 2
20099 1
4854 2
4173 5
10246 0
7464 2
254 3
12428 1
18340 2
1614 4
15222 1
6916 1
10247 0
13108 3
255 3
3586 2
6416 2
12609 0
10248 0
18476 1
256 3
3587 2
5033 2
6918 1
13363 2
19203 0
10249 0
15394 1
3588 2
2828 5
6919 1
10250 0
5882 4
7186 1
258 3
23359 0
3589 2
4281 2
4584 4
11061 0
10251 0
107 6
259 3
10705 0
6921 1
260 3
3591 2
8493 4
53179 0
25149 4
10253 0
8638 1
261 3
1703 7
6923 1
11076 2
7698 1
6924 1
8412 1
7124 5
24442 0
9266 4
7847 2
6925 1
5993 2
264 3
15774 0
6926 1
265 3
7323 1
3596 2
10237 1
10258 0
266 3
3597 2
6928 1
11595 0
10259 0
6285 2
17125 2
6929 1
10260 0
268 3
9534 2
36935 2
6930 1
23904 0
10261 0
8134 3
3600 2
9320 2
10262 0
4078 2
270 3
8384 5
3601 2
10984 0
271 3
3602 2
6933 1
22656 0
3851 2
24119 0
21746 6
5424 5
272 3
3603 2
10628 0
10265 0
273 3
3604 2
6935 1
3605 2
11862 0
6936 1
24610 0
10267 0
19224 1
11134 1
275 3
3606 2
6937 1
17253 1
10268 0
276 3
3607 2
6938 1
10269 0
277 3
1923 3
3608 2
17869 7
11514 3
37022 2
10270 0
24139 3
278 3
4299 2
14329 2
15065 3
10271 0
279 3
4970 3
24747 0
3610 2
8771 3
6941 1
20544 1
280 3
3611 2
1582 6
15281 1
5224 2
10273 0
1151 3
18675 1
3612 2
2905 4
15916 1
21614 6
9434 3
282 3
15198 2
3613 2
2595 5
6944 1
3836 6
283 3
5391 2
7079 1
3614 2
6945 1
7341 1
10276 0
3863 2
3615 2
9637 1
6946 1
4539 4
285 3
16478 2
10278 0
286 3
6948 1
10279 0
5215 5
17954 0
287 3
33823 0
3618 2
10462 0
6949 1
20905 1
15857 2
8785 2
9429 1
288 3
20945 2
3619 2
6950 1
10913 0
289 3
3620 2
347 4
13226 0
23430 0
6951 1
7906 2
10282 0
290 3
12412 3
6952 1
23838 0
291 3
6953 1
292 3
6954 1
10285 0
11147 2
13446 2
3624 2
4705 2
10286 0
294 3
3625 2
22261 5
1405 4
5109 6
6956 1
9958 1
10287 0
8210 1
3626 2
8346 4
2228 3
10288 0
296 3
17063 2
10873 8
3627 2
10652 0
26329 3
10289 0
297 3
1172 4
3628 2
18795 0
20200 1
22715 0
11364 0
10290 0
4317 2
28718 3
6960 1
1594 3
18079 6
299 3
3630 2
11453 0
7484 1
10474 0
6961 1
8339 2
7734 1
300 3
3631 2
4280 5
10293 0
1163 3
301 3
6963 1
2148 5
12989 0
2929 5
302 3
548 7
6964 1
3881 2
11790 4
40454 1
3634 2
6965 1
10296 0
21903 0
304 3
3635 2
13221 3
6966 1
7615 1
10297 0
3173 5
21079 5
305 3
23987 0
5570 2
6967 1
8217 3
10298 0
8567 1
214 6
12629 2
306 3
3637 2
10549 4
6968 1
7234 1
10299 0
15340 1
17324 1
11918 4
307 3
9340 1
7103 1
29559 2
10300 0
24543 0
1941 3
308 3
3639 2
6970 1
11920 3
10301 0
309 3
1337 5
3640 2
6513 4
310 3
9301 7
3641 2
20550 1
5041 3
10303 0
24208 0
985 5
3642 2
5731 2
18471 2
6973 1
10304 0
10778 1
7272 4
312 3
3643 2
1841 4
10305 0
313 3
1937 6
7109 1
6975 1
11835 1
314 3
19313 1
3645 2
6976 1
10307 0
8912 1
315 3
45582 1
4121 3
6058 3
10308 0
10581 0
7965 2
316 3
10309 0
3648 2
6979 1
14418 2
12939 1
2988 4
318 3
6980 1
7246 1
1834 7
319 3
3650 2
8805 1
43754 1
10765 0
12172 2
320 3
25152 0
13193 2
2951 4
7377 1
15397 6
10313 0
23501 0
34239 4
5537 5
4126 2
10885 1
24717 0
5892 2
33043 0
11615 3
322 3
4334 4
6984 1
323 3
8022 3
3654 2
6985 1
34113 4
22774 0
7508 1
324 3
4777 3
4628 4
3655 2
11218 2
6986 1
12254 0
10317 0
325 3
16533 1
3656 2
7121 1
10318 0
326 3
7261 5
3657 2
12930 0
6988 1
10319 0
20651 1
12847 0
327 3
8515 5
4735 2
6989 1
10320 0
328 3
6613 2
24860 0
10321 0
329 3
3660 2
6991 1
10322 0
13529 2
1695 6
330 3
20803 2
3590 3
17262 2
3661 2
18625 1
19873 0
16837 9
6992 1
9342 3
1181 3
10323 0
331 3
10866 0
3662 2
6993 1
7127 1
15958 2
16585 2
3663 2
10807 8
15399 1
333 3
16077 0
3664 2
7683 3
6995 1
10599 0
3911 2
3665 2
4138 2
6996 1
5522 3
8642 4
2515 3
335 3
3666 2
6997 1
10328 0
15196 3
336 3
3667 2
2252 3
6998 1
10329 0
4926 2
337 3
21018 1
12519 3
14707 1
5272 2
11578 0
4353 2
10330 0
338 3
17395 1
1959 3
7000 1
10331 0
27974 2
1618 3
3670 2
10332 0
340 3
3917 2
6202 2
1187 3
10333 0
341 3
32743 1
3672 2
8371 1
24070 0
37682 0
10334 0
5112 3
8024 2
342 3
5549 4
20301 1
8300 3
3673 2
8453 4
7004 1
10335 0
23701 6
343 3
10336 0
344 3
10410 1
3675 2
11032 2
15064 0
10337 0
345 3
3676 2
7007 1
17176 2
3973 6
10338 0
3030 5
7008 1
3923 2
10339 0
3678 2
10522 0
7009 1
4387 5
10340 0
9162 1
348 3
3679 2
349 3
3680 2
24069 4
2766 3
7011 1
353 4
13974 3
350 3
24297 0
22833 0
3681 2
1193 3
7012 1
10343 0
31309 2
351 3
933 4
5240 6
10617 0
352 3
24644 0
3683 2
321 6
3929 2
22663 7
3684 2
19402 1
7015 1
10346 0
23975 0
8149 2
3208 3
19376 0
7911 2
3685 2
19897 5
3071 4
7016 1
2056 4
6055 4
3686 2
10348 0
7151 1
11289 2
14381 1
7373 4
7018 1
15347 2
14507 2
357 3
10350 0
24249 4
8270 1
3689 2
6071 2
7020 1
31737 3
3690 2
360 3
9612 3
4162 2
3691 2
11921 4
15573 1
7022 1
10353 0
361 3
5364 5
2796 4
7023 1
4765 2
362 3
3693 2
5397 3
7024 1
9492 4
42244 0
10355 0
363 3
11341 0
26522 5
4717 4
364 3
3695 2
7026 1
10357 0
365 3
3696 2
685 7
7027 1
10358 0
366 3
3697 2
11716 3
29749 0
13612 2
16344 0
17730 0
367 3
3698 2
15562 0
10360 0
368 3
7030 1
24824 0
1977 3
369 3
3700 2
10686 4
6356 3
8738 2
37985 2
17466 1
10362 0
56068 0
370 3
11786 4
13747 3
11436 0
10363 0
5650 5
371 3
34977 4
10546 0
7033 1
3947 2
372 3
3703 2
7034 1
5111 3
10365 0
373 3
10997 0
4174 2
7556 1
5183 3
3704 2
20687 1
7035 1
4775 4
20758 1
43977 3
374 3
7806 1
3705 2
7036 1
48635 1
5260 3
375 3
3706 2
7431 1
10368 0
376 3
15254 0
1965 7
3707 2
22892 0
16059 2
7038 1
12079 1
25063 1
10369 0
13642 0
2276 3
377 3
5630 2
3708 2
25283 0
7039 1
10370 0
11531 0
378 3
24973 0
3709 2
24153 0
22052 0
7040 1
4962 2
16089 1
10371 0
379 3
16692 2
1642 3
12815 1
3710 2
1808 6
7041 1
10372 0
2768 5
380 3
3711 2
13233 0
10373 0
381 3
3712 2
2259 4
10374 0
3713 2
33734 3
8950 3
12069 3
3714 2
10558 0
23643 0
10376 0
11521 1
15420 0
384 3
7046 1
8646 5
10377 0
7060 2
2629 4
385 3
2545 3
7047 1
386 3
20402 1
21131 1
13405 0
387 3
11360 2
3718 2
7049 1
2086 6
11460 2
388 3
7050 1
10381 0
7398 5
14306 0
1217 3
3720 2
8560 4
28213 1
390 3
3721 2
7052 1
3131 5
18924 1
391 3
3154 4
3017 3
3722 2
7318 1
392 3
7187 1
12575 0
3723 2
19491 1
10385 0
10748 0
17399 2
3724 2
15327 3
10386 0
8142 2
7056 1
4604 2
4494 5
10387 0
395 3
17289 2
3726 2
5975 3
7057 1
10388 0
14596 2
396 3
3727 2
24745 0
7058 1
3340 5
10389 0
397 3
3817 3
7059 1
10390 0
398 3
7193 1
10391 0
4198 2
1223 3
399 3
1654 3
9701 3
3730 2
7061 1
10392 0
428 6
400 3
3731 2
7474 4
10393 0
18974 0
17537 1
7063 1
6680 4
10394 0
18145 0
22008 1
402 3
3733 2
7064 1
4806 4
10395 0
13695 2
403 3
3734 2
12802 2
10938 0
7065 1
13447 3
5254 3
18774 1
2327 5
405 3
9321 2
12504 0
406 3
10671 0
7068 1
10020 3
10399 0
407 3
28202 1
8199 1
7069 1
10400 0
408 3
359 4
3739 2
1229 3
4110 6
409 3
5371 6
3740 2
2802 3
410 3
29548 3
3741 2
7072 1
11817 3
9329 1
14650 0
7842 1
15576 1
7073 1
13360 2
10404 0
24734 5
412 3
9605 4
14111 3
3744 2
7075 1
14893 0
10406 0
414 3
3447 3
7076 1
12299 1
10407 0
24236 0
14691 3
3746 2
8466 3
3989 2
8895 1
7077 1
12667 1
416 3
7342 1
7211 1
3747 2
24112 0
16700 1
10772 0
417 3
11917 0
3748 2
12052 4
9008 1
11836 1
418 3
3749 2
9761 2
11431 2
3750 2
39038 4
4354 3
7081 1
10594 0
28684 3
420 3
3751 2
13767 0
7082 1
5763 5
8201 2
16160 2
20865 1
421 3
3752 2
30098 5
7083 1
10414 0
20040 0
422 3
26989 4
3753 2
7604 1
24883 5
7084 1
10415 0
423 3
12351 2
7085 1
10416 0
1528 5
31951 0
424 3
30388 3
3755 2
4222 2
425 3
33667 1
3756 2
9553 2
7087 1
33158 0
10418 0
16799 2
18733 2
3757 2
16013 0
10419 0
427 3
19007 1
3758 2
7089 1
3237 4
25086 0
4001 2
9515 3
7354 1
24475 0
822 7
7090 1
28261 0
23010 0
10421 0
429 3
1921 6
3760 2
39176 1
44409 3
14265 0
10422 0
430 3
10423 0
47829 1
20503 1
15496 2
12733 3
3762 2
10606 0
19580 1
10424 0
1182 5
432 3
8104 1
10823 4
17608 1
7094 1
10425 0
7608 2
433 3
4688 3
7095 1
2096 7
434 3
4007 2
7229 1
35642 0
35209 0
25414 0
10427 0
3232 5
435 3
14685 2
7097 1
5513 5
10428 0
5325 3
436 3
21244 1
951 4
8667 4
20824 1
7098 1
4443 2
10429 0
437 3
8679 2
3768 2
7099 1
15635 1
8213 3
438 3
3769 2
9790 3
1678 3
10431 0
439 3
3770 2
13778 2
10432 0
440 3
4013 2
7102 1
10433 0
24846 0
25807 5
10796 0
441 3
3772 2
25573 3
4601 5
4895 4
10434 0
442 3
8777 5
3773 2
53336 0
7104 1
6286 2
4531 4
3774 2
7105 1
10618 0
444 3
3775 2
7106 1
17402 2
7575 4
5728 4
7107 1
1883 4
10438 0
446 3
23785 0
7108 1
4019 2
8260 2
10439 0
535 6
50268 0
7628 1
10440 0
448 3
4652 2
7110 1
5690 2
3780 2
7111 1
11502 2
450 3
3781 2
7112 1
451 3
3782 2
7113 1
10444 0
8549 3
13880 0
7535 5
14898 1
3783 2
54103 0
5201 2
7247 1
6228 4
22201 0
10445 0
453 3
13560 3
3784 2
46374 1
7115 1
10446 0
36273 4
7880 3
3785 2
38645 2
10411 1
10447 0
23069 0
455 3
29041 2
3786 2
30916 3
1259 3
456 3
17536 2
3787 2
4461 2
23187 4
7118 1
10449 0
457 3
12218 3
12709 5
15458 5
11081 0
10450 0
458 3
3789 2
12386 0
2031 3
7253 1
7729 6
25009 2
459 3
22139 1
3790 2
7765 1
10452 0
460 3
3791 2
10453 0
3792 2
5034 2
9036 2
9718 4
53841 1
10454 0
2235 6
462 3
3793 2
25038 0
10455 0
463 3
4258 2
3794 2
28141 2
7125 1
15752 1
27169 2
19090 1
10114 1
15694 1
4855 2
464 3
3320 4
32092 3
3795 2
10457 0
465 3
16261 2
3796 2
11229 2
15853 5
5502 6
7128 1
10459 0
3798 2
5396 3
7129 1
24564 0
13166 1
10460 0
20972 1
468 3
7130 1
469 3
3800 2
7131 1
470 3
5876 5
3801 2
3178 4
7132 1
10463 0
19669 1
471 3
6291 3
7652 1
4247 6
10464 0
22597 1
7134 1
10465 0
8319 2
16906 2
473 3
12908 0
10466 0
474 3
7136 1
475 3
12183 4
5553 2
20604 1
11888 0
7137 1
14248 3
10468 0
476 3
4479 2
16262 1
3807 2
14578 1
10469 0
477 3
7402 1
2941 5
3808 2
25199 0
9879 3
10470 0
23856 0
4049 2
12840 3
10743 0
7140 1
22791 4
2034 6
10471 0
18923 1
10025 1
3333 5
3810 2
7141 1
10472 0
480 3
3811 2
7142 1
16867 7
4984 4
8503 1
23128 0
481 3
11573 2
482 3
8152 1
3813 2
7144 1
483 3
167 6
8774 4
7145 1
18864 2
8940 4
36579 4
10476 0
484 3
1277 3
89 5
8390 1
3815 2
7146 1
10477 0
12327 0
2605 3
485 3
24947 0
3816 2
7147 1
9129 3
10478 0
21357 1
486 3
7914 1
33919 0
10479 0
6465 2
7775 2
487 3
7149 1
17927 0
31706 2
2049 3
488 3
24402 0
14017 10
3507 5
3819 2
4966 4
8632 3
7150 1
4708 5
42158 0
7283 1
10481 0
4282 2
26668 3
489 3
10844 0
16310 0
7676 4
30794 3
10482 0
490 3
11427 1
7795 1
2227 7
8608 2
3822 2
959 7
8628 1
10666 0
492 3
25545 0
3823 2
11269 4
7154 1
493 3
6847 4
1283 3
7155 1
642 6
494 3
17515 2
3825 2
7156 1
45484 2
10487 0
495 3
17750 1
6036 2
10960 4
7157 1
10488 0
4497 2
496 3
32332 3
35164 2
2348 3
1714 3
3828 2
7159 1
1686 4
4885 2
2104 4
3829 2
10187 3
43166 0
5467 3
499 3
36158 2
12019 3
12098 1
20961 1
8908 5
7161 1
10492 0
500 3
12766 0
19173 1
3403 4
12975 2
7163 1
10494 0
11651 2
7164 1
3501 3
1289 3
13673 3
4073 2
13021 0
13527 2
10496 0
504 3
7166 1
3883 3
10497 0
7287 2
15645 2
7167 1
10498 0
506 3
3837 2
53037 0
5416 2
31753 1
7168 1
6894 2
24653 0
10499 0
507 3
11746 0
38582 1
10500 0
2506 5
15589 3
508 3
12179 0
3839 2
45652 2
8057 1
5773 3
10501 0
4079 2
12193 9
23927 0
3840 2
16362 2
25145 0
5662 5
510 3
19758 1
31886 5
7172 1
511 3
9831 4
8985 1
33532 3
512 3
3843 2
1465 4
7174 1
11644 2
13944 2
7307 1
513 3
3844 2
20207 0
7438 1
7175 1
10506 0
3845 2
10779 0
7176 1
4306 2
10507 0
515 3
7672 5
7177 1
9746 1
516 3
1726 3
15812 1
3847 2
22270 1
7178 1
18336 0
16571 0
9968 3
517 3
3848 2
3029 4
10510 0
518 3
10511 0
17673 2
3850 2
6583 3
20705 1
19519 10
5989 5
10512 0
17013 2
5073 4
520 3
9104 1
7182 1
10513 0
1301 3
4091 2
10514 0
522 3
3853 2
523 3
3854 2
178 5
3434 5
5633 6
8715 3
525 3
12947 3
3856 2
8437 2
9688 3
10518 0
12530 2
3857 2
10519 0
25312 0
22350 0
527 3
3858 2
5058 3
7189 1
10702 0
528 3
2147 6
2874 3
4724 2
529 3
3860 2
3101 3
7191 1
25048 0
530 3
5538 3
1307 3
3861 2
7192 1
11331 0
10523 0
20114 6
10524 0
4915 2
532 3
12314 4
7194 1
7180 2
10525 0
533 3
15194 5
3864 2
7777 4
10526 0
4384 6
2313 4
10527 0
4533 2
13048 1
3866 2
21470 1
2372 3
4815 5
10528 0
536 3
15333 0
2384 6
10529 0
19256 1
7331 1
3868 2
3486 4
7199 1
10530 0
3869 2
7200 1
14385 3
1719 5
10531 0
539 3
3870 2
7201 1
10590 1
540 3
3871 2
7202 1
23998 0
7593 1
6319 5
749 6
10533 0
18995 2
541 3
3872 2
15813 0
7203 1
10534 0
5654 3
542 3
3873 2
7204 1
10535 0
543 3
12120 3
10536 0
17628 2
12725 0
544 3
11715 2
3875 2
7206 1
545 3
3876 2
7724 1
7207 1
24742 0
546 3
3877 2
7208 1
10539 0
6227 2
2868 4
547 3
3878 2
10540 0
11082 0
25276 3
2358 7
5907 4
1319 3
7210 1
19722 0
549 3
8995 2
19847 1
14027 2
3880 2
25676 0
6401 4
550 3
7212 1
11095 1
10543 0
551 3
8496 2
7213 1
22161 4
552 3
7855 1
13786 3
1379 5
14952 2
7214 1
10545 0
8404 3
20413 9
553 3
19072 1
7215 1
16463 2
554 3
4438 3
8801 1
3885 2
1096 7
11196 1
7216 1
10547 0
555 3
7349 1
2510 4
4748 2
3886 2
44233 1
556 3
12336 1
3887 2
20833 3
9039 5
6214 3
8430 2
3888 2
7219 1
10550 0
694 4
9089 4
17892 1
558 3
3889 2
11097 4
7220 1
10551 0
4127 2
559 3
5162 4
23305 0
9681 1
560 3
3891 2
52510 0
11272 0
5523 3
7222 1
9944 4
561 3
12091 9
24568 0
3892 2
10916 0
5609 3
8798 3
21186 1
10554 0
3893 2
5464 2
21098 1
267 5
7224 1
25418 3
11539 0
15677 0
7225 1
45758 0
4728 4
10556 0
20806 1
564 3
5380 3
3895 2
7226 1
10557 0
4133 2
41583 1
3896 2
15720 3
9580 1
7227 1
566 3
3897 2
6313 5
7228 1
25252 3
10559 0
44191 1
17120 2
15089 1
567 3
9560 2
10560 0
3535 5
7230 1
9988 2
15930 1
6102 5
8204 2
3900 2
7231 1
10562 0
570 3
571 3
4139 2
3902 2
10564 0
13837 10
572 3
13054 3
8989 7
10565 0
1762 3
3904 2
16435 1
7235 1
31099 2
22401 1
3569 4
574 3
2396 3
4569 2
7236 1
3114 5
334 6
10567 0
8077 3
575 3
2103 3
3906 2
7237 1
10568 0
576 3
3907 2
26671 4
25425 0
7238 1
8361 1
10569 0
25489 1
577 3
8988 4
7629 1
7239 1
8555 2
2260 6
6817 2
10570 0
12906 1
7809 5
578 3
7878 4
3909 2
7240 1
10571 0
40115 2
579 3
29737 3
3910 2
9378 1
15794 2
3674 5
580 3
10573 0
5764 6
9786 2
3912 2
7243 1
6108 2
4772 2
582 3
17810 2
3913 2
8248 1
4922 5
9913 1
10575 0
583 3
3914 2
7245 1
10576 0
12933 0
584 3
11207 0
3915 2
5811 5
12340 0
1244 4
7014 4
19549 7
24831 0
585 3
5142 2
33807 1
23364 0
10578 0
14110 2
11426 2
7248 1
10851 0
11802 1
7597 6
856 6
10580 0
10762 0
588 3
12221 3
16252 0
3919 2
11652 0
12550 1
19936 1
7250 1
9308 3
589 3
3920 2
17963 1
12445 4
10582 0
10354 3
15943 9
4157 2
3352 3
7252 1
11035 0
3922 2
15041 2
10584 0
12518 0
592 3
1774 3
7254 1
10585 0
5680 3
3924 2
17741 2
10586 0
594 3
3925 2
7256 1
10587 0
15989 1
13694 2
10146 3
595 3
3926 2
8141 1
7647 1
10588 0
44571 0
3927 2
10589 0
597 3
14775 1
3143 3
7259 1
4521 6
24651 0
598 3
13148 2
16564 2
19126 2
5327 2
7260 1
7522 1
10341 1
13615 0
10592 0
10774 0
17034 1
600 3
3931 2
7262 1
17533 5
601 3
22499 0
356 5
14522 3
13899 3
602 3
12186 0
3933 2
10595 0
603 3
5157 4
24140 0
25359 0
7265 1
10596 0
8614 2
604 3
3935 2
10869 0
10597 0
605 3
20374 0
3936 2
7267 1
2489 7
10598 0
12516 3
3937 2
7268 1
607 3
19332 0
6704 2
10600 0
608 3
20907 1
18124 0
7270 1
21293 1
10601 0
609 3
17947 12
12105 1
7271 1
10964 0
10602 0
610 3
19422 1
3652 4
2533 6
3949 3
7534 1
611 3
2685 5
3942 2
7273 1
1361 3
10604 0
23423 0
10786 0
612 3
3943 2
12453 0
3636 5
7274 1
10757 1
14101 3
613 3
3944 2
7275 1
55806 0
17227 2
7915 1
614 3
9170 5
10607 0
615 3
10608 0
616 3
7278 1
10609 0
15174 0
3948 2
1233 7
11842 2
618 3
25250 0
8974 1
7280 1
6215 5
13161 3
619 3
7796 1
3950 2
10612 0
620 3
3951 2
3405 4
7282 1
1367 3
35524 3
18034 1
10613 0
11065 0
16048 1
621 3
17821 3
3952 2
11234 4
10614 0
50285 1
11510 0
14617 0
14193 2
7979 4
7284 1
15851 3
8942 2
9861 3
10615 0
22339 3
12293 0
7285 1
10616 0
10798 0
624 3
706 4
24920 0
5751 3
9095 4
7286 1
10056 1
28459 3
625 3
3956 2
21235 1
25538 0
626 3
5178 2
14943 0
383 4
11249 0
10619 0
627 3
6524 3
53631 0
2373 6
20025 1
19221 1
628 3
7290 1
10621 0
629 3
3960 2
5029 5
1373 3
4414 2
8673 2
630 3
11955 0
33674 5
10623 0
15130 2
631 3
22532 1
3962 2
18527 0
7293 1
21122 3
632 3
3963 2
9238 4
27007 3
12322 3
10625 0
633 3
3964 2
7295 1
8378 3
10626 0
10235 3
40415 2
3965 2
21696 1
7296 1
963 6
24211 0
8964 3
10627 0
635 3
7558 1
9287 2
3966 2
7297 1
636 3
3967 2
8879 1
637 3
2152 4
3968 2
5340 4
7299 1
10630 0
638 3
23482 0
11928 2
3969 2
7002 2
5895 6
7300 1
10631 0
1298 3
3970 2
7433 1
640 3
3971 2
10633 0
445 5
7946 5
3972 2
7303 1
10634 0
13408 0
22951 1
16665 2
31789 0
4426 2
10635 0
17854 2
643 3
3974 2
7305 1
13076 0
10636 0
39098 2
644 3
3975 2
2946 3
14359 6
10637 0
645 3
6454 2
4211 2
35956 3
646 3
19895 0
3977 2
7308 1
19505 1
10639 0
3735 4
12576 4
16107 1
3978 2
6574 4
7309 1
10640 0
35738 3
648 3
4981 3
7310 1
10641 0
3980 2
7311 1
10642 0
40826 3
650 3
3981 2
25466 0
7312 1
10643 0
651 3
3982 2
14012 3
46636 2
6086 4
652 3
18105 1
4217 2
4665 3
7314 1
21008 1
7315 1
1910 5
21513 4
10646 0
654 3
10647 0
3986 2
7317 1
19257 2
5822 3
21400 1
9557 1
10648 0
656 3
8732 2
3737 5
10649 0
657 3
3988 2
14001 0
11012 0
7451 1
9878 1
658 3
46191 0
7320 1
5960 5
10651 0
14276 2
3990 2
7321 1
7413 2
10170 4
660 3
10834 0
3991 2
7322 1
4658 6
17334 2
10653 0
21877 8
2157 3
11724 0
661 3
3992 2
5870 2
662 3
3993 2
7324 1
10655 0
2620 7
663 3
10656 0
7457 1
25938 0
23541 0
3995 2
7326 1
4229 2
10657 0
29893 2
665 3
1357 3
3996 2
56855 0
4164 3
10658 0
13268 3
24282 0
666 3
501 6
3997 2
7328 1
1822 3
16798 0
8080 4
10659 0
667 3
3998 2
31351 1
7329 1
8595 3
10660 0
38127 1
3999 2
6328 5
14582 0
7330 1
24660 0
11291 0
669 3
4000 2
6810 3
11999 2
10662 0
16110 1
15219 2
670 3
7332 1
10663 0
24817 0
16608 1
671 3
9202 4
9047 3
4002 2
3841 5
7333 1
7594 1
10664 0
7925 2
3287 5
672 3
4003 2
22879 7
7334 1
4659 2
10665 0
673 3
1576 5
3262 4
8570 1
4004 2
10324 3
7335 1
674 3
10667 0
675 3
1268 4
7337 1
22648 0
10668 0
676 3
5136 5
3609 3
7181 4
13261 8
5429 4
8881 7
2486 6
12423 3
4241 2
389 4
52924 1
10670 0
4009 2
13361 0
7340 1
679 3
10672 0
15982 3
534 5
680 3
1370 7
12665 3
10521 3
1070 6
15280 1
6024 3
682 3
1409 3
8877 2
7344 1
10675 0
4014 2
18176 1
3818 4
2367 4
7606 1
10676 0
21809 1
684 3
19454 6
4015 2
4925 4
7346 1
10677 0
12361 1
2682 6
7347 1
686 3
4017 2
687 3
4018 2
7737 1
23836 3
56274 0
688 3
7481 1
21372 1
4868 2
7350 1
718 4
689 3
2468 3
4020 2
4253 2
7351 1
8469 1
10682 0
690 3
4021 2
23600 0
15481 11
7352 1
13290 0
691 3
13281 1
4022 2
13788 0
1416 3
7353 1
17201 1
10684 0
9487 3
4677 2
17967 2
10685 0
11843 0
11226 0
14774 5
693 3
7355 1
48138 1
4474 2
11493 0
7487 1
4025 2
7356 1
10687 0
14120 0
5411 2
695 3
9807 1
57065 0
4026 2
8274 3
13321 2
7357 1
4259 2
11671 0
6026 6
696 3
4027 2
7358 1
20541 0
21109 1
697 3
4028 2
24353 0
29606 7
7359 1
30962 7
10690 0
698 3
4029 2
7360 1
10691 0
4030 2
16225 1
7361 1
10692 0
700 3
4031 2
7362 1
10693 0
1967 4
5065 2
12070 2
14125 3
23572 3
3838 5
4032 2
7363 1
10694 0
19370 1
702 3
29318 7
4033 2
25098 0
21507 1
13634 0
10695 0
703 3
4034 2
704 3
12707 4
7366 1
6645 2
46443 3
705 3
11416 0
11720 1
4036 2
7367 1
10698 0
7499 1
4037 2
4486 2
7368 1
8005 1
9387 4
32234 1
10699 0
25452 0
4038 2
24900 0
9058 1
7369 1
17441 2
9130 3
18084 2
4271 2
10882 0
4039 2
1427 3
8850 2
7370 1
3107 4
10701 0
709 3
15308 2
10283 4
7371 1
19511 0
7372 1
10703 0
11333 0
711 3
8181 4
12294 0
4042 2
10704 0
24319 2
10413 3
10977 0
19388 2
13375 3
713 3
4044 2
714 3
2570 4
2864 5
4892 2
715 3
16064 0
4046 2
10708 0
5518 4
7378 1
10709 0
1433 3
4048 2
7379 1
1475 3
7892 1
10710 0
6441 5
14972 1
5348 4
9309 4
5964 3
7380 1
3830 3
10215 2
10711 0
6453 3
623 5
4050 2
7381 1
19671 1
10712 0
8086 2
720 3
3901 4
10034 3
7642 1
2751 7
4051 2
14227 0
4283 2
7382 1
10713 0
721 3
12524 3
227 5
26069 0
5911 3
1858 3
10714 0
722 3
4053 2
10715 0
723 3
5243 5
7385 1
4795 6
10716 0
724 3
7773 1
4055 2
7517 1
7386 1
10717 0
725 3
25764 0
4056 2
1439 3
16284 1
726 3
4057 2
2599 6
8267 1
12223 0
4289 2
10719 0
727 3
4058 2
1758 4
15602 0
14796 3
10720 0
34717 0
728 3
4059 2
16092 2
5769 2
1177 6
7390 1
9252 2
24424 0
9432 5
2761 4
18321 0
729 3
11262 0
4060 2
9799 2
5608 2
730 3
7523 1
7392 1
5339 3
10723 0
731 3
28034 7
4713 2
21158 5
3227 3
7393 1
24797 0
14442 2
732 3
12033 2
12141 2
5930 2
15931 6
8392 1
7394 1
12888 2
10725 0
6109 5
733 3
4064 2
11796 0
21922 1
7395 1
6383 2
734 3
4065 2
5095 2
7396 1
8909 2
10727 0
735 3
10770 1
12593 1
736 3
8630 1
18511 7
7529 1
10729 0
737 3
10019 2
16113 3
8035 1
7399 1
10730 0
738 3
4069 2
42008 1
7400 1
12407 0
10731 0
739 3
4070 2
7401 1
13145 1
12579 0
10732 0
740 3
10733 0
741 3
21210 1
11185 0
4916 2
7403 1
31897 1
25187 0
10734 0
39693 4
18080 2
742 3
7916 1
23718 0
1451 3
15934 0
11630 0
3448 3
1507 7
4074 2
20068 0
1534 3
10736 0
24983 0
744 3
25680 0
4075 2
9213 3
7666 1
7406 1
6747 4
20292 1
3939 5
7407 1
22794 1
5786 3
30601 0
746 3
27674 7
18318 1
8523 1
4077 2
18718 0
6538 2
7408 1
28969 0
8166 1
10739 0
15780 0
11508 4
748 3
11547 0
7541 1
7410 1
5286 2
11013 0
4080 2
7411 1
37204 3
6035 3
16491 0
22797 0
750 3
4081 2
14238 3
7412 1
751 3
21509 1
4082 2
25553 0
10744 0
16343 1
752 3
7414 1
10745 0
6252 2
6157 6
4084 2
7415 1
11464 0
10746 0
754 3
11108 0
4085 2
7416 1
7547 1
12814 3
17548 2
6265 4
5607 4
755 3
8282 4
5649 3
7417 1
756 3
19754 1
4087 2
7418 1
3984 4
10749 0
757 3
4088 2
4534 2
7419 1
10750 0
668 6
1882 3
758 3
712 5
4089 2
7420 1
8767 1
3018 3
10396 4
759 3
2831 6
4090 2
19046 6
7421 1
10752 0
13482 3
760 3
24495 0
37516 3
8711 2
7422 1
10753 0
8968 2
4092 2
11998 0
7423 1
12838 4
10754 0
12801 1
762 3
41915 2
4093 2
7424 1
4008 5
763 3
7425 1
12212 2
10756 0
4095 2
7426 1
9416 4
765 3
4096 2
12625 3
10758 0
12176 0
4097 2
7428 1
7559 1
10759 0
8220 5
28783 2
11031 0
6554 5
7429 1
13620 1
7348 4
768 3
16781 1
10942 0
8065 1
4099 2
2101 5
14525 2
10761 0
23777 0
769 3
4100 2
3460 5
1593 3
8309 1
770 3
5350 5
4546 2
4749 2
3632 4
10763 0
18221 2
35143 0
11215 0
10764 0
772 3
4103 2
48498 1
2229 3
10688 3
16289 1
29719 2
4104 2
2785 3
7634 2
10766 0
774 3
10503 1
7436 1
25877 0
10767 0
401 4
775 3
4106 2
1284 6
16968 2
7437 1
34453 1
10768 0
2712 6
1894 3
776 3
4107 2
4337 2
777 3
4108 2
18389 1
2882 7
9671 1
16402 1
38678 0
14028 2
7440 1
26200 0
10771 0
36811 0
779 3
7827 1
4236 3
7441 1
780 3
4111 2
10954 0
25066 0
7442 1
10773 0
9296 3
9536 4
7702 1
6106 3
782 3
4113 2
8786 3
7444 1
22035 1
783 3
6127 2
6757 3
17368 1
4114 2
7445 1
8202 1
784 3
20381 1
4115 2
8497 2
7446 1
7577 1
10777 0
785 3
4116 2
1481 3
21311 1
9563 5
4932 6
7448 1
9027 2
787 3
11507 1
15486 2
10780 0
20708 0
10781 0
4349 2
4120 2
11412 1
4040 5
5322 2
790 3
12083 1
7452 1
14933 3
10591 3
7583 1
25787 0
4122 2
5823 2
18193 2
10784 0
792 3
4123 2
10966 0
7454 1
37701 1
9469 1
13494 2
4755 3
793 3
4067 4
41961 0
1773 5
1487 3
1906 3
173 6
794 3
5696 4
4125 2
24934 0
16244 3
10787 0
795 3
9666 3
8916 1
25654 0
10788 0
796 3
1652 3
21721 1
9142 1
15471 1
10789 0
7589 1
4128 2
801 5
7459 1
3269 3
798 3
53044 0
4129 2
9255 1
7460 1
10791 0
799 3
8095 1
7461 1
14351 3
800 3
4131 2
7462 1
12374 1
43955 1
16776 0
4132 2
10426 1
11334 0
7463 1
17655 2
5155 2
11512 0
11156 0
1493 3
38092 3
12811 0
11601 0
8577 1
5990 2
16241 2
10795 0
803 3
22925 1
4134 2
804 3
16461 1
7466 1
5122 4
805 3
14608 2
4136 2
7726 1
26462 7
806 3
1644 7
7468 1
13589 3
10799 0
6258 5
7469 1
10800 0
9205 2
56161 0
10509 4
11623 4
9538 2
10801 0
18460 1
36031 0
4140 2
7471 1
12726 3
810 3
11645 4
6288 6
1499 3
10803 0
7277 2
811 3
4142 2
36494 0
7473 1
10804 0
812 3
12135 0
4143 2
6177 3
6735 2
10805 0
3890 3
813 3
9086 2
7539 2
4144 2
8351 1
37101 3
7475 1
19690 0
4373 2
10806 0
814 3
21646 1
4145 2
10943 1
7607 1
815 3
3054 3
4146 2
7477 1
7863 1
10808 0
7988 1
13078 0
816 3
8471 3
4147 2
7478 1
17025 0
10809 0
817 3
5457 5
4148 2
3043 5
7479 1
1555 4
10810 0
818 3
7480 1
12969 4
819 3
7037 3
10812 0
16351 5
17069 2
25365 0
820 3
15455 0
2815 3
7482 1
8238 1
4594 2
23895 0
7483 1
10814 0
1711 3
4153 2
1391 6
10815 0
9820 1
823 3
20470 1
4154 2
7485 1
10816 0
824 3
25990 0
4155 2
22946 0
10817 0
825 3
4156 2
2825 6
29714 3
10818 0
21331 3
12354 2
7488 1
1041 4
15575 2
10819 0
9392 1
4158 2
11820 2
1511 3
19650 2
7489 1
10820 0
23449 7
828 3
4159 2
11002 0
2421 4
10821 0
4803 2
12963 3
829 3
3495 4
4160 2
19920 1
4150 4
8357 5
10680 3
21412 1
4161 2
16520 1
7492 1
831 3
10824 0
832 3
4391 2
4163 2
8488 1
7494 1
22148 1
18758 6
10825 0
5539 4
833 3
11659 9
5785 4
2980 6
10826 0
18358 2
4141 5
834 3
4165 2
7387 6
7496 1
3013 7
18349 2
4166 2
7497 1
13067 2
10828 0
836 3
26331 0
4167 2
24523 6
7498 1
890 5
10829 0
837 3
11459 0
10830 0
25894 0
4169 2
4397 2
15169 1
7500 1
2564 3
10831 0
6896 2
11103 0
4170 2
9145 2
7501 1
25755 0
840 3
18531 1
4171 2
11014 0
8012 1
7502 1
10833 0
20241 0
18306 2
841 3
15236 0
7503 1
7762 1
842 3
33998 2
6920 4
7504 1
21828 1
9694 5
7505 1
6248 3
10836 0
844 3
8484 4
1523 3
7506 1
10837 0
845 3
57138 0
4176 2
7507 1
10838 0
846 3
12082 0
4177 2
4618 2
10839 0
12224 2
13514 1
847 3
47428 0
1942 3
4178 2
23954 0
7509 1
13025 0
10840 0
848 3
4179 2
4821 2
1770 3
7510 1
849 3
4180 2
835 6
5069 6
14464 3
7511 1
18518 0
10842 0
850 3
11204 0
7512 1
19668 1
10843 0
4409 2
851 3
7643 1
4182 2
16375 3
7899 1
7514 1
10845 0
853 3
4184 2
15070 3
25232 0
13696 3
10846 0
12521 0
9462 3
854 3
12827 3
24708 0
5877 2
4185 2
4175 5
7516 1
10847 0
2283 3
14928 0
855 3
9685 4
4186 2
13369 0
6275 3
58636 0
4187 2
10849 0
7649 1
4188 2
25071 0
7519 1
12425 2
10850 0
10622 4
6444 4
858 3
7520 1
9630 4
859 3
25454 0
7515 4
7521 1
10852 0
860 3
4191 2
23056 1
6193 2
10853 0
861 3
18909 0
46898 0
10854 0
20559 1
7524 1
32287 0
4421 2
5274 3
7525 1
864 3
5564 5
17170 2
11038 0
10855 3
10857 0
1954 3
35894 7
9204 2
7527 1
16954 1
15664 2
20003 1
866 3
4197 2
4233 4
6780 5
2845 3
3633 5
10859 0
867 3
6419 6
10860 0
4839 2
868 3
4199 2
10442 2
10861 0
869 3
10769 3
2630 4
1781 7
1498 6
4200 2
18247 3
14195 2
10862 0
870 3
13231 10
4201 2
12624 1
3346 4
871 3
454 5
7533 1
10864 0
872 3
5874 4
45147 2
10865 0
30621 2
873 3
11782 4
13470 0
4204 2
24013 0
26103 0
9146 2
11406 0
5036 2
874 3
4205 2
7536 1
1829 3
17535 1
10867 0
2938 6
875 3
233 5
2588 3
38306 2
7537 1
979 5
10868 0
876 3
16468 1
4207 2
13100 4
7538 1
16390 2
877 3
21783 1
10870 0
878 3
4209 2
4242 5
7540 1
4210 2
10872 0
20875 0
10189 1
880 3
6692 3
4212 2
11104 1
7673 1
7543 1
6407 5
10874 0
882 3
7544 1
1966 3
16638 1
10875 0
883 3
2292 5
4214 2
10876 0
884 3
9113 1
25856 0
7546 1
19781 2
26001 0
4976 3
4216 2
18602 6
9226 1
24779 0
1553 3
10878 0
7548 1
10879 0
4857 2
4218 2
5579 2
38908 3
14342 5
7549 1
25021 6
10880 0
888 3
4219 2
8585 4
11062 0
7550 1
16315 0
10881 0
12496 2
889 3
4220 2
25315 0
13667 2
21935 1
4221 2
9545 3
18419 2
10883 0
891 3
10038 2
4308 3
346 6
8185 1
9263 2
20203 4
10884 0
892 3
11335 0
3144 7
4223 2
48364 2
8494 5
10252 2
893 3
26167 5
4224 2
11157 0
3544 3
25351 3
10886 0
2827 4
1559 3
4451 2
4225 2
34081 0
4226 2
7557 1
5752 2
896 3
10889 0
18495 2
10057 8
897 3
4228 2
8977 3
4666 2
8899 1
10890 0
22927 4
25543 0
11608 0
9845 3
12928 3
7560 1
23095 0
1059 4
39412 1
10891 0
14577 3
899 3
4230 2
7691 1
7561 1
24072 0
7218 2
900 3
4231 2
4457 2
7562 1
13803 3
9825 5
1888 3
10893 0
6168 3
901 3
4232 2
9571 1
13384 1
20648 1
7563 1
902 3
5245 2
20086 1
3012 4
7822 1
7564 1
10895 0
4316 4
4897 4
903 3
13112 3
4234 2
10724 1
15049 9
22873 3
2248 4
9853 5
4235 2
7566 1
905 3
46669 1
7567 1
10898 0
9737 4
906 3
4237 2
6390 3
7568 1
4463 2
907 3
4238 2
14899 0
10735 4
7569 1
10900 0
3129 6
9509 2
10858 3
4239 2
17271 2
7570 1
10901 0
16697 1
2319 3
16506 3
4240 2
10902 0
11442 0
14004 0
910 3
4678 2
56581 0
1571 3
7572 1
8242 2
10903 0
5671 5
11709 0
15662 1
5963 4
7573 1
7703 1
16730 0
10904 0
21583 6
2612 3
13257 0
912 3
4243 2
5206 6
7574 1
10905 0
419 4
10906 0
914 3
1585 4
4245 2
1970 5
7834 1
10380 3
1068 5
915 3
12850 1
4246 2
6893 5
916 3
1605 6
15207 3
31506 2
7578 1
19869 0
5931 2
10909 0
24850 0
29382 2
7579 1
13847 1
9322 2
918 3
4249 2
7580 1
10911 0
919 3
6539 2
4250 2
7581 1
10912 0
920 3
41511 4
4251 2
12013 1
3859 4
25208 0
7582 1
3222 5
921 3
4252 2
11365 0
16191 0
7584 1
11276 0
4343 5
26216 0
4254 2
7585 1
924 3
11810 0
4255 2
3051 6
7586 1
8810 1
10917 0
19817 1
925 3
6550 6
4481 2
4256 2
5319 4
7971 1
10918 0
24131 0
926 3
4257 2
7588 1
25398 0
3126 3
1583 3
7846 1
1947 3
927 3
9628 3
10920 0
928 3
3353 3
7590 1
10921 0
12077 0
9488 1
7591 1
9834 4
10922 0
930 3
3771 3
4261 2
766 4
7592 1
10923 0
50511 1
931 3
58295 0
6049 3
4262 2
22374 1
53867 0
10924 0
26108 0
1918 7
4263 2
16043 0
8686 4
10925 0
4264 2
7595 1
10926 0
5620 3
7766 2
4265 2
18744 1
4511 3
7596 1
10344 1
10927 0
935 3
4266 2
37742 3
13052 1
4702 2
7727 1
936 3
11919 4
17473 7
8668 3
10929 0
937 3
22042 1
4268 2
25632 0
4493 2
10930 0
6461 3
14360 0
938 3
6259 2
4269 2
7600 1
8108 1
10931 0
13246 2
7858 1
20169 1
6990 3
939 3
4270 2
4399 4
7093 4
7601 1
940 3
18532 2
21920 1
7602 1
10933 0
1002 6
7603 1
10142 1
12949 0
942 3
19912 2
4273 2
17976 2
2051 4
10935 0
13029 3
943 3
4274 2
7605 1
15842 2
7989 1
9381 2
4275 2
10937 0
945 3
4276 2
4911 2
4342 5
946 3
11478 0
4277 2
6706 2
5918 3
10939 0
4278 2
10947 3
7123 2
7609 1
13910 3
5730 4
10940 0
12017 2
948 3
2636 3
24921 0
4714 2
14690 3
7391 2
949 3
3275 7
950 3
6052 4
26593 0
52895 0
35571 2
7682 4
1601 3
16539 2
14940 2
7613 1
20001 4
10944 0
952 3
24190 0
5466 2
7614 1
8397 2
9844 4
10945 0
17372 2
5108 2
2006 3
4284 2
10946 0
1157 5
954 3
7616 1
4286 2
30523 3
7617 1
8631 5
10948 0
6556 5
11022 3
4287 2
10949 0
17009 0
101 6
10848 4
957 3
4288 2
10950 0
5778 5
9956 5
7620 1
48772 2
15366 1
1607 3
4290 2
7621 1
18632 2
10952 0
12368 0
960 3
4291 2
7622 1
961 3
6623 4
16815 1
14362 2
4292 2
7623 1
12415 2
962 3
4293 2
4517 2
10955 0
21715 1
17127 1
1712 6
59212 0
25481 0
7625 1
9711 3
8992 2
964 3
3806 5
4295 2
7626 1
10475 1
10957 0
965 3
14803 11
10059 1
7006 5
11763 0
18815 1
10958 0
7757 1
966 3
24289 4
17702 1
4297 2
16637 3
17252 0
4444 5
967 3
4298 2
1613 3
3592 3
968 3
4523 2
7630 1
5305 2
969 3
1077 4
6532 3
4300 2
14473 0
7264 3
2026 3
10962 0
970 3
9440 2
4301 2
18715 0
7632 1
10963 0
21042 0
8739 1
972 3
31921 2
4303 2
11146 0
10965 0
23244 0
26058 0
973 3
18841 4
13234 0
3164 6
42051 4
974 3
4305 2
32702 2
10967 0
975 3
5343 6
7894 1
1619 3
20252 1
10968 0
19100 0
4482 4
976 3
25721 0
7638 1
10969 0
25777 5
8787 4
7639 1
26077 2
978 3
4309 2
10971 0
26215 0
5132 2
2065 3
15344 3
16647 1
7641 1
24992 0
10972 0
20826 1
980 3
10973 0
981 3
22487 1
4312 2
23659 1
13827 0
3278 6
9789 2
6681 6
7644 1
10975 0
5663 2
34946 3
25345 0
7645 1
10976 0
13412 0
984 3
22149 1
24386 7
22081 2
7646 1
11870 0
3728 4
10978 0
986 3
11036 3
2038 3
10979 0
40228 3
987 3
13130 3
4318 2
16874 1
778 4
8870 1
13840 2
8519 1
8156 1
10980 0
15023 2
988 3
7650 1
519 6
20437 6
10981 0
989 3
14574 0
18083 2
4320 2
7651 1
18645 2
6141 4
10982 0
990 3
10983 0
13362 4
991 3
11413 9
4322 2
7653 1
12643 1
992 3
12914 0
10985 0
993 3
1246 5
4547 2
4324 2
12364 1
9468 2
7655 1
12315 0
10986 0
34189 0
7656 1
10987 0
11348 0
2055 7
995 3
4326 2
7657 1
14171 0
10988 0
4327 2
9499 2
7658 1
10989 0
18886 1
997 3
4328 2
7659 1
10990 0
2483 5
998 3
4329 2
4010 3
10991 0
12056 4
4762 2
999 3
19966 1
4330 2
24182 7
8790 2
20043 2
431 4
7661 1
1637 3
9951 4
25564 0
10992 0
1000 3
6603 3
10993 0
1001 3
40874 1
202 6
4332 2
7663 1
10024 3
7793 1
4333 2
10995 0
22057 1
7665 1
10996 0
2935 3
9983 4
4335 2
24308 0
5885 5
1005 3
4336 2
2124 3
45326 1
5156 2
7667 1
10998 0
10961 4
3406 7
1007 3
21816 1
4338 2
7669 1
11000 0
26724 0
1008 3
4339 2
11182 0
11001 0
1009 3
4340 2
7671 1
9673 1
1819 6
4341 2
11003 0
1011 3
4545 5
6617 2
1012 3
20335 1
9168 3
10553 3
4565 4
7674 1
6170 2
50298 1
4344 2
16933 1
7675 1
11006 0
1014 3
4345 2
12780 2
7119 5
1015 3
10087 5
4346 2
7677 1
25810 0
2391 3
11129 1
11008 0
1016 3
4347 2
7678 1
8061 1
26159 0
4348 2
11010 0
7680 1
10669 2
8768 5
11011 0
20915 1
11372 0
4350 2
7681 1
11283 0
2690 4
20048 0
1020 3
4351 2
11818 1
27722 4
2062 3
1021 3
9899 1
4352 2
681 5
8888 4
239 5
1022 3
26442 0
16020 2
9558 2
18769 2
11015 0
9132 1
4213 3
1023 3
15736 0
3277 6
7685 1
3401 5
11016 0
16768 3
1024 3
4355 2
15106 2
4786 2
7686 1
14035 0
1025 3
4356 2
7687 1
16688 2
11125 3
11018 0
26322 0
1026 3
4357 2
7817 1
7688 1
18703 2
11019 0
1027 3
4358 2
6915 2
11020 0
8793 1
10327 1
12001 0
4359 2
11729 1
7690 1
6230 4
1029 3
6526 3
4360 2
11371 9
1030 3
14659 11
6705 5
4583 2
13792 0
24367 0
22600 1
11023 0
9584 1
466 5
22256 1
8561 1
131 8
4362 2
35358 2
2183 3
7693 1
13543 0
11024 0
5072 3
6674 3
1032 3
3585 4
1335 5
4363 2
7823 1
1169 6
7694 1
11025 0
1033 3
7695 1
1034 3
4365 2
7696 1
11027 0
1035 3
2167 5
8079 1
20587 0
11028 0
9031 1
1036 3
18190 2
25647 0
4367 2
9877 3
7266 4
1037 3
4798 2
4368 2
4509 5
7699 1
11301 0
20227 7
5480 6
7829 1
7700 1
12618 0
18871 8
1039 3
31862 3
4370 2
1667 3
7701 1
16992 1
6812 6
17978 6
1040 3
4371 2
28381 2
4372 2
14124 3
17574 2
11034 0
13425 2
7981 2
6931 3
7849 4
5001 2
11485 0
4374 2
7705 1
8454 1
1044 3
4375 2
7706 1
11037 0
1045 3
11930 0
4376 2
7707 1
303 6
8335 1
12851 2
1046 3
5516 4
4377 2
25482 0
7708 1
10058 4
1047 3
23393 0
4378 2
14916 3
11189 3
11040 0
13493 4
4379 2
20418 1
9617 2
11041 0
11669 0
10485 2
2965 3
4648 4
4380 2
11042 0
1050 3
4381 2
44405 2
1866 4
7841 1
7712 1
11043 0
1051 3
39794 1
4382 2
21917 1
5992 5
13410 3
4383 2
7714 1
14529 2
11045 0
10277 2
1053 3
7715 1
4589 3
8097 1
1054 3
4385 2
2893 4
7716 1
11586 0
25899 0
11047 0
23714 4
13733 0
1055 3
14857 6
4386 2
7717 1
4646 5
12887 1
11048 0
2708 3
11074 4
1056 3
15529 0
3437 3
3427 6
31411 1
20174 2
24426 0
11049 0
1926 6
1057 3
8865 3
2242 3
11050 0
2192 7
5204 2
1058 3
4389 2
7720 1
4390 2
19028 1
34574 0
11052 0
1060 3
17300 1
7978 1
7722 1
11053 0
15189 2
4392 2
16109 2
3979 5
7723 1
26260 0
11054 0
16566 0
4822 2
5921 4
40406 0
7853 1
11055 0
21209 0
1063 3
13623 1
6745 3
4394 2
7725 1
11056 0
1064 3
3537 7
6802 4
29677 0
7232 5
11214 3
11057 0
9415 2
26855 0
4396 2
17051 1
11058 0
22194 1
1066 3
7728 1
11059 0
14863 7
1067 3
4398 2
35821 0
14074 1
35754 2
11060 0
2427 3
12214 2
7088 2
25651 4
1069 3
4400 2
7731 1
12820 0
4401 2
4086 4
7732 1
11063 0
1071 3
1424 5
7733 1
26555 0
2098 3
1072 3
4403 2
10218 5
26429 0
25730 0
3390 6
1073 3
9960 3
4404 2
3084 4
20115 1
7735 1
25205 0
5574 2
11337 0
11871 0
8603 1
7736 1
11067 0
9676 2
32881 2
1075 3
4834 2
4406 2
13332 3
11068 0
3263 4
7738 1
12606 2
11069 0
12922 2
4408 2
11070 0
22363 1
1078 3
10132 4
5747 2
5567 3
7740 1
11071 0
1697 3
4410 2
10060 1
7741 1
15563 1
44522 0
1080 3
22713 1
6425 3
7742 1
11073 0
1081 3
16899 3
13087 0
8905 5
8728 1
26857 3
1082 3
443 4
4413 2
16826 1
7744 1
149 7
10274 1
1083 3
18297 2
7745 1
2301 3
1084 3
8847 1
5228 2
4415 2
10892 1
7746 1
12405 0
8002 1
11077 0
14013 2
1085 3
20501 1
4416 2
4731 4
7747 1
18906 2
14809 3
8252 1
17675 2
692 6
4637 2
1086 3
12233 0
4417 2
179 6
7877 1
11079 0
1087 3
4418 2
7749 1
9766 2
4846 2
11080 0
15239 0
1088 3
14231 3
262 8
7750 1
11296 1
1089 3
4420 2
7751 1
23580 1
404 6
1090 3
30397 2
8133 1
7752 1
58362 0
11083 0
18912 0
11444 0
29618 1
4422 2
2732 3
7753 1
11084 0
17110 1
1092 3
4643 2
4423 2
7754 1
7883 1
11085 0
21829 3
1093 3
4424 2
10165 4
7755 1
34869 1
7898 2
11086 0
2995 3
25988 0
1094 3
55348 1
21004 3
6816 3
7756 1
12067 0
13107 1
11087 0
7223 3
1709 3
1095 3
1388 4
3879 3
11088 0
22018 1
12156 0
11089 0
8014 1
6943 6
15029 3
21093 1
802 4
4428 2
15272 2
7759 1
1098 3
4429 2
4649 2
28891 3
7760 1
6099 5
11091 0
1099 3
7761 1
4747 5
1100 3
4431 2
12334 0
16198 2
11093 0
9735 2
1101 3
5617 6
4432 2
11094 0
16448 0
1102 3
4433 2
28801 1
11545 0
10579 7
4434 2
6093 2
11096 0
11303 3
2033 6
29726 4
1104 3
6854 5
10203 3
11278 0
1105 3
9097 1
15618 3
52746 0
13624 4
11187 4
2122 3
26361 0
33086 1
1106 3
4437 2
17762 6
11099 0
1107 3
6408 4
2529 4
7769 1
11100 0
1108 3
4439 2
12993 2
7770 1
8026 1
24544 0
13303 1
25619 0
4440 2
43754 2
10726 3
7771 1
10043 3
11102 0
2360 3
9090 4
1110 3
16140 0
4441 2
8276 1
19291 6
1513 5
7772 1
1721 3
7901 1
39783 3
4442 2
34387 1
1112 3
7774 1
2674 5
17242 0
11105 0
23318 7
1113 3
44945 2
3688 3
7345 5
20305 2
4445 2
7776 1
1115 3
18673 3
7660 2
4446 2
5944 2
1116 3
4447 2
7778 1
17479 0
6312 3
11109 0
7907 1
1117 3
33109 1
4448 2
7779 1
16306 0
5287 3
1118 3
17169 1
4449 2
11111 0
29353 3
1119 3
7491 3
26536 0
11112 0
1120 3
13433 3
2463 3
7782 1
11113 0
2329 7
8038 1
7171 6
53841 2
4452 2
3668 7
23542 0
7783 1
20584 1
11114 0
12957 0
1122 3
4814 4
449 4
4453 2
19170 1
3503 6
26986 0
7784 1
11115 0
1123 3
4673 2
4279 3
10827 1
11116 0
1336 6
4455 2
7786 1
11117 0
22470 1
12330 4
1125 3
31453 0
4882 2
5789 2
11118 0
13046 0
6887 3
35239 1
13559 3
1733 3
11119 0
9359 3
3580 5
1127 3
7789 1
11120 0
5959 5
11391 0
1128 3
4459 2
7790 1
11121 0
22331 1
11302 0
7919 1
1129 3
4676 5
4679 2
4460 2
7791 1
10349 5
18404 2
17776 2
7792 1
3576 6
9347 1
1131 3
4462 2
8776 1
11124 0
1132 3
7794 1
20760 0
1133 3
4464 2
11126 0
15355 2
1134 3
7439 4
8016 4
505 6
7005 2
4465 2
11127 0
24603 0
14338 3
4466 2
5455 2
12306 1
2419 3
25347 0
4467 2
39038 5
21182 1
5276 2
5901 3
1137 3
4468 2
7799 1
25134 2
11130 0
6187 3
18984 2
4469 2
4894 2
17030 3
12631 0
7800 1
11131 0
1139 3
11356 3
5091 2
16287 2
13064 2
11132 0
11848 0
1140 3
22119 1
10272 4
11133 0
3961 4
44589 1
11314 0
16044 1
1141 3
4472 2
7803 1
4691 2
1142 3
7804 1
11392 3
1143 3
7805 1
11136 0
1144 3
17228 1
4848 5
14696 2
9042 5
11137 0
1145 3
13604 2
4476 2
8187 1
6874 2
7807 1
6206 5
393 8
11138 0
25896 0
11409 0
15216 0
2481 3
10126 3
6497 4
4477 2
7808 1
15142 3
11139 0
23711 1
7937 1
1147 3
4478 2
20264 1
1148 3
19043 2
4480 2
18036 1
12367 8
8559 2
1602 5
11142 0
11451 1
1150 3
7812 1
2140 6
7813 1
9478 1
11144 0
1152 3
4483 2
10281 4
7814 1
1902 4
1153 3
19241 1
4703 2
1154 3
7074 6
4485 2
9191 4
5646 2
21376 0
11300 4
1155 3
8562 1
2364 5
10040 2
1156 3
7818 1
11149 0
298 7
6958 3
4488 2
57368 0
7819 1
2344 4
11150 0
1158 3
20667 1
4489 2
7820 1
11857 6
4152 5
13980 1
1159 3
7949 1
8324 1
7821 1
11152 0
1160 3
4491 2
1161 3
12133 0
4492 2
24662 0
11154 0
2478 3
7824 1
13755 4
11155 0
11694 0
16837 10
11516 0
7458 5
7825 1
4918 2
1164 3
5754 6
22663 8
4495 2
13534 3
7826 1
12311 0
11338 0
6147 2
1166 3
7828 1
11159 0
9273 2
5713 4
6981 4
11160 0
1168 3
15755 3
4499 2
5485 2
10896 2
7830 1
35611 0
11161 0
12228 0
6457 2
4500 2
11162 0
1170 3
4501 2
15438 2
26781 0
11163 0
1171 3
13135 2
20436 2
4502 2
908 5
7833 1
4667 3
22577 1
11164 0
3616 6
26166 0
25756 0
4503 2
4721 2
11165 0
1173 3
1412 4
7835 1
11166 0
9276 1
16986 2
4505 2
11167 0
1175 3
4506 2
11168 0
1176 3
4507 2
7838 1
11169 0
6112 4
4508 2
7839 1
22826 7
11170 0
5127 2
9062 3
1178 3
606 6
7840 1
3799 7
7003 5
16376 2
11171 0
9731 2
22939 1
4510 2
9912 2
18957 4
9615 1
11172 0
27117 0
11173 0
4512 2
8824 1
7843 1
8098 1
11174 0
8223 1
11481 3
14445 3
14186 2
23407 3
4513 2
25979 0
7844 1
3521 3
7184 2
10209 3
13561 5
1183 3
12912 1
4514 2
865 6
43977 4
36853 0
7845 1
478 5
2466 7
11176 0
8348 1
1184 3
4515 2
19153 7
22220 1
11177 0
4733 2
19312 1
1185 3
12418 0
4516 2
6586 4
3736 3
8708 2
17005 1
11178 0
8383 7
7848 1
11179 0
699 5
37914 2
10480 5
10379 4
19097 2
12467 4
11180 0
1188 3
11896 0
37346 0
4519 2
2537 3
7850 1
7029 3
4949 5
1691 5
11181 0
2182 3
1189 3
12411 2
358 6
7851 1
1190 3
7852 1
11183 0
12940 0
1191 3
7327 2
4522 2
12797 2
22468 1
8598 1
7854 1
4524 2
11186 0
3824 4
1194 3
4525 2
56871 0
5682 2
20750 1
6773 2
23701 7
4980 4
4526 2
7857 1
17161 3
11188 0
23691 0
1787 3
15255 3
1196 3
9727 8
8791 6
17346 1
2804 3
12645 1
1197 3
4528 2
7859 1
2517 3
2247 6
11190 0
25957 3
9292 4
11191 0
1199 3
4530 2
20737 4
461 4
12863 0
7861 1
8485 1
11192 0
1200 3
11463 0
22507 2
15760 1
13708 3
7862 1
22742 7
11193 0
1201 3
4532 2
4954 2
5515 2
11194 0
18939 4
1202 3
37878 2
56817 0
13206 2
6777 3
11195 0
4858 3
524 8
4751 2
7865 1
1204 3
23842 1
7170 3
4535 2
7866 1
10718 2
11197 0
3725 6
1205 3
4536 2
2194 3
19482 0
7867 1
9971 2
1206 3
4537 2
10899 3
11199 0
15521 2
4538 2
9179 5
10180 1
7869 1
11107 1
11200 0
10382 3
1208 3
7870 1
8119 2
13635 3
11201 0
1209 3
7871 1
11202 0
1210 3
7872 1
2959 4
4542 2
19180 2
7205 6
19109 0
7873 1
7874 1
7571 5
1213 3
11386 0
26750 0
7875 1
24780 0
1214 3
39674 0
9083 2
21360 1
10516 2
2596 3
49468 1
1215 3
1503 6
1216 3
19383 1
5163 2
56068 1
4548 2
7879 1
14301 1
16465 2
1218 3
4549 2
14719 0
8259 1
22684 1
26062 0
1219 3
4550 2
10292 3
8009 1
11212 0
7100 3
13886 4
1220 3
26894 0
4551 2
14393 0
4313 4
5873 2
4843 5
11213 0
1221 3
11570 3
3729 6
2206 3
1222 3
7619 2
4553 2
7884 1
17405 1
707 6
30031 0
4554 2
11665 0
18618 2
1224 3
6675 4
7886 1
11217 0
13862 1
1225 3
4556 2
8183 4
5893 5
1226 3
20406 0
23533 4
4557 2
16017 0
7888 1
3085 3
1811 3
10430 4
5891 6
1227 3
4558 2
2865 5
7889 1
12199 0
11220 0
1780 5
1228 3
4559 2
20567 2
23052 1
22321 1
11221 0
14552 3
4560 2
8634 1
7891 1
11222 0
3759 5
1230 3
20933 0
4561 2
25560 0
8146 1
44409 4
11523 3
11223 0
15892 3
1231 3
54035 1
8872 1
4562 2
447 7
7612 4
7893 1
5063 4
10030 2
11224 0
1232 3
4563 2
5050 5
8396 1
4564 2
7895 1
13277 2
10486 4
7896 1
10311 1
5545 2
5718 2
11227 0
1149 4
25893 0
1235 3
17208 0
11588 0
16817 0
3930 7
1236 3
11499 0
4567 2
11944 0
19519 11
467 4
1237 3
19210 2
27248 0
4568 2
13830 0
11230 0
1238 3
9110 1
2218 3
7900 1
11231 0
26664 0
4570 2
6420 5
13581 0
11232 0
24839 0
3156 4
1240 3
9562 1
35047 0
4787 2
7902 1
43077 1
2655 3
18203 1
1241 3
13150 1
4572 2
7903 1
9550 3
1823 3
1242 3
8158 1
7904 1
9393 4
13919 0
4574 2
9229 1
12389 0
15604 2
7905 1
11236 0
10632 1
14826 0
4575 2
10611 5
2354 6
11237 0
3563 3
4576 2
15368 3
6523 2
11238 0
21543 0
4577 2
4793 2
2603 7
17869 8
11239 0
1247 3
4578 2
1248 3
13783 2
4579 2
17135 2
11241 0
17464 1
1249 3
11422 0
4580 2
1436 4
3514 4
8039 1
11242 0
1250 3
26344 0
7912 1
12604 4
7456 3
11243 0
3342 3
1251 3
4582 2
7913 1
11244 0
1252 3
4799 2
3341 4
17292 3
13736 3
7152 5
838 4
12129 1
11695 0
21449 1
11246 0
11526 4
1254 3
22605 1
11247 0
17646 1
5199 2
4586 2
26145 0
7917 1
16235 1
11248 0
10375 3
4325 5
1256 3
4587 2
9684 2
16554 2
4588 2
3987 3
14921 0
11250 0
10089 2
1258 3
7920 1
11251 0
7780 2
13178 0
4590 2
11612 0
11252 0
11879 0
6682 3
1260 3
655 8
4591 2
6684 2
11253 0
1261 3
11434 0
8545 1
4592 2
23973 1
7923 1
25631 0
11254 0
1262 3
4593 2
7684 5
7924 1
11255 0
58681 0
1263 3
6764 4
11256 0
1264 3
4595 2
7926 1
11257 0
1265 3
13348 2
7927 1
11258 0
24898 0
1266 3
12585 0
4597 2
7928 1
17706 0
8182 1
11259 0
2714 3
1869 5
1267 3
10023 2
808 6
12046 1
4598 2
20916 1
40454 2
5146 4
4599 2
17947 13
7930 1
17475 0
7336 6
11261 0
1269 3
4600 2
7718 3
7931 1
1270 3
23840 0
9316 5
10026 1
4190 3
7160 4
7932 1
5389 3
18725 2
11263 0
3842 6
1271 3
4817 2
15822 0
19339 4
7933 1
11264 0
1272 3
4603 2
10502 4
1847 3
7934 1
11265 0
37022 3
1273 3
22422 1
7935 1
2571 3
1274 3
13364 1
4605 2
19317 2
7936 1
13857 3
9705 1
17523 1
1275 3
4606 2
11268 0
1276 3
2561 5
4607 2
7938 1
5151 5
4608 2
11270 0
23165 1
7940 1
11271 0
1279 3
19525 1
3874 6
6088 2
7941 1
8069 1
13368 0
1280 3
15687 2
4611 2
7942 1
1038 6
11273 0
1281 3
10593 4
4612 2
16705 0
7943 1
11274 0
8444 1
43228 3
7944 1
7242 3
13554 1
11275 0
26765 0
2177 4
4614 2
11636 0
10148 2
11992 0
4616 2
7947 1
20698 2
1286 3
6527 5
4617 2
7948 1
19323 2
12170 0
11279 0
10775 1
1287 3
9494 4
5910 4
7542 2
11280 0
1288 3
7950 1
17184 1
4620 2
13546 0
26433 0
7951 1
11282 0
6410 2
6028 6
1290 3
4621 2
11553 0
1291 3
4622 2
2461 6
7953 1
8813 1
8331 1
11284 0
8081 1
6303 4
26228 0
1292 3
24957 0
4623 2
10458 3
7954 1
537 6
21538 1
11285 0
25702 0
2773 3
4061 7
4624 2
47402 0
5860 3
7955 1
11286 0
16029 3
4625 2
27379 0
7956 1
54365 1
11287 0
1295 3
7957 1
1296 3
16643 2
11488 1
54457 0
4627 2
20562 1
251 5
13419 2
4194 4
1297 3
7959 1
1167 4
11290 0
8087 1
26030 0
28363 3
4629 2
7960 1
9259 3
1299 3
2589 3
4630 2
11748 3
14554 0
1300 3
2876 3
4631 2
7962 1
32899 1
4632 2
16409 0
7963 1
10742 5
11294 0
1302 3
6575 3
7964 1
6853 4
1871 3
1303 3
33283 0
4634 2
16569 0
8706 1
11639 4
3378 3
8093 1
1304 3
11072 3
20999 1
4635 2
5229 4
11297 0
10894 1
1305 3
4636 2
596 7
24931 4
12988 2
1958 5
20413 10
11299 0
1670 6
26964 0
18180 2
7969 1
11838 0
1308 3
4639 2
1309 3
11482 0
4640 2
479 4
2740 7
12608 2
10207 5
17423 3
4641 2
1877 3
2810 4
19596 1
7972 1
47829 2
8328 2
1311 3
4642 2
50601 0
909 6
7973 1
11304 0
7797 5
1312 3
13060 0
5010 5
22898 1
11305 0
4644 2
7975 1
12741 4
11755 0
11306 0
7313 3
12372 0
1314 3
7976 1
12977 0
14213 1
31879 0
11307 0
5062 2
7977 1
1316 3
4647 2
15770 2
15163 3
1317 3
8350 4
22523 1
786 8
18832 2
11310 0
25016 0
11123 2
7980 1
24104 1
11311 0
43492 3
27120 0
2832 3
4650 2
5444 2
1320 3
19673 0
4651 2
3955 6
7982 1
15550 0
22261 6
4411 3
15957 1
1321 3
1135 5
5252 5
1322 3
14246 0
8111 1
6589 2
11690 3
4653 2
42316 2
7984 1
8605 1
17284 2
30967 2
14766 3
11315 0
1323 3
10603 1
7985 1
13748 0
11316 0
46505 2
1324 3
24883 6
25773 0
4655 2
7986 1
25807 6
11317 0
1325 3
4656 2
1889 3
7987 1
11318 0
1326 3
7467 6
4657 2
11589 0
4871 2
11319 0
1327 3
4596 3
7301 5
17641 1
15030 2
26866 0
21106 0
23278 1
11320 0
13490 2
10700 4
3832 3
8117 1
4942 3
8367 1
7990 1
7785 4
11321 0
113 7
10541 3
20585 0
6456 3
10291 2
11322 0
31309 3
1330 3
60455 0
7992 1
11323 0
32017 1
1331 3
4662 2
9595 4
7993 1
29299 1
21627 1
1332 3
19306 0
4663 2
18370 1
7994 1
32421 5
11325 0
4877 2
1333 3
3938 5
6634 5
9453 5
4664 2
7995 1
1334 3
8123 1
9979 1
7996 1
14148 4
14017 11
11327 0
16732 2
7997 1
9872 1
19436 2
10266 2
7998 1
11329 0
4041 3
21710 0
7999 1
11330 0
1338 3
4669 2
2568 6
11837 3
8000 1
1339 3
8254 1
8001 1
11332 0
1340 3
6182 3
5086 2
1901 3
21082 1
5312 4
4672 2
8003 1
13938 3
19667 1
6942 4
1342 3
3056 5
8004 1
932 5
7042 2
1343 3
20829 2
4674 2
32619 5
11336 0
11785 0
11874 0
1344 3
11963 0
4675 2
6756 2
23989 0
25075 0
15594 3
8006 1
2047 5
4889 2
7384 3
2891 3
717 5
47793 0
8007 1
5468 2
1346 3
8008 1
7185 2
11339 0
12230 0
14436 0
12752 0
11340 0
1907 3
1348 3
14006 3
4680 2
8011 1
1350 3
4681 2
12599 1
4192 7
26989 5
11343 0
5598 3
6309 2
1351 3
4682 2
13962 2
8013 1
862 4
27510 0
18281 2
8266 1
2302 3
30171 5
11344 0
1352 3
17819 1
4683 2
5098 2
11345 0
6165 6
11752 4
1353 3
4498 5
4684 2
17700 1
83 5
8015 1
4023 6
11346 0
30098 6
27071 0
4685 2
35066 2
11347 0
5826 2
1355 3
8516 1
1913 3
8017 1
25844 0
4063 4
1010 6
11708 0
3414 3
4687 2
9741 3
8018 1
11349 0
8019 1
22327 3
1358 3
19099 3
8147 1
6470 2
11351 0
1359 3
4690 2
23005 1
11352 0
46895 2
1360 3
10951 2
11353 0
4692 2
7910 5
47144 1
22624 1
11354 0
5999 2
4693 2
10325 2
1278 4
11355 0
1363 3
4694 2
11649 1
1735 4
8278 1
34239 5
1364 3
9523 8
9994 2
4695 2
11357 0
8403 1
26394 0
1365 3
9117 1
10538 1
10624 3
8027 1
12942 0
5353 5
11358 0
7409 3
34087 0
4697 2
8028 1
11359 0
4698 2
40002 2
17554 3
14528 1
8029 1
26611 0
21746 7
1368 3
4699 2
3647 3
8030 1
27233 0
11361 0
1369 3
4700 2
8031 1
32743 2
14873 3
11362 0
9795 1
4068 6
9554 2
4701 2
4540 4
16426 1
20711 1
11363 0
30067 2
21716 1
1371 3
34113 5
2950 3
8033 1
5492 2
1372 3
2877 7
8034 1
2637 4
19738 1
4704 2
7339 4
11366 0
27193 1
1374 3
8257 2
2643 3
16821 2
13181 1
8036 1
11367 0
917 8
1375 3
10728 4
4706 2
8037 1
11368 0
9696 4
4919 2
24235 1
1376 3
4707 2
7028 3
10755 2
12878 4
7455 3
14532 2
11369 0
1377 3
23391 1
33823 1
21165 1
11926 3
5395 4
11370 0
1931 3
16117 4
1211 6
1378 3
4709 2
226 7
8040 1
491 4
4710 2
8041 1
17759 1
745 7
18079 7
6741 5
1380 3
4711 2
8042 1
11643 0
11373 0
7031 4
1381 3
12088 0
4712 2
11374 0
1382 3
8171 1
8044 1
14223 0
11375 0
7598 6
8045 1
21614 7
13891 0
2326 3
11376 0
8665 1
2136 5
4715 2
11377 0
10134 1
15533 0
1385 3
2675 6
8047 1
11378 0
14039 3
1386 3
11379 0
25915 0
1387 3
4718 2
8049 1
6184 2
4719 2
8876 2
4931 2
8050 1
10384 2
1389 3
15936 2
21079 6
11382 0
31886 6
166 5
1390 3
13632 2
8052 1
11383 0
50197 1
4722 2
8053 1
2219 4
11384 0
17363 1
14279 4
1392 3
34977 5
10873 9
4723 2
8054 1
11385 0
45758 1
1393 3
11566 0
1349 4
15707 3
1394 3
4725 2
4937 2
8056 1
11281 1
5862 2
1395 3
4726 2
716 6
11388 0
18382 2
1396 3
9590 5
4727 2
8058 1
25193 0
11389 0
2758 5
17433 2
17447 0
1397 3
8059 1
3009 3
11390 0
10776 1
4729 2
1837 6
8060 1
1399 3
2661 3
27499 3
4730 2
29181 5
12926 1
3205 3
1111 6
1400 3
19591 2
1949 3
8314 1
20960 2
8062 1
4943 2
11393 0
27178 0
4732 2
11245 3
26477 0
7450 5
8063 1
11394 0
10707 3
3228 4
11865 4
8064 1
11395 0
40826 4
1403 3
13743 0
5177 5
11396 0
1404 3
11756 0
8564 1
19809 1
8066 1
19588 3
4736 2
8067 1
17818 1
11398 0
22725 1
1406 3
23112 1
4737 2
7689 3
8068 1
6494 4
26700 0
11399 0
28569 5
1407 3
4738 2
12290 0
4323 7
11400 0
7526 3
6107 4
1408 3
8517 4
11401 0
27641 0
6041 2
4740 2
17068 0
7376 2
8071 1
33734 4
11402 0
1410 3
5454 5
21805 1
8072 1
11403 0
4742 2
8073 1
11404 0
4743 2
8074 1
11405 0
1413 3
16910 2
8075 1
13334 5
21248 1
10740 3
5478 4
4745 2
8076 1
10443 2
11407 0
1415 3
6302 6
5158 2
11408 0
27068 0
11004 5
17933 0
8078 1
14980 3
12015 3
1417 3
11410 0
1418 3
27346 0
25986 0
11798 1
9019 2
24138 0
11411 0
15197 2
44073 1
14176 0
1419 3
9456 3
4750 2
7945 3
4181 6
1203 4
8043 2
14010 0
16303 3
8457 1
26329 4
7120 4
9797 4
13179 2
1421 3
9171 1
4752 2
8939 1
10914 4
13703 2
11414 0
1422 3
4753 2
8084 1
1423 3
3765 4
14155 3
4754 2
2225 5
8085 1
26304 0
3068 3
26522 6
18537 1
17708 0
17685 3
21279 0
1425 3
257 5
3419 4
4967 2
1420 4
4756 2
13512 0
9290 1
7958 4
1426 3
16019 2
13413 1
249 5
8088 1
23504 1
11419 0
6848 5
4758 2
6530 2
8089 1
6828 2
11420 0
339 7
4172 6
1428 3
5361 2
4759 2
12047 0
11421 0
1429 3
4760 2
11602 0
9376 2
13837 11
8091 1
16298 0
1973 3
1430 3
14140 3
4761 2
12805 2
8092 1
8219 1
11423 0
1431 3
30326 1
4973 2
2362 3
11424 0
31683 2
1048 8
2782 6
3598 4
28137 5
20764 0
4763 2
7531 2
11425 0
24366 1
13180 0
4764 2
4668 3
60965 0
10807 9
8096 1
5898 2
19864 0
19662 2
1435 3
4766 2
3014 7
33667 2
19880 1
11428 0
2972 3
4117 5
16766 6
11429 0
36273 5
1979 3
11430 0
26560 0
10790 3
8100 1
4770 2
13015 4
6939 3
8101 1
11432 0
1440 3
18483 2
4771 2
33043 1
8102 1
11433 0
5182 2
7126 2
11614 0
16154 1
8103 1
60342 0
1442 3
4773 2
10081 1
8231 1
3235 3
11435 0
1443 3
4774 2
23016 1
25813 2
15820 3
8105 1
1444 3
1212 6
8106 1
11437 0
20860 1
1445 3
4776 2
8107 1
11228 1
11438 0
26789 0
1446 3
503 4
886 4
10280 2
11439 0
1447 3
47672 1
4778 2
4310 3
12937 0
2374 3
8109 1
9953 2
1765 4
11440 0
27285 0
1448 3
8110 1
8237 1
11441 0
25311 0
1449 3
14410 4
21894 1
17992 1
10877 4
26057 0
47615 2
21877 9
3127 3
1450 3
9427 1
8112 1
4671 5
5561 4
11443 0
8113 1
11978 4
1452 3
5026 3
4783 2
11982 0
4427 4
8114 1
19503 0
11445 0
1453 3
23219 1
13774 2
4784 2
8612 1
11626 0
8115 1
13621 1
1454 3
894 7
4785 2
5555 5
14141 2
12249 0
8116 1
11447 0
8243 1
1455 3
15481 12
11448 0
12104 3
1456 3
13805 1
8118 1
1491 4
3247 5
1457 3
4788 2
21091 2
11450 0
17936 1
1458 3
4789 2
8120 1
9659 1
23941 3
36579 5
1459 3
7209 4
1997 3
27903 5
8121 1
11452 0
1460 3
4791 2
8136 5
16962 0
40179 0
1461 3
38383 0
1462 3
5003 2
2314 5
16102 2
30962 8
33674 6
11455 0
10420 1
19728 2
332 5
1463 3
2386 3
4794 2
15087 3
8125 1
1464 3
11905 0
9898 4
9885 1
11457 0
4454 7
8981 1
4796 2
5755 2
8127 1
11458 0
1466 3
27772 0
59096 0
4797 2
8128 1
2003 3
1467 3
8129 1
27459 0
1468 3
3928 3
5009 2
11350 2
8130 1
11021 4
11461 0
4294 6
15943 10
4800 2
46443 4
502 5
1470 3
4801 2
14446 1
7668 3
11733 0
10741 1
1471 3
9932 3
1362 5
4802 2
5205 3
1472 3
11465 0
4804 2
11135 5
8135 1
11466 0
6955 5
1474 3
14705 2
4805 2
14241 3
8511 1
11467 0
25370 0
1384 6
8137 1
7599 5
11468 0
9564 1
23617 1
1476 3
3186 3
13861 7
4807 2
11828 0
8138 1
7518 4
11469 0
61924 0
1477 3
452 7
4808 2
8139 1
12184 0
11470 0
1478 3
4809 2
8140 1
5218 2
6439 6
509 4
11471 0
2889 6
1479 3
12623 0
4810 2
53286 1
1480 3
4811 2
5021 2
26128 0
11474 0
17816 3
1482 3
4813 2
12567 3
16440 3
11475 0
1483 3
8472 2
8145 1
11476 0
1484 3
17995 1
12193 10
13845 2
19775 2
18584 2
11477 0
8273 1
26878 0
1485 3
16617 1
3265 3
4816 2
12440 1
16115 0
8148 1
26441 0
11479 0
21414 1
5644 4
4818 2
6838 3
24721 1
11480 0
1562 4
1488 3
4819 2
21983 1
12018 0
8150 1
8886 1
1313 6
16832 0
11751 0
49265 0
1489 3
4820 2
1179 8
8151 1
2004 6
24497 1
11483 0
17088 2
11484 0
898 4
1492 3
4823 2
8154 1
16678 0
24287 0
8529 1
15933 3
10620 2
4824 2
11486 0
19706 4
4825 2
27392 0
11487 0
17542 1
1495 3
5344 5
4826 2
4149 3
8157 1
35209 1
1496 3
2027 3
6590 2
4827 2
11489 0
1497 3
14304 3
8159 1
2733 3
7860 6
29606 8
3151 7
7298 4
4829 2
20022 1
1165 5
8160 1
5656 5
11418 3
15078 0
11491 0
895 6
5039 2
16185 2
4830 2
10242 1
415 5
8161 1
11492 0
13501 0
23326 1
1500 3
8684 4
4831 2
11852 0
17582 5
8162 1
1501 3
4832 2
26563 3
22879 8
8163 1
2403 5
7739 3
1502 3
4321 6
3245 3
13152 4
8164 1
11495 0
10542 2
8291 1
10563 1
21271 4
5242 2
33938 1
1504 3
19897 6
4835 2
9379 8
27270 0
11497 0
43166 1
5433 2
1505 3
19260 2
12024 3
4836 2
9814 1
8167 1
11498 0
12363 1
35653 0
23153 1
4837 2
14541 4
8168 1
26967 5
11769 0
956 5
17877 4
16867 8
11500 0
1508 3
9023 1
6153 3
8170 1
9999 4
11501 0
12303 0
8297 1
4840 2
8422 1
5706 3
8249 5
1510 3
18054 1
4841 2
15364 2
2039 3
29318 8
11503 0
26726 0
3522 3
5051 2
10956 3
11490 1
1512 3
26199 0
8174 1
12131 0
3091 4
11686 0
8175 1
11506 0
1514 3
22538 3
4845 2
8176 1
21222 2
18704 1
11128 4
8177 1
13916 2
1516 3
2488 4
27122 3
11184 2
8178 1
27572 0
1517 3
10919 3
4302 4
14755 1
2955 5
8179 1
1518 3
4849 2
4407 6
15179 0
8180 1
11511 0
1519 3
21009 1
9493 1
1633 4
4850 2
10679 2
1520 3
15397 7
4767 4
4851 2
22044 0
6725 3
7062 5
11513 0
1521 3
4852 2
6685 4
8434 1
9864 5
21452 0
7472 2
4585 7
4853 2
8184 1
11515 0
8131 4
21497 1
11026 4
5727 4
12754 0
35894 8
1524 3
11965 0
26671 5
11876 0
8186 1
11517 0
16999 6
11787 0
1525 3
4856 2
23730 1
8922 1
11698 0
19549 8
19865 2
2996 6
1526 3
2434 3
15268 0
565 7
11519 0
25488 0
5636 2
22072 1
3295 3
7648 3
11520 0
41474 0
3304 3
1043 7
8190 1
6304 4
18685 2
5266 2
1529 3
4860 2
8191 1
20093 1
11522 0
1795 4
1530 3
4861 2
14782 0
8192 1
11266 5
17177 2
13987 5
1531 3
5815 2
4862 2
8193 1
12588 0
11524 0
4863 2
8194 1
1414 6
1533 3
7810 3
9279 1
4864 2
29737 4
19888 2
12282 3
4865 2
11527 0
1535 3
6471 2
4866 2
20943 0
26643 5
13370 2
8197 1
16268 2
498 5
1536 3
3044 3
4867 2
18113 1
8198 1
11529 0
33277 1
1537 3
11530 0
10994 2
1538 3
4869 2
12855 0
8200 1
23028 1
1539 3
1532 4
4296 5
4870 2
9653 3
11532 0
2063 3
1540 3
30739 0
2492 5
11533 0
1541 3
12944 0
4872 2
6576 6
8203 1
45484 3
2446 3
11534 0
521 4
5081 2
11535 0
5757 5
1543 3
7758 2
6463 3
4874 2
5469 2
8205 1
26270 0
12091 10
11536 0
1544 3
4875 2
8020 2
8206 1
15517 3
1545 3
4876 2
17731 2
10738 2
16577 3
8207 1
8458 1
8208 1
1310 8
18165 1
23433 1
1547 3
2069 3
4878 2
26809 0
8209 1
8583 1
24628 1
11540 0
4844 5
11039 3
1548 3
4879 2
5087 2
14340 1
263 5
11541 0
27371 0
1549 3
4880 2
26578 0
8211 1
11722 0
10257 2
20055 0
11542 0
7279 3
6787 2
6167 2
7748 5
1550 3
24734 6
4881 2
45652 3
10183 1
8212 1
1704 4
9410 1
11543 0
12204 4
13002 2
1551 3
24139 4
11544 0
19367 2
1552 3
8214 1
7633 2
10100 4
4884 2
25547 0
15861 0
8215 1
1554 3
3363 3
8216 1
11995 0
7991 6
4886 2
17679 4
11548 0
4887 2
11549 0
15301 3
2458 3
7365 2
4888 2
14320 2
11550 0
12701 0
1558 3
17686 0
11551 0
4890 2
8362 5
8221 1
11552 0
21580 1
1560 3
5810 4
4891 2
29797 1
8222 1
5099 2
20164 1
1561 3
3288 7
11734 0
2081 3
11554 0
7922 3
11235 4
3558 3
18172 1
8958 1
11555 0
14443 3
27056 0
12357 0
8225 1
14672 4
1564 3
7881 3
8226 1
38198 0
11557 0
1565 3
13289 4
4896 2
12892 1
8227 1
11558 0
13450 1
8083 7
19837 4
40828 1
1566 3
18160 0
27685 0
8228 1
11559 0
1567 3
24436 0
4898 2
8229 1
7169 5
4520 6
11560 0
1568 3
8230 1
11561 0
2087 3
1569 3
23290 1
8169 2
8172 3
4900 2
11562 0
17266 2
8482 1
1570 3
4901 2
8232 1
2787 3
11563 0
13656 0
4902 2
14878 2
8233 1
10797 2
14453 3
3438 5
21353 2
27619 1
4903 2
1557 6
581 5
3103 6
42158 1
1573 3
18786 2
9835 2
12371 3
19700 0
4904 2
4203 3
8235 1
1574 3
4905 2
52924 2
26341 0
23843 1
1575 3
4906 2
8363 1
11568 0
678 7
4470 6
31099 3
7476 4
11847 1
28034 8
1515 6
4908 2
4909 2
14058 2
8240 1
11571 0
5314 2
11841 0
1579 3
8675 2
9208 1
4716 7
36158 3
8241 1
25606 0
53934 1
7697 4
2581 5
1580 3
17941 0
3422 3
1581 3
922 4
4912 2
8369 1
2171 6
11574 0
1775 4
4913 2
49132 0
8244 1
11575 0
17319 0
23129 1
4914 2
2099 3
8245 1
5909 3
11576 0
1584 3
26892 0
36849 2
11122 3
8246 1
10001 5
39098 3
8247 1
11758 0
10123 3
28718 4
1586 3
24566 4
5511 5
11579 0
1587 3
5858 5
2930 4
11580 0
11397 5
1588 3
12283 6
27606 0
8250 1
18231 1
20002 2
11581 0
4920 2
8251 1
11582 0
1590 3
4921 2
11583 0
1591 3
5326 2
8851 4
11584 0
16159 3
1592 3
4923 2
20235 1
11585 0
1257 4
27472 0
4924 2
8255 1
23540 1
3497 4
8506 1
8256 1
11587 0
9301 8
9107 1
1595 3
7952 3
11591 3
1596 3
4927 2
21663 1
18078 3
8258 1
4016 4
12191 3
6209 2
1597 3
10201 4
4928 2
10856 2
11590 0
2111 3
11175 4
17721 1
1598 3
4929 2
19474 2
1599 3
4930 2
8994 1
8261 1
8387 1
11592 0
16808 1
1600 3
12317 4
35263 0
8262 1
11593 0
34621 0
8263 1
15531 2
11594 0
1074 6
3092 3
27145 0
4933 2
48635 2
8637 1
8264 1
1192 7
5295 3
13207 1
1603 3
27674 8
4934 2
8265 1
11596 0
1441 8
15408 3
14937 0
4935 2
6713 6
6376 2
514 5
11597 0
24759 1
5708 2
22250 1
25665 0
11598 0
1606 3
26412 0
8518 1
4024 3
8268 1
3481 3
11599 0
45076 0
51709 1
4938 2
14544 3
8269 1
11075 1
11600 0
1556 4
1608 3
4660 4
16714 3
16434 2
8475 5
17355 2
664 5
1609 3
11342 4
4940 2
8271 1
14129 2
5147 2
1610 3
4941 2
4609 3
8272 1
3682 4
11603 0
3855 4
11604 0
13676 1
22211 0
1612 3
8023 7
12460 3
8122 6
26715 0
30883 1
11605 0
9470 1
14368 0
1846 4
29593 2
3594 3
4944 2
8275 1
11606 0
28459 4
4945 2
7276 5
12055 0
11607 0
18290 1
1615 3
4946 2
7565 4
5153 2
27798 0
35738 4
4947 2
11609 0
1617 3
4633 6
4948 2
18887 2
8279 1
11610 0
11577 2
8280 1
7196 3
2823 3
2670 5
4950 2
14291 0
21625 0
2129 3
8281 1
3210 6
57761 0
17880 2
5541 2
1620 3
11098 3
4951 2
8304 4
26975 0
11613 0
11205 3
1621 3
1589 5
4952 2
4430 3
1616 6
11794 0
191 6
1622 3
4953 2
8284 1
1623 3
8285 1
20306 1
15850 0
11616 0
10915 2
3425 7
1624 3
43026 2
7897 5
4955 2
23956 1
8286 1
934 4
11617 0
1625 3
8287 1
791 7
11618 0
10537 2
1626 3
14679 1
4957 2
8288 1
9708 1
11619 0
9193 2
1627 3
4958 2
23230 1
8289 1
7961 2
13426 4
1628 3
29041 3
4959 2
8290 1
11621 0
1629 3
12945 0
4960 2
21484 2
5905 2
14056 1
1630 3
4961 2
2536 4
8292 1
8542 1
5732 2
13461 0
4979 3
8293 1
11624 0
25724 0
23427 1
1632 3
2082 4
4963 2
8294 1
11625 0
3540 3
13878 1
12162 0
5976 4
4964 2
8295 1
11806 0
6078 2
2141 3
1634 3
4965 2
5171 2
8296 1
2518 3
11627 0
38582 2
1635 3
27713 0
8423 1
11628 0
1636 3
6876 4
12779 0
7294 2
4847 7
10689 1
4968 2
27573 0
26483 0
8299 1
28165 0
12002 1
3152 5
1638 3
9149 1
4969 2
39693 5
11631 0
11206 1
10222 2
13639 0
8301 1
11632 0
1640 3
17219 0
4971 2
23647 1
11633 0
41890 1
14200 2
1641 3
24585 0
16272 3
27234 0
10302 4
8303 1
5374 2
11634 0
8429 1
25573 4
4475 5
2841 3
4812 3
1643 3
4974 2
753 5
8305 1
137 8
18338 1
4975 2
9669 2
1917 4
8306 1
11313 1
11996 0
12085 0
1645 3
5017 5
16517 2
11528 5
747 5
19581 2
11638 0
14602 3
1646 3
4977 2
10802 1
8308 1
1647 3
10138 5
11640 0
17444 2
1648 3
2153 3
8310 1
11641 0
1649 3
6501 4
8311 1
12430 4
11642 0
10974 2
1650 3
4619 6
8312 1
15515 3
1651 3
9330 2
4982 2
12549 3
8313 1
14645 3
20139 2
4983 2
5189 2
1653 3
3385 3
13141 0
8315 1
18209 3
5386 2
1398 5
4985 2
8316 1
8616 2
7654 4
11647 0
8566 1
20377 1
1655 3
4986 2
8317 1
11648 0
1656 3
11449 4
4987 2
8318 1
5756 2
1657 3
27058 0
4988 2
8691 1
11288 3
23449 8
2759 5
25783 0
1658 3
8588 5
4989 2
8094 3
8320 1
3599 3
1659 3
13574 0
4990 2
8321 1
13319 0
8447 1
4991 2
9850 3
16543 4
8322 1
8935 1
14499 2
11653 0
1572 8
1661 3
4992 2
7383 5
8323 1
18988 2
11654 0
1662 3
5935 2
14665 0
24890 1
4993 2
11655 0
1663 3
14084 0
8325 1
11656 0
58636 1
1664 3
4995 2
20246 0
8326 1
11657 0
1665 3
4996 2
27911 0
8327 1
1717 6
11658 0
1666 3
3317 6
4746 6
269 5
5398 2
2859 3
8578 1
18408 1
6850 6
4998 2
14982 1
8329 1
21307 1
11660 0
1668 3
4999 2
8330 1
15051 2
1195 5
11661 0
26554 0
1669 3
14837 0
5000 2
8253 6
1730 6
6059 4
11662 0
4994 4
8332 1
16851 3
46636 3
5002 2
13199 2
23331 1
11664 0
1672 3
11417 2
11324 4
14271 2
8334 1
7101 3
2338 6
5004 2
6114 2
9066 1
8828 1
11666 0
17095 0
1674 3
5005 2
4072 3
11667 0
12115 0
1675 3
904 7
26852 0
5006 2
9530 1
8337 1
8709 1
6060 5
11668 0
1988 4
11033 2
5007 2
10793 2
8338 1
12732 0
7044 2
1341 7
1677 3
5008 2
5678 5
14934 4
9304 1
8340 1
1679 3
4541 4
8341 1
11672 0
1680 3
5011 2
27323 0
8342 1
2554 3
11673 0
1681 3
8343 1
16600 2
11854 0
830 5
1682 3
27820 0
16548 1
7876 4
1683 3
9018 4
5014 2
8345 1
22428 1
11676 0
16947 0
1684 3
25842 0
11677 0
1685 3
3658 3
26311 2
5016 2
11678 0
10403 4
20448 1
25149 5
3629 5
21615 2
11679 0
3562 7
12145 1
1687 3
5018 2
23754 1
8349 1
11680 0
1688 3
12358 3
30794 4
11681 0
7887 3
8165 3
1690 3
8352 1
16385 3
11683 0
46898 1
13563 4
5022 2
58930 0
8353 1
11684 0
5422 2
1692 3
5023 2
8354 1
19688 2
11685 0
12661 0
12044 0
1693 3
11764 3
18467 1
15698 2
32731 0
5024 2
27141 0
31737 4
7743 4
8727 1
18029 2
4978 7
1694 3
5025 2
8356 1
3415 3
5965 2
11687 0
23564 1
28296 0
11688 0
5231 2
14746 3
1696 3
2566 3
5027 2
5613 2
8358 1
11689 0
2848 5
8359 1
15622 3
8852 1
1698 3
19038 1
8046 5
8360 1
11691 0
1699 3
12543 4
11233 2
11692 0
1700 3
26625 0
5031 2
10561 5
10314 3
11693 0
6770 2
1701 3
17900 1
16408 0
5032 2
9441 1
5237 2
1702 3
11092 2
8364 1
26462 8
11556 4
22378 0
16166 6
1293 4
11696 0
9893 1
5035 2
1253 6
11670 1
1705 3
11967 0
11064 1
12234 0
11878 0
21912 1
19089 2
1706 3
6142 4
5037 2
274 8
8368 1
11699 0
2059 4
4490 3
5038 2
8701 5
11700 0
1708 3
7490 5
29893 3
24523 7
5804 2
8370 1
11701 0
958 4
5040 2
12590 0
11702 0
1818 6
14579 1
1710 3
25901 0
10275 5
8372 1
18340 3
3717 3
5042 2
2578 3
8373 1
11704 0
6994 3
56855 1
6472 2
5043 2
8374 1
2207 3
11705 0
1713 3
5044 2
3424 6
8375 1
11706 0
8501 1
5045 2
20276 2
8376 1
28024 0
28141 3
1715 3
5046 2
5631 2
8377 1
23432 1
1716 3
4859 6
20114 7
5047 2
18387 0
3372 4
21798 0
5048 2
8379 1
20519 1
8477 4
11710 0
1718 3
8155 3
16683 2
1703 8
5049 2
913 5
12751 1
557 4
12424 0
8399 3
18526 1
27412 0
8381 1
2213 3
11712 0
6161 5
1720 3
14751 3
17925 0
8382 1
11713 0
8236 3
5052 2
31753 2
11714 0
1722 3
2118 4
5053 2
22517 1
1723 3
11277 3
5054 2
7530 3
6446 3
8385 1
8426 2
5055 2
1017 7
4768 6
9233 1
11717 0
1725 3
5056 2
9691 1
11718 0
27775 0
17622 2
8513 1
16046 6
5261 2
8384 6
11719 0
1727 3
8389 1
4311 3
1728 3
5059 2
11151 2
3899 3
11721 0
1729 3
27927 0
5060 2
5458 2
12727 3
8391 1
27224 0
6987 6
10504 4
5061 2
18511 8
11454 3
14067 0
1731 3
26696 0
8393 1
20340 2
1732 3
5385 3
8394 1
11725 0
7832 4
3188 3
5064 2
8395 1
526 5
11726 0
1734 3
16988 3
23861 1
14654 0
11727 0
13136 0
10520 2
14413 2
15065 4
14239 0
11728 0
18174 0
1736 3
13261 9
2937 5
25960 0
8398 1
57065 1
382 6
1737 3
5068 2
3776 3
11730 0
1738 3
7241 2
2913 3
2130 4
8400 1
5273 2
11731 0
1739 3
5070 2
19795 2
8401 1
5552 3
1740 3
14847 3
16498 3
8402 1
1741 3
10256 1
12092 0
12003 0
21301 0
1604 4
2602 3
21456 1
1742 3
21995 1
5190 5
6225 4
11735 0
8405 1
5057 3
11736 0
1744 3
5075 2
15729 3
12680 1
11737 0
5279 2
1745 3
5076 2
4654 5
18585 1
8407 1
11738 0
1746 3
5077 2
7664 2
6744 3
11473 4
8408 1
563 4
11739 0
1747 3
5078 2
9138 1
8409 1
10583 1
1748 3
2237 3
6023 3
44322 2
5079 2
8410 1
8781 1
12656 4
10155 1
20590 1
27679 2
2799 4
1749 3
5080 2
3699 7
11742 0
11663 4
1750 3
19190 2
8537 1
11743 0
7067 4
1490 7
1751 3
5109 7
5082 2
11744 0
58557 0
1752 3
5083 2
28427 0
8307 3
8414 1
6186 2
11745 0
1753 3
5084 2
8415 1
5667 2
13700 4
25021 7
1754 3
1919 6
5482 2
11210 2
11747 0
996 5
1755 3
2243 3
1756 3
17570 0
8543 1
8418 1
11749 0
2614 3
13719 1
8814 5
5088 2
13925 0
8825 2
8419 1
11750 0
13587 0
5089 2
3349 5
8420 1
27501 0
1759 3
7116 2
12021 0
11790 5
1760 3
3531 6
11753 0
5092 2
2931 3
22606 1
50511 2
5093 2
8424 1
26019 0
26767 0
59212 1
1763 3
5094 2
5297 2
3835 3
8425 1
14678 2
8674 1
3702 3
1764 3
4893 4
6262 5
2505 6
11757 0
11017 1
13752 2
14803 12
17711 2
5096 2
12205 0
8427 1
4972 6
15224 2
1766 3
14484 2
5097 2
13231 11
27307 0
8428 1
7545 2
11759 0
11537 3
1903 6
1767 3
12472 0
11760 0
11225 1
11629 1
1768 3
18178 2
27007 4
18471 3
11804 2
12816 3
11761 0
6830 2
1769 3
411 8
5100 2
5303 2
5845 5
15871 3
8431 1
6698 4
2201 4
11762 0
31034 1
10066 1
4267 4
27876 0
5101 2
8432 1
1816 5
1771 3
5102 2
8433 1
18644 1
36259 0
7921 4
5103 2
8195 5
24295 1
11765 0
5104 2
10412 5
8435 1
11766 0
569 4
1130 7
5105 2
10605 4
8436 1
9185 4
11767 0
3026 5
5106 2
1834 8
5309 2
11768 0
1776 3
10116 2
5107 2
8438 1
25152 1
41511 5
9852 1
1777 3
12039 0
8439 1
13006 0
1778 3
8440 1
13777 0
22078 1
6687 2
15437 0
53841 3
6308 4
5110 2
5506 2
8441 1
12525 3
11772 0
20661 1
13185 1
8442 1
11773 0
10047 3
23968 1
20453 2
8443 1
11774 0
14912 1
1782 3
5113 2
60776 0
60003 0
11775 0
14619 0
1783 3
5114 2
9055 1
6377 2
2267 3
14370 0
11776 0
771 5
8515 6
1784 3
5115 2
14948 3
8446 1
15865 2
11777 0
3766 4
1785 3
8817 1
5116 2
2949 3
11778 0
8055 4
1786 3
5117 2
16172 0
19902 2
8448 1
8573 1
11779 0
2638 3
3941 3
5118 2
11780 0
8698 1
5119 2
8450 1
26078 0
11781 0
1789 3
5120 2
8451 1
3894 3
16611 3
19205 1
11962 0
11937 3
2273 3
8452 1
11783 0
982 4
4112 4
1791 3
16849 2
7837 2
15836 3
1079 5
5703 2
13396 2
1792 3
5123 2
15196 4
15532 0
7124 6
1793 3
5124 2
1794 3
26838 0
5125 2
14900 3
9757 1
8456 1
15615 0
22545 0
34453 2
12235 0
12057 0
11788 0
8948 1
3945 4
7974 2
13540 0
11770 4
11789 0
17125 3
13939 1
47259 1
3236 3
8459 1
14555 2
27590 0
1798 3
12769 4
7453 3
5129 2
2020 6
8460 1
11791 0
4917 6
4741 3
5130 2
8461 1
11792 0
1800 3
5333 2
5131 2
8462 1
11793 0
27126 0
22695 1
1801 3
2272 4
3820 5
8463 1
13374 0
7704 5
11974 0
1802 3
3223 4
8464 1
27169 3
11795 0
27390 0
1803 3
14307 1
26167 6
16745 1
5134 2
11620 3
8465 1
1804 3
45147 3
5135 2
17800 2
26373 4
23634 1
1805 3
10794 2
8467 1
13488 1
50285 2
1806 3
8468 1
8927 5
11328 2
11799 0
1807 3
3638 6
5138 2
14477 0
12905 3
1432 6
5139 2
5240 7
8470 1
6363 5
11801 0
1809 3
28558 0
12638 5
4168 3
1810 3
1631 5
1329 4
5141 2
2154 4
8597 1
5721 2
11803 0
8010 4
20732 1
8473 1
1812 3
5143 2
14135 1
3836 7
8474 1
11805 0
1813 3
9549 1
5144 2
12164 0
28250 0
21971 0
1814 3
5145 2
3115 5
20094 0
27977 0
8476 1
11807 0
45326 2
8449 3
8650 4
1815 3
5085 6
10505 3
6391 4
3953 3
11808 0
21605 1
11873 1
6220 3
8478 1
11809 0
11921 5
1004 5
1817 3
31595 3
15209 1
5148 2
8479 1
3505 3
41583 2
5149 2
8480 1
5351 2
10706 4
2297 3
11811 0
6568 2
42051 5
5150 2
17476 0
11812 0
5221 4
1820 3
8972 1
23838 1
11622 4
11813 0
1821 3
5152 2
8483 1
24408 1
8609 1
11815 0
25429 1
5154 2
1243 7
11816 0
18762 1
1824 3
8486 1
50552 1
36811 1
1825 3
6085 2
1639 7
26909 0
8487 1
33919 1
12793 0
11456 3
59590 0
11819 0
1827 3
9448 1
16932 2
7319 2
11650 2
24075 1
1162 5
1828 3
5159 2
8490 1
11821 0
33335 3
14626 2
5160 2
17190 1
5554 2
8491 1
5739 2
1830 3
10491 2
31897 2
5161 2
1434 5
8492 1
20566 2
34717 1
1831 3
13232 0
11824 0
1832 3
548 8
2343 4
1965 8
2309 3
11825 0
11387 2
1833 3
14252 0
20009 2
5164 2
8495 1
11826 0
25283 1
5165 2
11827 0
15049 10
1835 3
5166 2
16860 0
12626 5
1836 3
31565 3
10549 5
5167 2
50504 1
8498 1
8746 1
11829 0
53179 1
5924 2
5168 2
19951 3
8499 1
14659 12
11830 0
1838 3
5169 2
18684 1
8500 1
19392 2
11831 0
1839 3
16724 3
5170 2
27473 0
5363 5
11832 0
11703 3
8871 1
1840 3
22784 1
20550 2
8502 1
24069 5
15171 0
4780 4
11833 0
8627 1
26196 0
24249 5
8646 6
7188 2
11834 0
4012 3
10566 1
1842 3
10352 1
5173 2
18327 2
8504 1
15853 6
2121 6
1843 3
5174 2
1915 4
10245 1
17889 2
8505 1
11877 4
5175 2
21480 0
9115 1
1845 3
8507 1
3983 3
8520 3
8508 1
12994 3
11839 0
8344 5
8509 1
12882 4
9022 2
11840 0
1848 3
5179 2
4833 5
8510 1
7811 5
23735 1
1849 3
5381 2
40683 1
5180 2
15327 4
11044 2
18821 1
12378 0
12022 0
1850 3
8099 4
5181 2
8512 1
37742 4
8126 3
7051 2
573 6
39038 6
11844 0
22244 1
1852 3
9924 1
6474 4
11659 10
8514 1
11845 0
6464 5
1853 3
5184 2
3204 5
587 4
11846 0
3745 6
1854 3
5185 2
5578 2
1855 3
5186 2
5387 2
12295 0
7261 6
2672 6
9040 5
1856 3
31417 1
5187 2
46191 1
26980 0
11849 0
12206 1
1857 3
35855 3
5188 2
53044 1
6115 2
11850 0
37682 1
538 5
7364 3
8889 1
22008 2
11208 1
28078 0
11851 0
11446 2
1859 3
17358 0
9962 2
8521 1
17262 3
1860 3
14697 2
8522 1
2333 3
11853 0
6012 5
1861 3
11472 2
3284 3
5393 2
1347 4
1862 3
5193 2
16167 0
9710 1
8524 1
11855 0
5948 2
1863 3
5194 2
8525 1
12568 0
2414 4
27263 0
11856 0
25032 0
31706 3
17015 2
2076 6
5195 2
5198 6
1245 5
8526 1
1865 3
5196 2
7258 4
8527 1
5371 7
9510 2
11858 0
9352 4
18614 0
5197 2
8421 2
8528 1
26786 2
28689 0
1867 3
10049 1
5399 2
2339 3
197 6
4071 3
10697 1
8530 1
11861 0
8626 3
2853 4
5200 2
28248 0
1006 4
1870 3
8532 1
7635 2
11863 0
6294 2
12692 3
5202 2
8533 1
24521 1
14818 1
11864 0
1872 3
5203 2
6616 2
15150 3
1356 7
8782 1
1873 3
5066 6
10489 1
11866 0
8388 3
1874 3
12052 5
20874 1
48364 3
8536 1
11867 0
6667 6
1875 3
17216 0
3973 7
11868 0
27768 0
27556 0
1876 3
18880 1
16032 2
5207 2
8907 1
8538 1
9496 1
8663 1
5648 3
4610 3
5208 2
8539 1
8591 3
1878 3
5209 2
8540 1
1879 3
3546 5
593 4
8558 2
13974 4
5602 2
8541 1
13943 2
11872 0
36031 1
4419 3
20116 2
1880 3
20679 2
5211 2
1881 3
19372 1
5212 2
23323 3
2351 3
18164 0
33157 0
18733 3
11875 0
19493 2
8669 1
5214 2
23975 1
9641 2
1884 3
8546 1
1885 3
8794 1
11505 2
16050 3
5216 2
29465 3
13713 0
47559 0
8547 1
12147 0
13083 3
5417 2
1886 3
12058 0
12414 0
22712 0
5217 2
29795 3
8548 1
5793 2
2222 6
1887 3
12110 3
11880 0
27051 0
5219 2
8550 1
6557 4
5972 2
2357 3
11881 0
8234 4
12681 0
36935 3
8188 4
5220 2
11882 0
281 5
2096 8
1890 3
6895 4
6145 2
21754 1
11984 4
12770 0
8552 1
1891 3
25414 1
9794 4
45582 2
5222 2
14768 2
8553 1
37129 0
18407 0
11884 0
1892 3
5223 2
2722 3
3293 5
8554 1
11885 0
12509 0
1893 3
26314 0
3308 3
38306 3
20628 0
11886 0
4130 3
5225 2
8556 1
11887 0
11771 4
685 8
2485 4
8189 2
1895 3
8681 1
5226 2
8557 1
7918 5
1896 3
5227 2
7781 3
11889 0
12995 4
1897 3
6565 5
55806 1
43754 3
11890 0
1898 3
8777 6
11891 0
10686 5
1899 3
5230 2
1788 7
8989 8
11892 0
1900 3
17098 2
2429 4
3852 6
11893 0
1328 5
5232 2
13215 0
10244 3
25777 6
8563 1
11894 0
5233 2
3039 3
11895 0
20687 2
28179 0
7263 3
5234 2
8565 1
1904 3
5235 2
599 4
10941 1
11897 0
1905 3
5236 2
9153 5
34279 2
11898 0
8568 1
11899 0
10908 4
18258 1
8693 1
2734 3
5238 2
17533 6
8569 1
11900 0
62167 0
1908 3
1018 4
5239 2
15320 0
11901 0
8662 3
14075 0
8818 1
8571 1
11902 0
7939 2
5241 2
19454 7
8572 1
5441 2
11903 0
1611 6
1911 3
22144 0
11564 2
11904 0
8823 4
12355 1
27639 0
8574 1
13593 2
28476 0
11869 3
8699 1
5244 2
8575 1
11906 0
5311 6
1914 3
44571 1
5996 2
8576 1
11907 0
27857 0
5246 2
22139 2
11908 0
4011 5
16701 0
5247 2
18476 2
28355 0
2381 3
11909 0
5638 2
15251 3
7397 2
5248 2
21583 7
8579 1
13660 0
11910 0
9068 1
12031 2
1945 4
22962 1
5249 2
8580 1
7398 6
11911 0
789 5
5250 2
8581 1
3653 4
11912 0
5126 4
58764 0
1920 3
10783 2
8582 1
11913 0
2043 5
24634 1
8493 5
30523 4
18067 2
11914 0
1922 3
2746 3
12094 0
5253 2
1469 7
8082 2
8584 1
17399 3
6503 2
11915 0
5502 7
14839 2
16942 1
11916 0
28820 0
1924 3
5255 2
8586 1
22410 1
9770 1
13172 3
1925 3
6640 4
5256 2
8587 1
3057 3
17947 14
7117 2
9544 1
5257 2
2556 4
27400 0
11066 1
20223 2
1927 3
19594 2
8589 1
1928 3
8277 4
5259 2
18998 1
8590 1
1929 3
11635 3
20792 2
11922 0
10696 3
1930 3
2393 3
11923 0
14359 7
5262 2
2323 6
12183 5
8593 1
3382 5
11924 0
38497 0
41241 0
9318 1
1932 3
16157 3
5263 2
8594 1
11925 0
48772 3
1933 3
1676 4
5264 2
8842 1
1934 3
12106 0
5265 2
8596 1
11927 0
20291 0
8975 2
1935 3
5362 3
18857 1
1936 3
33532 4
5267 2
21016 1
11929 0
5536 5
17181 2
23937 1
5268 2
1411 5
2399 3
8599 1
15145 1
16950 3
1938 3
25181 0
4110 7
16969 4
6739 3
8600 1
11931 0
1939 3
5270 2
3595 3
8601 1
11932 0
18864 3
1940 3
8733 3
8602 1
11933 0
5471 2
6666 5
11934 0
14111 4
9092 1
8025 5
15198 3
11935 0
1943 3
10448 1
4518 4
11936 0
5847 2
17381 1
1944 3
5275 2
23246 3
8606 1
37985 3
26432 0
8607 1
11938 0
12385 0
1946 3
24112 1
5277 2
4248 3
13108 4
11939 0
13174 0
2227 8
5278 2
28280 0
5477 2
2839 6
5215 6
21659 0
3959 6
11940 0
1948 3
13988 1
25545 1
8610 1
11941 0
5280 2
11952 3
7025 3
8611 1
6366 2
11942 0
1950 3
58295 1
5281 2
5028 3
55348 2
37101 4
11943 0
12830 0
1951 3
5282 2
2411 3
11009 4
5012 5
13062 1
8613 1
19519 12
1952 3
6179 5
11945 0
1953 3
5284 2
5483 2
8615 1
11946 0
18871 9
27946 0
14910 2
5285 2
5674 2
19057 1
11947 0
9266 5
32092 4
1955 3
12492 1
8741 1
8617 1
8908 6
11948 0
10674 1
1956 3
8618 1
3356 3
29719 3
1957 3
5288 2
23051 1
9519 4
8619 1
2627 4
822 8
12219 0
24386 8
5289 2
2417 3
12486 0
56274 1
11951 0
5290 2
15931 7
1960 3
12664 0
5291 2
15570 2
6849 2
18156 2
11953 0
1961 3
4670 3
22493 1
5292 2
3846 3
15352 3
8747 1
2249 6
8623 1
6723 4
11954 0
10823 5
1962 3
28589 0
5293 2
8624 1
12859 3
34777 0
1963 3
1383 4
1028 5
5294 2
5424 6
28462 0
11682 2
8625 1
11956 0
35524 4
15589 4
21903 1
11957 0
5213 3
2423 3
5296 2
6044 2
11958 0
1864 5
20824 2
764 6
5686 2
11959 0
20473 2
15436 1
9235 1
5298 2
8366 4
8753 1
28471 1
8629 1
16199 2
8380 2
8997 1
11960 0
21087 1
1968 3
5299 2
24396 1
9354 1
7856 2
11920 4
5300 2
15036 2
5448 4
5301 2
4369 4
24747 1
3471 5
31351 2
1971 3
5302 2
19695 2
8804 3
11518 1
11964 0
3093 3
1582 7
5501 2
1972 3
7010 2
4307 3
35956 4
19539 1
22270 2
22663 9
5304 2
8635 1
17264 2
1937 7
20330 2
11966 0
1494 5
1974 3
8636 1
36757 2
1975 3
5306 2
2424 6
11968 0
12237 0
1976 3
4035 4
5307 2
14558 1
11969 0
5308 2
8639 1
7710 3
11970 0
5507 2
617 4
1978 3
8640 1
32332 4
11971 0
16264 3
20905 2
10397 2
6712 2
8641 1
11972 0
5633 7
1980 3
7449 4
19116 1
24182 8
11973 0
1981 3
4208 4
28951 0
7535 6
24038 1
8643 1
3110 4
12332 0
27264 0
1982 3
5313 2
14202 1
8644 1
14817 0
1983 3
12997 1
8645 1
1042 4
11883 2
11976 0
27974 3
1984 3
12198 4
5315 2
11051 2
11732 1
1985 3
29323 2
4873 3
53607 0
14981 2
27805 0
17536 3
8647 1
6767 5
12035 3
2441 3
1986 3
5317 2
8648 1
6340 3
11979 0
31921 3
9830 1
1987 3
5318 2
17063 3
8649 1
394 6
12314 5
11981 0
10811 1
2698 4
1989 3
8132 5
5320 2
17473 8
27537 0
8651 1
11741 2
1990 3
5519 2
5321 2
1255 5
8652 1
43977 5
18625 2
11637 1
1991 3
15238 0
14392 1
8413 4
13305 0
1673 5
5323 2
8654 1
11985 0
2447 3
42542 0
1993 3
28035 0
5324 2
8655 1
16837 11
1994 3
8902 1
14134 2
4066 6
8656 1
12522 0
11987 0
1995 3
13478 1
8642 5
8657 1
11110 4
11988 0
13221 4
1996 3
23140 1
2471 4
8658 1
11989 0
18995 3
5328 2
8659 1
8783 1
26550 0
22576 1
11990 0
1998 3
6806 4
5329 2
8660 1
4366 3
11991 0
17733 0
1999 3
5330 2
8661 1
3743 5
30388 4
18245 2
2000 3
5331 2
7183 2
2001 3
4247 7
20227 8
14752 0
5332 2
11994 0
2002 3
15084 0
20414 4
10068 1
5019 4
5531 2
8664 1
61832 0
8875 3
12709 6
13350 3
5334 2
54103 1
28213 2
9033 1
5722 2
5335 2
2358 8
8666 1
46374 2
11997 0
13661 0
14248 4
5336 2
25676 1
38645 3
15453 3
12356 0
8914 1
12178 0
8455 4
25009 3
30916 4
19175 1
2459 3
2007 3
5338 2
14088 0
23187 5
12000 0
5899 3
22317 0
20819 0
8670 1
36698 0
15458 6
2009 3
13769 1
8996 4
8671 1
3560 5
7729 7
3882 3
17347 2
2010 3
18437 1
5341 2
19046 7
1577 5
8672 1
7092 4
2818 3
2011 3
12890 0
5342 2
28702 0
12004 0
12273 0
25330 0
1401 4
13839 0
8365 3
12005 0
5537 6
5744 3
9039 6
2013 3
27335 0
12006 0
2014 3
1790 6
5345 2
8676 1
12007 0
2015 3
12059 1
6587 2
5346 2
24503 1
8677 1
19796 2
11800 2
12008 0
2016 3
5347 2
8678 1
15052 2
12009 0
15347 3
2017 3
6092 2
3516 4
12010 0
2018 3
5349 2
8926 1
8680 1
4109 3
12011 0
8853 3
16483 0
2019 3
8881 8
12012 0
2525 6
5919 2
24860 1
2769 4
8682 1
959 8
2021 3
1695 7
10760 2
5352 2
15720 4
8683 1
5364 6
8807 1
12014 0
10441 3
27888 0
2022 3
12118 3
11711 2
2023 3
5354 2
11295 2
8685 1
26609 0
12016 0
2024 3
49046 0
5355 2
10960 5
4425 3
12991 0
2025 3
13424 0
5356 2
8687 1
16371 3
5357 2
8688 1
5358 2
9527 1
2477 3
8689 1
12020 0
8809 2
2028 3
21018 2
8690 1
20961 2
28783 3
2029 3
13169 0
5360 2
35143 1
8621 3
6868 5
44409 5
22401 2
29548 4
4527 3
2030 3
12202 0
4202 5
8692 1
21229 1
12023 0
37516 4
12305 4
11413 10
13258 0
9178 2
2032 3
28124 0
11814 3
37204 4
8694 1
12025 0
19234 1
19030 1
13790 2
15057 1
8695 1
8819 1
12026 0
34081 1
5709 5
8946 3
22659 1
5365 2
8696 1
6889 4
12027 0
2035 3
5366 2
23229 1
8697 1
12028 0
28482 0
8239 5
5367 2
34946 4
12029 0
17176 3
2037 3
5764 7
5368 2
29082 0
8700 1
22052 1
3006 6
18334 2
17141 0
5937 2
13092 0
12032 0
11211 4
2040 3
9188 1
8702 1
9069 1
3147 3
2041 3
5372 2
4173 6
8703 1
5758 2
12034 0
11859 2
2042 3
13439 3
5373 2
8704 1
9426 1
12069 4
7627 3
8705 1
18403 0
6346 5
10544 1
2044 3
17139 1
7672 6
5375 2
27406 0
17621 0
10887 3
12037 0
2045 3
23701 8
5376 2
5573 2
8544 4
8707 1
62923 0
12445 5
12038 0
8831 1
2046 3
5377 2
107 7
17430 2
1660 5
5378 2
18640 0
12040 0
2086 7
15123 2
2048 3
5379 2
17673 3
8710 1
3649 5
12041 0
9686 4
6531 3
807 5
12042 0
15554 3
37399 0
2050 3
8712 1
21838 0
12043 0
4484 3
3428 3
20437 7
5382 2
2840 4
8713 1
8837 1
12843 0
2052 3
5383 2
6295 2
8714 1
12045 0
38092 4
2053 3
5384 2
9492 5
5446 3
22791 5
13026 3
2054 3
19126 3
12226 0
5191 5
8716 1
8962 1
2854 3
20488 0
1724 4
8717 1
8718 1
12049 0
2057 3
28676 0
15743 2
8719 1
20413 11
12050 0
2058 3
11293 1
27971 0
3918 3
8720 1
2422 6
17572 1
12051 0
12201 3
19293 1
16366 2
5390 2
15796 0
8721 1
2060 3
14225 0
12053 0
28815 0
2061 3
56068 2
5392 2
6629 2
8723 1
2489 8
12677 0
12054 0
21300 1
5650 6
24610 1
8724 1
15962 0
5394 2
8725 1
40874 2
2005 4
5591 2
4384 7
8849 1
2064 3
2626 6
8726 1
21158 6
13549 0
18774 2
9017 3
2066 3
17485 0
11198 1
12594 0
2067 3
15885 0
20544 2
8729 1
12060 0
14385 4
12258 2
2068 3
8730 1
12061 0
10021 1
23046 0
40115 3
5400 2
24973 1
8731 1
2866 3
10782 1
12062 0
24240 1
2070 3
9170 6
8032 3
9569 1
1808 7
2270 5
12063 0
2071 3
6972 4
5402 2
641 4
35689 0
12064 0
2072 3
5403 2
8734 1
16478 3
15215 2
12065 0
2073 3
5404 2
8735 1
12066 0
32881 3
2074 3
6969 5
10255 2
5405 2
8736 1
11371 10
5406 2
7249 2
8737 1
5359 4
27477 0
4151 3
8861 1
26727 0
5407 2
4543 3
2077 3
4939 3
5408 2
12412 4
18423 2
21131 2
2078 3
7815 2
5409 2
8740 1
15851 4
12071 0
8986 1
5794 2
2079 3
5410 2
2080 3
28583 0
10057 9
8742 1
955 6
12073 0
13528 3
6957 2
5412 2
8743 1
12074 0
8867 1
12456 3
3452 3
5413 2
8744 1
12075 0
2911 4
8346 5
17513 2
2083 3
52419 0
5414 2
29559 3
1743 5
1096 8
8745 1
12076 0
11312 4
2878 3
5415 2
8633 4
2085 3
19352 1
41666 0
12078 0
17289 3
3183 3
15085 0
8748 1
25479 0
14587 0
22532 2
11525 1
5418 2
7404 2
11097 5
8749 1
12080 0
3738 5
2088 3
4280 6
5419 2
8750 1
12081 0
9236 1
2089 3
2531 3
5420 2
8751 1
9355 1
12030 1
2090 3
28684 4
5421 2
12262 0
8752 1
2513 4
2091 3
15496 3
13057 0
5806 2
21098 2
12084 0
2092 3
5423 2
8754 1
9819 1
562 5
2093 3
21371 1
214 7
15378 1
8755 1
12086 0
647 4
2094 3
11977 2
15655 3
5425 2
7532 3
5895 7
8756 1
13447 4
12087 0
7640 4
28054 0
8592 4
12284 3
5426 2
9123 1
8757 1
29213 0
57138 1
5513 6
5991 2
5427 2
293 5
8758 1
9088 3
12089 0
12090 0
8760 1
31951 1
3715 3
5430 2
8761 1
2100 3
5431 2
8762 1
12093 0
16484 0
5432 2
8763 1
22339 4
2102 3
8764 1
12576 5
2543 3
18758 7
4602 3
9605 5
18072 0
5434 2
8765 1
12096 0
5818 2
19998 2
1052 5
5435 2
4581 3
44522 1
9827 2
8766 1
12097 0
12808 0
2105 3
5436 2
11046 2
22490 0
2106 3
12897 0
5437 2
9169 4
12099 0
3954 3
2107 3
27548 0
7809 6
22825 1
31742 1
5438 2
8769 1
7055 4
6671 2
13247 0
12100 0
3170 4
25418 4
35164 3
2108 3
15194 6
5439 2
2727 6
8770 1
12101 0
591 6
1437 4
14325 2
2109 3
24717 1
5440 2
2549 3
12102 0
2110 3
28302 0
28928 0
8772 1
15265 2
12103 0
17810 3
19411 1
5442 2
19257 3
13164 0
8773 1
5763 6
2112 3
5443 2
5639 2
22201 1
2113 3
38908 4
18616 1
2902 3
8775 1
9611 1
2114 3
2982 4
20651 2
24341 1
5445 2
12286 0
6009 2
12107 0
2115 3
27811 0
28891 4
12108 0
2116 3
9369 2
40415 3
653 4
13342 0
9498 1
8778 1
9952 2
12109 0
15663 1
18512 2
2117 3
4769 4
1969 6
12218 4
8779 1
5449 2
7070 5
8780 1
2620 8
12111 0
25086 1
2119 3
5450 2
16585 3
17596 2
5675 4
12112 0
1826 5
25938 1
2120 3
3940 5
1921 7
12381 0
12036 2
13617 3
5451 2
12256 1
9385 1
12113 0
5452 2
2097 5
12114 0
10402 1
2235 7
5453 2
8784 1
3934 4
33998 3
2123 3
21010 0
8722 4
9736 1
21442 1
12519 4
12117 0
5651 2
2125 3
5456 2
2126 3
29353 4
12476 0
8788 1
10515 1
4521 7
12119 0
3827 5
2127 3
21244 2
9034 1
4790 3
8789 1
9159 3
2128 3
26845 0
5459 2
13698 0
12121 0
4661 3
5460 2
12122 0
8453 5
19203 1
3173 6
5461 2
8792 1
14522 4
2131 3
5657 2
16994 0
23318 8
7289 4
5882 5
5462 2
12124 0
13010 0
2132 3
5463 2
4193 3
12125 0
2133 3
8795 1
12126 0
2134 3
5465 2
8796 1
12127 0
4387 6
2135 3
6513 5
11993 3
8797 1
17402 3
15982 4
12128 0
24289 5
2137 3
19470 1
12565 1
11674 1
12130 0
2138 3
34189 1
12399 0
659 4
15756 3
8800 1
22927 5
2139 3
6856 2
18923 2
12666 0
5470 2
12116 2
14257 1
9046 1
12132 0
321 7
8802 1
5854 2
5472 2
8803 1
12134 0
15336 2
2142 3
5473 2
10638 3
1285 5
2143 3
29714 4
5474 2
5669 2
58646 0
47402 1
22908 1
8940 5
12136 0
2579 3
2144 3
7138 4
20833 4
13560 4
5475 2
8806 1
12137 0
2145 3
6212 2
4393 5
5476 2
3053 4
13193 3
12138 0
12761 0
2146 3
8143 2
6546 2
12095 2
1233 8
8808 1
12139 0
15062 0
14730 0
2298 4
12140 0
5479 2
8933 1
9873 1
20099 2
2149 3
28391 0
6385 2
4626 4
2150 3
5481 2
11234 5
16533 2
8812 1
28890 0
12143 0
15560 0
5172 3
6001 3
6026 7
20827 2
12144 0
26255 3
7306 3
2828 6
9718 5
14232 0
23496 1
29344 0
12856 0
5484 2
7032 3
8815 1
35239 2
22017 0
1912 5
12146 0
21235 2
40826 5
26904 0
8816 1
15916 2
5486 2
4720 3
19873 1
12148 0
2595 6
24824 1
18601 2
2156 3
12417 0
1909 5
12149 0
7967 3
26137 1
5488 2
5370 5
2591 3
12150 0
13123 0
5489 2
24442 1
8820 1
2159 3
11078 3
9230 3
5490 2
13706 3
8821 1
12152 0
2160 3
12707 5
5491 2
8417 2
12951 0
23213 0
25628 0
12153 0
34387 2
2161 3
5876 6
20758 2
2162 3
7597 7
5493 2
8811 4
12155 0
2163 3
5494 2
19529 1
1506 5
5258 4
2164 3
11308 2
5495 2
8826 1
11496 1
17336 1
12157 0
2165 3
5496 2
15645 3
8827 1
12158 0
19068 0
3916 5
2166 3
5878 2
16692 3
8951 1
4471 4
12159 0
5498 2
4304 4
8829 1
14465 1
18602 7
12160 0
5693 2
28220 0
2168 3
12450 3
25199 1
5499 2
28785 0
8830 1
19388 3
9080 3
12161 0
2776 4
2169 3
5500 2
39783 4
2034 7
27690 0
40228 4
7946 6
5662 6
2170 3
8832 1
6236 2
22161 5
12163 0
14649 1
8833 1
2172 3
37771 0
5503 2
12154 2
8834 1
14588 0
11514 4
12165 0
2173 3
8298 2
15407 2
5504 2
17763 1
8835 1
9784 1
12166 0
1772 4
2174 3
7190 2
5505 2
8604 3
12346 0
8836 1
12167 0
2175 3
3524 3
15394 2
12168 0
25651 5
20685 0
2751 8
2176 3
8560 5
3124 4
21357 2
12169 0
26069 1
5508 2
8839 1
27948 0
2609 3
2178 3
5509 2
17990 0
8963 1
8840 1
12171 0
14017 12
2179 3
5510 2
12629 3
8841 1
2180 3
22991 1
26963 0
7221 4
12173 0
2181 3
35894 9
5512 2
4779 3
9445 1
12174 0
4494 6
6415 2
10678 2
8844 1
15857 3
12175 0
14849 0
5514 2
48138 2
8845 1
13236 0
2184 3
7631 2
13373 1
9432 6
8969 1
8846 1
11950 2
12177 0
2185 3
17515 3
6582 2
8854 3
41915 3
2962 3
2186 3
5711 2
5517 2
8848 1
9332 1
12708 1
428 7
22350 1
2187 3
21584 1
12180 0
9094 1
2188 3
47829 3
28480 0
8822 2
12181 0
2189 3
5520 2
8947 2
4658 7
12182 0
2190 3
8048 2
5521 2
6081 2
2191 3
2621 3
23585 1
6904 2
13070 0
14102 0
5717 2
20200 2
12185 0
1992 5
16113 4
10361 1
2193 3
5524 2
25351 4
8855 1
13673 4
5525 2
8856 1
12187 0
15296 1
2195 3
18690 2
14944 0
5526 2
1146 6
12188 0
2196 3
2384 7
5527 2
1114 4
50042 0
8858 1
14191 0
2929 6
11546 2
2197 3
5528 2
8859 1
28997 0
24660 1
12190 0
8771 4
2198 3
5529 2
13795 3
12548 0
12213 2
2199 3
39794 2
5530 2
3273 3
12192 0
2200 3
2974 3
8862 1
27761 0
12904 0
22794 2
8863 1
19153 8
8900 4
12194 0
2202 3
9831 5
677 4
1473 4
8864 1
24543 1
12195 0
2203 3
18873 0
5534 2
5914 2
12196 0
9342 4
2204 3
9927 1
5535 2
28303 0
15478 2
8866 1
12533 3
12197 0
4005 5
2205 3
2633 3
18642 0
4456 3
3548 3
25807 7
8868 1
27022 0
7272 5
8869 1
4838 3
12200 0
20865 2
3195 4
2208 3
6157 7
2209 3
1370 8
29154 0
5540 2
7831 4
29475 0
2210 3
13771 1
12471 0
5989 6
16579 3
12203 0
9356 1
2211 3
5542 2
2212 3
14050 1
5543 2
11029 2
8874 1
15703 0
28886 0
38127 2
16799 3
19072 2
5544 2
17869 9
2214 3
6445 2
3421 4
8999 1
41251 2
12207 0
2986 3
9334 2
19647 1
7798 2
12208 0
5926 2
2216 3
18795 1
5547 2
8878 1
23074 1
5741 2
12209 0
12655 0
11615 4
7304 4
2217 3
21372 2
3805 3
5548 2
12838 5
22826 8
25312 1
12485 2
12210 0
9089 5
12733 4
21655 1
8880 1
12211 0
2147 7
15481 13
5550 2
2220 3
2148 6
5551 2
8882 1
45758 2
2497 5
2221 3
16351 6
8883 1
3340 6
6284 2
9372 3
3291 3
13314 1
8884 1
12394 0
12215 0
2223 3
9249 1
9832 1
683 4
8667 5
8885 1
14516 2
24883 7
12839 1
2224 3
6618 2
12272 2
12217 0
5556 2
11140 1
6657 3
8887 1
2226 3
30962 9
21470 2
5557 2
9011 1
6680 5
15958 3
9606 1
10284 1
5558 2
19376 1
12220 0
2334 4
5559 2
5938 2
6117 2
6055 5
8890 1
7890 3
4601 6
46492 0
17845 2
2075 5
5560 2
2998 3
788 6
8891 1
12222 0
17884 0
2230 3
1126 4
40454 3
42244 1
8892 1
23674 1
2231 3
5562 2
5592 4
8893 1
10020 4
1796 4
2232 3
27832 0
2657 3
5563 2
3809 4
8894 1
14863 8
27081 0
12225 0
2233 3
46443 5
2882 8
535 7
2234 3
18779 2
5565 2
26200 1
8896 1
17628 3
12406 0
12227 0
14482 0
5566 2
8897 1
15549 2
2236 3
19291 7
8898 1
18084 3
12229 0
13360 3
20301 2
21877 10
5568 2
13884 3
21201 0
2238 3
5569 2
27494 2
12172 3
12231 0
2239 3
2663 3
3266 4
8901 1
15794 3
12232 0
5745 3
2240 3
61924 1
5571 2
1076 5
4137 5
28386 0
28085 0
3030 6
12616 3
5572 2
9267 1
8903 1
9563 6
16700 2
17422 0
8904 1
9505 1
13786 4
53336 1
8283 3
12236 0
2244 3
4094 5
5811 6
5575 2
29104 0
3309 3
8906 1
9029 1
22742 8
5576 2
6797 2
12238 0
2246 3
5577 2
11675 1
12239 0
20040 1
8620 2
24644 1
12774 0
12240 0
8910 1
12241 0
15611 1
5580 2
12952 0
8911 1
25038 1
21726 1
12242 0
2250 3
16244 4
5581 2
4062 3
12331 2
12243 0
2251 3
7373 5
5582 2
9944 5
8913 1
4689 3
7486 4
16794 0
12244 0
16089 2
23380 0
5583 2
4795 7
12245 0
2253 3
23157 1
2768 6
9443 3
5584 2
8915 1
48498 2
60196 0
12246 0
2254 3
5585 2
20972 2
12247 0
2255 3
5586 2
8917 1
12248 0
2256 3
5587 2
14796 4
13308 0
8918 1
22196 0
9041 1
28987 0
2257 3
5588 2
8919 1
17754 0
12250 0
51035 0
2258 3
3022 3
5589 2
8920 1
29267 0
22925 2
12251 0
27140 0
5071 3
5590 2
8921 1
5783 2
4956 3
12252 0
4584 5
9404 1
6102 6
16906 3
9981 1
24797 1
34009 0
5549 5
9166 1
12253 0
2261 3
11716 4
22499 1
8923 1
2262 3
5593 2
8924 1
14761 0
12255 0
10835 3
2263 3
36853 1
5594 2
6654 2
1138 4
8925 1
9642 1
2264 3
5595 2
24637 2
12257 0
13403 0
2265 3
12840 4
41713 2
5596 2
17928 2
37022 4
31862 4
2158 5
12516 4
6288 7
2266 3
2687 3
5597 2
28658 0
8928 1
15890 1
12259 0
3327 3
15620 2
25425 1
31886 7
8929 1
12260 0
19765 1
2268 3
2260 7
8930 1
12261 0
13059 0
2269 3
5600 2
29726 5
8931 1
5902 4
23763 1
13753 0
8774 5
5601 2
2533 7
8932 1
3337 4
12442 0
4504 3
12263 0
2824 4
2271 3
16059 3
13393 4
12264 0
1507 8
27722 5
8934 1
7709 2
12265 0
2693 3
6332 2
2095 4
18868 2
9535 1
12266 0
2274 3
14184 2
12969 5
8936 1
10219 1
12267 0
9059 1
2275 3
5606 2
4708 6
8937 1
12268 0
11508 5
13973 3
12802 3
8938 1
18323 0
6246 3
12269 0
12390 2
12715 0
2277 3
28469 0
26989 6
2330 5
12699 3
12270 0
5801 2
2278 3
6505 2
15573 2
12271 0
2279 3
64842 0
5610 2
8941 1
2699 3
9078 4
21509 2
2280 3
5611 2
642 7
21797 1
14020 0
2281 3
20402 2
5612 2
8943 1
12274 0
6842 3
2282 3
8944 1
19650 3
52895 1
4183 5
8945 1
12276 0
30397 3
35611 1
17741 3
5807 2
2284 3
9428 1
5615 2
30098 7
9514 3
701 4
12277 0
13837 12
2285 3
3131 6
5616 2
12367 9
7801 3
12278 0
5015 3
2286 3
3046 3
12279 0
2287 3
5614 3
5618 2
19221 2
8949 1
12280 0
17954 1
2288 3
5619 2
12281 0
2289 3
10548 2
23240 1
1315 5
26668 4
7470 4
2290 3
5813 2
5621 2
3013 8
5447 3
5020 4
5998 2
8952 1
11309 2
2291 3
29211 0
24745 1
5622 2
26331 1
8953 1
4910 3
6839 2
9238 5
5623 2
8531 2
13899 4
8954 1
12285 0
33674 7
2293 3
2711 3
6103 3
5624 2
1509 4
8955 1
19824 1
2294 3
5625 2
8956 1
12287 0
2295 3
12349 2
5626 2
7474 5
3865 3
8957 1
8220 6
12288 0
35642 1
843 5
2296 3
5627 2
25145 1
20882 0
29606 9
12289 0
5628 2
8959 1
56161 1
8406 2
4098 3
10130 1
14376 0
7447 2
5629 2
15691 2
8960 1
12291 0
9694 6
2299 3
8961 1
18221 3
12292 0
22836 0
2300 3
8144 2
9678 1
8950 4
9515 4
29088 0
5632 2
4319 3
18011 2
3408 4
10356 1
2241 5
20203 5
10897 1
12449 2
2303 3
5634 2
8965 1
28222 0
12296 0
6189 2
2304 3
9565 1
5635 2
8966 1
12297 0
11817 4
8967 1
28747 0
12298 0
2306 3
9531 2
5637 2
44589 2
31309 4
17013 3
2307 3
12745 0
16375 4
26857 4
8799 2
12300 0
167 7
2308 3
29380 0
20803 3
8970 1
12301 0
23852 1
25926 0
5640 2
6215 6
8971 1
12302 0
2310 3
1337 6
5641 2
60455 1
6535 2
27258 0
2311 3
7882 2
5642 2
586 5
14774 6
8973 1
12304 0
12947 4
5074 3
38678 1
2312 3
21868 1
5643 2
13190 0
3507 6
2729 3
15639 0
28552 0
12782 3
5645 2
8976 1
12929 0
12307 0
47428 1
2315 3
4932 7
2151 5
6022 2
16160 3
13712 0
14062 3
58362 1
9585 3
19295 0
12308 0
23056 2
2316 3
5647 2
25538 1
8978 1
39902 0
12309 0
2317 3
29318 9
8979 1
50836 0
2373 7
12310 0
2318 3
6847 5
5960 6
9307 3
12668 0
9167 4
14933 4
18974 1
12846 0
12312 0
2320 3
19883 1
8982 1
5843 2
12313 0
2321 3
5652 2
7173 2
8983 1
1542 5
2322 3
4272 5
4815 6
5653 2
8984 1
21513 5
6207 2
2327 6
6419 7
10187 4
24934 1
15060 1
26491 1
12316 0
8022 4
5655 2
37406 0
12151 1
21696 2
2325 3
12448 1
11918 5
20503 2
14234 0
8987 1
5497 4
6228 5
4215 4
12318 0
28045 0
7553 4
2741 3
12319 0
5849 2
5658 2
749 7
12320 0
2328 3
13527 3
5659 2
3644 3
8990 1
12321 0
22879 9
12508 2
16756 3
4883 4
5660 2
15753 4
3232 6
8991 1
15762 2
54035 2
5661 2
14526 1
12323 0
2331 3
16309 0
8993 1
13100 5
12324 0
2332 3
9192 2
9357 1
12325 0
35821 1
3479 4
17854 3
12326 0
5665 2
1644 8
4552 3
5666 2
22648 1
24846 1
21181 2
11961 1
12328 0
8843 3
2336 3
50601 1
8224 3
8998 1
12329 0
2337 3
27317 0
1757 5
5668 2
6881 2
9714 1
1527 4
5133 3
18094 2
14707 2
20207 1
9000 1
2324 5
11645 5
5861 2
5670 2
7575 5
9001 1
16801 0
16155 0
12665 4
2340 3
19781 3
6046 2
2753 3
9002 1
12333 0
2341 3
9087 3
5672 2
12351 3
9003 1
16238 0
14012 4
2342 3
15503 0
5673 2
9004 1
12068 1
12514 0
21646 2
12335 0
10144 2
11565 2
23547 0
21939 1
719 4
9005 1
9006 1
2682 7
28836 0
22261 7
12337 0
1844 4
2345 3
5867 2
5676 2
29189 0
9007 1
12338 0
10832 1
2346 3
11462 1
19942 1
13914 0
12189 2
5677 2
15943 11
3487 4
12339 0
9656 3
2347 3
3144 8
9009 1
5679 2
21186 2
9010 1
12341 0
5137 3
2349 3
5316 3
16262 2
11153 1
33109 2
6404 2
10263 2
12342 0
985 6
2350 3
28635 0
2941 6
5681 2
10170 5
11569 1
49468 2
9012 1
12865 3
14906 1
12343 0
7048 2
9013 1
4734 4
12344 0
11260 1
2352 3
5683 2
21392 0
9014 1
12345 0
15266 0
14728 1
2353 3
9137 1
5684 2
9015 1
17120 3
5685 2
9016 1
14151 3
13665 0
12526 0
12347 0
2355 3
7587 3
10517 1
12348 0
9825 6
2356 3
5687 2
15535 1
5688 2
5879 2
28116 0
29493 0
12350 0
9256 4
3106 3
5689 2
8357 6
4573 4
9020 1
6328 6
13054 4
19106 0
2359 3
9021 1
16261 3
22375 0
12352 0
10190 1
5691 2
6243 2
12353 0
1174 4
7787 2
15833 2
2361 3
4334 5
4361 5
5692 2
19370 2
18358 3
23406 1
9024 1
7636 4
65238 0
2363 3
27376 0
5694 2
5728 5
9025 1
8988 5
5835 3
5192 3
5695 2
3550 4
16506 4
9026 1
17978 7
2365 3
2366 3
9387 5
5697 2
28359 0
9028 1
12538 0
12359 0
18881 0
2777 3
2486 7
5698 2
12712 2
12360 0
2368 3
7325 3
5699 2
9030 1
2369 3
4922 6
5700 2
9274 1
20604 2
12362 0
2370 3
13594 0
11797 2
5701 2
2724 5
9032 1
2872 4
2371 3
5702 2
14857 7
7513 2
7683 4
9863 1
3118 3
12633 0
12365 0
5704 2
9035 1
12975 3
3333 6
12366 0
856 7
5705 2
21809 2
4775 5
18177 2
22010 1
6428 2
2375 3
2407 5
6595 2
9037 1
5897 2
32702 3
2376 3
5707 2
9038 1
12369 0
2377 3
9161 1
6082 2
12370 0
5069 7
2378 3
2379 3
5710 2
311 5
6261 2
24947 1
2380 3
6550 7
2789 3
43228 4
8347 2
12373 0
5712 2
29868 0
9043 1
9286 1
15752 2
9524 1
5903 2
15070 4
2382 3
9044 1
12375 0
17967 3
15213 0
2383 3
26075 0
5714 2
11032 3
9045 1
28925 0
7676 5
12376 0
5715 2
9716 2
12377 0
29425 0
10654 1
2385 3
5716 2
10959 2
2406 4
25071 1
9048 1
12379 0
24030 1
12948 3
5825 4
2387 3
9411 1
54365 2
9049 1
12380 0
16092 3
2388 3
5719 2
9050 1
11460 3
28187 0
2389 3
5720 2
27435 0
9173 1
29290 0
12382 0
25359 1
19135 2
9052 1
12651 0
12383 0
56581 1
14125 4
24485 3
9053 1
12384 0
44405 3
12918 0
2392 3
15904 2
30967 3
14638 0
1186 4
6109 6
5724 2
14240 3
9298 1
12019 4
14217 0
2801 3
2394 3
13096 0
5725 2
9056 1
14381 2
12387 0
21293 2
5726 2
9057 1
32743 3
3621 4
12388 0
9655 1
22873 4
9345 4
2397 3
23009 0
19912 3
1781 8
2398 3
5729 2
9688 4
24319 3
20060 1
9060 1
12391 0
23489 1
7719 4
334 7
9061 1
10283 5
12392 0
2400 3
1868 4
4450 5
6452 2
17227 3
28381 3
12393 0
3142 3
2401 3
9063 1
11782 5
2402 3
35773 0
5733 2
42303 0
9064 1
18145 1
12395 0
12574 0
5734 2
34239 6
9065 1
11298 2
7096 2
12396 0
16362 3
9129 4
2404 3
5735 2
3674 6
3275 8
12397 0
15844 1
2405 3
66155 0
9067 1
13161 4
21783 2
48970 1
17730 1
12398 0
26593 1
60965 1
5927 2
5737 2
7966 2
5738 2
2155 4
12685 2
12400 0
2408 3
6441 6
11786 5
9070 1
12401 0
2409 3
10785 1
5740 2
10999 1
32899 2
7014 5
22797 1
9071 1
9798 3
34977 6
12402 0
2410 3
9072 1
11106 1
9095 5
12403 0
18260 2
5742 2
43955 2
9073 1
10351 1
2490 5
43492 4
64184 0
12431 1
2412 3
13808 0
5743 2
7692 2
9074 1
2413 3
9956 6
9075 1
8153 3
20705 2
2819 3
12814 4
9076 1
10354 4
12764 0
2415 3
18147 0
14331 1
34113 6
5746 2
25764 1
9077 1
12408 0
5029 6
2416 3
5310 3
2599 7
12409 0
13684 1
8534 3
36273 6
6297 2
9079 1
12924 1
12410 0
3434 6
2418 3
5749 2
35571 3
5939 2
2831 7
743 4
5750 2
6129 4
3716 3
9081 1
9203 1
13694 3
28258 0
2420 3
28034 9
12413 0
9727 9
963 7
8494 6
16637 4
19722 1
5753 2
3453 3
9084 1
29014 0
6401 5
13387 0
15975 2
13031 3
9085 1
1198 4
21922 2
12416 0
25048 1
12639 1
20119 1
17034 2
1528 6
14064 1
2425 3
1563 4
18495 3
9209 1
6354 3
6476 2
2426 3
24119 1
2506 6
12687 0
12419 0
12598 0
3692 4
12420 0
7777 5
2428 3
21331 4
12421 0
28496 0
3166 3
5760 2
19224 2
9091 1
20374 1
12422 0
2430 3
5761 2
9572 1
2431 3
32421 6
5762 2
36579 6
1345 5
9093 1
29532 0
2432 3
18080 3
14329 3
2563 5
2433 3
12744 2
12426 0
29391 0
2837 3
33734 5
5765 2
9096 1
12427 0
50298 2
2435 3
10579 8
5766 2
7802 4
32619 6
53841 4
9434 4
2436 3
5767 2
9098 1
12429 0
25466 1
41961 1
2437 3
5768 2
22152 1
3123 4
6681 7
9099 1
9221 1
44945 3
12120 4
2438 3
15516 0
9100 1
6319 6
29999 0
8213 4
4206 3
2439 3
5770 2
4539 5
12432 0
2440 3
5771 2
9536 5
9102 1
14238 4
2843 3
5206 7
12433 0
9869 3
7281 2
11269 5
5772 2
9103 1
12434 0
7430 2
21400 2
2442 3
9346 1
5369 3
12435 0
2443 3
5774 2
9105 1
33667 3
9227 1
12436 0
2444 3
5775 2
12530 3
9106 1
15207 4
12437 0
17703 0
2445 3
5776 2
12438 0
13362 5
25276 4
5777 2
16435 2
9108 1
10928 1
12439 0
5388 3
3732 4
17334 3
4102 4
3114 6
9109 1
18343 2
17762 7
2448 3
2573 5
16463 3
9822 1
5779 2
18023 0
25208 1
12441 0
2449 3
10396 5
5780 2
9111 1
3985 3
2450 3
18574 0
5781 2
9112 1
20178 1
12443 0
12582 2
12622 0
2451 3
28329 0
2681 4
12444 0
2452 3
7387 7
13268 4
9114 1
38413 0
14898 2
2453 3
5784 2
44233 2
5030 3
12446 0
2454 3
9358 1
20043 3
9116 1
13678 0
9596 1
6333 2
9239 1
2456 3
5787 2
12193 11
9118 1
2457 3
28363 4
5788 2
26224 0
12895 0
9119 1
6554 6
9202 5
18079 8
20806 2
27674 9
3763 4
9120 1
14366 0
12451 0
5790 2
28884 0
9121 1
12803 2
12452 0
13114 3
2460 3
21746 8
5791 2
1918 8
9122 1
2861 3
13631 1
15949 0
63190 0
13061 1
5981 2
5792 2
29103 0
3406 8
16241 3
2462 3
3535 6
9124 1
22554 0
5136 6
12455 0
12723 0
12634 0
26724 1
12812 0
9125 1
5271 4
2464 3
6974 3
5795 2
6166 2
11919 5
19549 9
9126 1
14117 0
25877 1
12457 0
33823 2
2465 3
24208 1
5796 2
9127 1
19522 0
31411 2
12458 0
2712 7
58557 1
5797 2
3489 3
5907 5
9128 1
6258 6
12459 0
2467 3
5798 2
5987 2
317 5
27612 0
1070 7
5799 2
9534 3
21920 2
19313 2
5428 3
22223 1
6313 6
12461 0
11986 1
25252 4
2469 3
52924 3
44191 2
11267 1
5800 2
63130 0
9131 1
65107 0
11784 1
12462 0
58636 2
2470 3
10072 1
10087 6
1182 6
26671 6
12463 0
13148 3
31789 1
5802 2
21079 7
9133 1
3202 3
14418 3
12464 0
23655 1
2472 3
9940 3
7878 5
7885 4
5803 2
9134 1
40406 1
12465 0
2473 3
22035 2
9135 1
12466 0
9257 1
761 4
2474 3
5805 2
9136 1
25063 2
1578 5
12646 0
2475 3
13957 0
12468 0
11572 2
2476 3
8070 3
20237 1
6178 2
12469 0
2390 5
5808 2
9139 1
12470 0
29492 0
11380 1
9501 1
5809 2
4628 5
9382 1
29639 0
9140 1
16768 4
2479 3
9141 1
3764 3
10417 1
2480 3
2879 3
12473 0
26522 7
5812 2
4531 5
9143 1
18193 3
12474 0
17821 4
21614 8
23533 5
2482 3
12221 4
28400 0
9144 1
32234 2
12475 0
5814 2
13097 0
22946 1
8631 6
2484 3
10310 1
18426 2
40741 0
17105 0
10873 10
2656 5
12477 0
5816 2
23449 9
9147 1
12862 2
3214 3
12478 0
29737 5
131 9
5817 2
9148 1
12479 0
12658 0
2487 3
46079 1
12836 0
18841 5
5736 4
9745 1
12480 0
18632 3
5819 2
12963 4
9150 1
12481 0
21507 2
4966 5
5820 2
3834 4
9151 1
13453 0
12482 0
32863 0
24931 5
14351 4
5821 2
38293 0
9152 1
501 7
12483 0
2491 3
6011 2
12484 0
28633 0
13186 1
16564 3
9154 1
7880 4
2980 7
2493 3
5824 2
7764 2
9155 1
27671 0
17441 3
2494 3
23182 0
9156 1
6812 7
5487 3
12487 0
2495 3
9861 4
9157 1
9693 2
12488 0
3841 6
30130 0
28967 0
2496 3
5827 2
11707 1
13197 3
9158 1
12489 0
9320 3
15311 1
5828 2
9082 3
12490 0
9281 1
2498 3
5829 2
21122 4
10509 5
9160 1
12491 0
12759 0
1124 5
2499 3
13375 4
5830 2
9336 2
3226 3
22294 1
2500 3
5831 2
13637 0
2897 3
12493 0
29192 0
7181 5
2501 3
1799 5
5832 2
9163 1
9989 1
12494 0
2502 3
6548 2
5833 2
20907 2
9164 1
9406 1
20296 1
12495 0
2503 3
5603 3
11651 3
13493 5
5834 2
10011 3
9165 1
5343 7
9644 1
11229 3
2504 3
10841 2
24297 1
9309 5
12497 0
5836 2
29832 0
12498 0
10521 4
3636 6
5251 5
9308 4
2507 3
2903 3
5838 2
19402 2
12123 1
15344 4
12500 0
12428 2
2508 3
23738 1
5839 2
5140 4
1916 4
7968 4
12501 0
43166 2
2509 3
5840 2
773 4
5243 6
3788 3
12502 0
19668 2
9293 1
6029 2
25957 4
9172 1
9223 2
15505 0
15090 0
2008 5
14507 3
12503 0
2511 3
5842 2
25345 1
6387 2
20174 3
12921 2
2512 3
25250 1
9174 1
12505 0
5844 2
9175 1
12506 0
3238 3
2909 3
9612 4
25990 1
9176 1
9685 5
7153 3
14675 0
1177 7
12507 0
14578 2
1234 4
5846 2
2825 7
9177 1
8481 3
2516 3
17201 2
11101 1
7979 5
16086 0
12777 0
18336 1
5848 2
16188 2
12939 2
4717 5
12955 0
12510 0
10673 1
15774 1
9180 1
46898 2
12511 0
19895 1
45854 0
3537 8
2519 3
5850 2
9181 1
8336 2
12512 0
27730 0
2520 3
6574 5
2951 5
26855 1
5851 2
9182 1
18509 2
42662 0
12513 0
3905 4
5546 3
14343 0
2739 5
2521 3
20541 1
5852 2
9183 1
38383 1
23714 5
14795 1
2522 3
5853 2
4487 3
9184 1
22148 2
11822 2
12515 0
2523 3
2055 8
39098 4
12091 11
2524 3
8860 2
5855 2
9186 1
12517 0
43077 2
19332 1
29746 0
5856 2
13139 0
9187 1
2526 3
4696 3
17927 1
23881 0
879 5
5857 2
4045 3
12322 4
10572 1
2527 3
12056 5
5269 3
10218 6
9189 1
12520 0
9311 1
2528 3
9668 1
5859 2
64664 0
6047 2
19120 0
9190 1
4496 4
20355 1
2685 6
2530 3
49053 0
25680 1
12523 0
18306 3
22057 2
22365 1
16867 9
2532 3
3543 3
5863 2
29050 0
9194 1
10807 10
13280 3
39693 6
5864 2
30171 6
9195 1
33807 2
2927 3
5090 3
2534 3
5865 2
6053 2
9196 1
10082 3
12527 0
12706 0
2535 3
12884 0
9197 1
12528 0
16899 4
6906 2
16390 3
16665 3
9198 1
12529 0
4997 4
18504 0
5868 2
21276 0
9199 1
2215 4
12980 2
2538 3
14991 1
5869 2
2723 4
9200 1
6238 2
12531 0
9442 1
2539 3
13762 0
1719 6
14464 4
9201 1
3812 3
12532 0
29281 0
2540 3
9323 1
26329 5
5871 2
13329 0
6407 6
17548 3
2541 3
5872 2
12534 0
2542 3
6058 4
12535 0
262 9
16608 2
12048 2
53037 1
12536 0
6128 3
2544 3
5875 2
23580 2
9206 1
13747 4
3287 6
23821 1
12537 0
10031 1
28542 0
8051 4
6593 3
3177 4
9207 1
8622 2
27789 0
13482 4
2546 3
39211 0
19491 2
21008 2
8768 6
12539 0
5605 3
12718 0
2547 3
2939 3
12540 0
26077 3
10622 5
2548 3
10483 1
9210 1
16259 2
12541 0
6423 2
5880 2
9211 1
4842 4
12542 0
14596 3
14794 0
2550 3
5881 2
9212 1
3737 6
18769 3
2551 3
9573 1
9416 5
12544 0
6943 7
2552 3
3976 4
5883 2
9692 1
9214 1
12545 0
12813 0
30261 0
2553 3
9701 4
5884 2
8404 4
9215 1
12546 0
3561 3
9216 1
28770 0
12547 0
8759 2
2555 3
29945 0
35209 2
5886 2
14342 6
9217 1
3274 3
13519 0
5887 2
6780 6
5350 6
65653 0
33043 2
4806 5
18592 2
2557 3
5888 2
2822 5
9219 1
23095 1
29749 1
2558 3
9341 1
5889 2
7868 3
12551 0
15221 0
2559 3
5890 2
12552 0
2560 3
7389 2
10822 1
13624 5
9222 1
16077 1
8080 5
12553 0
17580 0
59212 2
1284 7
12554 0
2562 3
13112 4
22436 1
9224 1
12555 0
14803 13
9466 1
5894 2
26103 1
9225 1
12556 0
13039 2
11975 1
2938 7
12557 0
2565 3
5896 2
22733 0
12558 0
39038 7
10153 3
5480 7
16344 1
7091 2
9228 1
29694 0
12559 0
2957 3
2567 3
3129 7
15089 2
12560 0
13321 3
12561 0
20305 3
29133 0
2569 3
6356 4
13363 3
6086 5
9231 1
12562 0
9232 1
12423 4
12563 0
47793 1
6089 2
12564 0
2572 3
27848 0
29853 0
9234 1
5664 3
5904 2
6462 3
2963 3
12566 0
7836 2
2574 3
25482 1
2575 3
5906 2
9237 1
3579 3
6274 2
2576 3
3668 8
28613 0
12569 0
31099 4
2577 3
4529 3
25787 1
5908 2
26986 1
797 4
17118 0
4314 3
24523 8
9240 1
14059 0
12571 0
29370 0
9241 1
16330 2
2580 3
2969 3
18419 3
9242 1
9884 2
12573 0
23904 1
5912 2
9243 1
8134 4
21774 0
10461 2
35738 5
2582 3
10574 2
668 7
24475 1
5913 2
21721 2
9244 1
17947 15
15328 0
15411 0
2583 3
7618 3
4047 4
6101 2
9245 1
2584 3
19817 2
5915 2
9246 1
10349 6
12577 0
2585 3
3804 4
45484 4
5916 2
19580 2
9247 1
12578 0
2192 8
5917 2
9248 1
6459 2
2587 3
4008 6
9609 1
17655 3
16110 2
12580 0
10073 1
9371 1
11240 2
9250 1
2796 5
9834 5
12581 0
14577 4
14685 3
11381 1
12849 0
45652 4
4744 3
5920 2
9251 1
2590 3
13098 2
8785 3
21109 2
12583 0
1379 6
5922 2
23355 0
50511 3
9253 1
64539 0
14498 0
12584 0
2592 3
9790 4
7348 5
5923 2
9254 1
10034 4
13589 4
2593 3
17030 4
7711 2
18675 2
12586 0
2905 5
22194 2
2594 3
5925 2
9377 1
13383 0
11567 2
12587 0
3838 6
4895 5
6113 2
9258 1
26462 9
12589 0
2597 3
10224 3
10735 5
5928 2
10688 4
2598 3
27907 0
5929 2
9260 1
12591 0
9051 2
8416 3
10751 1
5723 3
9502 1
9261 1
12592 0
16656 0
2600 3
6805 2
18410 0
393 9
9262 1
25452 1
2601 3
28459 5
10644 1
5932 2
2245 4
23711 2
4728 5
5933 2
4105 3
14028 3
9264 1
12595 0
5457 6
5934 2
9265 1
5157 5
12596 0
2604 3
30058 0
46505 3
12597 0
8181 5
5936 2
29216 0
6893 6
13446 3
9627 1
2606 3
9268 1
12815 2
2607 3
12778 0
12867 0
28202 2
20532 1
17368 2
9269 1
12600 0
13045 0
2608 3
8383 8
1391 7
9270 1
12601 0
7074 7
6015 3
5940 2
9271 1
8905 6
12602 0
13223 0
9487 4
9865 1
2610 3
30392 0
5941 2
16539 3
9272 1
12603 0
2611 3
16401 2
5942 2
809 4
7133 2
622 5
5943 2
20708 1
9523 9
12605 0
26216 1
2613 3
2514 4
8077 4
2999 3
9275 1
18906 3
6978 2
8551 2
55444 0
6131 2
15109 0
1964 4
7288 2
3051 7
5945 2
4118 4
12607 0
12524 4
6556 6
2615 3
5946 2
19749 0
9277 1
16591 0
2616 3
20068 1
13157 2
5947 2
9278 1
2617 3
6747 5
13755 5
28907 0
24048 0
23987 1
11842 3
12610 0
25021 8
29459 0
8217 4
2618 3
14612 1
9761 3
10216 1
5949 2
9280 1
12611 0
29960 0
2619 3
5950 2
7443 2
12612 0
16514 0
5951 2
9282 1
12613 0
24564 1
5952 2
22374 2
9283 1
12614 0
2622 3
5953 2
9284 1
1614 5
45326 3
12615 0
2623 3
60342 1
11203 1
29181 6
5954 2
18825 0
9285 1
2624 3
25894 1
27966 0
5955 2
11426 3
8021 2
19669 2
12617 0
22578 1
2625 3
11857 7
5782 3
5956 2
9764 1
3334 3
20436 3
6143 2
5957 2
3011 3
9288 1
13935 0
12619 0
20737 5
5958 2
9289 1
12620 0
2628 3
19511 1
46895 3
10295 3
12621 0
3884 3
6668 2
5617 7
21828 2
9291 1
18532 3
5866 3
5961 2
2988 5
9413 1
2631 3
9879 4
5962 2
41511 6
4571 3
18527 1
23244 1
2864 6
2632 3
6835 2
10002 1
9294 1
1282 4
15618 4
20591 1
3799 8
9295 1
2634 3
12142 1
27117 1
4984 5
12627 0
21210 2
2635 3
13336 0
5966 2
12837 1
16040 0
14775 2
9297 1
12628 0
9575 2
5967 2
27499 4
9419 1
25619 1
5522 4
5968 2
9299 1
12630 0
89 6
6334 2
34861 0
14690 4
5969 2
2629 5
9300 1
28755 0
3939 6
2639 3
5970 2
13696 4
3023 3
12632 0
14357 1
18292 0
2640 3
4135 3
5971 2
9302 1
9895 1
16781 2
5532 3
2641 3
3278 7
17287 3
7610 2
3460 6
10480 6
2642 3
13529 3
9663 1
13216 2
5973 2
16472 2
12635 0
5974 2
9305 1
53631 1
14659 13
12636 0
14380 0
2644 3
9306 1
821 4
9630 5
12637 0
25553 1
2645 3
2646 3
5977 2
49766 0
18124 1
10848 5
2647 3
5978 2
9218 2
12640 0
33217 0
17984 0
2648 3
5979 2
9310 1
9431 1
2329 8
12641 0
5975 4
13437 0
2649 3
8282 5
5980 2
13995 1
12642 0
10359 1
5564 6
9788 1
2650 3
12888 3
17161 4
28025 0
9312 1
19897 7
2651 3
5982 2
3231 4
5841 3
9313 1
12644 0
4792 3
2652 3
5983 2
9553 3
9314 1
30067 3
12330 5
10063 2
2653 3
5984 2
42316 3
9315 1
1910 6
2654 3
24070 1
42158 2
5985 2
8300 4
7908 2
9437 1
12647 0
29896 0
7006 6
1498 7
5986 2
28569 6
9317 1
13004 0
12648 0
27199 1
22649 1
6173 2
22331 2
12649 0
36158 4
5988 2
13793 0
9319 1
524 9
21473 0
12650 0
19966 2
35066 3
3908 3
23842 2
2659 3
12625 4
9321 3
20650 1
3041 3
10366 3
12652 0
1841 5
2660 3
24653 1
13231 12
827 4
12653 0
1294 4
11835 2
56613 0
12654 0
2662 3
4395 4
8980 2
42051 6
9324 1
3651 3
9983 5
5994 2
9325 1
3164 7
19758 2
2664 3
6865 2
5995 2
9326 1
12570 1
12657 0
2665 3
13494 3
19519 13
9327 1
14825 0
2666 3
7205 7
5997 2
173 7
9328 1
3071 5
12659 0
2667 3
13166 2
10264 1
12660 0
8339 3
8595 4
2668 3
13105 0
13275 2
22912 0
2669 3
16968 3
6000 2
12667 2
9331 1
12662 0
3178 5
10490 1
28826 0
9968 4
15562 1
19572 0
22487 2
12663 0
26001 1
2671 3
6002 2
9333 1
39412 2
9574 1
6003 2
9042 6
6265 5
4189 4
2673 3
6004 2
835 7
9335 1
5073 5
1671 4
10157 1
6224 3
6005 2
13886 5
6006 2
9337 1
63012 0
21935 2
2676 3
6007 2
19043 3
28084 0
9338 1
12669 0
178 6
9853 6
2677 3
4260 4
6008 2
5900 3
9339 1
12670 0
2678 3
4175 6
13612 3
9461 1
12671 0
2679 3
21311 2
18645 3
6010 2
13028 0
4043 4
16013 1
12672 0
40141 0
2680 3
29044 0
2056 5
12673 0
6197 2
9343 1
12674 0
15922 0
15280 2
6013 2
9344 1
12675 0
2683 3
20567 3
4040 6
6014 2
5013 3
7515 5
43754 4
12676 0
25489 2
2684 3
2259 5
9586 1
58681 1
3669 3
16688 3
9467 1
24734 7
6016 2
8873 2
20709 1
12678 0
4613 3
2686 3
6017 2
13803 4
9348 1
12679 0
6203 2
6382 2
9349 1
22720 1
5397 4
46636 4
2688 3
3932 3
6019 2
23407 4
9350 1
23528 0
10855 4
2689 3
6705 6
25654 1
6020 2
1306 4
9351 1
12682 0
19359 0
36494 1
6021 2
3930 8
24153 1
16289 2
9473 1
12683 0
2691 3
10437 3
8218 2
9353 1
9737 5
27248 1
12684 0
5754 7
2692 3
15270 0
839 4
8355 2
5210 3
30621 3
14195 3
12686 0
13307 0
6025 2
12499 1
8738 3
2695 3
3394 3
12688 0
15755 4
29637 0
2696 3
10961 5
9598 1
21965 0
6027 2
5671 6
9479 1
12689 0
2697 3
35047 1
32287 1
12690 0
13283 1
47615 3
6291 4
9360 1
9836 1
12691 0
17535 2
10611 6
29997 0
6030 2
12404 1
13948 1
24742 1
9361 1
25756 1
2700 3
6707 3
6031 2
28137 6
9362 1
12693 0
2701 3
6032 2
28897 0
9363 1
12694 0
1405 5
1605 7
12079 2
2702 3
14096 0
6033 2
28143 0
9364 1
19847 2
11697 1
7291 3
12695 0
18924 2
2703 3
13491 0
5401 3
3154 5
30284 0
7217 2
12726 4
9365 1
23836 4
12696 0
46669 2
20875 1
2704 3
7119 6
9366 1
12697 0
16614 2
2705 3
6221 2
9367 1
3083 3
3470 4
12698 0
3687 3
14952 3
2706 3
634 5
23393 1
6037 2
9368 1
2707 3
6038 2
17292 4
2807 4
12700 0
6039 2
4331 4
9370 1
9491 1
24215 0
2709 3
15420 1
6040 2
12702 0
21829 4
2710 3
13410 4
12703 0
26167 7
1576 6
6042 2
2466 8
9373 1
20768 1
26442 1
12704 0
6406 2
3089 3
6043 2
15039 0
30174 0
9374 1
5162 5
12705 0
9666 4
5759 3
15064 1
3277 7
2713 3
20241 1
17069 3
1689 4
9375 1
6045 2
6920 5
52746 1
655 9
9497 1
2715 3
13695 3
3427 7
12467 5
4195 3
15397 8
267 6
23973 2
2716 3
16571 1
16310 1
18761 0
10312 1
2012 4
2717 3
12299 2
17416 0
13242 0
6048 2
1318 4
26108 1
12710 0
2718 3
5348 5
9380 1
12711 0
11134 2
6583 4
2719 3
6050 2
22468 2
2720 3
22600 2
6051 2
50997 0
12713 0
2721 3
9383 1
18511 9
12714 0
5260 4
10508 3
4925 5
9384 1
15715 0
22042 2
6054 2
7336 7
3418 3
21412 2
15254 1
12716 0
30654 0
6418 2
9386 1
12717 0
2725 3
6056 2
2726 3
13861 8
6057 2
9388 1
2305 4
12719 0
24236 1
12898 0
8466 4
4141 6
9389 1
12720 0
17976 3
2728 3
13165 0
9390 1
13022 1
12721 0
9391 1
6018 3
12722 0
8653 2
7086 2
2730 3
6061 2
2731 3
19690 1
6062 2
4777 4
12724 0
9985 1
6063 2
20115 2
12033 3
9634 1
9394 1
28968 0
13910 4
45147 4
6064 2
9753 1
25755 1
9395 1
8274 4
14808 0
12832 1
6065 2
9396 1
3043 6
2735 3
13610 0
9179 6
6066 2
13414 1
9397 1
12728 0
2736 3
16685 2
6067 2
13349 0
9398 1
5604 3
12729 0
10132 5
14916 4
2737 3
23572 4
6068 2
8484 5
9399 1
12730 0
16954 2
2738 3
6069 2
24831 1
9844 5
7551 2
9400 1
12731 0
9521 1
3633 6
19180 3
19007 2
6070 2
9401 1
857 4
3237 5
27903 6
4402 4
20698 3
9402 1
66661 0
5111 4
1172 5
6072 2
9403 1
149 8
19936 2
12734 0
6257 2
2742 3
6073 2
12735 0
2743 3
6074 2
5778 6
9405 1
12736 0
2744 3
6075 2
3029 5
12737 0
15041 3
3119 3
2745 3
6076 2
11074 5
9407 1
12738 0
18718 1
9408 1
13452 2
12739 0
2747 3
7464 3
12827 4
9409 1
4061 8
11216 1
12740 0
18247 4
2748 3
6263 2
32017 2
6079 2
10146 4
1712 7
27379 1
2749 3
29893 4
6442 2
6080 2
12742 0
20001 5
61835 0
2750 3
22862 1
9412 1
12743 0
9533 1
3442 3
13011 0
13778 3
9771 1
2752 3
6083 2
9414 1
1707 4
13067 3
10681 1
6084 2
13278 0
14743 0
12746 0
7232 6
26820 0
2754 3
5067 3
6269 2
5891 7
12747 0
356 6
56855 2
863 4
2755 3
9417 1
6077 3
3064 4
12748 0
6788 2
14972 2
2756 3
10742 6
6621 2
6087 2
9418 1
12749 0
9539 1
2757 3
17170 3
12750 0
9420 1
15892 4
2586 4
30281 0
6090 2
38582 3
9421 1
2760 3
6091 2
13533 1
9422 1
12753 0
10467 1
26555 1
10907 1
8149 3
9423 1
2762 3
4458 3
13048 2
3390 7
13667 3
9424 1
25893 1
12755 0
10015 1
2763 3
6854 6
6094 2
346 7
13812 0
9425 1
20886 1
12756 0
8549 4
9036 3
15049 11
29039 0
2764 3
37742 5
6095 2
26215 1
17423 4
3137 3
15674 0
12757 0
1002 7
39674 1
2765 3
19976 0
6096 2
35263 1
12758 0
6097 2
2767 3
18321 1
6098 2
2036 4
12760 0
9988 3
2101 6
9430 1
7122 2
9551 1
6100 2
22713 2
22149 2
12762 0
4342 6
2770 3
12763 0
4473 4
2771 3
16338 0
7432 2
23091 0
9433 1
4242 6
9908 1
786 9
2772 3
9379 9
6287 2
13511 2
12765 0
24104 2
6104 2
9435 1
12072 1
2774 3
29815 0
7730 2
2603 8
6105 2
9436 1
12767 0
18083 3
57065 2
6639 2
7682 5
2775 3
12946 0
6444 5
19090 2
17873 0
12768 0
37291 0
10052 2
3320 5
9438 1
24920 1
9439 1
25856 1
2778 3
21670 0
12604 5
13391 0
33158 1
3466 3
12771 0
2779 3
6110 2
12772 0
2780 3
11022 4
23542 1
6111 2
7467 7
22663 10
20025 2
12773 0
28320 0
2781 3
22933 1
14346 0
30785 0
8585 5
6136 3
22605 2
9444 1
8786 4
12775 0
2783 3
12776 0
15130 3
2784 3
14263 0
8679 3
9446 1
6299 2
11145 1
10650 3
13559 4
14362 3
9951 5
6116 2
9447 1
8302 2
11836 2
2786 3
15029 4
10380 4
6118 2
10235 4
13047 0
9449 1
29631 0
11983 1
30199 0
2335 4
7171 7
2788 3
6119 2
9450 1
12781 0
14148 5
6120 2
3576 7
9451 1
2790 3
17702 2
15947 0
6121 2
5885 6
9452 1
5340 5
12783 0
2791 3
6122 2
11521 2
12928 4
12784 0
2792 3
8838 2
6123 2
9454 1
13261 10
12785 0
2793 3
6124 2
13561 6
11623 5
9455 1
16468 2
12786 0
10610 1
445 6
2794 3
6125 2
8445 2
12787 0
11187 5
2795 3
29110 0
21042 1
6126 2
13670 0
1819 7
9457 1
12788 0
43977 6
9458 1
15471 2
12789 0
19076 0
6311 2
2797 3
3167 3
20829 3
9459 1
12790 0
9316 6
7911 3
2798 3
29041 4
9460 1
16827 2
12791 0
13570 2
14192 0
6130 2
1354 4
12792 0
24402 1
55533 0
2800 3
2868 5
8632 4
24382 0
881 4
6132 2
9463 1
17271 3
12794 0
19317 3
30510 0
4544 4
6133 2
9464 1
12795 0
6317 2
2803 3
7345 6
6134 2
9465 1
16999 7
19339 5
12796 0
6135 2
55348 3
4192 8
8791 7
2805 3
9587 1
33571 0
12798 0
27510 1
2806 3
6137 2
6836 2
20264 2
12799 0
28379 0
6138 2
7158 2
12800 0
14115 0
6195 3
20413 12
2808 3
9786 3
6139 2
2809 3
6323 2
6140 2
14459 0
9471 1
9725 2
6214 4
9472 1
5773 4
22156 0
2811 3
6502 2
10281 5
26322 1
12982 0
7093 5
13599 0
3503 7
12804 0
14101 4
34453 3
2812 3
19173 2
3403 5
9474 1
23004 1
2813 3
29904 0
7909 2
6144 2
3777 3
6940 3
9475 1
12806 0
1883 5
2814 3
9476 1
10885 2
12807 0
6329 2
887 4
6146 2
10408 1
9477 1
298 8
9845 4
4343 6
2816 3
10182 1
10721 3
22256 2
5837 3
12809 0
17435 0
2817 3
14975 0
6148 2
6028 7
12810 0
6149 2
9480 1
6150 2
53286 2
3530 4
9481 1
3405 5
2820 3
6151 2
10778 2
9560 3
16469 0
2821 3
14893 1
6152 2
24139 5
16029 4
10747 1
9483 1
18190 3
27553 1
17554 4
9484 1
16837 12
15219 3
6154 2
6514 2
9485 1
3191 3
4121 4
25777 7
57368 1
6155 2
13944 3
5121 3
9486 1
12817 0
13629 2
41527 0
26563 4
6156 2
26030 1
48635 3
12818 0
8686 5
19805 0
2826 3
10324 4
1366 4
14124 4
12819 0
44409 6
6158 2
18984 3
9489 1
4285 3
26969 0
6159 2
9490 1
12821 0
2829 3
917 9
6160 2
5429 5
12822 0
26967 6
16898 2
2830 3
24235 2
33512 2
12823 0
12906 2
18561 0
6162 2
1773 6
12824 0
30300 0
10058 5
6163 2
9624 2
16986 3
12825 0
38683 0
5539 5
28438 0
534 6
2833 3
6164 2
4615 4
9495 1
12826 0
6254 3
19869 1
2834 3
17127 2
2835 3
4052 3
11823 1
15142 4
12828 0
13029 4
2836 3
3806 6
3203 3
8715 4
12829 0
2740 8
5992 6
35894 10
7003 6
7598 7
3222 6
2838 3
6169 2
4936 3
9500 1
12831 0
6353 2
7343 2
25573 5
6171 2
12833 0
36769 0
12741 5
6172 2
16252 1
9623 1
9742 1
9503 1
12834 0
39889 0
21063 1
2842 3
1926 7
9504 1
12835 0
5122 5
3209 3
6174 2
15813 1
23075 1
2844 3
11300 5
6175 2
9506 1
933 5
2104 5
6176 2
9507 1
6359 2
17372 3
2846 3
14279 5
12098 2
9508 1
12224 3
2847 3
9629 1
10792 3
4739 3
13196 0
6511 3
3112 4
19256 2
13285 0
12841 0
3486 5
2849 3
6180 2
9511 1
12842 0
101 7
2850 3
6711 2
6181 2
9512 1
12447 1
18265 0
13688 2
2851 3
30623 0
9513 1
19598 0
12844 0
2852 3
29993 0
6183 2
7458 6
52510 1
12845 0
30495 0
48364 4
9754 1
6821 3
8471 4
6524 4
6185 2
23691 1
9516 1
20960 3
14650 1
10237 2
6034 3
2855 3
25098 1
9517 1
13730 0
54237 0
12848 0
7045 2
21715 2
2856 3
13246 3
3221 3
1169 7
9518 1
11740 1
6884 2
2857 3
16766 7
6188 2
2510 5
29252 0
26429 1
2858 3
9520 1
8608 3
13708 4
28497 0
6190 2
13840 3
13119 0
12852 0
26781 1
2313 5
2860 3
4444 6
6191 2
9522 1
9453 6
519 7
12853 0
14027 3
18909 1
3616 7
6192 2
4509 6
12854 0
4323 8
2862 3
15308 3
2863 3
27641 1
22363 2
6194 2
11538 1
9525 1
3725 7
4076 3
9526 1
33277 2
51614 0
4686 4
12857 0
10456 1
4315 3
11820 3
6196 2
10413 4
12858 0
16798 1
26058 1
7849 5
347 5
9528 1
2084 4
5654 4
2867 3
18871 10
6198 2
9529 1
12860 0
1761 4
17003 0
22939 2
6199 2
36811 2
18297 3
29455 0
11659 11
5518 5
6810 4
12861 0
6729 2
2869 3
6200 2
28718 5
2870 3
8787 5
6201 2
11004 6
9532 1
2871 3
13042 0
11189 4
12864 0
623 6
64823 0
24568 1
2873 3
8798 4
6204 2
14231 4
911 4
12866 0
8995 3
6205 2
15948 0
23270 0
9301 9
2875 3
26643 6
23146 1
9537 1
15201 0
12868 0
7528 2
30401 0
6389 2
13576 0
15169 2
14691 4
14529 3
19097 3
12869 0
4688 4
5533 3
12572 1
6208 2
3831 3
9778 1
12870 0
6623 5
9540 1
10863 3
10165 5
13315 0
12871 0
17685 4
9897 1
6210 2
9541 1
12872 0
2880 3
13130 4
8386 2
6165 7
6211 2
9542 1
12873 0
2881 3
28801 2
12336 2
12275 1
9543 1
12874 0
14306 1
6213 2
12875 0
23874 0
2883 3
2292 6
30794 5
12876 0
6099 6
2884 3
10553 4
9546 1
12877 0
30523 5
10135 1
2885 3
15255 4
28556 0
10430 5
6216 2
3569 5
9547 1
2886 3
6372 3
1048 9
6217 2
9548 1
21209 1
12879 0
2887 3
6218 2
24366 2
18518 1
12880 0
13849 0
9303 2
2888 3
6219 2
15677 1
12881 0
3251 3
10367 1
2033 7
10254 1
10813 1
447 8
2890 3
16944 0
12550 2
9552 1
12883 0
39176 2
30082 0
6222 2
24549 0
2892 3
6223 2
37909 0
17040 2
14881 0
12885 0
49046 1
9555 1
23701 9
12886 0
2894 3
202 7
25187 1
9556 1
2895 3
8124 2
6226 2
3257 3
9677 1
19018 0
31047 0
8535 2
4757 4
2896 3
20114 8
16647 2
12889 0
29880 0
8977 4
14110 3
9559 1
20292 2
13422 0
2898 3
4566 3
6229 2
14205 0
3849 3
21867 0
12891 0
2899 3
9561 1
30602 0
2877 8
10932 1
3262 5
2900 3
21816 2
6231 2
16873 0
30736 0
12893 0
4781 3
2901 3
27007 5
6232 2
2658 4
12894 0
7571 6
14721 0
27118 0
6233 2
3574 3
53934 2
33086 2
13806 2
14410 5
6234 2
12896 0
12878 5
56068 3
48772 4
15333 1
2904 3
4545 6
6235 2
40826 6
9566 1
26536 1
1686 5
13517 0
63661 0
9567 1
1402 4
1779 4
2906 3
6237 2
23217 1
9568 1
12899 0
17135 3
2907 3
5523 4
20587 1
6932 2
9689 1
5607 5
12900 0
2908 3
2395 4
6239 2
13956 0
9570 1
7266 5
12901 0
38306 4
24651 1
26894 1
6240 2
12902 0
10934 3
11158 1
6598 2
22470 2
2910 3
26159 1
6241 2
3729 7
12903 0
712 6
28615 0
6242 2
15662 2
7152 6
21091 3
2912 3
6431 3
4354 4
6244 2
53044 2
13173 0
2914 3
8888 5
6245 2
9576 1
12907 0
2915 3
18404 3
9577 1
7713 2
2916 3
929 4
6247 2
31897 3
9578 1
12909 0
2917 3
9579 1
23052 2
10215 3
12910 0
13281 2
2918 3
6249 2
10024 4
12911 0
4454 8
2919 3
6250 2
9581 1
3867 3
2920 3
13707 0
30502 0
27772 1
21240 1
29394 0
6251 2
14338 4
21583 8
227 6
9582 1
12913 0
2921 3
10410 2
19422 2
9583 1
3652 5
2922 3
6253 2
4124 3
44678 0
12915 0
2923 3
9590 6
17111 2
12916 0
2924 3
6255 2
68226 0
12917 0
2925 3
6256 2
22347 0
10272 5
12216 1
2926 3
19210 3
9588 1
12919 0
5748 3
4828 4
19591 3
11135 6
9589 1
10629 1
12920 0
2928 3
7576 2
23840 1
24386 9
13865 2
6260 2
9591 1
7427 2
9592 1
6206 6
12923 0
39187 0
6416 3
29592 0
34717 2
13102 0
9593 1
3590 4
13191 0
5380 4
10409 1
2932 3
17300 2
9594 1
12925 0
13857 4
3979 6
67064 0
6264 2
29963 0
14193 3
11427 2
31753 3
13458 0
2934 3
15593 0
17574 3
15368 4
5058 4
12927 0
6266 2
9597 1
2140 7
17816 4
2936 3
6267 2
9220 2
20381 2
20048 1
6449 2
9287 3
6268 2
28674 0
9599 1
23288 1
3874 7
9719 1
14265 1
9838 1
6490 3
303 7
9600 1
12931 0
353 5
6270 2
9601 1
12932 0
2940 3
15486 3
6271 2
9958 2
9602 1
66483 0
3401 6
3299 3
11005 3
7608 3
6272 2
9603 1
12934 0
2942 3
6273 2
9604 1
12935 0
11526 5
6302 7
1797 4
2943 3
11509 1
1179 9
10591 4
12936 0
6801 2
2944 3
941 4
13292 0
21917 2
24497 2
951 5
2945 3
6276 2
9101 2
13226 1
9607 1
12938 0
8964 4
10195 1
6277 2
21299 1
30709 0
9608 1
5696 5
16303 4
2947 3
21271 5
6278 2
5730 5
1336 7
11723 1
2948 3
36031 2
6279 2
4646 6
9610 1
12941 0
6280 2
17727 0
801 6
30849 0
30601 1
53607 1
6281 2
9482 2
12943 0
26304 1
6282 2
7684 6
9613 1
7135 2
9969 1
7860 7
2952 3
1970 6
6283 2
9614 1
4676 6
2933 4
2953 3
31178 0
2954 3
26260 1
41474 1
9616 1
20562 2
17182 2
13924 2
13126 0
1465 5
43658 0
2956 3
9618 1
14013 3
22577 2
3622 3
16441 0
9619 1
8016 5
692 7
12950 0
19505 2
947 4
2958 3
3735 5
6289 2
4899 4
9620 1
13425 3
6290 2
6646 2
24182 9
9621 1
3842 7
2960 3
14541 5
68478 0
9622 1
12953 0
2961 3
8857 2
6292 2
6473 2
12415 3
3107 5
20227 9
7302 2
12954 0
9743 1
14182 0
6293 2
9862 1
3903 3
3014 8
6819 2
11356 4
10326 1
28141 4
5319 5
10552 1
5599 3
28733 0
9625 1
12956 0
10019 3
12454 1
596 8
2964 3
6549 3
30603 0
8430 3
9626 1
6296 2
12958 0
2966 3
58295 2
13015 5
13620 2
12959 0
3323 3
23165 2
2967 3
14445 4
6298 2
13138 0
11949 1
13227 0
12960 0
9749 1
14696 3
2968 3
13316 0
13332 4
12961 0
21222 3
23359 1
30260 0
6300 2
35653 1
8942 3
3632 5
9631 1
30046 0
12962 0
9987 1
2970 3
14276 3
6285 3
19327 0
6301 2
15712 0
15878 0
9632 1
23016 2
18936 0
2971 3
2694 4
9633 1
953 4
6658 2
12964 0
6453 4
10379 5
11076 3
21358 1
25365 1
13672 0
12965 0
18036 2
2973 3
3329 3
9635 1
8333 2
12966 0
3817 4
6305 2
7060 3
9874 1
8668 4
9636 1
12967 0
7767 2
10451 1
2975 3
8196 2
6306 2
19323 3
19100 1
12968 0
20470 2
4405 3
2976 3
4585 8
6307 2
27267 0
11646 1
9638 1
12105 2
2977 3
9639 1
69185 0
12970 0
23941 4
21376 1
2978 3
13642 1
17675 3
9640 1
12971 0
2979 3
15575 3
6310 2
6491 2
12972 0
7775 3
24047 0
7624 2
15481 14
12973 0
17284 3
2981 3
10726 4
6802 5
13983 2
9643 1
20038 0
12974 0
24817 1
9799 3
9047 4
10680 4
15807 0
11860 1
1438 4
404 7
2247 7
29536 0
24716 0
2983 3
6314 2
10683 1
7165 2
3921 3
9645 1
12976 0
6024 4
2984 3
6613 3
6315 2
3646 3
9646 1
63772 0
11266 6
2985 3
6316 2
9647 1
7301 6
12017 3
5785 5
12978 0
9767 1
50285 3
17253 2
9886 1
9648 1
12979 0
2987 3
6318 2
9637 2
9649 1
30962 10
4638 3
62835 0
9650 1
22018 2
22327 4
12981 0
14295 0
2989 3
890 6
6320 2
28792 0
9651 1
4970 4
2990 3
19728 3
6321 2
6608 3
18166 0
9652 1
12983 0
14894 0
10124 1
2991 3
6322 2
13162 0
47402 2
12984 0
2992 3
11639 5
29593 3
9654 1
13145 2
4747 6
12985 0
3347 3
2993 3
30816 0
6324 2
12986 0
2994 3
29729 0
11802 2
6325 2
3818 5
12987 0
46443 6
6326 2
9657 1
6327 2
9658 1
15366 2
2997 3
2483 6
12990 0
26750 1
21417 1
9660 1
26361 1
14562 0
13435 0
6330 2
31921 4
16826 2
9661 1
12992 0
3000 3
23430 1
7338 2
6331 2
1310 9
9662 1
22081 3
61239 0
7797 6
3001 3
24628 2
61924 2
3002 3
9664 1
23989 1
9090 5
16491 1
3003 3
179 7
9665 1
22684 2
11147 3
12996 0
13263 0
3004 3
11141 1
6335 2
12989 1
20760 1
2152 5
3005 3
6336 2
9667 1
6439 7
12998 0
7439 5
3359 3
30129 0
6337 2
12999 0
3007 3
14006 4
6338 2
14042 2
13000 0
18715 1
27120 1
3008 3
30349 0
6339 2
9670 1
30704 0
18618 3
6694 2
13001 0
7991 7
3955 7
4196 3
359 5
13767 1
6757 4
16440 4
9791 1
3010 3
6521 2
6341 2
18673 4
9672 1
13003 0
6342 2
25454 1
9168 4
4023 7
971 4
6343 2
9674 1
13433 4
8204 3
13005 0
4435 3
37627 0
6344 2
9675 1
26441 1
14552 4
29607 0
6345 2
13007 0
20559 2
3015 3
7195 2
35713 0
28851 0
17025 1
13008 0
3016 3
6347 2
23278 2
13009 0
16064 1
61537 0
6348 2
14672 5
9679 1
17324 2
113 8
10493 1
15664 3
6349 2
24900 1
7037 4
9680 1
3371 3
9130 4
3019 3
22064 0
10486 5
6350 2
13012 0
3020 3
6351 2
9682 1
13013 0
5041 4
3021 3
14017 13
6352 2
10769 4
65549 0
9683 1
10203 4
13014 0
12609 1
16341 0
15262 0
9803 1
18830 0
5993 3
17776 3
21877 11
31737 5
13016 0
15174 1
3024 3
6420 6
6355 2
10041 1
21476 1
5874 5
13017 0
19436 3
3025 3
3151 8
977 4
9687 1
2455 4
3957 3
13018 0
21353 3
6357 2
13019 0
505 7
3027 3
52805 0
6358 2
16776 1
13198 0
68089 0
13020 0
3028 3
979 6
38497 1
9690 1
13880 1
20711 2
13465 0
6360 2
13152 5
2354 7
42008 2
3208 4
6361 2
4152 6
2367 5
19671 2
13023 0
2761 5
3031 3
3901 5
6362 2
23501 1
13643 0
12361 2
15019 0
13024 0
9429 2
3032 3
13405 1
22119 2
3033 3
15594 4
4716 8
6364 2
23153 2
5283 3
6718 2
10728 5
9695 1
3034 3
6365 2
13027 0
9934 1
11218 3
3035 3
9697 1
3036 3
6367 2
10398 1
9698 1
4848 6
3037 3
6368 2
9054 2
6891 2
9699 1
13030 0
3038 3
745 8
3389 3
6369 2
7970 2
9700 1
983 4
7374 2
3694 3
10737 1
1503 7
2570 5
14687 0
15363 0
6370 2
10172 1
13032 0
17473 9
30923 0
3040 3
6371 2
13388 0
9702 1
6551 2
13033 0
9703 1
28910 0
11752 5
11397 6
13034 0
3042 3
6373 2
9704 1
47066 0
30212 0
6726 3
13035 0
14442 3
6374 2
8083 8
3580 6
13036 0
4843 6
6375 2
9706 1
13037 0
3045 3
29678 0
9707 1
13038 0
5911 4
12930 1
14266 0
45758 3
9191 5
9946 1
3047 3
30438 0
6378 2
11196 2
9709 1
13040 0
3048 3
11504 1
6379 2
13041 0
17395 2
31075 0
9864 6
3049 3
8183 5
6380 2
11611 1
14183 0
8877 3
3050 3
7910 6
18078 4
6381 2
27416 0
25543 1
9712 1
21535 1
13043 0
46191 2
9713 1
13044 0
3052 3
9833 1
5112 4
1851 4
30805 0
6563 2
19865 3
6384 2
9252 3
9715 1
14186 3
18546 0
20648 2
11523 4
24983 1
865 7
3055 3
17433 3
9213 4
6386 2
17752 0
18725 3
15630 0
9717 1
3495 5
13233 1
10411 2
50197 2
13049 0
13534 4
29866 0
27233 1
6388 2
1441 9
3407 3
13050 0
3058 3
6742 2
9839 1
9720 1
4068 7
24759 2
13051 0
11095 2
6569 2
3059 3
13495 0
9721 1
7450 6
14160 2
50042 1
3447 4
4907 3
3060 3
37267 0
8411 2
10858 4
9722 1
12593 2
13053 0
10077 1
3061 3
6392 2
9723 1
5921 5
3062 3
13604 3
22597 2
4438 4
6393 2
9724 1
13055 0
3063 3
12847 1
6394 2
47829 4
12801 2
5963 5
13056 0
10196 1
3413 3
18203 2
6395 2
9726 1
20430 0
3065 3
6396 2
23391 2
35358 3
13058 0
10593 5
11415 1
3066 3
8122 7
11289 3
6397 2
9728 1
226 8
4244 3
3067 3
1068 6
34087 1
19754 2
41583 3
31440 0
6398 2
10442 3
3984 5
9729 1
15934 1
41606 0
10315 1
6399 2
6576 7
9730 1
6785 3
11413 11
3069 3
13768 0
6400 2
21543 1
14943 1
3070 3
9851 1
454 6
32881 4
9732 1
13063 0
606 7
6527 6
6581 2
6402 2
9733 1
3072 3
6403 2
16577 4
9734 1
2167 6
13065 0
3073 3
9340 2
13514 2
13066 0
18957 5
3074 3
6405 2
19275 0
6927 2
3075 3
13068 0
3076 3
12606 3
2461 7
9857 1
26578 1
9738 1
6202 3
24138 1
21594 1
13069 0
22220 2
3077 3
24220 0
34869 2
1244 5
9739 1
3078 3
6409 2
10899 4
13602 0
9740 1
13071 0
7255 2
30295 0
3079 3
14525 3
13072 0
3080 3
17466 2
6411 2
23628 0
13073 0
4949 6
3081 3
16727 0
59096 1
6412 2
14155 4
37914 3
35754 3
13074 0
7287 3
3082 3
1486 4
6413 2
9744 1
15707 4
13075 0
21484 3
6414 2
37346 1
5183 4
5128 3
5516 5
37101 5
6981 5
11326 1
13077 0
11219 1
9747 1
14219 2
4172 7
3086 3
30527 0
25807 8
6417 2
9748 1
34946 5
49132 1
31030 0
13079 0
14047 0
3087 3
13080 0
3088 3
3288 8
9750 1
13436 0
36849 3
13081 0
56871 1
6599 2
11754 1
25632 1
9751 1
13082 0
3090 3
6421 2
4847 8
9752 1
24566 5
11865 5
9292 5
25066 1
6422 2
53841 5
28165 1
9296 4
4981 4
13084 0
26964 1
13289 5
14569 0
16164 0
5786 4
12283 7
13085 0
3742 3
6424 2
29606 10
9755 1
15780 1
13086 0
3883 4
29028 0
23643 1
13353 0
3094 3
9756 1
6844 3
8865 4
3095 3
6778 2
15602 1
6426 2
13088 0
3096 3
23290 2
15842 3
6427 2
9758 1
13089 0
30906 0
3097 3
22898 2
10113 1
11360 3
9759 1
13090 0
39289 0
8023 8
3098 3
31188 0
6429 2
9760 1
10345 1
13091 0
11528 6
3099 3
6430 2
10947 4
3100 3
9762 1
18939 5
13093 0
37878 3
13635 4
56817 1
6432 2
9763 1
233 6
20933 1
13094 0
3102 3
18832 3
6433 2
5337 3
17005 2
13095 0
6052 5
21653 1
7612 5
3449 3
20860 2
10910 1
6434 2
9765 1
1013 4
10577 1
4067 5
3104 3
6435 2
8173 2
3105 3
6436 2
12214 3
25149 6
1157 6
6437 2
358 7
9887 1
9768 1
27346 1
3754 3
13099 0
6438 2
10006 1
18209 4
14766 4
9769 1
10877 5
17582 6
29820 0
1967 5
4181 7
3108 3
2766 4
11980 1
13101 0
3109 3
6440 2
9772 1
9538 3
13103 0
20437 8
3111 3
3017 4
17537 2
9773 1
10001 6
13104 0
14278 2
13371 0
894 8
2674 6
6443 2
9774 1
10700 5
3113 3
9775 1
13106 0
13638 0
9776 1
1572 9
5892 3
5254 4
14617 1
23504 2
707 7
30378 0
9777 1
19837 5
20002 3
14608 3
3461 3
24890 2
3116 3
6447 2
339 8
13847 2
1019 4
13109 0
3117 3
11371 11
15563 2
6448 2
66670 0
9779 1
6634 6
13110 0
29299 2
9780 1
13111 0
3859 5
6450 2
10252 3
13555 0
10018 1
9781 1
30003 0
10114 2
29087 0
3120 3
6451 2
9782 1
13113 0
6903 3
33674 8
3121 3
22321 2
24883 8
9783 1
15779 0
3122 3
29318 10
3467 3
13115 0
2568 7
5649 4
3346 5
8253 7
40874 3
11148 1
19662 3
9785 1
13116 0
15026 0
6455 2
6071 3
31571 0
10382 4
27565 0
13117 0
16852 0
3125 3
5050 6
30616 0
27122 4
9787 1
14172 0
13118 0
17646 2
9359 4
44522 2
6458 2
4325 6
14860 0
13120 0
3128 3
14261 0
18912 1
10207 6
25721 1
11431 3
13121 0
21712 1
10590 2
6460 2
13122 0
3130 3
13389 0
1670 7
9792 1
28891 5
26664 1
6713 7
29353 5
9793 1
14934 5
13124 0
20826 2
15820 4
3132 3
6814 2
19454 8
13125 0
3133 3
6692 4
52419 1
31137 0
3778 3
7599 6
7180 3
3134 3
9796 1
5731 3
7148 2
694 5
13127 0
3135 3
9393 5
16714 4
6466 2
5010 6
13306 0
13128 0
3136 3
6467 2
7768 2
17350 0
13484 0
13129 0
40567 0
6468 2
20271 0
29719 4
5339 4
27169 4
14337 2
3138 3
13837 13
6469 2
11036 4
9800 1
27071 1
13131 0
3139 3
29891 0
26715 1
9801 1
13132 0
19920 2
3140 3
21615 3
4150 5
11978 5
8350 5
16044 2
2515 4
9802 1
13133 0
3141 3
31007 0
5959 6
1031 4
13134 0
6141 5
16378 0
9923 1
9804 1
17608 2
31886 8
20406 1
19578 0
9805 1
10042 1
10038 3
23005 2
6653 2
6475 2
5176 3
6826 2
9806 1
13137 0
4665 4
3145 3
1246 6
70085 0
13736 4
11690 4
29146 0
3146 3
5325 4
6477 2
16135 0
9808 1
23318 9
3759 6
6962 3
8489 2
6478 2
4978 8
9809 1
31301 0
13318 0
13140 0
3148 3
3491 3
6479 2
11720 2
9929 1
9810 1
28296 1
8136 6
3149 3
6480 2
9811 1
13142 0
6999 2
3150 3
6659 2
6481 2
33283 1
15030 3
9812 1
13143 0
3425 8
24287 1
16117 5
2228 4
6482 2
9813 1
7929 2
13144 0
30461 0
10167 1
1038 7
6894 3
28261 1
6483 2
3153 3
6484 2
14113 0
9815 1
13146 0
13384 2
14873 4
6485 2
22879 10
10025 2
9816 1
22729 0
9205 3
1522 4
13147 0
13426 5
21771 1
3155 3
6486 2
14304 4
9817 1
18370 2
19199 0
27459 1
6487 2
23785 1
9818 1
7637 2
13149 0
3157 3
4294 7
6488 2
6275 4
3158 3
6489 2
3501 4
13151 0
23427 2
3159 3
4555 3
808 7
9162 2
9821 1
10405 1
11502 3
4321 7
3160 3
9941 1
21710 1
3802 3
5570 3
13153 0
3161 3
33919 2
6492 2
9823 1
25813 3
8638 2
13154 0
3162 3
6493 2
9824 1
13155 0
3163 3
40002 3
13156 0
14396 2
25232 1
30705 0
6495 2
16730 1
23617 2
17297 0
18340 4
9462 4
9826 1
6741 6
13783 3
10970 1
3165 3
22422 2
6496 2
6990 4
17252 1
13864 0
452 8
25050 0
13158 0
9828 1
4782 3
13159 0
6498 2
8711 3
9829 1
25810 1
13160 0
3168 3
12374 2
7264 4
6499 2
7017 2
3169 3
6500 2
5151 6
2675 7
8090 2
34081 2
29962 0
137 9
8912 2
1758 5
13163 0
15157 0
20915 2
13987 6
3171 3
5391 3
1703 9
3172 3
29205 0
4083 3
19775 3
7021 3
6504 2
20945 3
3174 3
16020 3
3814 3
24393 0
10138 6
20076 0
13167 0
3175 3
6506 2
26765 1
11072 4
9837 1
2802 4
13168 0
55806 2
3176 3
6507 2
20003 2
14582 1
6112 5
4233 5
21009 2
6508 2
5396 4
11125 4
17869 10
13170 0
6509 2
20139 3
9840 1
13171 0
58557 2
1049 4
3179 3
35239 3
15418 0
6510 2
9494 5
9841 1
7925 3
10078 1
3180 3
12254 1
31244 0
8384 7
9842 1
17232 0
6689 2
6230 5
16166 7
3181 3
21830 1
6512 2
15933 4
31702 0
9843 1
11026 5
60196 1
3182 3
18038 0
30140 0
13175 0
23807 0
17009 1
1268 5
15931 8
13176 0
3184 3
1335 6
13443 0
6515 2
9846 1
13177 0
3185 3
6516 2
31108 0
27178 1
14576 0
9847 1
10316 1
1043 8
6517 2
6286 3
9848 1
3527 3
3187 3
7160 5
6518 2
9849 1
23856 1
3826 3
37399 1
30544 0
6519 2
7816 2
15065 5
3189 3
6520 2
10757 2
15596 0
13182 0
10661 1
3190 3
14455 2
10435 1
16315 1
40454 4
23112 2
12797 3
13183 0
11573 3
6522 2
13977 0
13184 0
3192 3
9854 1
6701 2
2364 6
3193 3
3533 3
9855 1
4101 3
1923 4
6850 7
3194 3
6525 2
9856 1
13187 0
14671 0
13188 0
2421 5
3196 3
9858 1
13189 0
2252 4
31414 0
2545 4
3197 3
12083 2
6528 2
12575 1
9859 1
14244 0
16851 4
3198 3
29264 0
8249 6
6529 2
9860 1
8805 2
27714 0
21106 1
3199 3
7080 3
18180 3
3539 3
13192 0
7785 5
3200 3
13811 0
25315 1
9545 4
14980 4
3201 3
30033 0
13194 0
26989 7
7679 2
26852 1
11862 1
1546 4
6533 2
13195 0
17731 3
6534 2
909 7
1061 4
9329 2
36139 0
10102 1
5713 5
3012 5
9866 1
5109 8
19482 1
5224 3
17750 2
6536 2
18459 0
17184 2
27572 1
9867 1
28427 1
7053 2
3206 3
10914 5
6537 2
31506 3
9868 1
10221 1
25899 1
4407 7
14339 0
6465 3
3207 3
21889 1
13200 0
13378 0
7748 6
34387 3
9870 1
5467 4
13201 0
13556 0
537 7
6540 2
22523 2
9871 1
13334 6
13645 0
17533 7
13202 0
4364 3
6541 2
7983 2
13203 0
3211 3
6719 2
3728 5
6542 2
6848 6
16046 7
3949 4
13204 0
3212 3
30098 8
6543 2
8086 3
13205 0
20086 2
3213 3
11790 6
16109 3
4316 5
706 5
14359 8
6544 2
3562 8
9875 1
5252 6
23730 2
6545 2
8412 2
15853 7
20657 0
9876 1
4119 3
565 8
3215 3
9062 4
14434 0
2630 5
13208 0
3216 3
14514 2
19153 9
6547 2
2782 7
11214 4
14778 0
12624 2
13209 0
3217 3
10669 3
5033 3
14090 0
13563 5
13210 0
3218 3
2827 5
6898 2
9880 1
13211 0
23927 1
3557 3
3219 3
26866 1
9881 1
14179 0
13212 0
681 6
3220 3
13479 0
9882 1
13213 0
8989 9
6552 2
15943 12
51709 2
9883 1
23564 2
1837 7
18471 4
13214 0
19888 3
6553 2
11644 3
1424 6
17819 2
9595 5
3224 3
6555 2
4498 6
7071 2
30627 0
10239 1
13217 0
39783 5
24436 1
56274 2
3225 3
7139 3
6168 4
13218 0
12411 3
9888 1
5177 6
11030 1
13219 0
2865 6
15455 1
6558 2
8497 3
9889 1
13220 0
3862 3
22507 3
44571 2
6559 2
1941 4
9890 1
1834 9
12504 1
3229 3
6560 2
6737 2
14453 4
31209 0
9891 1
13222 0
3230 3
25152 2
6561 2
11143 1
9892 1
7554 2
6562 2
8517 5
13224 0
13402 0
27285 1
12908 1
9894 1
9509 3
13225 0
30104 0
3233 3
274 9
21948 1
6564 2
13938 4
8567 2
3234 3
4470 7
10364 1
9896 1
6566 2
7244 2
31706 4
13228 0
6567 2
13229 0
25398 1
13052 2
10275 6
9628 4
23219 2
5630 3
8515 7
15760 2
7405 2
13230 0
17947 16
16391 0
9900 1
31833 0
4388 3
3239 3
12204 5
6570 2
9901 1
5538 4
12850 2
3240 3
6571 2
7864 2
9902 1
9550 4
3241 3
9146 3
20276 3
36259 1
6572 2
63474 0
9903 1
22951 2
15197 3
3242 3
2276 4
13853 0
14573 2
6573 2
4164 4
9904 1
13235 0
6922 2
3243 3
9905 1
18281 3
69954 0
3244 3
10341 2
9906 1
3581 3
13237 0
38359 0
30277 0
9907 1
25988 1
14031 0
20585 1
13238 0
15196 5
3246 3
31527 0
6577 2
62167 1
13239 0
18537 2
13021 1
16191 1
7721 2
6578 2
8362 6
9909 1
1010 7
15087 4
13240 0
14532 3
3248 3
6579 2
9910 1
7413 3
19109 1
13241 0
21093 2
3249 3
1211 7
20169 2
6580 2
9911 1
3938 6
4399 5
3250 3
23998 1
13243 0
10495 1
7198 3
9746 2
13244 0
3252 3
16198 3
9914 1
48578 0
13245 0
11021 5
3253 3
6817 3
11595 1
6584 2
9915 1
22624 2
11715 3
6761 2
3254 3
19532 0
6585 2
22826 9
9916 1
27685 1
16235 2
3255 3
4854 3
6934 2
13615 1
11303 4
9917 1
37022 5
11175 5
13248 0
4520 7
3256 3
9918 1
6987 7
19046 8
18827 0
13249 0
25217 0
47559 1
466 6
6588 2
3593 3
9919 1
5353 6
13250 0
3258 3
6955 6
14001 1
9920 1
13251 0
6408 5
11494 1
5893 6
13782 0
49265 1
3259 3
22007 1
10057 10
9921 1
13252 0
22458 0
3260 3
6591 2
1192 8
9922 1
16988 4
14565 0
13253 0
10953 1
3261 3
30710 0
6592 2
14940 3
5240 8
13254 0
1513 6
28034 10
1959 4
13255 0
28558 1
23843 2
2889 7
6594 2
9925 1
1091 4
13256 0
3264 3
30175 0
37129 1
678 8
19706 5
10162 1
9926 1
5272 3
3101 4
6596 2
14074 2
6597 2
9928 1
13259 0
3267 3
4412 3
17892 2
9696 5
13260 0
13962 3
13438 0
30883 2
3268 3
4645 3
14632 2
3898 3
9930 1
4086 5
22920 0
6600 2
7435 2
9931 1
13262 0
13705 0
19099 4
3270 3
11921 6
6601 2
14316 0
31351 3
15425 0
5609 4
3271 3
6602 2
18349 3
9933 1
383 5
13264 0
6779 2
3272 3
11292 1
11245 4
27863 0
13265 0
6604 2
25481 1
9935 1
31310 0
9711 4
13266 0
31458 0
6605 2
239 6
58636 3
9936 1
13267 0
10485 3
6606 2
1097 4
9937 1
3276 3
3699 8
6607 2
29441 0
9938 1
10174 1
13269 0
7257 3
17880 3
9939 1
6049 4
14039 4
13270 0
9008 2
6609 2
39038 8
13271 0
16043 1
27392 1
3279 3
34633 0
6610 2
16842 0
13272 0
11507 2
34189 2
16159 4
3280 3
25651 6
13700 5
6611 2
9942 1
13273 0
31309 5
13628 0
3281 3
30972 0
6612 2
9943 1
13274 0
7897 6
3282 3
15099 0
3283 3
3617 3
6614 2
9945 1
13276 0
9789 3
14120 1
6791 2
23326 2
6615 2
15236 1
3585 5
35143 2
3285 3
14417 0
22066 1
9947 1
20252 2
7292 2
1965 9
3286 3
4482 5
23986 0
9948 1
22742 9
13279 0
25283 2
1103 4
9949 1
28783 4
18382 3
21182 2
6619 2
12317 5
60455 2
11090 1
9950 1
43026 3
3289 3
6620 2
19260 3
3623 3
718 5
13282 0
7339 5
3290 3
6303 5
16287 3
6622 2
13284 0
1111 7
7763 2
3292 3
13551 0
9954 1
3352 4
12766 1
20504 0
6624 2
9955 1
13286 0
18069 0
3294 3
35956 5
7002 3
6625 2
11392 4
8646 7
31683 3
13287 0
6931 4
1594 4
30246 0
6626 2
4436 3
9957 1
31640 0
31964 0
13288 0
411 9
21279 1
3296 3
6803 2
6627 2
1977 4
37516 5
8475 6
3297 3
14227 1
7958 5
6628 2
11412 2
30793 0
9959 1
66155 1
6497 5
22725 2
68373 0
15023 3
3298 3
11209 1
17963 2
13291 0
1109 4
24585 1
8895 2
38092 5
6630 2
7143 2
9961 1
11128 5
10412 6
3300 3
6631 2
6036 3
10198 1
13293 0
4755 4
8210 2
3301 3
1602 6
7465 2
6632 2
9963 1
13294 0
5454 6
35524 5
3302 3
5680 4
6633 2
29500 0
9913 2
9964 1
13295 0
15327 5
3303 3
7316 3
9965 1
14602 4
24289 6
13296 0
13474 0
27798 1
6635 2
9966 1
6982 2
13297 0
7062 6
13652 0
3305 3
12988 3
6636 2
10277 3
4633 7
9967 1
13298 0
3306 3
6637 2
5274 4
13299 0
3307 3
6638 2
10436 1
13300 0
10888 1
2874 4
27068 1
30414 0
2605 4
4619 7
17363 2
34621 1
9970 1
13301 0
13302 0
25564 1
2996 7
6704 3
3310 3
1555 5
6641 2
13569 0
9972 1
37204 5
2248 5
3311 3
27674 10
6642 2
22125 1
22008 3
9973 1
13304 0
23449 10
9797 5
3312 3
716 7
10555 1
6643 2
23956 2
9974 1
24140 1
2004 7
3313 3
6644 2
2561 6
9975 1
5690 3
791 8
3314 3
5918 4
9976 1
15384 0
3315 3
17479 1
9977 1
13623 2
3316 3
11007 1
6647 2
9978 1
13309 0
19829 0
6648 2
13310 0
24249 6
7491 4
5344 6
3318 3
9681 2
6649 2
12386 1
9980 1
13311 0
5371 8
3319 3
6650 2
19673 1
7124 7
13312 0
28689 1
31061 0
6651 2
14750 2
9982 1
17992 2
6827 2
33938 2
13313 0
7223 4
3321 3
6652 2
4671 6
14140 4
3322 3
20335 2
3946 3
4565 5
9984 1
8371 2
8684 5
17125 4
26166 1
3324 3
6655 2
5910 5
9986 1
13317 0
3325 3
21307 2
6656 2
14886 0
24069 6
3326 3
6227 3
30317 0
6833 2
10056 2
11453 1
12052 6
27126 1
13320 0
3328 3
3659 3
12024 4
9990 1
6660 2
16272 4
7375 3
9991 1
13322 0
11324 5
13765 0
18034 2
3330 3
16376 3
6661 2
10740 4
9992 1
6526 4
13323 0
23433 2
3331 3
13854 0
14809 4
6662 2
50268 1
9993 1
13324 0
1 4
18483 3
3332 3
6663 2
389 5
13325 0
2 4
7495 2
15364 3
6664 2
11481 4
5751 4
9995 1
13326 0
3 4
10347 1
30876 0
6665 2
15106 3
1341 8
9996 1
38908 5
13327 0
4 4
3335 3
3958 3
9997 1
9259 4
13328 0
5 4
18733 4
3336 3
1212 7
19367 3
20315 0
10770 2
15574 0
9998 1
7179 2
29618 2
13788 1
6 4
6586 5
22184 1
12430 5
13330 0
7 4
3338 3
18704 2
6669 2
10000 1
13331 0
8 4
17242 1
3836 8
3339 3
6670 2
4227 3
9468 3
9 4
1691 6
36853 2
4705 3
5620 4
1618 4
13333 0
10 4
3671 3
19462 0
3143 4
31453 1
15301 4
6672 2
3056 6
10003 1
11 4
57138 2
44427 0
6673 2
10004 1
13335 0
12 4
3343 3
2096 9
4926 3
22044 1
10005 1
13 4
39794 3
24211 1
3344 3
25414 2
13408 1
13337 0
14 4
9580 2
46898 3
3345 3
14705 3
6676 2
10007 1
71788 0
13338 0
15 4
11578 1
7662 2
5555 6
8588 6
25647 1
1384 7
6677 2
11235 5
10008 1
9877 4
11364 1
12608 3
13339 0
16 4
28012 0
23838 2
6678 2
3677 3
11928 3
14928 1
10009 1
13340 0
17 4
3348 3
6679 2
25384 0
10010 1
20764 1
27679 3
13341 0
18 4
40228 5
19 4
3350 3
7634 3
10012 1
13343 0
20 4
6857 2
3351 3
14655 0
18029 3
10013 1
7169 6
3609 4
8777 7
13344 0
21 4
60776 1
13522 0
6683 2
14311 0
4117 6
10014 1
13345 0
22 4
32095 0
27911 1
13346 0
23 4
3354 3
14139 0
29797 2
10016 1
4746 7
13347 0
24 4
33532 5
3355 3
6686 2
12725 1
7197 2
9741 4
7434 3
10017 1
25 4
10484 1
8046 6
9898 5
3103 7
26 4
10936 1
3357 3
6863 2
59212 3
6688 2
16096 0
8881 9
27 4
15957 2
3358 3
16345 0
50601 2
20418 2
548 9
13351 0
28 4
4648 5
15764 0
12643 2
31150 0
6690 2
14803 14
19291 8
13352 0
29 4
3360 3
6691 2
10022 1
30 4
4897 5
3361 3
18105 2
52924 4
16760 0
13354 0
31 4
44322 3
31512 0
3362 3
6693 2
10549 6
13355 0
32 4
904 8
6869 2
12013 2
12933 1
22243 1
16566 1
13356 0
33 4
3830 4
12327 1
3364 3
20884 0
6695 2
5822 4
13357 0
34 4
3365 3
6696 2
10027 1
13358 0
35 4
21360 2
3366 3
22261 8
14241 4
6697 2
8270 2
10028 1
20550 3
13359 0
36 4
62923 1
3961 5
10722 1
10896 3
3367 3
31672 0
10029 1
37 4
3368 3
4236 4
6699 2
24739 0
22139 3
11917 1
13979 0
18758 8
38 4
37682 2
3369 3
19306 1
16465 3
6700 2
16426 2
11418 4
908 6
39 4
3370 3
10383 1
8992 3
30959 0
10032 1
30551 0
15189 3
14141 3
40 4
40081 0
6702 2
10033 1
11061 1
41 4
6703 2
27606 1
11570 4
14868 2
13365 0
42 4
3701 3
3373 3
10035 1
13366 0
43 4
3374 3
10036 1
64842 1
13367 0
44 4
3375 3
24282 1
29382 3
2348 4
10037 1
3994 3
5553 3
45 4
6675 5
5502 8
60965 2
3376 3
22927 6
18584 3
4735 3
46 4
3377 3
28820 1
6708 2
3263 5
10039 1
4976 4
23540 2
14751 4
47 4
13634 1
19519 14
6709 2
7054 2
11999 3
16385 4
48 4
3379 3
1780 6
1151 4
6710 2
13372 0
49 4
3380 3
1313 7
22655 0
50 4
3381 3
7493 3
51 4
16203 0
16286 0
7261 7
4768 7
13641 0
10044 1
25730 1
52 4
19474 3
9960 4
3383 3
6714 2
21004 4
40828 2
10045 1
23111 0
13376 0
53 4
3384 3
6715 2
7698 2
12183 6
10046 1
13980 2
13377 0
54 4
9104 2
6716 2
1642 4
2051 5
55 4
3386 3
17262 4
7388 2
6717 2
10048 1
13379 0
56 4
4962 3
2690 5
3387 3
12543 5
45746 0
13380 0
57 4
15408 4
13558 0
3388 3
10401 1
10050 1
13381 0
58 4
4006 3
30459 0
24165 0
6720 2
10051 1
53867 1
22302 1
13382 0
27263 1
5656 6
6721 2
60 4
7066 2
44654 0
3391 3
17116 0
6722 2
10053 1
61 4
3392 3
3719 3
18176 2
10054 1
7233 2
13385 0
62 4
6108 3
7518 5
18864 4
21158 7
3393 3
21452 1
11342 5
6724 2
10055 1
6899 2
13386 0
63 4
47144 2
8131 5
31866 0
36273 7
64 4
20501 2
14863 9
3395 3
4731 5
8701 6
65 4
3396 3
27270 1
7555 2
6727 2
2031 4
35611 2
66 4
3397 3
6728 2
10294 1
3084 5
13390 0
67 4
3398 3
13361 1
31239 0
14270 0
7276 6
14927 2
68 4
3399 3
6730 2
21456 2
8985 2
10061 1
13392 0
69 4
3400 3
12364 2
33998 4
2227 9
9999 5
6731 2
10062 1
2893 5
70 4
19549 10
36579 7
6732 2
4281 3
25545 2
9878 2
26344 1
1163 4
3973 8
13394 0
12887 2
3402 3
6733 2
9378 2
10064 1
28024 1
13395 0
72 4
1041 5
7078 2
6734 2
10943 2
3210 7
10065 1
10645 1
73 4
11473 5
4859 7
6454 3
3404 3
2171 7
19368 0
10871 1
10532 1
6425 4
17697 0
13397 0
74 4
21449 2
6736 2
10067 1
6494 5
13974 5
6911 2
13398 0
75 4
53179 2
10984 1
31613 0
24353 1
29736 0
31042 0
13399 0
76 4
15272 3
6738 2
10069 1
1654 4
7552 3
13400 0
77 4
11531 1
52599 0
16554 3
1490 8
10070 1
8908 7
13401 0
78 4
3409 3
6740 2
5511 6
13076 1
10071 1
10306 1
23975 2
79 4
12070 3
32226 0
3410 3
26373 5
13303 2
80 4
14021 0
3411 3
17542 2
7251 2
13404 0
81 4
6917 2
9766 3
13582 0
3412 3
6743 2
4765 3
1017 8
10074 1
82 4
699 6
26311 3
10075 1
13406 0
31779 0
7539 3
8851 5
26671 7
10076 1
13407 0
84 4
6764 5
14899 1
895 7
6746 2
22361 1
85 4
14301 2
3416 3
13409 0
86 4
3417 3
15589 5
6748 2
10079 1
18165 2
87 4
12367 10
1869 6
6749 2
8242 3
10080 1
14377 0
4313 5
4844 6
13411 0
88 4
2372 4
13107 2
50511 4
27713 1
6750 2
12191 4
10043 4
32743 4
20340 3
13179 3
3420 3
18752 0
30530 0
6751 2
18685 3
90 4
28161 0
11436 1
685 9
6752 2
10083 1
1585 5
91 4
4299 3
6753 2
10084 1
7734 2
13415 0
92 4
3423 3
6754 2
10085 1
13416 0
93 4
6755 2
34977 7
1414 7
23647 2
15531 3
10086 1
12179 1
14986 2
13417 0
94 4
5201 3
39693 7
54035 3
10686 6
18178 3
22270 3
13418 0
95 4
3426 3
12193 12
16448 1
10088 1
96 4
13290 1
5964 4
6758 2
13420 0
97 4
16498 4
6759 2
10090 1
13421 0
98 4
45326 4
17235 0
3429 3
6760 2
20687 3
2049 4
10091 1
19581 3
10503 2
99 4
15736 1
7269 2
3430 3
8195 6
23028 2
10092 1
10718 3
13423 0
100 4
3431 3
6762 2
20584 2
10093 1
4814 5
29726 6
3432 3
9415 3
6763 2
10094 1
102 4
38911 0
5633 8
3433 3
10919 4
30688 0
19789 0
10095 1
2758 6
7611 3
103 4
19864 1
28951 1
6765 2
5757 6
10096 1
22211 1
11341 1
15515 4
13427 0
104 4
1181 4
3435 3
6766 2
42542 1
10097 1
13428 0
105 4
478 6
3436 3
13606 0
12656 5
29737 6
10098 1
13429 0
106 4
3761 3
34987 0
2946 4
31328 0
6768 2
10099 1
24424 1
13430 0
6769 2
70399 0
17650 0
13431 0
108 4
3439 3
32092 5
10101 1
25551 0
34239 7
13432 0
109 4
11449 5
7114 2
3440 3
6771 2
27371 1
6645 3
26433 1
110 4
3441 3
12141 3
6772 2
12314 6
10103 1
13434 0
22420 1
111 4
14745 0
14878 3
6947 2
8790 3
4054 3
10104 1
4317 3
112 4
3443 3
31125 0
3767 3
6774 2
1557 7
10105 1
15355 3
31979 0
21538 2
3444 3
6775 2
10100 5
5416 3
10106 1
114 4
6107 5
7398 7
8814 6
8199 2
3445 3
8397 3
7383 6
6776 2
18602 8
10107 1
34574 1
115 4
10342 1
1187 4
3446 3
3824 5
10108 1
24523 9
116 4
16643 3
10913 1
10109 1
14659 14
11888 1
13440 0
117 4
10110 1
13441 0
17399 4
13796 0
10111 1
33667 4
13442 0
119 4
18995 4
3450 3
401 5
3317 7
6781 2
13885 0
31714 0
11748 4
10112 1
120 4
15045 2
3451 3
6782 2
1678 4
20943 1
14900 4
13444 0
121 4
8628 2
6783 2
65238 1
13445 0
122 4
27400 1
6784 2
4972 7
10115 1
123 4
6853 5
3454 3
6959 2
14443 4
124 4
32332 5
18318 2
3455 3
16543 5
6786 2
4296 6
25896 1
10117 1
13448 0
125 4
33734 6
10126 4
3247 6
3779 3
9456 4
3456 3
7277 3
29714 5
34113 7
4917 7
7170 4
10118 1
13449 0
126 4
1193 4
12518 1
3457 3
1958 6
10040 3
40683 2
2358 9
10119 1
11104 2
127 4
3458 3
6789 2
22538 4
6035 4
25676 2
10120 1
14330 0
13451 0
128 4
29854 0
47672 2
3459 3
6790 2
7615 2
10121 1
30967 4
19108 0
15528 0
39098 5
129 4
7670 3
45582 3
24295 2
10122 1
9807 2
17591 0
130 4
9557 2
10473 1
6792 2
1130 8
13454 0
57436 0
16613 0
3462 3
2396 4
6793 2
14247 0
6312 4
13455 0
132 4
3448 4
3463 3
6794 2
10125 1
13456 0
133 4
16306 1
3464 3
6795 2
4110 8
18786 3
10705 1
13457 0
134 4
17706 1
3465 3
6796 2
10127 1
24912 0
135 4
9039 7
27820 1
6971 2
10128 1
11591 4
10516 3
13459 0
136 4
32357 0
8503 2
12805 3
6798 2
10129 1
7718 4
20667 2
13460 0
22479 1
3468 3
6799 2
3890 4
14111 5
44589 3
1515 7
43754 5
138 4
24495 1
20453 3
14686 0
4078 3
3469 3
6800 2
10131 1
13462 0
139 4
9932 4
13463 0
140 4
23754 2
10133 1
13464 0
141 4
3472 3
12212 3
24112 2
6977 2
3473 3
6804 2
21605 2
14320 3
13466 0
143 4
3474 3
15720 5
5034 3
30397 4
23129 2
10136 1
13467 0
144 4
3475 3
3797 3
14864 0
10137 1
38198 1
13998 0
43228 5
13468 0
145 4
3476 3
6807 2
19688 3
10426 2
7456 4
54365 3
13469 0
146 4
15104 2
3477 3
13862 2
18703 3
16140 1
6808 2
16611 4
10139 1
147 4
11622 5
3478 3
6809 2
16154 2
10140 1
5858 6
6983 2
13471 0
148 4
10141 1
31208 0
13472 0
15438 3
3480 3
6811 2
25021 9
13473 0
150 4
15622 4
3803 3
10143 1
151 4
28969 1
3482 3
10378 1
6813 2
1639 8
30672 0
13475 0
152 4
22401 3
49468 3
21627 2
3483 3
10145 1
13476 0
153 4
4353 3
41511 7
822 9
3484 3
16617 2
13654 0
6815 2
27472 1
13477 0
154 4
29913 0
12340 1
3485 3
10147 1
12769 5
155 4
7323 2
16732 3
18389 2
7484 2
11556 5
156 4
52334 0
6818 2
17208 1
1059 5
10149 1
13480 0
157 4
10823 6
3488 3
31862 5
10150 1
10201 5
13481 0
158 4
26462 10
7162 2
6820 2
19503 1
11837 4
10151 1
6106 4
25351 5
159 4
3227 4
3490 3
5764 8
20080 0
21625 1
15220 0
10152 1
13749 0
13483 0
160 4
6822 2
8304 5
29082 1
161 4
7490 6
25979 1
24344 0
4308 4
35894 11
20824 3
3492 3
10209 4
6823 2
8801 2
10154 1
6942 5
13485 0
162 4
4604 3
3493 3
6824 2
13486 0
163 4
16809 0
3494 3
8927 6
6825 2
17475 1
31815 0
10156 1
13487 0
164 4
28310 0
2338 7
12453 1
7697 5
165 4
30825 0
3496 3
2047 6
13666 0
10158 1
13489 0
7001 2
16151 0
3424 7
8390 2
13844 0
10159 1
20554 0
3498 3
23302 0
6829 2
15143 0
38263 0
10160 1
14544 4
12445 6
168 4
3499 3
15529 1
8104 2
7806 2
10161 1
18327 3
13492 0
169 4
3500 3
1217 4
6831 2
22852 0
5678 6
3821 3
12091 12
170 4
43492 5
6832 2
28250 1
10163 1
171 4
10628 1
3502 3
36935 4
10164 1
5085 7
172 4
14977 0
6834 2
42051 7
13496 0
5464 3
6777 4
3504 3
20750 2
8344 6
4980 5
10166 1
7341 2
51554 0
13497 0
174 4
6187 4
59452 0
9018 5
13498 0
175 4
3506 3
6837 2
10168 1
13499 0
176 4
19126 4
10169 1
31993 0
7535 7
13500 0
3508 3
18887 3
3509 3
7013 2
6840 2
10171 1
13502 0
24408 2
3510 3
6841 2
13945 0
4511 4
43166 3
12358 4
13503 0
180 4
1223 4
29972 0
3511 3
1243 8
10173 1
17536 4
7508 2
14034 0
13504 0
181 4
6538 3
7788 3
3512 3
6843 2
11818 2
1616 7
27927 1
13505 0
182 4
3513 3
3833 3
10175 1
2529 5
10866 1
13506 0
183 4
21111 0
7186 2
30743 0
17721 2
37985 4
6845 2
27193 2
2489 9
10176 1
18338 2
13507 0
184 4
3515 3
7019 2
32899 3
6846 2
10177 1
27537 1
15698 3
13508 0
185 4
5017 6
31291 0
15521 3
1714 4
8378 4
10178 1
11123 3
13509 0
186 4
3517 3
18460 2
10179 1
13510 0
187 4
23861 2
1074 7
3518 3
20566 3
58647 0
26611 1
23230 2
31417 2
17877 5
188 4
14390 0
3519 3
1135 6
10181 1
4855 3
189 4
27722 6
11746 1
3520 3
6685 5
6851 2
35855 4
13513 0
190 4
19038 2
6177 4
25032 1
5567 4
6852 2
1229 4
13868 0
21716 2
4126 3
4194 5
10184 1
13515 0
192 4
7766 3
9170 7
15422 0
3523 3
19795 3
10185 1
13516 0
193 4
32488 0
6855 2
10186 1
194 4
9731 3
3525 3
32619 7
16821 3
10765 1
13518 0
195 4
22378 1
3526 3
19725 0
10652 1
6383 3
32421 7
10188 1
2103 4
16724 4
196 4
4247 8
6858 2
13520 0
16596 0
3528 3
15729 4
26062 1
6859 2
15932 0
11926 4
10292 4
27573 1
13521 0
198 4
15222 2
3529 3
15849 0
6860 2
10191 1
199 4
26857 5
6861 2
5066 7
10192 1
13523 0
200 4
25718 0
14248 5
6862 2
15851 5
10193 1
7031 5
13524 0
201 4
3532 3
3851 3
10194 1
18386 0
10302 5
13525 0
18079 9
10997 1
6864 2
11663 5
13526 0
203 4
3534 3
13370 3
8974 2
204 4
12354 3
2136 6
12882 5
6866 2
4138 3
10197 1
26522 8
205 4
11729 2
3536 3
11098 4
31879 1
6867 2
58362 2
206 4
16817 1
7842 2
10199 1
1726 4
13530 0
207 4
7847 3
3538 3
23323 4
10200 1
14360 1
31916 0
13531 0
208 4
15051 3
6870 2
5072 4
7043 2
13532 0
209 4
22532 3
12186 1
6871 2
14213 2
1730 7
10202 1
5870 3
210 4
5063 5
3541 3
6872 2
211 4
7377 2
3542 3
32205 0
6873 2
10204 1
1866 5
14645 4
13535 0
212 4
12709 7
15102 0
5901 4
49766 1
9040 6
10205 1
12293 1
3531 7
13536 0
13714 0
6875 2
10206 1
13537 0
3545 3
30814 0
3863 3
35738 6
13538 0
215 4
69561 0
22656 1
6877 2
10208 1
959 9
13539 0
216 4
61832 1
3547 3
5895 8
6878 2
21754 2
217 4
54103 2
6879 2
20055 1
29213 1
10724 2
10210 1
18531 2
13541 0
218 4
4652 3
46374 3
3549 3
21746 9
6880 2
10211 1
25009 4
13542 0
219 4
38645 4
12912 2
33823 3
10212 1
21079 8
45076 1
10960 6
3514 5
8152 2
37771 1
220 4
3551 3
30916 5
16288 0
6882 2
14509 0
10213 1
13544 0
221 4
5198 7
11771 5
3552 3
23187 6
6248 4
6883 2
31374 0
13231 13
10214 1
18988 3
15604 3
13545 0
222 4
3553 3
15458 7
40115 4
16867 10
223 4
3554 3
2955 6
7729 8
6885 2
32100 0
20961 3
13547 0
224 4
3555 3
15281 2
4885 3
6886 2
10217 1
12576 6
13548 0
225 4
3556 3
6735 3
13726 0
1788 8
20413 13
1717 7
6888 2
26700 1
13550 0
14473 1
4475 6
6896 3
10220 1
228 4
3559 3
24521 2
6890 2
13552 0
229 4
14604 0
10502 5
1356 8
13553 0
230 4
21805 2
6892 2
10223 1
231 4
7556 2
4162 3
10561 6
24708 1
25085 0
232 4
23331 2
7234 2
30090 0
3269 4
10225 1
11764 4
3018 4
3564 3
7906 3
16910 3
19257 4
3881 3
40741 1
10226 1
23968 2
26145 1
13557 0
234 4
3565 3
10375 4
6304 5
14574 1
14004 1
10227 1
14528 2
235 4
48278 0
3566 3
12425 3
6897 2
10228 1
10462 1
6060 6
3567 3
12015 4
10229 1
20679 3
237 4
3568 3
30388 5
13738 0
932 6
4540 5
10230 1
238 4
6900 2
10231 1
13562 0
1077 5
19902 3
3570 3
10581 1
7672 7
6901 2
3438 6
10232 1
14005 0
7120 5
240 4
3571 3
6902 2
2620 9
10233 1
13564 0
241 4
3572 3
22715 1
10234 1
25938 2
13565 0
242 4
56613 1
3573 3
9273 3
40981 0
10873 11
18476 3
13566 0
243 4
1259 4
2225 6
17673 4
6905 2
10236 1
13567 0
244 4
15836 4
7218 3
3575 3
4174 3
7246 2
31099 5
766 5
22339 5
13568 0
245 4
7079 2
6252 3
6907 2
9653 4
30885 0
14499 3
10238 1
60003 1
3341 5
246 4
21614 9
10403 5
20916 2
3577 3
6908 2
5146 5
247 4
12306 2
3578 3
2959 5
8493 6
8879 2
6909 2
10240 1
33109 3
10474 1
13571 0
248 4
5327 3
6910 2
14189 0
10241 1
13572 0
38383 2
15239 1
11770 5
13573 0
250 4
36991 0
15340 2
6912 2
10243 1
3582 3
6913 2
13575 0
252 4
3583 3
6914 2
13554 2
253 4
6682 4
14106 0
15163 4
3584 3
12995 5
10123 4
10246 1
48351 0
13577 0
254 4
6916 2
7704 6
10247 1
3156 5
13578 0
255 4
3586 3
10951 3
4443 3
28459 6
10248 1
22663 11
13579 0
256 4
2505 7
14746 4
10938 1
13150 2
17679 5
3587 3
21798 1
6918 2
13002 3
10249 1
13580 0
15571 0
3588 3
6919 2
8477 5
10599 1
15982 5
10250 1
31457 0
258 4
9671 2
3589 3
30149 0
15687 3
10251 1
2468 4
259 4
4384 8
7965 3
6921 2
3638 7
13583 0
260 4
4915 3
3591 3
10023 3
10253 1
32318 0
13584 0
261 4
40415 4
5845 6
6923 2
13585 0
9153 6
31684 0
6924 2
24779 1
13586 0
14385 5
6925 2
35341 0
264 4
25181 1
19637 0
6926 2
35821 2
13588 0
265 4
3596 3
3911 3
26789 1
10258 1
266 4
19089 3
9185 5
3597 3
12496 3
6928 2
717 6
251 6
10259 1
7431 2
13590 0
22774 1
13364 2
6929 2
10260 1
16808 2
7876 5
13591 0
268 4
23659 2
14296 0
6930 2
10261 1
13592 0
21894 2
15198 4
43977 7
28476 1
3600 3
2344 5
7103 2
10262 1
270 4
1818 7
32207 0
3601 3
26228 1
1762 4
17243 0
5311 7
10458 4
4198 3
271 4
16834 0
12525 4
3602 3
6933 2
3917 3
40179 1
13595 0
272 4
12645 2
3603 3
41915 4
10265 1
13596 0
273 4
3604 3
7391 3
20970 0
6026 8
6935 2
5215 7
5142 3
13597 0
15672 0
3605 3
1277 4
6936 2
16705 1
29344 1
10267 1
15079 0
13598 0
275 4
3606 3
6937 2
7109 2
12104 4
10268 1
10617 1
8057 2
276 4
4461 3
23432 2
3607 3
15865 3
15399 2
6938 2
10269 1
30956 0
4063 5
13600 0
277 4
3608 3
24634 2
10270 1
13601 0
278 4
3923 3
1096 9
10271 1
1469 8
7209 5
279 4
19700 1
3610 3
5287 4
6941 2
52895 2
13603 0
280 4
6161 6
3611 3
24075 2
10273 1
7604 2
35209 3
3612 3
19205 2
20046 0
23493 0
12707 6
13605 0
282 4
5190 6
3613 3
2314 6
28213 3
6944 2
20999 2
11097 6
28363 5
5229 5
7914 2
283 4
13369 1
3614 3
6945 2
10276 1
17933 1
6390 4
13607 0
3615 3
57459 0
3929 3
30208 0
6946 2
9820 2
419 5
1283 4
10189 2
5930 3
13608 0
285 4
8024 3
11129 2
10278 1
20009 3
13470 1
13609 0
286 4
20792 3
17900 2
27775 1
22545 1
6948 2
7945 4
21098 3
26167 8
7765 2
10279 1
13964 0
287 4
7409 4
3618 3
6949 2
7981 3
7121 2
16351 7
13611 0
288 4
11081 1
3619 3
6950 2
289 4
14142 0
3620 3
8361 2
6951 2
10282 1
191 7
1253 7
13613 0
290 4
23049 0
13078 1
10504 5
19388 4
6952 2
21903 2
2157 4
13614 0
291 4
1774 4
22791 6
25885 0
6953 2
27974 4
33335 4
292 4
44409 7
9684 3
6954 2
10748 1
10285 1
13616 0
3624 3
22833 1
10286 1
7127 2
294 4
45652 5
24850 1
3625 3
31540 0
14409 0
6956 2
16950 4
10287 1
15770 3
1289 4
45484 5
13618 0
3626 3
11920 5
3054 4
10288 1
11955 1
13619 0
296 4
11877 5
32118 0
10522 1
3627 3
4479 3
10807 11
12579 1
40501 0
9058 2
10289 1
297 4
3628 3
4222 3
10755 3
13798 0
2785 4
10290 1
2751 9
3544 4
6960 2
26069 2
13622 0
299 4
3630 3
6961 2
10291 3
1937 8
300 4
3631 3
14847 4
10293 1
301 4
7811 6
7689 4
31773 0
14676 0
6963 2
3771 4
4724 3
16017 1
13625 0
302 4
7809 7
6964 2
13108 5
13626 0
3634 3
3947 3
6965 2
10296 1
6876 5
13627 0
304 4
19045 0
3635 3
6966 2
26878 1
10297 1
305 4
6967 2
15224 3
10298 1
306 4
17810 4
7628 2
3637 3
9432 7
3745 7
6968 2
1903 7
10299 1
13630 0
307 4
10541 4
14854 0
6127 3
32750 0
10300 1
11539 1
21983 2
308 4
31027 0
38293 1
11277 4
3639 3
6970 2
14510 0
10301 1
309 4
3640 3
14171 1
13633 0
310 4
32431 0
27811 1
3641 3
19190 3
30267 0
9727 10
10303 1
3642 3
17088 3
9266 6
4589 4
6973 2
18744 2
29548 5
10304 1
778 5
312 4
3643 3
28608 0
10305 1
13636 0
313 4
11652 1
6975 2
5769 3
314 4
3645 3
1919 7
6976 2
10307 1
16113 5
315 4
6461 4
1301 4
10308 1
316 4
25418 5
18660 0
10309 1
4497 3
9469 2
18625 3
5178 3
32314 0
10772 1
13640 0
6575 4
3648 3
6979 2
11331 1
7298 5
318 4
7151 2
17447 1
7318 2
7795 2
16569 1
6980 2
28589 1
21082 2
319 4
16837 13
7123 3
17708 1
3650 3
5312 5
22892 1
5424 7
320 4
10546 1
10313 1
13644 0
2403 6
13822 0
8642 6
4521 8
12294 1
322 4
40826 7
13911 0
28248 1
6984 2
15216 1
13646 0
323 4
8248 2
3654 3
22794 3
10344 2
6985 2
13647 0
324 4
3655 3
6262 6
6986 2
10317 1
13648 0
325 4
3656 3
1307 4
24921 1
66305 0
10318 1
14522 5
55348 4
13649 0
326 4
8559 3
9083 3
3657 3
21301 1
6988 2
12811 1
10319 1
13650 0
24747 2
327 4
26329 6
6989 2
10320 1
13651 0
328 4
1582 8
20793 0
10321 1
25258 0
329 4
3660 3
45147 5
1902 5
6991 2
10322 1
4748 3
13653 0
330 4
14095 0
11937 4
3661 3
27876 1
10671 1
4654 6
6992 2
6157 8
10323 1
31623 0
331 4
3662 3
7652 2
6993 2
83 6
12407 1
19389 0
29475 1
13655 0
20246 1
3663 3
10558 1
20116 3
20331 0
21338 0
14273 0
333 4
3664 3
6995 2
13834 0
13657 0
3665 3
10605 5
6996 2
13658 0
335 4
3666 3
20905 3
6997 2
11350 3
10328 1
13659 0
336 4
48138 3
16153 0
3667 3
10475 2
6998 2
10329 1
4258 3
337 4
41666 1
4213 4
16409 1
8142 3
16050 4
15056 0
10330 1
6667 7
338 4
1362 6
7000 2
25330 1
10331 1
13662 0
12838 6
3670 3
31098 0
33043 3
13025 1
10332 1
13663 0
340 4
13929 0
32219 0
24931 6
1388 5
10333 1
13664 0
341 4
3672 3
10796 1
1233 9
10334 1
342 4
71048 0
18044 0
3673 3
7004 2
4010 4
10335 1
18815 2
11984 5
7342 2
343 4
26394 1
15347 4
37701 2
59285 0
10624 4
3152 6
10336 1
17063 4
344 4
3675 3
14948 4
37742 6
10337 1
13668 0
345 4
15194 7
3676 3
11234 6
1319 4
7007 2
10338 1
13669 0
6532 4
7028 4
7008 2
10339 1
11296 2
8708 3
22072 2
3678 3
4427 5
2672 7
7009 2
5364 7
10340 1
3989 3
13671 0
348 4
7918 6
3679 3
14678 3
14463 0
349 4
3680 3
2815 4
21235 3
7011 2
350 4
5608 3
3681 3
17177 3
5411 3
7012 2
10343 1
13674 0
351 4
13675 0
352 4
3683 3
13221 5
6012 6
3852 7
3684 3
14857 8
31236 0
7015 2
13827 1
21971 1
12282 4
10346 1
13677 0
3629 6
3685 3
17978 8
7016 2
7187 2
15576 2
8650 5
6501 5
2882 9
7354 2
3686 3
21165 2
5395 5
10348 1
13679 0
26200 2
12223 1
7018 2
24992 1
13680 0
357 4
9352 5
4772 3
4533 3
10350 1
13681 0
13947 0
3689 3
7020 2
2020 7
13682 0
3690 3
32544 0
5990 3
15049 12
13683 0
360 4
2492 6
3691 3
7022 2
4001 3
7193 2
10353 1
361 4
7023 2
16011 0
8570 2
13685 0
362 4
3693 3
7024 2
12692 4
30385 0
10355 1
13686 0
363 4
4282 3
9563 7
7898 3
8201 3
13687 0
364 4
3695 3
23634 2
7026 2
10357 1
22052 2
7946 7
365 4
14446 2
3696 3
6456 4
8141 2
7027 2
10358 1
9850 4
13689 0
366 4
3697 3
24702 0
4007 3
13690 0
30326 2
367 4
3698 3
16032 3
15936 3
10360 1
28702 1
166 6
13691 0
368 4
9255 2
10314 4
7030 2
6363 6
10594 1
28355 1
10142 2
13692 0
369 4
14035 1
5537 7
3700 3
12069 5
10362 1
12638 6
13693 0
370 4
11272 1
17505 0
31169 0
17179 0
8055 5
10363 1
371 4
46636 5
7033 2
23010 1
16244 5
372 4
3703 3
7034 2
19372 2
10365 1
27948 1
373 4
3704 3
4013 3
7035 2
1822 4
13257 1
14748 0
2086 8
13697 0
374 4
18886 2
3705 3
27977 1
7036 2
375 4
9392 2
3706 3
10368 1
13699 0
376 4
3707 3
24860 2
7038 2
3353 4
10369 1
377 4
13199 3
3708 3
31595 4
7039 2
6603 4
1695 8
22712 1
10370 1
20203 6
13701 0
378 4
18684 2
3709 3
7040 2
10706 5
10371 1
7211 2
13702 0
379 4
5363 6
9994 3
20223 3
3710 3
17068 1
26477 1
7041 2
4019 3
10372 1
10707 4
3592 4
380 4
18511 10
3711 3
22925 3
30171 7
19988 0
15635 2
5823 3
10373 1
10606 1
13704 0
381 4
3712 3
7855 2
10374 1
35164 4
18003 0
3713 3
27056 1
26052 0
39427 0
15822 1
3714 3
10376 1
384 4
16157 4
4658 8
14755 2
32320 0
7046 2
21018 3
10377 1
50552 2
385 4
7047 2
2810 5
13709 0
386 4
67348 0
28757 0
38761 0
13710 0
387 4
3718 3
4767 5
11724 1
7049 2
6288 8
13711 0
388 4
431 5
16548 2
7050 2
30444 0
10381 1
3720 3
17266 3
9142 2
27619 2
11510 1
8260 3
4306 3
6193 3
10844 1
390 4
3721 3
7052 2
18774 3
391 4
58930 1
3722 3
12780 3
21248 2
13715 0
392 4
5478 5
3723 3
69509 0
24660 2
72546 0
12371 4
10385 1
1432 7
10618 1
13716 0
1165 6
17176 4
3765 5
3724 3
6539 3
13894 0
10386 1
13717 0
7056 2
8025 6
10387 1
13718 0
395 4
6706 3
11451 2
3726 3
7057 2
20833 5
10388 1
7476 5
396 4
12969 6
15709 0
3727 3
23684 0
7058 2
10389 1
13720 0
397 4
7229 2
15371 0
7059 2
23069 1
44405 4
10390 1
68263 0
48498 3
13721 0
398 4
4569 3
19392 3
10391 1
13722 0
399 4
2581 6
7597 8
3730 3
7061 2
11843 1
10392 1
3959 7
13723 0
400 4
3731 3
2845 4
12626 6
10393 1
36158 5
31565 4
13724 0
50504 2
15460 0
69443 0
7063 2
10394 1
31240 0
13725 0
402 4
42158 3
17618 0
3733 3
7064 2
2121 7
10395 1
11082 1
14517 0
403 4
10743 1
3734 3
23533 6
7065 2
2076 7
16019 3
13727 0
1370 9
7402 2
382 7
249 6
19650 4
13728 0
405 4
5860 4
8469 2
13729 0
406 4
7724 2
7068 2
15694 2
10399 1
407 4
7069 2
10400 1
13731 0
408 4
3739 3
23735 2
6674 4
32657 0
10892 2
13732 0
409 4
3740 3
23701 10
410 4
9492 6
15481 15
17950 0
3741 3
13181 2
32528 0
7072 2
13734 0
11184 3
11456 4
4049 3
7073 2
10404 1
3013 9
13735 0
412 4
21372 3
51614 1
25479 1
6464 6
26331 2
3744 3
7075 2
10059 2
10406 1
56068 4
25777 8
13737 0
414 4
2229 4
12129 2
7076 2
1361 4
30503 0
10407 1
16812 0
53841 6
3746 3
7247 2
6182 4
65107 1
7077 2
28462 1
8319 3
26560 1
13739 0
416 4
31373 0
12176 1
10790 4
3747 3
11207 1
13740 0
417 4
30962 11
15496 4
28815 1
3748 3
13918 0
13741 0
418 4
257 6
3749 3
61239 1
32040 0
7067 5
5650 7
3126 4
28078 1
13742 0
15816 0
13792 1
3750 3
7081 2
420 4
3751 3
14185 0
9694 7
7082 2
24396 2
13744 0
421 4
38127 3
3752 3
7253 2
73295 0
7083 2
33012 0
27145 1
28684 5
10414 1
5513 7
13745 0
422 4
3753 3
7084 2
12851 3
10415 1
16969 5
13746 0
423 4
7085 2
23128 1
10416 1
424 4
2564 4
46443 7
3755 3
8767 2
1367 4
45854 1
22250 2
425 4
3598 5
3756 3
7087 2
24973 2
10418 1
28381 4
20330 3
25431 0
13805 2
3757 3
10419 1
1808 8
8630 2
44945 4
13750 0
427 4
12110 4
3758 3
7089 2
13751 0
956 6
17355 3
7090 2
5561 5
10421 1
21203 0
16375 5
429 4
3760 3
21480 1
7660 3
10422 1
430 4
14019 0
49046 2
9571 2
10423 1
1412 5
13754 0
16264 4
14108 0
61924 3
3762 3
10579 9
12460 4
18084 4
10424 1
432 4
13412 1
6939 4
7094 2
13752 3
15150 4
10425 1
31311 0
13756 0
433 4
39271 0
4833 6
18160 1
7095 2
14286 0
13757 0
434 4
21131 3
1858 4
1373 4
15152 0
7593 2
10427 1
7565 5
13758 0
435 4
7097 2
28085 1
10428 1
13759 0
436 4
8172 4
12198 5
19028 2
7098 2
4073 3
10429 1
5065 3
13760 0
437 4
8916 2
3768 3
23056 3
7099 2
31951 2
13761 0
438 4
2670 6
3769 3
3228 5
4302 5
2839 7
10431 1
22201 2
439 4
3770 3
10779 1
10280 3
10432 1
31872 0
6745 4
502 6
13763 0
440 4
3419 5
16102 3
10327 2
7102 2
10433 1
332 6
30562 0
13764 0
441 4
7438 2
10666 1
3772 3
802 5
4667 4
13413 2
8132 6
13942 0
32702 4
10434 1
442 4
3773 3
17289 4
7104 2
19493 3
4079 3
13766 0
3774 3
12218 5
7105 2
12046 2
6179 6
11671 1
444 4
3775 3
2177 5
7915 2
7106 2
6419 8
9554 3
7107 2
10438 1
5286 3
446 4
7108 2
47428 2
13621 2
4066 7
10439 1
2222 7
13770 0
5389 4
5877 3
4795 8
18871 11
4279 4
10440 1
2235 8
448 4
4858 4
14037 0
7110 2
7648 4
9519 5
19951 4
13772 0
3780 3
7111 2
56161 2
13773 0
450 4
11998 1
3781 3
16599 0
25205 1
14215 0
12521 1
7112 2
22144 1
16765 0
13447 5
451 4
14796 5
3782 3
7113 2
7283 2
8823 5
10444 1
22161 6
13775 0
3783 3
10445 1
13776 0
453 4
13100 6
3784 3
17762 8
7115 2
13954 0
10446 1
16962 1
12859 4
12922 3
13234 1
3785 3
10447 1
6915 3
455 4
24797 2
14132 0
3786 3
19906 0
4091 3
13779 0
456 4
3787 3
7118 2
10449 1
6565 6
7922 4
13780 0
457 4
14571 0
29893 5
32635 0
32129 0
10450 1
55533 1
13781 0
458 4
32770 0
54244 0
3789 3
15812 2
16199 3
10994 3
459 4
35689 1
3790 3
9605 6
11249 1
13733 1
10452 1
15603 0
460 4
3791 3
28906 0
27234 1
40141 1
10453 1
20303 0
13784 0
14488 0
3792 3
11796 1
19781 4
10454 1
12599 2
13785 0
462 4
3793 3
47793 2
16694 0
10455 1
28179 1
10916 1
463 4
3794 3
7125 2
19897 8
19539 2
3349 6
13787 0
464 4
8523 2
31382 0
3795 3
56855 3
21414 2
2588 4
10457 1
5644 5
465 4
18923 3
3796 3
13966 0
13789 0
13543 1
8119 3
7128 2
28928 1
1507 9
10459 1
10908 5
17444 3
3798 3
7129 2
24503 2
10827 2
10460 1
5763 7
8437 3
13791 0
468 4
4868 3
7130 2
3820 6
11035 1
3144 9
469 4
14340 2
3800 3
7131 2
8940 6
24881 0
60342 2
470 4
42607 0
3801 3
7132 2
12549 4
11508 6
10463 1
12949 1
13794 0
471 4
6816 4
7629 2
10464 1
5095 3
6259 3
7134 2
10465 1
32522 0
10542 3
473 4
7088 3
8234 5
10466 1
7654 5
13797 0
474 4
26219 0
1882 4
7136 2
49862 0
43077 3
21509 3
17941 1
25086 2
475 4
12926 2
6698 5
18857 2
7137 2
10468 1
7307 2
13799 0
476 4
1921 8
3807 3
5536 6
31955 0
21877 12
10469 1
16185 3
15251 4
13800 0
477 4
415 6
2759 6
3808 3
16042 0
10702 1
8392 2
9825 7
10470 1
16371 4
13801 0
7140 2
33143 0
31510 0
10471 1
13802 0
3810 3
14156 0
57065 3
7141 2
17686 1
10472 1
29677 1
480 4
3811 3
7142 2
45489 0
13804 0
481 4
7796 2
9488 2
15550 1
9226 2
482 4
3813 3
21565 0
12135 1
7144 2
10505 4
483 4
12305 5
21244 3
9953 3
7145 2
10476 1
3879 4
11493 1
13807 0
484 4
2637 5
3815 3
14073 0
7146 2
10477 1
485 4
12993 3
11577 3
3816 3
24734 8
7147 2
10478 1
16506 5
13809 0
486 4
10047 4
25628 1
10479 1
443 5
19594 3
13810 0
487 4
20414 5
7149 2
14719 1
488 4
1589 6
8239 6
3819 3
25957 5
7150 2
26726 1
10481 1
5322 3
489 4
10956 4
10482 1
65653 1
21032 0
13813 0
490 4
7647 2
8220 7
2323 7
13814 0
15645 4
3822 3
6617 3
17402 4
18258 2
1409 4
13815 0
492 4
3823 3
7154 2
30680 0
13816 0
493 4
4173 7
7155 2
4127 3
1894 4
8496 3
13817 0
494 4
3825 3
18221 4
7156 2
10487 1
13818 0
495 4
7157 2
1611 7
10488 1
5662 7
4892 3
13819 0
496 4
34453 4
32218 0
34777 1
17190 2
23937 2
13820 0
3828 3
13396 3
7159 2
13821 0
3829 3
28222 1
107 8
69185 1
48364 5
19170 2
499 4
11065 1
7161 2
27323 1
8267 2
71912 0
15570 3
10492 1
4659 3
4133 3
13823 0
500 4
13560 5
7331 2
67024 0
2249 7
21497 2
17062 0
6666 6
13824 0
5727 5
14441 0
7163 2
14826 1
14002 0
15517 4
10494 1
6550 8
23305 1
13825 0
6838 4
11291 1
6887 4
7164 2
4660 5
14921 1
22428 2
29868 1
13826 0
14963 0
16832 1
10496 1
32742 0
504 4
9113 2
7166 2
10497 1
2612 4
16298 1
2283 4
13828 0
59590 1
7167 2
10498 1
14358 0
20582 0
13829 0
506 4
4139 3
3837 3
38413 1
7168 2
10499 1
28280 1
507 4
32883 0
47402 3
10500 1
4414 3
13831 0
508 4
3839 3
16745 2
9718 6
10501 1
13832 0
28676 1
3840 3
4932 8
13833 0
510 4
38678 2
7172 2
23875 0
15930 2
11009 5
511 4
10964 1
16327 0
5598 4
13835 0
512 4
10851 1
29181 7
3843 3
7174 2
32038 0
11630 1
25347 1
7743 5
22350 2
39211 1
13836 0
513 4
9899 2
16268 3
3844 3
5931 3
1906 4
7175 2
498 6
10506 1
14933 5
11635 4
24610 2
3845 3
7176 2
10507 1
17240 0
59118 0
13838 0
515 4
7177 2
13261 11
30523 6
516 4
2848 6
3847 3
13064 3
7178 2
73158 0
32623 0
517 4
5876 7
3848 3
11416 1
10274 2
10510 1
24934 2
3437 4
13841 0
518 4
7349 2
10511 1
19912 4
19338 0
573 7
13842 0
1436 5
3850 3
20544 3
20094 1
7279 4
10512 1
8555 3
13843 0
520 4
4677 3
29559 4
1427 4
14109 0
7182 2
14679 2
10513 1
46814 0
15352 4
50298 3
4426 3
11107 2
10514 1
522 4
2384 8
8577 2
3853 3
41623 0
13846 0
523 4
25604 0
3854 3
4916 3
25199 2
16478 4
16173 0
13848 0
525 4
26809 1
4157 3
3856 3
11039 4
2034 8
5752 3
50836 1
14026 0
10518 1
3275 9
3857 3
9523 10
31524 0
10519 1
13850 0
527 4
7522 2
26593 2
3858 3
63772 1
7189 2
23364 1
13851 0
528 4
19588 4
16678 1
13852 0
529 4
3860 3
1644 9
7191 2
55444 1
12412 5
1433 4
3006 7
530 4
19241 2
10869 1
3861 3
7192 2
10523 1
23443 0
15248 0
14017 14
19695 3
10524 1
13855 0
532 4
21659 1
7194 2
21357 3
10525 1
7258 5
13856 0
533 4
3864 3
11645 6
6958 4
10526 1
14982 2
449 5
29055 0
9956 7
19670 0
10527 1
56581 2
8346 6
6346 6
13858 0
2424 7
32307 0
3866 3
33274 0
10528 1
13859 0
536 4
5012 6
10529 1
12082 1
4994 5
15989 2
13860 0
3868 3
21580 2
21646 3
7199 2
5810 5
14038 0
10530 1
10762 1
15426 0
3869 3
7200 2
27412 1
10531 1
8005 2
539 4
19072 3
1439 4
11547 1
3870 3
7534 2
7201 2
27499 5
9686 5
13863 0
540 4
45758 4
4280 7
31411 3
3871 3
12914 1
7202 2
14305 0
3688 4
10533 1
9376 3
541 4
24038 2
17515 4
3872 3
31647 0
7203 2
48772 5
10534 1
22517 2
14394 0
542 4
3873 3
5155 3
7204 2
44073 2
10535 1
13866 0
543 4
16637 5
14483 0
9089 6
9673 2
10536 1
13867 0
544 4
3875 3
8309 2
7206 2
14393 1
2636 4
16025 0
545 4
30798 0
13026 4
6767 6
17622 3
11333 1
214 8
3876 3
7207 2
8614 3
13869 0
546 4
3877 3
7208 2
10539 1
13870 0
547 4
13943 3
3878 3
13135 3
40406 2
22317 1
10540 1
13871 0
12727 4
7210 2
1398 6
8996 5
1149 5
13872 0
549 4
32121 0
3880 3
18971 0
11226 1
13673 5
35571 4
8166 2
10774 1
581 6
13873 0
550 4
46505 4
16366 3
38582 4
61835 1
7212 2
32849 0
10543 1
13874 0
551 4
11659 12
14228 0
7213 2
2935 4
7832 5
13875 0
552 4
7214 2
17319 1
5579 3
10545 1
8357 7
13876 0
553 4
10060 2
7215 2
22873 5
13877 0
554 4
23423 1
3885 3
15036 3
7216 2
10547 1
1239 4
555 4
2937 6
11110 5
3886 3
74015 0
8328 3
13879 0
556 4
3887 3
6725 4
32996 0
18358 4
68558 0
3888 3
14584 0
7219 2
29606 11
10550 1
1451 4
9831 6
13881 0
558 4
3889 3
7220 2
10551 1
6681 8
13882 0
559 4
58557 3
11012 1
13883 0
560 4
29999 1
23046 1
3891 3
4713 3
7222 2
28359 1
24717 2
561 4
32724 0
20628 1
15533 1
3892 3
17947 17
19312 2
26892 1
46895 4
10554 1
11122 4
10786 1
3893 3
7224 2
16048 2
263 6
64184 1
7225 2
15195 0
10556 1
7558 2
13887 0
564 4
3895 3
2319 4
10257 3
7226 2
8876 3
10557 1
7029 4
13888 0
29795 4
29154 1
15453 4
3896 3
15794 4
26386 0
7227 2
20251 0
11488 2
13889 0
566 4
7619 3
20651 3
3897 3
11464 1
5989 7
4016 5
7228 2
11417 3
24386 10
10559 1
13890 0
567 4
13362 6
10560 1
8899 2
2219 5
7230 2
7005 3
28569 7
13892 0
40946 0
3900 3
7231 2
10562 1
5811 7
13893 0
570 4
8035 2
571 4
30857 0
3902 3
16585 4
10564 1
13895 0
572 4
1942 4
8673 3
19030 2
5069 8
25060 0
10565 1
13896 0
197 7
3904 3
5709 6
4474 3
7235 2
25312 2
21663 2
13897 0
574 4
10798 1
32396 0
57761 1
7236 2
14163 0
10567 1
2147 8
13898 0
575 4
19796 3
3906 3
7237 2
10568 1
20043 4
576 4
3907 3
8413 5
12519 5
7238 2
15070 5
10569 1
13900 0
577 4
15397 9
7239 2
27501 1
10570 1
13901 0
578 4
3909 3
7240 2
13206 3
10571 1
17057 0
13902 0
579 4
36811 3
2525 7
3910 3
9019 3
7327 3
13903 0
580 4
23482 1
8488 2
41527 1
25071 2
10573 1
22606 2
13904 0
1298 4
3912 3
7892 2
7243 2
8453 6
4211 3
21470 3
13905 0
582 4
6170 3
53607 2
3913 3
10575 1
13906 0
583 4
7737 2
3406 9
18387 1
4011 6
7780 3
3914 3
7245 2
10576 1
13907 0
584 4
29465 4
17711 3
3915 3
3546 6
26724 2
21436 0
13908 0
585 4
32204 0
4942 4
10578 1
14086 0
8399 4
16434 3
11262 1
13909 0
664 6
7248 2
4486 3
4387 7
22499 2
12816 4
9584 2
8202 2
10580 1
588 4
4217 3
3919 3
7250 2
3091 5
13912 0
589 4
8351 2
16107 2
31666 0
6868 6
3920 3
20227 10
1195 6
10582 1
13913 0
17628 4
21583 9
7252 2
50042 2
7921 5
15818 0
38306 5
3922 3
1954 4
12516 5
10087 7
10584 1
14774 7
321 8
13915 0
592 4
1781 9
17644 0
7254 2
19383 2
10585 1
33405 0
3924 3
23246 4
10586 1
13917 0
594 4
3026 6
3925 3
29318 11
7256 2
11601 1
18437 2
10587 1
32731 1
7184 3
595 4
28482 1
3926 3
6895 5
49053 1
10588 1
2533 8
11782 6
7100 4
3927 3
15743 3
10589 1
13920 0
597 4
35263 2
514 6
10696 4
32956 0
7259 2
16115 1
26975 1
2422 7
13921 0
598 4
8732 3
11205 4
7260 2
1790 7
13786 5
13922 0
54237 1
11211 5
14056 2
10592 1
4541 5
13923 0
600 4
21783 3
16768 5
3931 3
30067 4
7262 2
7594 2
4749 3
4229 3
601 4
2965 4
13450 2
8065 2
602 4
3933 3
28890 1
10595 1
13926 0
603 4
7433 2
7265 2
10596 1
13927 0
604 4
31784 0
1481 4
3935 3
3855 5
24182 10
10597 1
13928 0
605 4
32825 0
3936 3
7267 2
10598 1
23541 1
3937 3
47829 5
7916 2
25560 1
7268 2
10244 4
6874 3
13930 0
607 4
1357 4
9944 6
131 10
16672 0
24824 2
10600 1
13931 0
608 4
29204 0
7270 2
1735 5
10601 1
13932 0
609 4
15554 4
7271 2
10602 1
14810 0
13277 3
13933 0
610 4
7887 4
10834 1
5976 5
18391 0
14199 0
1966 4
13934 0
611 4
3942 3
17381 2
47615 4
7196 4
7273 2
10604 1
612 4
3943 3
8155 4
7274 2
20758 3
7606 2
13936 0
613 4
19221 3
32485 0
753 6
3944 3
1487 4
4241 3
7275 2
14554 1
13937 0
614 4
14466 0
29267 1
10607 1
615 4
12368 1
13087 1
11512 1
8494 7
6102 7
10608 1
6812 8
616 4
27590 1
7278 2
33674 9
10609 1
11814 4
39961 0
13940 0
30130 1
3948 3
9238 6
13593 3
13941 0
618 4
16692 4
6463 4
7280 2
10537 3
619 4
3950 3
18495 4
14733 0
10612 1
22695 2
6153 4
3736 4
620 4
7773 2
3951 3
11233 3
7282 2
10613 1
11649 2
621 4
3173 7
11185 1
3952 3
12456 4
8810 2
7451 2
10614 1
1167 5
16517 3
7284 2
1493 4
747 6
10615 1
25425 2
13946 0
17800 3
30975 0
2626 7
7285 2
28496 1
10616 1
624 4
2260 8
838 5
13493 6
7286 2
625 4
3682 5
3956 3
24066 0
8238 2
13878 2
13949 0
626 4
4253 3
6513 6
13676 2
12905 4
461 5
15599 0
10619 1
13950 0
627 4
7457 2
35066 4
14567 0
13951 0
628 4
8560 6
7290 2
10621 1
16942 2
13952 0
629 4
3960 3
3497 5
24240 2
8010 5
13953 0
630 4
18174 1
14579 2
10623 1
14395 0
631 4
3962 3
7293 2
1499 4
13955 0
632 4
21792 0
23600 1
3963 3
4259 3
10625 1
20174 4
17219 1
633 4
3115 6
1416 4
3964 3
8095 2
764 7
28137 7
6969 6
7295 2
4494 7
68226 1
25807 9
10626 1
27058 1
3965 3
7296 2
11288 4
25926 1
17277 0
10627 1
11804 3
29041 5
13958 0
635 4
21838 1
5206 8
3966 3
7297 2
13959 0
636 4
53044 3
3967 3
13193 4
13960 0
637 4
3968 3
7299 2
25631 1
1816 6
10630 1
13961 0
638 4
3969 3
7300 2
428 8
10631 1
4534 3
5191 6
15207 5
10977 1
3970 3
28583 1
17741 4
13963 0
640 4
20291 1
20560 0
3537 9
3971 3
10633 1
17925 1
4596 4
13348 3
16225 2
12077 1
3972 3
26855 2
16533 3
7303 2
13861 9
4190 4
10634 1
13965 0
39913 0
10635 1
643 4
25208 2
3974 3
11312 5
7305 2
8257 3
10636 1
30031 1
5960 7
13967 0
644 4
33063 0
3975 3
22490 1
10637 1
4271 3
13968 0
645 4
9169 5
13969 0
646 4
10793 3
3977 3
19873 2
7308 2
20175 0
10639 1
6059 5
12440 2
15534 0
13970 0
5245 3
3978 3
7449 5
7309 2
14324 0
10640 1
22879 11
13971 0
648 4
9835 3
13899 5
10632 2
58295 3
7310 2
10218 7
10641 1
13972 0
42316 4
28997 1
3980 3
32926 0
7311 2
7642 2
10642 1
33536 0
16797 0
1511 4
650 4
8850 3
3981 3
14502 0
7312 2
2995 4
10643 1
651 4
23640 0
3982 3
23213 1
31808 0
11215 1
4546 3
13975 0
652 4
7481 2
32574 0
7314 2
23714 6
13976 0
5663 3
21513 6
15655 4
7315 2
10646 1
66661 1
654 4
15285 0
70085 1
10647 1
1918 9
12820 1
13978 0
19525 2
3986 3
33222 0
13919 1
7317 2
10648 1
656 4
18356 0
26553 0
3521 4
10649 1
657 4
11108 1
16899 5
15215 3
3988 3
4283 3
14158 0
13981 0
658 4
7487 2
32370 0
51302 0
4893 5
7320 2
7242 4
10882 1
16600 3
13837 14
10651 1
11919 6
22784 2
7542 3
12618 1
13982 0
830 6
5466 3
11334 1
39038 9
1475 4
3990 3
7321 2
20865 3
660 4
15119 0
3991 3
7322 2
10653 1
22648 2
5036 3
13984 0
661 4
4803 3
3992 3
14134 3
3987 4
13985 0
662 4
17889 3
3993 3
7324 2
10655 1
21920 3
2708 4
13986 0
663 4
11798 2
19998 3
29380 1
10656 1
4289 3
3995 3
68478 1
262 10
7326 2
4411 4
14253 0
13830 1
16799 4
10657 1
50997 1
6215 7
665 4
3996 3
12994 4
18841 6
12665 5
23580 3
10658 1
13989 0
666 4
3997 3
7328 2
10659 1
13990 0
667 4
16284 2
3998 3
7329 2
2727 7
10660 1
13991 0
1523 4
3999 3
7330 2
8099 5
12315 1
25702 1
71788 1
13992 0
669 4
19203 2
4000 3
31897 4
10662 1
12733 5
14609 0
13993 0
670 4
2682 8
14870 0
7499 2
5882 6
7332 2
27141 1
10663 1
13994 0
671 4
467 5
4002 3
7333 2
64664 1
10664 1
672 4
3204 6
25538 2
4003 3
13419 3
7334 2
9132 2
10665 1
6943 8
13996 0
673 4
4004 3
2373 8
24341 2
7335 2
11459 1
13997 0
674 4
30261 1
7666 2
10222 3
10667 1
675 4
8667 6
10775 2
31093 0
25239 0
7337 2
11013 1
20819 1
26786 3
10668 1
7827 2
13999 0
676 4
10894 2
8909 3
14912 2
12892 2
2488 5
14000 0
72207 0
7070 6
10670 1
13207 2
13046 1
4009 3
8631 7
7340 2
19020 0
679 4
31921 5
8592 5
10672 1
14003 0
680 4
17894 0
4601 7
21696 3
2391 4
7988 2
4821 3
13624 6
682 4
12363 2
18632 4
7344 2
10675 1
21912 2
6142 5
4014 3
36031 3
10676 1
15209 2
43955 3
14007 0
684 4
4015 3
23718 1
7346 2
27903 7
14971 0
10677 1
14008 0
31886 9
1534 4
15487 0
535 8
5706 4
7347 2
25134 3
14009 0
686 4
19596 2
4017 3
28633 1
8870 2
14538 0
6773 3
5221 5
24883 9
16501 0
687 4
19370 3
4018 3
7101 4
10180 2
14011 0
688 4
7517 2
7350 2
17095 1
689 4
17854 4
4020 3
71710 0
7351 2
7313 4
10682 1
20305 4
690 4
18309 0
4021 3
7352 2
33170 0
14436 1
14014 0
691 4
32663 0
4022 3
12957 1
7353 2
9387 6
10684 1
14015 0
10685 1
7530 4
14016 0
693 4
14246 1
16343 2
33027 0
394 7
8383 9
7355 2
11031 1
15916 3
4025 3
27768 1
7356 2
7523 2
32453 0
10687 1
2595 7
14018 0
695 4
16683 3
21331 5
4026 3
913 6
7357 2
14372 0
16175 0
29104 1
10311 2
696 4
4027 3
8739 2
7358 2
697 4
3668 9
4028 3
14012 5
11810 1
7359 2
18616 2
15756 4
4202 6
10690 1
5343 8
698 4
4029 3
26986 2
7360 2
10691 1
2930 5
34717 3
14022 0
4030 3
7361 2
10692 1
14023 0
700 4
25773 1
4031 3
7362 2
27007 6
7529 2
10693 1
14024 0
25038 2
4032 3
31152 0
4839 3
1969 7
7363 2
2732 4
10694 1
15344 5
14025 0
702 4
4033 3
269 6
8968 3
10695 1
703 4
4034 3
13490 3
25573 6
704 4
4594 3
1631 6
13083 4
7366 2
53336 2
3743 6
705 4
1765 5
9379 10
11709 1
4036 3
2026 4
7367 2
16436 0
10349 7
11156 1
10698 1
10170 6
25345 2
14206 0
14029 0
18001 0
8012 2
4037 3
20972 3
7368 2
10699 1
27224 1
14030 0
1207 5
4038 3
11454 4
7369 2
20099 3
8188 5
4039 3
7370 2
26075 1
10701 1
14032 0
709 4
7371 2
14033 0
23777 1
17598 0
7372 2
6093 3
10703 1
3293 6
9031 2
7702 2
711 4
4042 3
1593 4
16906 4
2828 7
10887 4
10704 1
3340 7
7541 2
1553 4
14036 0
713 4
29493 1
7863 2
4044 3
16092 4
11608 1
13581 1
48635 4
31950 0
714 4
17030 5
4337 3
6328 7
15861 1
715 4
4046 3
10708 1
7092 5
5205 4
7378 2
12840 5
10709 1
5305 3
6457 3
14040 0
25950 0
4048 3
2055 9
19667 2
6680 6
7379 2
24442 2
10710 1
6109 7
14218 0
14041 0
12629 4
7380 2
10711 1
7547 2
11281 2
10942 1
70716 0
21995 2
4050 3
16402 2
16947 1
7381 2
20737 6
6225 5
11993 4
10712 1
14043 0
720 4
4051 3
7382 2
10713 1
7384 4
14044 0
721 4
14485 0
12056 6
4857 3
5026 4
393 10
1559 4
10714 1
8774 6
14045 0
722 4
11650 3
4053 3
10020 5
23711 3
2486 8
10715 1
14046 0
723 4
7385 2
10716 1
724 4
2038 4
4055 3
7386 2
10717 1
3563 4
14048 0
725 4
4056 3
22057 3
17572 2
31034 2
17570 1
14049 0
726 4
4057 3
10719 1
4349 3
10441 4
4708 7
727 4
4058 3
31211 0
13360 4
28785 1
8185 2
10720 1
14051 0
728 4
4059 3
9027 3
7390 2
14052 0
729 4
4060 3
32058 0
15274 0
21809 3
7074 8
14053 0
730 4
32752 0
4618 3
14930 0
7392 2
10723 1
7559 2
14054 0
731 4
10954 1
32536 0
30392 1
25844 1
7393 2
11514 5
996 6
14055 0
732 4
7387 8
642 8
11406 1
7394 2
16700 3
10725 1
18614 1
733 4
4064 3
8043 3
27857 1
19631 0
7395 2
14057 0
734 4
4065 3
32881 5
7396 2
10727 1
22797 2
735 4
7726 2
8626 4
15108 0
736 4
36403 0
22962 2
10729 1
14060 0
737 4
1652 4
7399 2
33128 0
20040 2
10730 1
22017 1
14061 0
738 4
13790 3
4069 3
1278 5
17967 4
13755 6
7400 2
2427 4
10731 1
739 4
4070 3
1571 4
7401 2
12814 5
4267 5
10732 1
862 5
24257 0
21669 0
18067 3
14063 0
740 4
8472 3
10733 1
8768 7
741 4
15713 0
7403 2
51035 1
15857 4
10734 1
5370 6
14242 0
14065 0
742 4
20114 9
29211 1
23380 1
9342 5
5108 3
14066 0
41961 2
10966 1
4074 3
27307 1
13172 4
11537 4
10736 1
744 4
2831 8
4075 3
5909 4
7406 2
30794 6
18769 4
14068 0
32021 0
16461 2
7407 2
14069 0
746 4
4077 3
15871 4
58636 4
7408 2
8277 5
14125 5
10739 1
20436 4
14070 0
6994 4
26720 0
955 7
25145 2
14071 0
748 4
16999 8
24319 4
526 6
7410 2
19738 2
28770 1
14072 0
7577 2
17139 2
4080 3
10520 3
4041 4
7411 2
3382 6
750 4
14776 0
7899 2
4081 3
7412 2
26668 5
10603 2
20514 0
47259 2
1434 6
15037 0
751 4
14515 0
4082 3
20200 3
10744 1
4373 3
752 4
7455 4
7414 2
10745 1
14076 0
5747 3
4084 3
31270 0
7415 2
10746 1
33448 0
14254 0
14077 0
754 4
8793 2
14693 0
4085 3
3799 9
11204 1
9086 3
7416 2
14078 0
755 4
10283 6
7583 2
37909 1
27117 2
7417 2
22078 2
9669 3
11857 8
2929 7
6308 5
14079 0
756 4
4087 3
7418 2
29502 0
10749 1
14080 0
757 4
17473 10
5944 3
1583 4
24139 6
4088 3
4668 4
7419 2
479 5
10750 1
14081 0
758 4
17013 4
4089 3
9478 2
7420 2
19519 15
39187 1
42244 2
11870 1
14082 0
759 4
4090 3
7421 2
10752 1
14083 0
15394 3
760 4
9347 2
20488 1
11763 1
7422 2
5480 8
10753 1
4780 5
4092 3
7589 2
2062 4
7423 2
24543 2
10754 1
12405 1
7640 5
14085 0
762 4
4093 3
23895 1
7424 2
25915 1
10480 7
763 4
1203 5
12947 5
1711 4
7425 2
6441 7
10756 1
15943 13
33798 0
14087 0
4095 3
7426 2
9615 2
765 4
4096 3
9536 6
10758 1
7272 6
14089 0
13632 3
4097 3
19376 2
11103 1
7428 2
10759 1
8519 2
6055 6
7429 2
16849 3
14091 0
768 4
41241 1
8388 4
15078 1
1079 6
4099 3
25482 2
10761 1
11442 1
14092 0
769 4
32841 0
4100 3
58681 2
1349 5
14093 0
770 4
5132 3
25764 2
10763 1
14223 1
4391 3
14094 0
15268 1
17161 5
16520 2
23837 0
8126 4
28034 11
28886 1
10764 1
772 4
2599 8
4103 3
7762 2
27946 1
14307 2
11413 12
14361 0
4104 3
11335 1
4815 7
10766 1
14097 0
774 4
7436 2
10767 1
3342 4
14098 0
775 4
4106 3
7437 2
23051 2
15179 1
10768 1
11615 5
14325 3
14099 0
776 4
6147 3
3832 4
4107 3
771 6
60196 2
14100 0
777 4
4397 3
4108 3
7440 2
524 10
10771 1
749 8
18156 3
779 4
21922 3
11002 1
31329 0
7607 2
7441 2
27390 1
23842 3
12631 1
12940 1
19809 2
14103 0
780 4
11620 4
2192 9
4111 3
9145 3
7442 2
10773 1
13546 1
14104 0
14545 0
4911 3
22019 0
33229 0
19282 0
11472 3
14105 0
782 4
8771 5
26077 4
4666 3
4113 3
9097 2
7444 2
26224 1
12001 1
783 4
4114 3
7526 4
1601 4
4112 5
7445 2
14107 0
784 4
33384 0
4115 3
7446 2
6684 3
12031 3
10777 1
785 4
13748 1
4116 3
8366 5
15958 4
18407 1
5574 3
1004 6
7448 2
787 4
7205 8
42662 1
2043 6
16241 4
18080 4
10780 1
22194 3
23954 1
10781 1
3471 6
14112 0
33157 1
4120 3
11228 2
1770 4
4409 3
790 4
21010 1
7452 2
7453 4
14990 0
16089 3
14379 0
14114 0
4122 3
3372 5
11014 1
38497 2
10784 1
14468 0
2768 7
6258 7
792 4
32195 0
14818 2
1607 4
4123 3
6391 5
13719 2
7454 2
14116 0
793 4
25986 1
26989 8
794 4
10026 2
4125 3
7185 3
14646 0
10787 1
14118 0
795 4
4678 3
2463 4
13886 6
10788 1
20301 3
3085 4
14119 0
796 4
14238 5
10789 1
12334 1
13703 3
4128 3
7459 2
5156 3
10794 3
6523 3
14121 0
798 4
4129 3
7460 2
167 8
10791 1
24721 2
14122 0
799 4
1795 5
28471 2
7461 2
15850 1
21186 3
3030 7
14123 0
800 4
4131 3
18795 2
7462 2
1420 5
1613 4
4132 3
7463 2
14302 0
12233 1
4421 3
18164 1
17279 0
10795 1
5789 3
14126 0
803 4
9193 3
33561 0
4134 3
8905 7
3507 7
29353 6
34946 6
13368 1
11365 1
14127 0
20567 4
804 4
16932 3
2148 7
10396 6
7466 2
1162 6
17120 4
14135 2
14128 0
805 4
4136 3
31388 0
11478 1
24644 2
23449 11
8108 2
806 4
12863 1
2536 5
9204 3
7468 2
10799 1
14130 0
30098 9
7469 2
32163 0
18906 4
10800 1
32930 0
14131 0
72747 0
6847 6
10801 1
14397 0
22946 2
17869 11
4140 3
7471 2
1619 4
7373 6
10776 2
14133 0
810 4
13054 5
3945 5
10803 1
811 4
19880 2
4142 3
28035 1
3930 9
49629 0
13939 2
7473 2
28907 1
10804 1
9330 3
8561 2
812 4
17476 1
4393 6
8847 2
31753 4
4143 3
16408 1
27248 2
21510 0
10805 1
6554 7
14136 0
813 4
16123 0
10538 2
4144 3
28891 6
16710 0
7475 2
12963 5
10806 1
10187 5
591 7
15358 0
5126 5
14137 0
814 4
39889 1
26123 0
4145 3
24013 1
23140 2
26563 5
35894 12
14138 0
815 4
8988 6
4146 3
44522 3
12802 4
1829 4
7477 2
11038 1
10808 1
28987 1
13178 1
7643 2
14492 0
816 4
27473 1
4147 3
11703 4
7478 2
2804 4
7042 3
10809 1
2098 4
817 4
4148 3
15103 0
7479 2
26967 7
40454 5
10810 1
18245 3
28718 6
818 4
2980 8
7480 2
13527 4
819 4
9301 10
20817 0
35642 2
11044 3
35047 2
10812 1
10611 7
11716 5
14143 0
820 4
25877 2
3766 5
4922 7
7482 2
11930 1
15536 0
11157 1
59212 4
33929 0
14144 0
4702 3
6744 4
13350 4
2712 8
7483 2
10814 1
7649 2
14145 0
4153 3
12172 4
10815 1
14146 0
823 4
14803 15
5617 8
4154 3
14176 1
16638 2
7485 2
2481 4
53286 3
10816 1
8675 3
14147 0
824 4
4155 3
7971 2
39757 0
8455 5
10817 1
3940 6
26057 1
825 4
4156 3
11371 12
856 8
11490 2
10818 1
33330 0
14149 0
11078 4
7488 2
10819 1
14150 0
11276 1
15618 5
4158 3
7489 2
10820 1
3560 6
828 4
4159 3
17292 5
22244 2
13774 3
22035 3
23318 10
6474 5
10821 1
20207 2
14152 0
829 4
9276 2
4160 3
16059 4
14153 0
4161 3
7492 2
29651 0
32017 3
14682 0
33491 0
14154 0
831 4
25619 2
27674 11
31447 0
13891 1
10824 1
50285 4
15145 2
1491 5
832 4
4163 3
12156 1
7494 2
9263 3
3378 4
10825 1
833 4
15436 2
7822 2
4451 3
10826 1
23547 1
14157 0
834 4
4714 3
4165 3
7496 2
6446 4
19668 3
15465 0
4166 3
4310 4
1637 4
7497 2
655 10
10828 1
14159 0
836 4
7289 5
29425 1
4167 3
5448 5
8728 2
7376 3
7498 2
10829 1
23973 3
7531 3
18193 4
837 4
20437 9
20444 0
10830 1
14161 0
4169 3
7500 2
14777 0
10831 1
22836 1
46898 4
14162 0
26887 0
4170 3
7501 2
11062 1
9685 6
4457 3
9515 5
20402 3
840 4
32785 0
17763 2
4171 3
491 5
15981 0
7502 2
24072 1
17015 3
22196 1
10833 1
1245 6
14164 0
841 4
25359 2
7503 2
1888 4
14165 0
842 4
7504 2
2329 9
7989 2
54457 1
14166 0
7505 2
43429 0
10836 1
14167 0
844 4
3131 7
7336 8
7506 2
5549 6
10837 1
14168 0
845 4
4176 3
30654 1
14351 5
7507 2
10838 1
7668 4
7834 2
11847 2
14169 0
846 4
4463 3
7673 2
4177 3
21293 3
10839 1
12330 6
33019 0
14170 0
16325 0
847 4
10638 4
4178 3
7509 2
10840 1
848 4
4179 3
7510 2
849 4
4180 3
7511 2
16697 2
40874 4
10842 1
24745 2
14173 0
850 4
28124 1
17244 0
52419 2
9562 2
886 5
7512 2
12067 1
10843 1
22331 3
10116 3
14174 0
851 4
4182 3
17227 4
5204 3
14175 0
21084 0
27556 1
7514 2
10845 1
1532 5
853 4
4184 3
2122 4
8454 2
23229 2
14010 1
10509 6
10846 1
14177 0
854 4
7474 6
16248 0
4185 3
24448 0
14782 1
7516 2
10847 1
14178 0
855 4
4186 3
8156 2
26128 1
4187 3
8603 2
13161 5
10849 1
18334 3
14180 0
4188 3
66155 2
7519 2
10850 1
14181 0
858 4
7846 2
33277 3
7520 2
9322 3
859 4
23407 5
7521 2
13845 3
10852 1
1864 6
5295 4
29088 1
3647 4
860 4
13439 4
4191 3
10853 1
29832 1
861 4
20698 4
16390 4
10854 1
44162 0
9095 6
1146 7
7524 2
15573 3
14451 0
1562 5
8544 5
7525 2
9705 2
14187 0
864 4
11817 5
7691 2
6228 6
10857 1
4481 3
14188 0
6557 5
10491 3
7527 2
6407 7
866 4
7781 4
4197 3
9042 7
17671 0
24131 1
10859 1
3649 6
14190 0
867 4
5029 7
1947 4
10860 1
868 4
4199 3
4061 9
10861 1
869 4
4200 3
25990 2
17336 2
27379 2
10862 1
33431 0
870 4
32305 0
5646 3
4201 3
7858 2
19043 4
17511 0
2825 8
11871 1
14194 0
871 4
14635 0
7533 2
10864 1
35239 4
872 4
963 8
7364 4
10865 1
14196 0
873 4
6756 3
4204 3
20022 2
17358 1
17102 0
14197 0
874 4
17185 0
16160 4
14374 0
4205 3
29044 1
7536 2
10867 1
16604 0
14198 0
875 4
6410 3
7537 2
10868 1
876 4
4207 3
7831 5
46492 1
7538 2
7703 2
32868 0
10742 7
2082 5
17098 3
7739 4
877 4
1328 6
28141 5
4493 3
33598 0
11883 3
22148 3
10870 1
14201 0
878 4
34060 0
4209 3
1667 4
7540 2
18738 0
6589 3
5228 3
26643 7
4210 3
12751 2
2517 4
10872 1
14203 0
880 4
20685 1
13488 2
14204 0
25597 0
4212 3
5001 3
7543 2
10874 1
882 4
71508 0
9979 2
12311 1
7544 2
10875 1
29532 1
23095 2
883 4
4214 3
13743 1
41654 0
37101 6
10876 1
12418 1
14207 0
884 4
20503 3
15940 0
7546 2
8335 2
9381 3
8950 5
14208 0
14342 7
8853 4
4216 3
17423 5
10878 1
5754 8
33108 0
4762 3
14209 0
14386 0
18306 4
7548 2
10879 1
14210 0
4218 3
26199 1
7549 2
8776 2
13112 5
11669 1
10880 1
16262 3
8020 3
25466 2
14211 0
888 4
3232 7
4219 3
7550 2
10881 1
53978 0
27639 1
2941 7
14212 0
889 4
11869 4
4220 3
3414 4
334 8
15755 5
5455 3
53934 3
4221 3
14516 3
15003 0
10883 1
13916 3
14214 0
891 4
13185 2
10884 1
24034 0
892 4
3129 8
4223 3
786 10
24190 1
14216 0
893 4
21400 3
8169 3
538 6
4224 3
2006 4
10886 1
24104 3
25756 2
24846 2
4225 3
1633 5
14464 5
3674 7
37627 1
12002 2
15353 0
4226 3
7557 2
21902 0
18423 3
896 4
10889 1
14220 0
897 4
4228 3
10890 1
19153 10
14221 0
7575 6
17334 4
15442 0
7560 2
10891 1
14222 0
899 4
13528 4
4230 3
7561 2
11348 1
7014 6
900 4
4231 3
7562 2
10893 1
7727 2
14224 0
901 4
22410 2
7467 8
32376 0
4232 3
6640 5
7563 2
16815 2
33787 0
902 4
5873 3
30785 1
8633 5
7564 2
4517 3
10895 1
45326 5
14754 0
14226 0
903 4
10622 6
18974 2
4234 3
13268 5
898 5
29189 1
4235 3
7566 2
21201 1
29800 0
13060 1
20093 2
10741 2
10354 5
905 4
9872 2
2466 9
7567 2
10898 1
3738 6
14229 0
906 4
4237 3
12228 1
7568 2
14230 0
907 4
7894 2
2327 7
4238 3
7569 2
10900 1
7810 4
4239 3
7570 2
9202 6
10901 1
4523 3
19817 3
4240 3
12467 6
2799 5
14148 6
31624 0
10902 1
14233 0
910 4
13694 4
29945 1
17216 1
16860 1
7572 2
9440 3
10903 1
15110 0
26296 0
6780 7
7573 2
41251 3
10904 1
46191 3
4786 3
14235 0
912 4
5682 3
4243 3
1673 6
12975 4
7574 2
37022 6
10905 1
32951 0
4518 5
14236 0
17181 3
22468 3
3223 5
10134 2
1411 6
10906 1
9834 6
5136 7
14237 0
914 4
50511 5
18045 0
4245 3
915 4
17034 3
4246 3
68089 1
11586 1
916 4
7578 2
10909 1
8061 2
15632 0
19337 0
32469 0
7579 2
14937 1
918 4
20829 4
16261 4
4249 3
12133 1
7580 2
26270 1
26103 2
10911 1
1070 8
919 4
4250 3
14659 15
7581 2
2065 4
10912 1
503 5
2938 8
14243 0
920 4
20374 2
4251 3
7582 2
12680 2
1697 4
32234 3
41869 0
7126 3
52924 5
921 4
64539 1
4252 3
43754 6
14245 0
14422 0
4149 4
34387 4
7584 2
5019 5
31309 6
4254 3
7585 2
8621 4
8616 3
6023 4
924 4
11146 1
11372 1
4255 3
33705 0
5485 3
7586 2
10917 1
12977 1
33197 0
4798 3
925 4
9229 2
4256 3
12351 4
4192 9
11485 1
1704 5
11952 4
69954 1
10918 1
14249 0
926 4
4257 3
39902 1
7588 2
4584 6
27510 2
14250 0
927 4
36757 3
16874 2
10920 1
14251 0
928 4
28302 1
20604 3
7590 2
10921 1
9179 7
6088 3
46646 0
3928 4
29639 1
7591 2
2876 4
10922 1
930 4
4261 3
27054 0
18709 0
7592 2
10923 1
931 4
7757 2
7758 3
4262 3
22246 0
14695 0
12145 2
10924 1
1556 5
14255 0
3333 7
4263 3
32447 0
10925 1
60455 3
8365 4
19180 4
14256 0
789 6
4264 3
5276 3
7595 2
10926 1
4547 3
788 7
12258 3
4265 3
10783 3
7596 2
10927 1
18512 3
14258 0
935 4
34191 0
4266 3
16539 4
18419 4
8079 2
20777 0
23009 1
20164 2
14259 0
936 4
9499 3
10929 1
9688 5
2270 6
14260 0
937 4
4268 3
22493 2
1709 4
10930 1
6723 5
938 4
13617 4
24947 2
4269 3
7263 4
7600 2
8824 2
10931 1
14262 0
939 4
4270 3
7881 4
7601 2
21507 3
6556 7
940 4
20232 0
7602 2
10933 1
14264 0
18640 1
8722 5
7603 2
16766 8
41713 3
942 4
4273 3
7676 6
17554 5
10935 1
14968 0
943 4
11711 3
4274 3
2182 4
7605 2
22375 1
14577 5
14267 0
4275 3
3827 6
24308 1
9110 2
10937 1
17441 4
14268 0
945 4
4979 4
4137 6
4276 3
2124 4
14558 2
14269 0
946 4
35773 1
4277 3
39783 6
10939 1
16172 1
4278 3
5728 6
7609 2
6470 3
10940 1
20803 4
12585 1
11283 1
948 4
19924 0
29290 1
5891 8
14272 0
949 4
33034 0
917 10
17264 3
26341 1
46551 0
950 4
1494 6
13375 5
4822 3
24235 3
14274 0
33900 0
7613 2
10944 1
14275 0
952 4
12019 5
10735 6
7614 2
15892 5
15324 0
10945 1
14058 3
4284 3
15057 2
16933 2
10946 1
14277 0
954 4
8097 2
5718 3
13512 1
10420 2
1721 4
7616 2
17954 2
4286 3
9309 6
8252 2
1028 6
7617 2
10948 1
7472 3
4287 3
7486 5
25893 2
1775 5
10949 1
23244 2
14280 0
957 4
4288 3
22826 10
10950 1
14281 0
7598 8
14458 0
33633 0
509 5
7620 2
11848 1
5515 3
14282 0
4290 3
30058 1
7621 2
1255 6
10952 1
14283 0
960 4
14636 0
4291 3
19722 2
17518 0
11182 1
5243 7
7622 2
6893 7
14284 0
961 4
2194 4
4292 3
6828 3
6401 6
7623 2
27805 1
12035 4
14285 0
962 4
4293 3
16362 4
2571 4
9795 2
31789 2
4369 5
9558 3
47066 1
10955 1
12389 1
7625 2
32518 0
4834 3
33286 0
18403 1
14287 0
964 4
1257 5
4295 3
281 6
7626 2
7633 3
10957 1
14903 0
14288 0
965 4
1177 8
15752 3
10958 1
14289 0
966 4
11301 1
3278 8
4297 3
14279 6
14290 0
967 4
8562 2
28391 1
20235 2
4298 3
7793 2
10835 4
26216 2
968 4
2603 9
7630 2
24639 0
14292 0
969 4
3051 8
4300 3
5359 5
10962 1
7710 4
14293 0
970 4
4301 3
9962 3
18668 0
23496 2
7632 2
7952 4
24367 1
10963 1
15941 0
14294 0
33812 0
6309 3
1733 4
30739 1
4583 3
2183 4
972 4
12604 6
4303 3
20705 3
10965 1
15858 0
973 4
34081 3
20413 14
15431 0
18601 3
22576 2
14297 0
974 4
21749 0
6806 5
4305 3
10967 1
14298 0
975 4
20960 4
10968 1
14299 0
976 4
22605 3
29746 1
22374 3
3434 7
7638 2
4846 3
1337 7
10969 1
10563 2
6220 4
11051 3
14300 0
13706 4
7639 2
978 4
4309 3
29949 0
14184 3
10971 1
2206 4
2118 5
7641 2
16992 2
10972 1
59428 0
14303 0
980 4
32606 0
39674 2
8276 2
8811 5
10973 1
26412 1
981 4
5091 3
501 8
4312 3
4609 4
25680 2
41583 4
25048 2
4323 9
7644 2
24523 10
15526 0
10975 1
15663 2
19966 3
13988 2
7645 2
27641 2
3916 6
10976 1
25776 0
984 4
14392 2
29719 5
39693 8
14129 3
7646 2
5552 4
18532 4
16435 3
14308 0
74408 0
3205 4
47882 0
33117 0
10978 1
5675 5
52746 2
3114 7
14309 0
986 4
17347 3
3841 7
12199 1
11545 1
7777 6
4812 4
1577 6
10979 1
43279 0
14310 0
987 4
4318 3
15378 2
10980 1
9129 5
9983 6
31801 0
1846 5
988 4
7650 2
9617 3
10981 1
14312 0
989 4
4320 3
7651 2
2589 4
8872 2
10982 1
14313 0
990 4
18283 0
10983 1
8022 5
11004 7
15016 0
14314 0
991 4
21829 5
8133 2
7181 6
17733 1
4322 3
7653 2
9316 7
17548 4
7817 2
14315 0
992 4
34322 0
29391 1
11295 3
37399 2
10985 1
7978 2
993 4
15793 0
14690 5
5545 3
4324 3
7655 2
10986 1
14317 0
14494 0
3653 5
38683 1
7656 2
10081 2
22742 10
16890 0
10987 1
32589 0
14318 0
995 4
12942 1
4326 3
4208 5
7657 2
19317 4
10988 1
6319 7
14319 0
10521 5
4327 3
12120 5
7658 2
14202 2
2218 4
10989 1
24426 1
13482 5
997 4
11444 1
4328 3
7659 2
2242 4
10990 1
7823 2
27888 1
14321 0
998 4
16475 0
4329 3
12118 4
20306 2
21074 0
17720 0
7961 3
10991 1
14322 0
999 4
16392 0
4330 3
17685 5
7661 2
10992 1
14323 0
1000 4
34013 0
19339 6
10993 1
20882 1
1001 4
4332 3
11918 6
7663 2
5385 4
10848 6
9416 6
4333 3
11337 1
33375 0
10995 1
14326 0
25276 5
7665 2
41511 8
10996 1
7829 2
14327 0
4335 3
17821 5
19549 11
14707 3
8598 2
14328 0
1005 4
4336 3
7667 2
10998 1
17051 2
28480 1
14506 0
17201 3
16463 4
1048 10
1007 4
40309 0
5350 7
4338 3
4203 4
7669 2
11896 1
11000 1
24366 3
1008 4
922 5
4339 3
26469 0
14684 0
11001 1
14332 0
1009 4
4340 3
23585 2
16688 4
13148 4
7671 2
2506 7
14333 0
7006 7
18384 0
22659 2
4341 3
25021 10
6889 5
44233 3
11003 1
14334 0
1011 4
6028 8
4035 5
14862 0
20541 2
9794 5
11075 2
14335 0
1012 4
24231 0
26483 1
42051 8
1284 8
7674 2
60965 3
18690 3
14837 1
12752 1
14336 0
4344 3
7675 2
15728 0
11006 1
31860 0
6705 7
1014 4
24637 3
4345 3
19593 0
16659 0
8825 3
9676 3
1015 4
16029 5
4346 3
2097 6
4882 3
7677 2
14200 3
11008 1
11313 2
13795 4
7841 2
1016 4
4347 3
31047 1
20806 3
23881 1
7678 2
8002 2
4348 3
67064 1
11010 1
31737 6
14341 0
63190 1
7365 3
3164 8
7680 2
11011 1
21392 1
1917 5
26030 2
4350 3
8900 5
7681 2
1020 4
19454 9
6530 3
4351 3
3535 7
5127 3
14344 0
1021 4
4352 3
27221 0
14785 0
14345 0
1022 4
33200 0
17430 3
4005 6
11015 1
1660 6
29853 1
1023 4
7685 2
14410 6
11016 1
2301 4
7025 4
14347 0
1024 4
4355 3
7686 2
15396 0
14348 0
1025 4
14368 1
11694 1
14613 0
4356 3
4430 4
7687 2
22487 3
21335 0
11018 1
21122 5
26671 8
14349 0
1026 4
32660 0
34279 3
4357 3
7688 2
11019 1
11206 2
14350 0
1027 4
16701 1
4358 3
51146 0
11020 1
12567 4
4637 3
25787 2
12530 4
7853 2
4359 3
4894 3
20713 0
7690 2
11670 2
14352 0
1029 4
4360 3
13180 1
8014 2
20377 2
14353 0
1030 4
8324 2
6313 7
7878 6
25252 5
2740 9
11023 1
44191 3
23393 2
14354 0
63130 1
4362 3
7693 2
3235 4
15230 0
11024 1
17110 2
14355 0
1032 4
19068 1
21091 4
4363 3
14708 0
7694 2
11025 1
23182 1
10242 2
14665 1
8094 4
14356 0
1033 4
53342 0
12116 3
21721 3
521 5
7695 2
9861 5
1034 4
18645 4
4643 3
4365 3
27971 1
7696 2
12201 4
12741 6
11027 1
9080 4
1035 4
13410 5
11028 1
1036 4
4367 3
29492 1
1037 4
29593 4
4368 3
8426 3
7699 2
36579 8
16167 1
17655 4
7700 2
36273 8
1039 4
15615 1
4370 3
8032 4
4454 9
7701 2
31919 0
14363 0
1040 4
3427 8
4371 3
4649 3
58764 1
12221 5
27772 2
9735 3
4775 6
14364 0
4372 3
8485 2
9510 3
33464 0
8026 2
11034 1
14365 0
8634 2
6184 3
14631 0
4374 3
26554 1
7705 2
13589 5
16772 0
14367 0
1044 4
4375 3
9641 3
7706 2
11037 1
2853 5
1045 4
4376 3
7707 2
1787 4
60681 0
14369 0
1046 4
41474 2
14291 1
4377 3
22554 1
33835 0
7708 2
8187 2
14271 3
6972 5
1047 4
50601 3
4378 3
13501 1
11040 1
11135 7
26462 11
14371 0
15437 1
4379 3
23674 2
11041 1
17193 0
24544 1
14987 0
4380 3
6739 4
34126 0
11042 1
2360 4
15532 1
14373 0
1050 4
5907 6
18017 0
4381 3
1988 5
5999 3
16564 4
7712 2
11269 6
11043 1
10961 6
1051 4
22135 0
4382 3
25651 7
18779 3
14815 0
15509 0
14375 0
4383 3
7877 2
7714 2
11045 1
1053 4
7715 2
10397 3
5457 7
8038 2
1054 4
4918 3
4385 3
9453 7
29737 7
985 7
12372 1
7716 2
22261 9
11047 1
13884 4
8348 2
14378 0
1055 4
11460 4
4386 3
7717 2
11048 1
1056 4
21271 6
10760 3
17816 5
11944 1
11049 1
11391 1
11278 1
1057 4
20115 3
19895 2
7627 4
11050 1
17169 2
1058 4
30284 1
4389 3
7883 2
6574 6
7720 2
17621 1
934 5
17513 3
3522 4
14382 0
1391 8
1743 6
4390 3
7119 7
11052 1
14383 0
1060 4
22663 12
5163 3
7722 2
20907 3
20448 2
11053 1
9885 2
14384 0
52334 1
4392 3
7723 2
4094 6
11054 1
10132 6
29455 1
12193 13
11055 1
1063 4
4394 3
39098 6
7725 2
44678 1
1179 10
11056 1
14387 0
1064 4
8165 4
34026 0
3636 7
11057 1
24497 3
14388 0
4396 3
4673 3
4334 6
11058 1
31978 0
14389 0
1066 4
14566 0
149 9
12170 1
26442 2
7728 2
11059 1
1067 4
4398 3
13561 7
5057 4
3277 8
11060 1
14391 0
53841 7
1069 4
18145 2
4400 3
40826 8
7731 2
29960 1
11516 1
4401 3
7732 2
25250 2
28054 1
11063 1
2643 4
1071 4
12284 4
43977 8
7733 2
4679 3
57873 0
1072 4
7860 8
4403 3
668 8
18072 1
1073 4
27494 3
15931 9
4404 3
31178 1
7735 2
1912 6
6165 8
7736 2
26625 1
7979 6
25894 2
11067 1
22600 3
24603 1
14398 0
1075 4
11409 1
4406 3
11068 1
2419 4
14399 0
8791 8
7738 2
7901 2
7683 5
11069 1
14400 0
2972 4
4408 3
4008 7
11070 1
3265 4
14401 0
1078 4
1811 4
7740 2
73870 0
8813 2
11071 1
26820 1
14402 0
13393 5
8854 4
61588 0
17306 0
4410 3
14667 0
2154 5
5826 3
7741 2
21828 3
4024 4
14403 0
1080 4
7742 2
33553 0
14541 6
11073 1
22473 0
14404 0
1081 4
11302 1
15966 0
2059 5
14845 0
16608 3
42907 0
14405 0
1082 4
4413 3
7348 6
7744 2
31742 2
7907 2
22825 2
3287 7
14406 0
1083 4
24830 0
7055 5
7745 2
13769 2
8223 2
12485 3
17228 2
28658 1
14407 0
1084 4
5258 5
4691 3
807 6
4415 3
7746 2
75032 0
12322 5
11077 1
36853 3
1604 5
14408 0
1085 4
41029 0
4416 3
7747 2
75649 0
1086 4
4769 5
44409 8
4417 3
48578 1
2497 6
25955 0
11079 1
1087 4
23763 2
4418 3
15112 0
10688 5
7749 2
11080 1
11032 4
6854 7
14411 0
1088 4
32802 0
7750 2
34189 3
14412 0
1089 4
21222 4
4420 3
7751 2
1090 4
13696 5
7752 2
42319 0
33936 0
9308 5
18868 3
11083 1
14414 0
1528 7
4422 3
1293 5
7753 2
14916 5
11084 1
20519 2
32037 0
14415 0
1092 4
9022 3
4423 3
6590 3
7754 2
14028 4
11085 1
4954 3
14416 0
1093 4
11314 1
51554 1
4424 3
2877 9
7755 2
11086 1
13973 4
16233 0
1094 4
8604 4
7756 2
1823 4
16665 4
33366 0
11087 1
7919 2
1095 4
17596 3
9630 6
8236 4
1826 6
11088 1
14419 0
4585 9
4703 3
11089 1
12937 1
18873 1
14420 0
9078 5
15468 0
4428 3
12878 6
7759 2
17368 3
2661 4
14421 0
1098 4
35653 2
4429 3
7760 2
11091 1
14381 3
1099 4
7761 2
6041 3
9659 2
14423 0
1100 4
5199 3
11074 6
4431 3
4183 6
5564 7
11093 1
9117 2
24662 1
14424 0
1101 4
4432 3
17485 1
11879 1
11094 1
2478 4
14425 0
1102 4
4433 3
20708 2
14426 0
4434 3
26255 4
11096 1
8545 2
14427 0
1104 4
10057 11
11786 6
13656 1
21008 3
11950 3
8396 2
11266 7
23542 2
14428 0
1105 4
8213 5
26642 0
32880 0
11992 1
34977 8
1498 8
26696 1
16666 0
14429 0
1106 4
13478 2
39412 3
34584 0
4437 3
13321 4
15735 0
11099 1
10183 2
14430 0
1107 4
10802 2
7769 2
24048 1
11100 1
49766 2
11665 1
14431 0
1108 4
4439 3
7770 2
7232 7
3737 7
36698 1
19332 2
14432 0
14413 3
4440 3
7771 2
13559 5
11102 1
14433 0
1110 4
17730 2
4441 3
7772 2
32743 5
34133 0
11629 2
4442 3
9853 7
13231 14
13062 2
14435 0
1112 4
7774 2
2685 7
27388 0
2130 5
11105 1
7937 2
1113 4
17141 1
14437 0
3576 8
4445 3
14614 0
3558 4
7776 2
15296 2
40567 1
14438 0
1115 4
8098 2
4446 3
4721 3
26555 2
14439 0
1116 4
4447 3
7171 8
7778 2
11109 1
10689 2
9590 7
73337 0
3390 8
14440 0
1117 4
4448 3
11338 1
7779 2
32096 0
1118 4
1052 6
4449 3
8706 2
8080 6
11111 1
2302 4
9912 3
1119 4
4490 4
6787 3
22908 2
14898 3
11046 3
55806 3
33642 0
32873 0
7138 5
11112 1
1120 4
7782 2
21040 0
1310 10
8259 2
11113 1
19591 4
14444 0
5862 3
4452 3
26001 2
7783 2
11114 1
24628 3
58647 1
1122 4
4453 3
5444 3
14654 1
7784 2
16346 0
11115 1
28747 1
33667 5
1123 4
20590 2
3295 4
11116 1
14447 0
22713 3
4455 3
7786 2
29694 1
11117 1
29592 1
5592 5
14448 0
1125 4
7949 2
18642 1
9814 2
11118 1
16180 0
12206 2
14449 0
23852 2
30247 0
21935 3
8307 4
11119 1
1847 4
14450 0
1127 4
7789 2
11120 1
4733 3
7294 3
12230 1
2537 4
1128 4
3516 5
4459 3
7790 2
14804 0
12423 5
11121 1
14452 0
1129 4
7991 8
7532 4
4460 3
7791 2
11873 2
11463 1
23355 1
7792 2
10034 5
14454 0
1131 4
33449 0
20264 3
4462 3
11124 1
1909 6
1132 4
11064 2
24428 0
7794 2
15890 2
14062 4
1506 6
14456 0
1133 4
4464 3
15071 0
11126 1
5648 4
14457 0
1134 4
4465 3
1285 6
34037 0
11127 1
4466 3
5902 5
21988 0
10281 6
17346 2
9167 5
4467 3
64842 2
6302 8
13803 5
26767 1
14084 1
14460 0
1137 4
24289 7
4468 3
7799 2
14672 6
11130 1
9290 2
14461 0
4469 3
11695 1
7800 2
9427 2
27169 5
11131 1
14462 0
1139 4
4272 6
11132 1
1140 4
298 9
16303 5
14484 3
11133 1
15029 5
1141 4
9564 2
4472 3
7803 2
4626 5
3110 5
1142 4
9737 6
34239 8
7804 2
11588 1
33807 3
15611 2
1143 4
20513 0
28220 1
7805 2
11136 1
12450 4
2201 5
32155 0
14467 0
1144 4
16837 14
26304 2
33734 7
12091 13
11137 1
9971 3
1145 4
2429 5
4476 3
7807 2
11138 1
14469 0
21353 4
4477 3
7808 2
4751 3
11139 1
19085 0
14470 0
1147 4
5671 7
4478 3
14471 0
1148 4
34352 0
21109 3
7967 4
19291 9
14472 0
22733 1
5468 3
4480 3
11187 6
11142 1
25429 2
1150 4
7812 2
20473 3
32944 0
14474 0
7813 2
56613 2
11144 1
14475 0
1152 4
4483 3
1605 8
7814 2
57368 2
26969 1
3838 7
24780 1
14476 0
1153 4
6086 6
2326 4
4716 9
2596 4
1154 4
4485 3
4072 4
20661 2
20068 2
8444 2
14478 0
1155 4
39794 4
4966 6
6747 6
19654 0
22991 2
3014 9
14479 0
7221 5
1156 4
11308 3
56274 3
7818 2
30510 1
1915 5
11149 1
958 5
14480 0
4488 3
16986 4
7819 2
11150 1
34240 0
7345 7
14481 0
1158 4
4489 3
9171 2
7820 2
33731 0
25452 2
12997 2
1159 4
1871 4
7821 2
11152 1
13015 6
1160 4
4491 3
14359 9
1161 4
4492 3
23941 5
15273 0
11154 1
28836 1
11397 7
7003 7
17405 2
6340 4
14662 0
7824 2
33919 3
5898 3
11155 1
46669 3
8181 6
20217 0
30174 1
14486 0
34715 0
14649 2
7825 2
835 8
34113 8
23016 3
14487 0
1164 4
8146 2
4495 3
15171 1
6471 3
7826 2
61239 2
11386 1
11499 1
11546 3
14489 0
1166 4
3503 8
8605 2
7828 2
11159 1
11612 1
14490 0
1877 4
562 6
11160 1
33017 0
14491 0
1168 4
26108 2
26838 1
4499 3
1992 6
19046 9
7830 2
4175 7
11161 1
15481 16
4500 3
12355 2
14757 0
11651 4
3594 4
11162 1
14493 0
1170 4
32214 0
4501 3
17990 1
18078 5
11163 1
2330 6
10030 3
1171 4
16110 3
4502 3
11838 1
7833 2
14555 3
11164 1
14151 4
14495 0
4503 3
11165 1
12524 5
14496 0
1173 4
22042 3
7835 2
7515 6
11166 1
14497 0
4505 3
14257 2
1182 7
11167 1
1175 4
9256 5
2272 5
4506 3
30621 4
4311 4
11168 1
30962 12
35738 7
1176 4
17070 0
5492 3
55348 5
4507 3
8158 2
35611 3
7838 2
11169 1
14500 0
4508 3
34009 1
7839 2
17533 8
1441 10
11170 1
14501 0
1178 4
4361 6
17976 4
7840 2
10855 5
34138 0
11171 1
16781 3
24759 3
23691 2
24839 1
4510 3
16483 1
37291 1
43166 4
11225 2
28303 1
11172 1
3460 7
2655 4
14503 0
12533 4
4471 5
11173 1
14504 0
4512 3
7843 2
14465 2
19295 1
11174 1
18984 4
14505 0
33015 0
4513 3
7844 2
46443 8
1889 4
1183 4
4514 3
7845 2
19728 4
13708 5
15208 0
13910 5
18336 2
76111 0
14195 4
11176 1
4787 3
1184 4
4515 3
9307 4
11177 1
41890 2
10255 3
14508 0
1185 4
8083 9
4516 3
20732 2
3044 4
8009 2
11178 1
4531 6
8122 8
7848 2
54035 4
11179 1
14619 1
11963 1
4741 4
31440 1
29729 1
11180 1
14511 0
1188 4
17464 2
3725 8
4519 3
7850 2
12349 3
11181 1
9844 6
17535 3
8449 4
14512 0
1189 4
12290 1
26134 0
7851 2
25149 7
61924 4
17746 0
14513 0
1190 4
4793 3
15142 5
7852 2
11183 1
1191 4
11636 1
26167 9
13639 1
4522 3
23074 2
7304 5
7854 2
21210 3
4524 3
9487 5
40228 6
11186 1
20875 2
55948 0
5778 7
1194 4
30967 5
7664 3
4525 3
8331 2
14518 0
4526 3
7857 2
11188 1
32287 2
14519 0
1196 4
32273 0
45457 0
14239 1
4799 3
77405 0
3939 7
7880 5
14520 0
3934 5
1197 4
10089 3
4528 3
34465 0
33820 0
7859 2
42362 0
11190 1
14521 0
15997 0
14698 0
11300 6
11191 1
21586 0
24215 1
1901 4
1199 4
6439 8
1712 8
11755 1
4530 3
26909 1
7861 2
11192 1
12492 2
14523 0
1200 4
7974 3
7862 2
30396 0
14876 0
11193 1
8182 2
28925 1
14524 0
1201 4
4532 3
11194 1
11422 1
1202 4
4304 5
26815 0
11195 1
25553 2
14626 3
8558 3
16440 5
21484 4
13494 4
12088 1
7865 2
12623 1
8975 3
33615 0
27555 0
14527 0
1204 4
24030 2
2733 4
17845 3
4535 3
34347 0
7866 2
173 8
2362 4
19062 0
2075 6
11197 1
1205 4
24898 1
4536 3
14793 0
7867 2
1719 7
30623 1
1206 4
2714 4
4537 3
2343 5
22368 0
35143 3
11199 1
1907 4
8282 6
14530 0
26441 2
7458 7
293 6
4538 3
44571 3
19135 3
7869 2
8989 10
11200 1
65238 2
11874 1
14531 0
1208 4
11229 4
7870 2
5062 3
20001 6
11201 1
40081 1
1209 4
6531 4
7871 2
9493 2
30281 1
8421 3
10430 6
11202 1
14533 0
1210 4
4847 9
7872 2
38092 6
14240 4
14534 0
12944 1
4542 3
67348 1
7873 2
19511 2
8939 2
28165 2
14535 0
7874 2
8283 4
11017 2
17023 0
28783 5
29896 1
14536 0
1213 4
7875 2
11434 1
14537 0
9345 5
1214 4
1329 5
17523 2
26781 2
447 9
17947 18
1913 4
26215 2
15499 0
1215 4
4817 3
2864 7
3616 8
13461 1
14539 0
1216 4
8039 2
28386 1
12367 11
12616 4
12625 5
14540 0
4548 3
4450 6
7879 2
7837 3
1218 4
18102 0
4549 3
66483 1
3151 9
11528 7
14542 0
1219 4
14578 3
4550 3
20982 0
8404 5
11212 1
22149 3
14543 0
1220 4
34846 0
8520 4
4551 3
11553 1
11213 1
1221 4
38908 6
2374 4
15320 1
1222 4
4553 3
14067 1
7884 2
13152 6
22939 3
14546 0
10148 3
73295 1
4554 3
14863 10
14811 0
14547 0
1224 4
7044 3
7886 2
16579 4
11217 1
14548 0
1225 4
18083 4
4556 3
14549 0
1226 4
4557 3
7888 2
23153 3
12855 1
27118 1
7306 4
23528 1
16968 4
14550 0
1227 4
4558 3
18209 5
7889 2
11220 1
37516 6
14551 0
1228 4
4559 3
13574 1
23157 2
11221 1
8516 2
8665 2
4560 3
7891 2
11785 1
11222 1
16537 0
14553 0
1230 4
4561 3
12754 1
17927 2
26980 1
22700 0
33154 0
11223 1
36494 2
1231 4
19097 4
24957 1
14370 1
4562 3
17135 4
7893 2
8367 2
15256 0
11224 1
1232 4
54365 4
2773 4
14995 0
4563 3
5755 3
14556 0
4564 3
12712 3
7895 2
12888 4
25063 3
15089 3
14557 0
14697 3
5086 3
7896 2
9087 4
1572 10
11227 1
56345 0
1235 4
63474 1
2151 6
9951 6
24890 3
7152 7
14559 0
1236 4
18446 0
2724 6
43658 1
4567 3
45014 0
33909 0
31351 4
21311 3
14560 0
1237 4
43228 6
4568 3
2414 5
11230 1
14561 0
1238 4
2386 4
1931 4
7900 2
11231 1
28459 7
53037 2
4570 3
15255 5
29014 1
11232 1
14563 0
1240 4
7545 3
17960 0
52658 0
33698 0
7902 2
17928 3
5885 7
2158 6
4040 7
14564 0
1241 4
14477 1
4572 3
14829 0
21276 1
31099 6
7903 2
1945 5
16994 1
15612 0
16867 11
1242 4
9864 7
7890 4
557 5
7904 2
24119 2
8253 8
4574 3
7905 2
17884 1
11236 1
4575 3
31571 1
11237 1
14568 0
4576 3
5497 5
18323 1
11238 1
1819 8
19865 4
4577 3
8069 2
19224 3
6167 3
34578 0
19904 0
11239 1
25654 2
14570 0
1247 4
8023 9
5098 3
4578 3
11029 3
21774 1
20874 2
1248 4
32391 0
4579 3
11241 1
5362 4
14572 0
1249 4
62167 2
4580 3
14329 4
17723 0
11242 1
1250 4
29866 1
19027 0
7912 2
11243 1
1251 4
34454 0
15853 8
4582 3
20241 2
8591 4
7913 2
14934 6
982 5
11244 1
22912 1
14575 0
1252 4
3899 4
19106 1
28469 1
6920 6
24625 0
56068 5
5899 4
12699 4
23840 2
9434 5
57138 3
61415 0
2471 5
11246 1
37204 6
1254 4
37742 7
45147 6
1002 8
11247 1
23701 11
49132 2
30736 1
4586 3
7917 2
8843 4
11248 1
6265 6
8981 2
1256 4
43492 6
4539 6
4587 3
7571 7
10678 3
11589 1
26522 9
29997 1
36849 4
14580 0
3092 4
25016 1
4588 3
12249 1
13857 5
11250 1
14581 0
1258 4
2832 4
8081 2
7920 2
11251 1
24566 6
4590 3
21877 13
5020 5
3385 4
11252 1
4342 7
29726 7
14583 0
1260 4
21615 4
4591 3
11253 1
12283 8
1261 4
12726 5
4592 3
26322 2
7923 2
7241 3
6576 8
27051 1
11254 1
40753 0
14585 0
1262 4
1949 4
3874 8
11482 1
4593 3
7924 2
42303 1
11255 1
16822 0
14586 0
1263 4
26894 2
11256 1
7032 4
11708 1
1264 4
4595 3
8087 2
7926 2
39289 1
23240 2
11257 1
3729 8
7682 6
1265 4
7470 5
14768 3
75447 0
7927 2
16577 5
11258 1
14589 0
1266 4
12189 3
17641 2
4597 3
9410 2
7928 2
22256 3
11259 1
34340 0
14590 0
1267 4
4598 3
4978 9
14591 0
4599 3
7930 2
28296 2
8403 2
2485 5
11261 1
14592 0
1269 4
4600 3
6376 3
7931 2
26578 2
5157 6
11022 5
14593 0
1270 4
15381 0
58557 4
7932 2
8093 2
11263 1
14594 0
1271 4
17069 4
4871 3
10583 2
7933 2
11264 1
18190 4
23052 3
14595 0
1272 4
4603 3
12047 1
7934 2
31706 5
11265 1
1273 4
7935 2
9279 2
1347 5
14597 0
1274 4
16289 3
8254 2
32450 0
4605 3
7936 2
30545 0
18079 10
14362 4
14598 0
1275 4
1076 6
10266 3
563 5
4606 3
33228 0
11268 1
16954 3
14599 0
1276 4
4607 3
12588 1
15535 2
16484 1
7938 2
33781 0
9952 3
18011 3
14124 5
3633 7
14600 0
4608 3
2241 6
4877 3
11270 1
5361 3
14601 0
7940 2
8564 2
29103 1
11271 1
1279 4
20562 3
7941 2
22927 7
13319 1
9827 3
15304 0
15753 5
17702 3
14603 0
1280 4
35956 6
4611 3
19210 4
32619 8
5825 5
7942 2
11273 1
13925 1
1281 4
21412 3
49468 4
4612 3
3288 9
7943 2
43957 0
5744 4
11274 1
50702 0
24208 2
14605 0
10058 6
7944 2
8662 4
70399 1
2787 4
11275 1
8189 3
14606 0
25075 1
3170 5
4614 3
22327 5
12701 1
11842 4
14607 0
2891 4
18340 5
15049 13
21042 2
4141 7
6129 5
4616 3
19313 3
13289 6
17676 0
7947 2
1286 4
4617 3
14050 2
8266 2
7948 2
18881 1
11279 1
14610 0
1287 4
5992 7
32421 8
61537 1
15915 0
11280 1
14611 0
1288 4
32899 4
596 9
7950 2
18247 5
14418 4
9178 3
8111 2
15368 5
28552 1
12782 4
23290 3
4620 3
7951 2
51614 2
11282 1
4889 3
1290 4
24382 1
4621 3
17267 0
1291 4
25755 2
4622 3
7953 2
1703 10
11284 1
14615 0
1292 4
17700 2
4623 3
26313 0
15055 0
15060 2
17754 1
1926 8
11208 2
7954 2
11285 1
14616 0
33291 0
4624 3
1973 4
7955 2
11286 1
47559 2
4625 3
7956 2
11287 1
8117 2
1379 7
14618 0
1295 4
8484 6
4628 6
6209 3
76184 0
7957 2
57459 1
34691 0
1296 4
9666 5
4627 3
14839 3
9708 2
21079 9
49046 3
44589 4
22227 0
14620 0
1297 4
17605 0
11526 6
7959 2
11290 1
34561 0
14621 0
18527 2
4629 3
15844 2
7960 2
8278 2
14622 0
1299 4
26988 0
4630 3
18758 9
2556 5
18672 0
14623 0
1300 4
32509 0
9023 2
8384 8
4631 3
13667 4
7962 2
5815 3
27267 1
8123 2
16099 0
14624 0
10325 3
1979 4
4168 4
4632 3
12184 1
31702 1
7553 5
346 8
7963 2
11294 1
14625 0
1302 4
7964 2
37129 2
33823 4
30495 1
1303 4
1315 6
4634 3
4610 4
1676 5
14627 0
1304 4
4635 3
30849 1
11309 3
21746 10
3415 4
35524 6
11297 1
10001 7
14628 0
1305 4
12827 5
4636 3
17284 4
38383 3
7684 7
40633 0
2434 4
21303 0
14629 0
4728 6
1757 6
11299 1
33299 0
14630 0
8886 2
569 5
15962 1
7969 2
6770 3
13141 1
1308 4
26429 2
5213 4
4639 3
15065 6
20002 4
1309 4
4640 3
7301 7
14633 0
38911 1
2950 4
4641 3
21016 2
7972 2
14634 0
1311 4
11643 1
34441 0
7116 3
5158 3
4642 3
7973 2
40741 2
11304 1
1312 4
25212 0
11756 1
12303 1
14252 1
11305 1
30003 1
33864 0
4644 3
18094 3
22363 3
7975 2
14901 0
2324 6
1542 6
11306 1
8733 4
18767 0
14637 0
1314 4
3842 8
15684 0
19690 2
7976 2
11307 1
16283 0
17170 4
7977 2
3941 4
14639 0
1316 4
17422 1
4647 3
14640 0
1317 4
8077 5
29192 1
11982 1
11310 1
14641 0
53631 2
17759 2
3043 7
18297 4
7980 2
11311 1
41563 0
14642 0
4650 3
12945 1
14643 0
1320 4
1910 7
7801 4
4651 3
7982 2
13771 2
4883 5
24297 2
14644 0
1321 4
5028 4
4919 3
23165 3
16166 8
71788 2
1322 4
4653 3
2446 4
7984 2
11315 1
1323 4
28801 3
7985 2
14231 5
11316 1
15885 1
14647 0
1324 4
8457 2
19402 3
4655 3
6713 8
5109 9
7986 2
1997 4
11317 1
10380 5
14648 0
1325 4
8147 2
28635 1
4656 3
7987 2
12865 4
28427 2
11318 1
10256 2
1326 4
32568 0
4657 3
2563 6
11319 1
23989 2
1327 4
10384 3
45652 6
14507 4
14910 3
11320 1
8224 4
14651 0
15796 1
8612 2
11426 4
16714 5
7990 2
10873 12
11321 1
10165 6
14652 0
4242 7
19323 4
19837 6
11322 1
14653 0
1330 4
7992 2
9470 2
11323 1
9612 5
1331 4
2627 5
19522 1
4662 3
30397 5
7993 2
14006 5
14919 0
1332 4
4663 3
2003 4
26715 2
7994 2
11325 1
45484 6
15530 0
25777 9
11790 7
3702 4
14656 0
1333 4
4664 3
59452 1
7995 2
4931 3
6099 7
14657 0
1334 4
9534 4
8082 3
4717 6
8595 5
35108 0
7996 2
15238 1
2823 4
11327 1
13777 1
14658 0
11565 3
25856 2
25193 1
8314 2
7997 2
35209 4
15186 0
4023 8
3009 4
13067 4
7998 2
11329 1
5636 3
5182 3
14660 0
23406 2
7999 2
11330 1
7636 5
21614 10
33370 0
14661 0
1338 4
8380 3
4669 3
8000 2
12059 2
1339 4
2458 4
11797 3
2033 8
8585 6
14775 3
8001 2
11332 1
4937 3
14663 0
1340 4
4419 4
14664 0
8809 3
4672 3
18471 5
21087 2
8003 2
17979 0
1342 4
71213 0
14906 2
8004 2
3809 5
33998 5
14666 0
1343 4
1006 5
4674 3
7939 3
11336 1
3425 9
1344 4
12582 3
17818 2
4675 3
13373 2
34668 0
8006 2
8922 2
8804 4
14668 0
30199 1
34804 0
8007 2
20794 0
1169 8
4943 3
14669 0
1346 4
9208 2
11639 6
8008 2
11566 1
11339 1
13587 1
20827 3
14670 0
11340 1
13426 6
1348 4
15280 3
69185 2
30694 0
1834 10
74015 1
12928 5
33947 0
4680 3
8171 2
7093 6
8011 2
18177 3
30602 1
25152 3
14673 0
1350 4
2407 6
7635 3
4681 3
18124 2
11343 1
4509 7
14674 0
1351 4
11905 1
29606 12
4682 3
8013 2
11344 1
23427 3
1352 4
32627 0
4683 3
15115 0
11345 1
47402 4
62923 2
1353 4
20711 3
34176 0
10443 3
4684 3
9893 2
8015 2
11346 1
14677 0
12018 1
4685 3
23091 1
11347 1
26536 2
7797 7
1355 4
34542 0
27264 1
10155 2
11732 2
8017 2
33428 0
7849 6
7319 3
4687 3
5433 3
29281 1
8018 2
21588 0
18871 12
11349 1
14680 0
8515 8
8019 2
10728 6
12131 1
14681 0
1358 4
59096 2
31833 1
6444 6
11351 1
14981 3
1359 4
17271 4
4690 3
2513 5
11352 1
22470 3
14683 0
1360 4
8881 10
9369 3
2841 4
16046 8
11353 1
11189 5
4692 3
11354 1
21473 1
12948 4
18163 0
22601 0
27120 2
3068 4
33086 3
4693 3
21965 1
2698 5
745 9
11355 1
45758 5
1363 4
19491 3
4694 3
2027 4
3955 8
137 10
1364 4
12779 1
4695 3
11357 1
14688 0
1365 4
18404 4
14526 2
4734 5
37819 0
15821 0
8027 2
15196 6
11358 1
14689 0
65631 0
14529 4
4697 3
14596 4
8028 2
14728 2
14866 0
72546 1
11359 1
18511 11
4698 3
16420 0
10138 7
8029 2
12357 1
1368 4
4699 3
8030 2
50907 0
11361 1
15044 0
14692 0
1369 4
33441 0
4700 3
39038 10
6078 3
8031 2
14017 15
9701 5
11362 1
843 6
4701 3
14338 5
23278 3
11363 1
4967 3
14694 0
1371 4
20139 4
8033 2
113 9
21837 0
1372 4
8034 2
15084 1
17127 3
24822 0
4806 6
4704 3
4343 7
23489 2
11366 1
3806 7
1374 4
7719 5
3421 5
8036 2
27416 1
11367 1
1375 4
4706 3
5218 3
30140 1
10272 6
11518 2
52599 1
8037 2
11368 1
14699 0
1376 4
8875 4
36259 2
21209 2
4707 3
11369 1
16468 3
14700 0
1377 4
4973 3
66305 1
5446 4
31862 6
20510 0
11370 1
17582 7
23836 5
14701 0
1378 4
13747 5
4709 3
32686 0
11637 2
15489 0
8040 2
2039 4
19436 4
3983 4
39547 0
6830 3
14702 0
4710 3
17433 4
8041 2
8511 2
14703 0
1380 4
4711 3
8042 2
6206 7
11373 1
14704 0
1381 4
4712 3
24549 1
5240 9
11374 1
6472 3
1382 4
46636 6
8044 2
8958 2
28558 2
11375 1
11602 1
12939 3
14706 0
8686 6
8045 2
11376 1
50197 3
7450 7
4715 3
5348 6
11377 1
1385 4
11828 1
8047 2
34030 0
11378 1
2951 6
8534 4
2140 8
18260 3
14709 0
1386 4
2859 4
21158 8
27889 0
2490 6
27335 1
11379 1
6850 8
14710 0
1387 4
4718 3
25311 1
15594 5
8049 2
1018 5
17197 0
14711 0
18602 9
3127 4
4719 3
10807 12
8050 2
9107 2
14712 0
1389 4
4873 4
30300 1
10566 2
1383 5
11382 1
18436 0
11921 7
15052 3
14713 0
1390 4
9320 4
8052 2
11383 1
16851 5
14714 0
34775 0
4722 3
8053 2
11384 1
14715 0
1392 4
34265 0
4723 3
8054 2
11385 1
15068 0
14716 0
1393 4
15590 0
4573 5
13029 5
2769 5
19971 0
14717 0
1394 4
4725 3
34917 0
8056 2
14817 1
9530 2
11614 1
4670 4
26852 2
36769 1
14718 0
1395 4
26492 0
4726 3
29370 1
10941 2
11752 6
11388 1
29318 12
5469 3
1396 4
27161 0
4727 3
17936 2
30709 1
8058 2
2390 6
11389 1
10697 2
14720 0
1397 4
13840 4
13314 2
8059 2
7188 3
11390 1
8219 2
3188 4
8529 2
13031 4
4729 3
27122 5
12033 4
519 8
8060 2
24475 2
9845 5
14722 0
1399 4
10066 2
34643 0
4730 3
63772 2
10548 3
4215 5
14723 0
1400 4
11066 2
8062 2
6657 4
587 5
11393 1
5242 3
24138 2
14724 0
4732 3
8063 2
11394 1
11733 1
14725 0
19580 3
5905 3
8064 2
14902 0
11395 1
31075 1
14726 0
1403 4
13540 1
17372 4
16201 0
11396 1
21229 2
14727 0
1404 4
7910 7
32745 0
8066 2
4736 3
14685 4
14155 5
8067 2
1965 10
11398 1
14729 0
1406 4
12565 2
4737 3
3562 9
8068 2
22577 3
2005 5
11399 1
5736 5
25283 3
11626 1
1407 4
4738 3
8946 4
101 8
11400 1
14731 0
1408 4
6001 4
5003 3
15258 0
9790 5
11401 1
57436 1
14732 0
4740 3
2063 4
11852 1
13136 1
8071 2
11402 1
8231 2
1410 4
4172 8
21251 0
29749 2
7802 5
13563 6
8072 2
6114 3
11403 1
14734 0
4742 3
27233 2
8073 2
16794 1
11404 1
11965 1
4895 6
14735 0
4743 3
18718 2
8074 2
4068 8
11405 1
14736 0
1413 4
2776 5
25370 1
21715 3
8075 2
15697 0
14737 0
8646 8
3186 4
4745 3
5009 3
23564 3
8076 2
14914 0
11407 1
19432 0
14738 0
1415 4
1576 7
31964 1
11408 1
8237 2
14739 0
8078 2
5708 3
14445 5
14740 0
1417 4
2069 4
9082 4
19869 2
4444 7
27406 1
11410 1
14741 0
1418 4
33565 0
47613 0
18574 1
26857 6
11411 1
14742 0
1419 4
4750 3
23391 3
6687 3
11751 1
16978 0
8994 2
23874 1
226 9
14744 0
1421 4
3222 7
15123 3
4752 3
2518 4
15009 0
11414 1
586 6
10553 5
8243 2
1422 4
10379 6
9691 2
4753 3
17995 2
18343 3
30843 0
8084 2
58362 3
15327 6
2573 6
1423 4
4754 3
26058 2
8085 2
14747 0
12732 1
15448 0
2840 5
1425 4
4756 3
14749 0
1426 4
274 10
4925 6
5266 3
8088 2
25403 0
11419 1
5021 3
20860 3
4758 3
8787 6
8153 4
12428 3
8089 2
14752 1
11420 1
1428 4
4759 3
18147 1
11421 1
1429 4
4760 3
16397 0
8091 2
7587 4
61242 0
7856 3
14753 0
1430 4
10275 7
4761 3
32804 0
8092 2
10352 2
11423 1
593 5
1431 4
34354 0
22008 4
10620 3
23572 5
33583 0
10877 6
11424 1
16344 2
4763 3
34087 2
2081 4
2247 8
5271 5
11425 1
9149 2
14756 0
12030 2
27722 7
4764 3
30401 1
12256 2
11876 1
16824 0
20276 4
28884 1
29459 1
2101 7
8096 2
13114 4
6356 5
29714 6
14758 0
1435 4
21300 2
4766 3
11428 1
6058 5
7051 3
14759 0
5935 3
894 9
15707 5
28363 6
11429 1
14760 0
1336 8
14075 1
13130 5
8274 5
3505 4
33532 6
24564 2
15774 2
11430 1
34882 0
30277 1
11769 1
11298 3
37406 1
5371 9
9017 4
8100 2
11623 6
14762 0
4770 3
13246 4
8101 2
28689 2
15027 0
11432 1
2087 4
14763 0
1440 4
4771 3
3245 4
8102 2
11433 1
19669 3
14764 0
15116 0
8103 2
33674 10
6842 4
14765 0
1442 4
4676 7
10489 2
26329 7
4773 3
11995 1
13374 1
15205 0
11435 1
30816 1
1443 4
1724 5
4774 3
34744 0
12708 2
5732 3
8105 2
35030 0
15899 0
14767 0
1444 4
15294 0
8106 2
11437 1
55533 2
11865 6
1445 4
8422 2
4776 3
20587 2
5039 3
8107 2
11438 1
9441 2
14769 0
1446 4
1401 5
7266 6
23655 2
11439 1
7885 5
12052 7
14770 0
1447 4
8016 6
4778 3
8109 2
9879 5
11440 1
9304 2
19120 1
73514 0
14771 0
1448 4
35370 0
26750 2
18054 2
8110 2
8786 5
27565 1
11441 1
27477 1
14772 0
1449 4
6987 8
14773 0
1450 4
7397 3
8112 2
50042 3
11443 1
33043 4
4984 6
16925 0
202 8
8113 2
9852 2
1452 4
25351 6
31188 1
25489 3
4783 3
11356 5
8273 2
8114 2
11445 1
1453 4
4784 3
10245 2
22684 3
8583 2
8115 2
16988 5
16077 2
1454 4
89 7
4785 3
38293 2
8116 2
11447 1
1455 4
2099 4
18733 5
11448 1
2911 5
14779 0
1456 4
5251 6
11787 1
8118 2
14780 0
1457 4
4788 3
10679 3
14696 4
21816 3
8434 2
23270 1
11450 1
7599 7
5051 3
14781 0
1458 4
24249 7
4789 3
34196 0
22466 0
18618 4
8120 2
18426 3
15828 0
1459 4
2656 6
10959 3
8121 2
14972 3
11452 1
12661 1
14783 0
1460 4
4791 3
27346 2
599 5
2298 5
14784 0
1461 4
6623 6
4545 7
4181 8
1462 4
18036 3
2913 4
15471 3
14962 0
33654 0
2096 10
11455 1
14786 0
1463 4
4794 3
8125 2
14552 5
25414 3
14787 0
1464 4
11457 1
14788 0
4796 3
25488 1
15311 2
8127 2
11458 1
14789 0
1466 4
1345 6
21371 2
4797 3
3304 4
28202 3
8128 2
14790 0
1467 4
3236 4
11686 1
26159 2
21376 2
8129 2
35894 13
12839 2
14791 0
1468 4
8130 2
19519 16
11461 1
10486 6
23504 3
14792 0
3699 9
4800 3
9088 4
17300 3
5965 3
34443 0
1470 4
5756 3
339 9
4801 3
2111 4
8291 2
28967 1
22879 12
2554 4
18321 2
13197 4
3979 7
1471 4
8777 8
4802 3
8888 6
1472 4
32095 1
24716 1
48364 6
11465 1
36158 6
13700 6
4804 3
8135 2
11466 1
24069 7
6420 7
14797 0
1474 4
15085 1
5541 3
15560 1
4805 3
33109 4
18113 2
14974 0
1042 5
13987 7
11467 1
24287 2
14798 0
8137 2
11468 1
15063 0
14799 0
1476 4
30523 7
4807 3
75970 0
8297 2
8138 2
24653 2
22156 1
11469 1
14800 0
1477 4
4808 3
19662 4
30502 1
8139 2
28056 0
5314 3
13713 1
11470 1
17453 0
14801 0
1478 4
47829 6
4809 3
42158 4
8140 2
7325 4
19415 0
11471 1
14802 0
1479 4
2354 8
20215 0
4810 3
2008 6
11698 1
14304 5
16647 3
19758 3
1480 4
15763 0
27548 1
4811 3
19749 1
33702 0
11474 1
2796 6
8458 2
14805 0
21670 1
1482 4
4813 3
32922 0
11475 1
23738 2
73158 1
14806 0
1483 4
7968 5
18023 1
10738 3
8145 2
15265 3
9761 4
11476 1
9334 3
14807 0
1484 4
4321 8
34989 0
11477 1
1485 4
4816 3
15820 5
8148 2
9968 5
11479 1
15597 0
2566 4
2982 5
4818 3
34845 0
11480 1
2931 4
1488 4
16540 0
22139 4
1578 6
4819 3
8150 2
4939 4
411 10
5081 3
14812 0
1489 4
14331 2
4820 3
11572 3
8151 2
30923 1
6377 3
13006 1
5073 6
14813 0
17714 0
5326 3
21566 0
11483 1
14814 0
25547 1
17574 4
11484 1
1492 4
4823 3
3363 4
8154 2
10412 7
6186 3
1799 6
9757 2
70085 2
14816 0
2129 4
178 7
25019 0
27334 0
4824 3
11486 1
6568 3
33725 0
29893 6
11978 6
4825 3
14013 4
11487 1
1495 4
18509 3
5087 3
4826 3
2739 6
692 8
5502 9
8157 2
303 8
9066 2
14819 0
1496 4
16208 0
12590 1
4827 3
30992 0
28820 2
11489 1
14820 0
1497 4
21442 2
8159 2
14821 0
51709 3
4829 3
26137 2
8160 2
14998 0
5539 6
11491 1
14822 0
4830 3
8161 2
12815 3
11492 1
5140 5
14823 0
1500 4
48278 1
4831 3
12162 1
18172 2
8162 2
30414 1
9159 4
14824 0
1501 4
21009 3
4832 3
31301 1
21917 3
8163 2
10024 5
56855 4
1502 4
8164 2
8136 7
11495 1
12055 1
2578 4
4527 4
11722 1
12183 7
14827 0
1504 4
4835 3
11497 1
14828 0
1505 4
35501 0
18725 4
4836 3
8167 2
4646 7
11026 6
11498 1
4837 3
8482 2
8168 2
29050 1
14830 0
8481 4
13280 4
5099 3
10674 2
11500 1
48772 6
14831 0
1508 4
2141 4
13837 15
32981 0
8170 2
17815 0
13232 1
11501 1
24485 4
8637 2
34532 0
14832 0
34453 5
4840 3
10263 3
10797 3
27459 2
14833 0
1510 4
8935 2
1043 9
4841 3
25807 10
11841 1
11503 1
14834 0
4294 8
8070 4
26260 2
57065 4
14835 0
1512 4
7124 8
29637 1
12048 3
18864 5
15449 0
8174 2
12224 4
8947 3
14836 0
2949 4
15188 0
15710 0
8175 2
11525 2
11506 1
1514 4
11822 3
4845 3
8176 2
7117 3
15336 3
16801 1
14838 0
10593 6
8177 2
24742 2
11734 1
16398 0
1516 4
17125 5
8178 2
14840 0
1517 4
25606 1
22834 0
8179 2
24047 1
14841 0
1518 4
23617 3
3053 5
10144 3
4849 3
3422 4
8180 2
11293 2
11511 1
19847 3
17703 1
10726 5
24931 7
14842 0
1519 4
23821 2
4850 3
452 9
8051 5
2227 10
20048 2
14843 0
1520 4
27126 2
4851 3
6527 7
11513 1
6246 4
25545 3
14844 0
1521 4
16742 0
9233 2
4852 3
30603 1
3487 5
10049 2
10811 2
14952 4
15977 0
4853 3
8184 2
38173 0
27714 1
11515 1
14846 0
48970 2
2153 4
5804 3
3401 7
1524 4
35821 3
8186 2
11517 1
14848 0
1525 4
33796 0
4856 3
13332 5
15703 1
2461 8
1526 4
18231 2
19775 4
29323 3
11519 1
18909 2
14850 0
9727 11
17731 4
2824 5
13660 1
11520 1
14851 0
8908 8
1503 8
18504 1
8190 2
5162 6
14852 0
1529 4
9924 2
4860 3
32226 1
8191 2
23154 0
11522 1
15117 0
14853 0
1530 4
4861 3
68373 1
19386 0
8192 2
8506 2
34362 0
1531 4
35096 0
4862 3
18592 3
8193 2
8822 3
3836 9
11524 1
2822 6
7748 7
14855 0
9230 4
267 7
4863 3
8194 2
13166 3
24386 11
14856 0
1533 4
4864 3
4843 7
12085 1
4865 3
33040 0
15034 0
11527 1
14858 0
1535 4
15933 5
4866 3
14064 2
10448 2
3178 6
10856 3
1773 7
2602 4
8197 2
17675 4
21845 0
3284 4
14859 0
1536 4
46243 0
4867 3
31030 1
8198 2
15589 6
11529 1
1537 4
15212 0
73455 0
11530 1
14861 0
1538 4
4869 3
8183 6
8200 2
5172 4
1539 4
4870 3
311 6
404 8
11758 1
23838 3
11532 1
1540 4
11533 1
25594 0
1541 4
4872 3
5374 3
26964 2
8203 2
11534 1
45746 1
21181 3
14865 0
13425 4
35256 0
20760 2
27690 1
53607 3
11535 1
42542 2
8518 2
1543 4
8363 2
29133 1
4874 3
7439 6
25665 1
11523 5
8205 2
13363 4
33839 0
11536 1
25813 4
14867 0
1544 4
4875 3
3481 4
8206 2
37682 3
1545 4
22088 0
22270 4
4876 3
9553 4
8207 2
22018 3
12424 1
15407 3
14869 0
20227 11
3846 4
11198 2
15829 0
8208 2
5122 6
22898 3
15046 0
617 5
1547 4
4878 3
8209 2
58636 5
11540 1
14871 0
1548 4
4879 3
21075 0
11541 1
24436 2
2292 7
14872 0
1549 4
11674 2
8369 2
4880 3
3124 5
8211 2
6616 3
4747 7
11542 1
1550 4
4881 3
4997 5
15062 1
8212 2
31414 1
11543 1
14874 0
1551 4
548 10
17276 0
2334 5
8828 2
14991 2
2614 4
11544 1
18832 4
8249 7
14875 0
1552 4
18290 2
52805 1
5633 9
5613 3
8214 2
5745 4
4884 3
14453 5
8215 2
18203 3
28951 2
14877 0
1554 4
5386 3
24831 2
14088 1
8216 2
15491 0
30171 8
11996 1
4886 3
10549 7
23904 2
26361 2
11548 1
8134 5
14879 0
14795 2
4887 3
33867 0
1437 5
31886 10
11549 1
14766 5
14880 0
4888 3
5147 3
4102 5
8471 5
19936 3
11550 1
18847 0
2629 6
4470 8
1558 4
21543 2
15058 0
11551 1
8785 4
14882 0
27572 2
4890 3
20550 4
8221 2
9090 6
21584 2
11552 1
14883 0
1560 4
4891 3
14587 1
4407 8
33099 0
8222 2
9549 2
12314 7
14884 0
1561 4
15041 4
10915 3
6103 4
11554 1
14885 0
35632 0
10700 6
11659 13
9531 3
11555 1
8977 5
17371 0
30551 1
19572 1
5153 3
8225 2
12115 1
14887 0
1564 4
8417 3
6802 6
8691 2
10146 5
34861 1
8226 2
11557 1
14888 0
1565 4
4896 3
8227 2
30704 1
11558 1
15153 0
4109 4
14889 0
1566 4
64823 1
13261 12
8228 2
11559 1
39973 0
5398 3
14890 0
1567 4
4898 3
34445 0
6634 7
8387 2
8542 2
23730 3
8229 2
18675 3
11560 1
4152 7
14891 0
1568 4
2905 6
5975 5
18673 5
29299 3
3595 4
8230 2
565 9
28223 0
11561 1
15592 0
11820 4
14892 0
1569 4
7815 3
4900 3
18995 5
25724 1
13433 5
18533 0
11562 1
1570 4
40141 2
3308 4
4901 3
3540 4
31141 0
8232 2
11563 1
9138 2
356 7
4902 3
8233 2
14895 0
5631 3
4903 3
2568 8
1124 6
14896 0
1573 4
4904 3
12234 1
8235 2
27761 1
16114 0
14897 0
1574 4
4905 3
66670 1
7261 8
4790 4
1575 4
4906 3
16309 1
11568 1
19888 4
11794 1
8852 2
13684 2
2358 10
17134 0
15662 3
15478 3
4908 3
18213 0
1772 5
35203 0
25676 3
4909 3
24182 11
9321 4
8240 2
11571 1
17262 5
1579 4
8241 2
29216 1
11175 6
17776 4
13446 4
15169 3
1580 4
3195 5
14904 0
1581 4
41347 0
24883 10
4912 3
16571 2
11574 1
14905 0
5171 3
4913 3
16826 3
8244 2
8709 2
15082 0
11575 1
27263 2
31137 1
4914 3
8245 2
4581 4
2638 4
505 8
11576 1
14907 0
1584 4
4842 5
60776 2
1192 9
6583 5
8246 2
14908 0
9039 8
8247 2
14909 0
1586 4
179 8
32357 1
34710 0
11579 1
9710 2
16117 6
1587 4
32092 6
10974 3
30883 3
11580 1
11806 1
14911 0
1588 4
27071 2
8250 2
12667 3
11581 1
70328 0
21583 10
4920 3
8251 2
22119 3
11582 1
14913 0
1590 4
29815 1
27507 0
4921 3
2207 4
11583 1
21655 2
1591 4
22347 1
18518 2
14186 4
6291 5
35369 0
11584 1
8566 2
23987 2
7010 3
18825 1
14915 0
1592 4
8217 5
4923 3
5422 3
865 8
12204 6
16304 0
11585 1
7183 3
4924 3
23005 3
24920 2
8143 3
8255 2
14225 1
15720 6
4848 7
14917 0
3973 9
9372 4
8256 2
32332 6
12472 1
11587 1
15094 0
14918 0
1595 4
12793 1
37771 2
25783 1
1596 4
4927 3
3599 4
8258 2
27863 1
20025 3
14920 0
1597 4
4928 3
11590 1
13215 1
2213 4
1598 4
16238 1
4929 3
13974 6
3882 4
14922 0
1599 4
16013 2
4930 3
8298 3
8261 2
11592 1
31527 1
15130 4
14923 0
1600 4
9448 2
8262 2
26850 0
5189 3
11593 1
14924 0
16737 0
8362 7
8727 2
17880 4
21520 0
8263 2
11594 1
14925 0
17075 0
38306 6
22401 4
21867 1
4933 3
23975 3
8264 2
42607 1
4496 5
14926 0
1603 4
4934 3
10235 5
52895 3
12044 1
8265 2
34528 0
14873 5
8423 2
9191 6
11596 1
8578 2
4935 3
2988 6
18408 2
10203 5
19897 9
6085 3
11597 1
27832 1
5522 5
11598 1
7897 7
14929 0
1606 4
33976 0
8268 2
5340 6
11599 1
3732 5
4938 3
8269 2
11600 1
14730 1
14931 0
1608 4
16155 1
15549 3
27685 2
13839 1
10207 7
14932 0
1609 4
16310 2
4940 3
19359 1
15284 0
5764 9
8271 2
4520 8
18409 0
30805 1
8429 2
28034 12
19061 0
6849 3
445 7
1610 4
4941 3
8272 2
29082 2
11603 1
5667 3
3266 5
11604 1
14935 0
1612 4
11496 2
8416 4
11605 1
14936 0
5730 6
27679 4
4944 3
25216 0
11033 3
8275 2
18410 1
13534 5
11606 1
24734 9
685 10
6741 7
59212 5
10841 3
4945 3
24220 1
11607 1
14938 0
1615 4
43026 4
4946 3
6294 3
10899 5
14939 0
14803 16
4947 3
13529 4
23843 3
11609 1
1617 4
4948 3
8279 2
11610 1
19150 0
10686 7
12445 7
678 9
14941 0
8280 2
36811 4
15118 0
14942 0
37267 1
35763 0
2675 8
43531 0
4950 3
1670 8
8281 2
22705 0
35148 0
1620 4
4951 3
40002 4
11613 1
1621 4
4952 3
25842 1
20687 4
14945 0
1622 4
21726 2
4953 3
3658 4
8284 2
24585 2
14946 0
1623 4
8285 2
11616 1
77816 0
14947 0
1624 4
63012 1
4955 3
35310 0
8286 2
5010 7
11617 1
15474 0
1625 4
8287 2
9443 4
34799 0
11618 1
10782 2
30688 1
14949 0
1626 4
4957 3
19126 5
8288 2
3580 7
11619 1
14950 0
1627 4
12415 4
4958 3
14602 5
4151 4
8289 2
2237 4
606 8
8447 2
14951 0
1628 4
18957 6
24070 2
4959 3
9716 3
8290 2
8300 5
14944 1
11621 1
29904 1
1629 4
11567 3
23449 12
4960 3
8350 6
31244 1
5614 4
14953 0
1630 4
4961 3
19976 1
18467 2
8292 2
5458 3
14849 1
14954 0
8293 2
11624 1
4619 8
14955 0
1632 4
4963 3
7868 4
20288 0
8294 2
11625 1
14956 0
9988 4
4964 3
8295 2
16159 5
2489 10
22220 3
13661 1
15830 0
14957 0
1634 4
4965 3
8620 3
8296 2
6503 3
11690 5
9055 2
11627 1
27178 2
14958 0
1635 4
2243 4
15943 14
37914 4
13631 2
11628 1
14959 0
1636 4
11854 1
879 6
14960 0
3029 6
4968 3
7398 8
8299 2
11967 1
4949 7
3039 4
53179 3
44322 4
14961 0
1638 4
3356 4
4969 3
6115 3
33276 0
15562 2
11631 1
15219 4
6974 4
20933 2
15620 3
2872 5
11092 3
8301 2
15030 4
11632 1
10544 2
34611 0
23112 3
1640 4
4971 3
7612 6
35482 0
11633 1
37346 2
3071 6
14964 0
1641 4
19100 2
17399 5
8303 2
11634 1
12317 6
14965 0
9170 8
10324 5
317 6
56871 2
3337 5
14966 0
1643 4
1796 5
4974 3
32488 1
2095 5
8305 2
60342 3
14967 0
5231 3
17105 1
4975 3
31290 0
8306 2
18370 3
13604 4
1645 4
9192 3
27400 2
5429 6
11638 1
14969 0
1646 4
4977 3
8308 2
14970 0
1647 4
25901 1
11640 1
9292 6
1648 4
12448 2
3717 4
40981 1
8310 2
11641 1
534 7
21307 3
1649 4
31640 1
18202 0
8311 2
11642 1
21710 2
34080 0
14973 0
1650 4
5703 3
14980 5
75828 0
5237 3
8475 7
8312 2
15851 6
3918 4
9770 2
9496 2
1651 4
4982 3
8313 2
12092 1
4983 3
2259 6
13612 4
23533 7
49862 1
14976 0
1653 4
15415 0
21797 2
8315 2
11324 6
30906 1
4985 3
8316 2
11647 1
15154 0
25050 1
12205 1
14978 0
1655 4
13048 3
4986 3
25785 0
10914 6
8317 2
1970 7
11648 1
5924 3
14979 0
1656 4
5482 3
15243 0
641 5
7404 3
4987 3
15639 1
18526 2
8781 2
8318 2
9514 4
1614 6
4110 9
1657 4
39271 1
4988 3
15332 0
27798 2
13635 5
1658 4
45854 2
1341 9
38359 1
4989 3
8320 2
4633 8
1659 4
58295 4
22532 4
4990 3
18939 6
8321 2
37878 4
56817 2
28390 0
14983 0
75756 0
4991 3
11878 1
8322 2
6848 7
5447 4
11653 1
6712 3
33283 2
14111 6
14984 0
1661 4
4992 3
8323 2
11654 1
14857 9
14985 0
1662 4
11240 3
4993 3
46898 5
13174 1
3057 4
11655 1
23628 1
1663 4
1473 5
2483 7
8048 3
8325 2
14588 1
35249 0
17646 3
11656 1
1664 4
4995 3
24153 2
8326 2
34888 0
41527 2
2267 4
11657 1
4325 7
24112 3
14988 0
1665 4
17639 0
4996 3
11151 3
8327 2
11658 1
2782 8
23956 3
14989 0
1666 4
13334 7
5895 9
17307 0
5319 6
15166 0
6981 6
791 9
4998 3
8329 2
29213 2
11660 1
29993 1
1668 4
4999 3
8330 2
11661 1
14992 0
1669 4
5000 3
38582 5
5721 3
11662 1
17978 9
14993 0
14101 5
8332 2
28012 1
68226 2
15691 3
54237 2
17580 1
14994 0
35417 0
7249 3
25098 2
5002 3
11664 1
2056 6
707 8
6145 3
2273 4
1672 4
26491 2
8334 2
23067 0
14996 0
1841 6
5004 3
25960 1
11666 1
12003 1
14997 0
1674 4
15261 0
3408 5
18292 1
7153 4
5005 3
71048 1
11835 3
3776 4
11667 1
12576 7
1675 4
18029 4
5261 3
5006 3
8948 2
8337 2
11668 1
14999 0
5007 3
34694 0
822 10
8338 2
18924 3
15000 0
1677 4
3154 6
5008 3
9168 5
22321 3
15308 4
8799 3
8668 5
15001 0
22081 4
8340 2
61835 2
15961 0
15178 0
5397 5
15002 0
1679 4
26373 6
23381 0
8341 2
34621 2
38527 0
8046 7
11672 1
11675 2
1680 4
12770 1
5011 3
27674 12
10823 7
8342 2
16351 8
11673 1
34151 0
15004 0
1681 4
47793 3
10413 5
3123 5
5506 3
27285 2
8343 2
5050 7
15005 0
1682 4
6354 4
5948 3
8501 2
79386 0
647 5
18585 2
16272 5
15006 0
1683 4
19779 0
15445 0
5014 3
19257 5
8345 2
58646 1
10068 2
11676 1
15007 0
1684 4
5518 6
21868 2
20824 4
44654 1
11677 1
3405 6
15008 0
1685 4
17005 3
5071 4
5016 3
12235 1
41915 5
12299 3
11678 1
12924 2
8738 4
23219 3
11679 1
53044 4
15010 0
1687 4
5835 4
27680 0
5018 3
8349 2
5273 3
623 7
11680 1
26664 2
31921 6
9585 4
15011 0
1688 4
65107 2
30825 1
4193 4
11681 1
13695 4
358 8
15012 0
12017 4
5739 3
1038 8
17287 4
35595 0
15013 0
1690 4
13305 1
8352 2
33394 0
2620 10
11683 1
15014 0
12430 6
49265 2
5022 3
11210 3
8353 2
11684 1
45582 4
14612 2
25938 3
9393 6
15015 0
1692 4
12021 1
5023 3
8354 2
12568 1
11685 1
1693 4
7618 4
5024 3
12079 3
8817 2
5279 3
15017 0
1694 4
65549 1
5025 3
8513 2
8356 2
11687 1
2722 4
15018 0
12151 2
11688 1
1696 4
5027 3
8358 2
68478 2
19706 6
11689 1
18167 0
15087 5
15546 0
15020 0
9115 2
6366 3
8359 2
31007 1
15021 0
1698 4
28045 1
12681 1
8360 2
11691 1
41749 0
15022 0
1699 4
26019 1
8588 7
11692 1
7535 8
1700 4
8972 2
15366 3
5031 3
15420 2
3835 4
60196 3
40115 5
11693 1
24236 2
9786 4
15024 0
1701 4
8466 5
5032 3
14751 5
9544 2
2297 4
8674 2
15762 3
13736 5
8339 4
15025 0
1702 4
11021 6
8364 2
3954 4
27029 0
43754 7
8531 3
11696 1
17536 5
5035 3
14232 1
41606 1
15028 0
1705 4
3479 5
4768 8
1706 4
45326 6
5037 3
8368 2
13424 1
27911 2
11699 1
30082 1
10382 5
5038 3
6955 7
18761 1
15982 6
11700 1
35350 0
4746 8
27537 2
15031 0
1708 4
653 5
18644 2
8370 2
5972 3
11701 1
15032 0
5040 3
11702 1
15033 0
1710 4
15297 0
25187 2
12039 1
8372 2
1837 8
2734 4
16507 0
5042 3
18715 2
8373 2
20526 0
24393 1
11704 1
3093 4
15035 0
34222 0
5043 3
5297 3
15503 1
2889 8
8374 2
11705 1
11072 5
1713 4
19007 3
5044 3
20292 3
3237 6
8375 2
11706 1
5045 3
8376 2
9830 2
22102 0
15214 0
22339 6
26989 9
15038 0
1715 4
5046 3
8377 2
21939 2
5177 7
808 8
1716 4
2309 4
5047 3
904 9
33453 0
15040 0
5048 3
13061 2
8379 2
11710 1
1718 4
5049 3
31439 0
5303 3
8537 2
19805 1
15042 0
9656 4
2868 6
20413 15
12378 1
8381 2
4247 9
1114 5
17610 0
11712 1
15043 0
1720 4
14659 16
18108 0
8382 2
11713 1
8517 6
53841 8
5052 3
34869 3
17984 1
11714 1
22422 3
1722 4
5053 3
22064 1
21456 3
31458 1
1723 4
15659 0
5054 3
18440 0
5607 6
6026 9
8385 2
14248 6
41917 0
15047 0
5055 3
29344 2
12164 1
5309 3
8543 2
11717 1
15048 0
1725 4
5056 3
13778 4
20406 2
18606 0
26078 1
11718 1
5151 7
8698 2
2746 4
3894 4
712 7
11719 1
15050 0
1727 4
32881 6
11473 6
5921 6
8389 2
1728 4
27392 2
5059 3
29181 8
12057 1
2406 5
11721 1
1729 4
40683 3
4456 4
5060 3
3759 7
16780 0
13549 1
28116 1
6214 5
8391 2
15404 0
18855 0
44405 5
15053 0
12068 2
5061 3
6587 3
15197 4
15054 0
1731 4
16798 2
30098 10
8406 3
7631 3
40415 5
8393 2
34250 0
26765 2
12707 7
16385 5
1732 4
1490 9
9036 4
5554 3
8394 2
11725 1
15833 3
36025 0
5064 3
23326 3
8395 2
25413 0
11726 1
6810 5
659 5
1734 4
11727 1
5996 3
5260 5
11728 1
6957 3
18537 3
9494 6
15059 0
13186 2
1736 4
21106 2
3550 5
15254 2
8398 2
1737 4
5068 3
12639 2
7785 6
8549 5
11730 1
15061 0
1738 4
19260 4
50511 6
8400 2
11731 1
7798 3
3428 4
1739 4
11961 2
959 10
35708 0
5070 3
8401 2
9560 4
16365 0
3715 4
1740 4
19388 5
12543 6
8402 2
1741 4
12830 1
12606 4
10574 3
31108 1
14761 1
1742 4
12509 1
16282 0
44945 5
4689 4
11735 1
15066 0
10960 7
34293 0
8405 2
11328 3
11736 1
15067 0
1744 4
5075 3
28161 1
11962 1
11737 1
1745 4
5076 3
2333 4
8407 2
37985 5
11738 1
66155 3
12295 1
25217 1
15069 0
1746 4
10515 2
5077 3
8408 2
12709 8
11739 1
6524 5
22010 2
1747 4
15064 2
20961 4
5078 3
5793 3
8409 2
13783 4
31866 1
2751 10
36031 4
1748 4
5079 3
11140 2
8410 2
8871 2
11128 6
8701 7
26069 3
13258 1
34860 0
15072 0
1749 4
18178 4
5080 3
19090 3
5333 3
11742 1
3320 6
14357 2
15073 0
1750 4
65653 2
12906 3
11743 1
15074 0
1751 4
28557 0
5082 3
21356 0
31897 5
43077 4
11744 1
35451 0
15075 0
1752 4
4910 4
5083 3
20381 3
77290 0
3953 4
8414 2
2339 4
5316 4
19768 0
11745 1
15076 0
1753 4
17118 1
5084 3
69561 1
8415 2
8195 7
35754 4
7062 7
15077 0
1754 4
10579 10
61832 2
40399 0
11747 1
12431 2
8573 2
1755 4
54103 3
15486 4
18180 4
12414 1
28024 2
1756 4
9432 8
46374 4
8418 2
10461 3
11749 1
11974 1
15080 0
4859 8
5088 3
35263 3
32750 1
25009 5
8419 2
38645 5
5578 3
11750 1
15081 0
14482 1
5089 3
1126 5
35358 4
8420 2
30916 6
51302 1
9318 2
10591 5
1759 4
2996 8
23187 7
3804 5
15083 0
1760 4
909 8
16252 2
18762 2
15458 8
28187 1
17819 3
11753 1
29631 1
5092 3
15784 0
7729 9
4498 7
5696 6
5093 3
8424 2
10402 2
7672 8
15086 0
1763 4
5094 3
8425 2
9693 3
1764 4
15266 1
15904 3
2681 5
35631 0
16113 6
13169 1
11757 1
15088 0
19076 1
15701 0
5096 3
14191 1
8427 2
801 7
1017 9
23807 1
22523 3
1766 4
5097 3
15397 10
1509 5
8428 2
17673 5
11759 1
9523 11
1767 4
2351 4
8889 2
3621 5
17824 0
11760 1
15091 0
1768 4
5351 3
11761 1
15092 0
1769 4
17869 12
5100 3
8431 2
11387 3
7160 6
25976 0
11762 1
15093 0
5252 7
5101 3
8432 2
19598 1
27499 6
1771 4
1844 5
5102 3
8433 2
622 6
15095 0
4395 5
3452 4
5103 3
55444 2
11765 1
20340 4
15096 0
22794 4
5104 3
16739 0
24402 2
8435 2
40454 6
11766 1
8632 5
15097 0
5105 3
2357 4
34364 0
8436 2
11767 1
8746 2
5111 5
15098 0
14900 5
5106 3
10021 2
1405 6
11768 1
2167 7
26866 2
1776 4
5107 3
8438 2
14102 1
15100 0
1777 4
8439 2
26196 1
13698 1
2674 7
15452 0
36935 5
15101 0
1778 4
8440 2
4012 4
28381 5
6629 3
5773 5
8597 2
5110 3
8144 3
8441 2
11772 1
4917 8
23433 3
9595 6
20203 7
6157 9
8442 2
11773 1
22944 0
16498 5
35155 0
9798 4
8443 2
29475 2
11774 1
15105 0
1782 4
4384 9
5113 3
5137 4
10215 4
11775 1
1783 4
5602 3
5114 3
11776 1
15107 0
1784 4
15949 1
27853 0
5115 3
8446 2
30260 1
11777 1
1785 4
19367 4
17762 9
14532 4
3147 4
5116 3
34943 0
17089 0
227 7
8907 2
16496 0
19173 3
11778 1
31209 1
1786 4
3403 6
14385 6
5117 3
1211 8
8448 2
18821 2
42631 0
17006 0
11779 1
15286 0
5516 6
5118 3
11780 1
6044 3
17184 3
25365 2
15111 0
5119 3
8450 2
11781 1
12838 7
6593 4
1789 4
5120 3
8451 2
12656 6
15113 0
13938 5
36156 0
33158 2
12664 1
15301 5
8452 2
11783 1
15114 0
1791 4
20470 3
8609 2
9359 5
537 8
28258 1
1792 4
21789 0
31588 0
5123 3
3262 6
1793 4
5124 3
13092 1
25957 6
1794 4
5125 3
8456 2
15575 4
33630 0
2155 5
34717 4
15975 3
11235 6
11446 3
11788 1
35552 0
1138 5
9354 2
11789 1
31979 1
21605 3
15120 0
8679 4
8459 2
48638 0
12991 1
10680 5
13944 4
15121 0
1798 4
8814 7
8865 5
5129 3
8460 2
11791 1
3692 5
4504 4
15298 0
5381 3
15122 0
9068 2
5130 3
30388 6
8461 2
11792 1
29041 6
1800 4
18281 4
52510 2
5131 3
33938 3
8462 2
7169 7
11793 1
43657 0
15124 0
1801 4
5785 6
59285 1
11622 6
3177 5
8463 2
1096 10
2004 8
15125 0
1802 4
8464 2
17473 11
11795 1
12890 1
15126 0
1803 4
7190 3
5134 3
2381 4
8465 2
15127 0
1804 4
1010 8
5135 3
40501 1
890 7
4071 4
11413 13
2882 10
51914 0
29353 7
15128 0
1805 4
12022 1
5387 3
15654 0
4777 5
8467 2
26311 4
11097 7
34435 0
3103 8
5847 3
16044 3
26200 3
15129 0
1806 4
1639 9
27208 0
4972 8
8468 2
21096 0
11799 1
5344 7
1807 4
5138 3
39211 2
15131 0
5139 3
8470 2
11801 1
677 5
15132 0
1809 4
13995 2
22152 2
15213 1
28569 8
52924 6
12214 4
8627 2
15832 0
21098 4
53978 1
11245 5
15133 0
1810 4
22624 3
8715 5
5141 3
19745 0
13281 3
11803 1
15134 0
5393 3
8782 2
8473 2
15813 2
8684 6
15135 0
1812 4
29797 3
5143 3
8474 2
18880 2
9869 4
11805 1
15136 0
1813 4
9563 8
5144 3
5959 7
16609 0
24295 3
48138 4
15137 0
1814 4
5353 7
5145 3
8476 2
16010 0
11807 1
1130 9
71912 1
15138 0
1815 4
30601 2
40826 9
11808 1
15139 0
31672 1
8478 2
11809 1
12024 5
1527 5
15140 0
1817 4
5148 3
8479 2
5399 3
2393 4
15141 0
5149 3
28310 1
8480 2
11811 1
31683 4
12147 1
5150 3
11812 1
22729 1
11836 3
1820 4
2818 4
35244 0
15563 3
33689 0
11813 1
15144 0
1821 4
5638 3
5152 3
27606 2
8483 2
9235 2
11505 3
16244 6
46895 5
35026 0
54014 0
15364 4
20453 4
19256 3
46505 5
3486 6
9336 3
11815 1
28329 1
15146 0
18327 4
5154 3
11569 2
30349 1
8794 2
11816 1
9092 2
15147 0
1824 4
9696 6
7709 3
8486 2
28891 7
15148 0
1825 4
2399 4
7809 8
8487 2
2510 6
15516 1
15149 0
23540 3
6671 3
11819 1
25454 2
1827 4
6856 3
18704 3
8344 7
15151 0
1828 4
20585 2
5159 3
23300 0
27007 7
8490 2
11821 1
11134 3
23608 0
12486 1
17810 5
5160 3
16086 1
8491 2
26314 1
17469 0
9527 2
3763 5
1830 4
31310 1
22925 4
20559 3
16455 0
5161 3
16611 5
8492 2
4130 4
1831 4
18912 2
13620 3
19474 4
11824 1
15155 0
1832 4
3938 7
22044 2
11825 1
44522 4
15156 0
1833 4
683 5
21279 2
27811 2
5164 3
15595 0
15664 4
8495 2
1868 5
3183 4
11826 1
14039 5
32702 5
7958 6
5165 3
14027 4
3632 6
11827 1
15158 0
1835 4
8149 4
5166 3
13342 1
15159 0
1836 4
5417 3
5167 3
8498 2
38881 0
11829 1
10769 5
9884 3
34506 0
11462 2
15408 5
15160 0
12385 1
25384 1
5168 3
6288 9
8499 2
35934 0
11830 1
15161 0
1838 4
5169 3
8500 2
23318 11
11831 1
12769 6
15162 0
1839 4
4043 5
6295 3
5170 3
7882 3
79597 0
2411 4
11832 1
1840 4
5874 6
22223 2
8502 2
6092 3
11833 1
15164 0
8347 3
12058 1
6462 4
16722 0
11834 1
6112 6
15165 0
1842 4
11342 6
28724 0
5173 3
8504 2
1843 4
5174 3
979 7
8505 2
16656 1
9940 4
19099 5
15167 0
18382 4
5175 3
25032 2
4521 9
13247 1
15168 0
1845 4
8507 2
59691 0
31417 3
8663 2
12969 7
35855 5
24568 2
8508 2
8798 5
33748 0
11839 1
2417 4
9819 2
15346 0
15170 0
36287 0
7276 7
8927 7
8509 2
11564 3
11840 1
1883 6
24523 11
1848 4
8818 2
1111 8
5179 3
8510 2
14522 6
15172 0
1849 4
34946 7
5180 3
15524 0
42051 9
15173 0
1850 4
5181 3
13962 4
8512 2
2313 6
25418 6
1172 6
47615 5
11844 1
8669 2
15175 0
1852 4
3210 8
8514 2
41511 9
11845 1
15176 0
1853 4
22791 7
9223 3
5184 3
11846 1
5066 8
25610 0
14376 1
2423 4
15177 0
1854 4
22725 3
28400 1
5185 3
15441 0
19650 5
28250 2
16989 0
1855 4
5186 3
5085 8
12797 4
1856 4
5187 3
10019 4
4062 4
6128 4
34524 0
11849 1
15180 0
1857 4
5188 3
17992 3
10361 2
11850 1
35845 0
35109 0
15181 0
5654 5
5388 4
5454 7
2104 6
12550 3
4671 7
11851 1
3569 6
15182 0
1859 4
35333 0
5674 3
23323 5
12098 3
8521 2
15183 0
1860 4
8522 2
22092 0
11853 1
5441 3
15184 0
1861 4
3834 5
2723 5
3013 10
11371 13
15185 0
1862 4
5193 3
30438 1
8524 2
40828 3
11855 1
26331 3
24408 3
31779 1
1863 4
5194 3
22663 13
8525 2
12843 1
11856 1
8681 2
15187 0
27068 2
1243 9
39913 1
1233 10
5195 3
8526 2
18998 2
11521 3
1865 4
18561 1
8995 4
5196 3
13057 1
12522 1
8527 2
25543 2
11858 1
5197 3
3805 4
17947 19
8528 2
2854 4
15190 0
1867 4
13164 1
48498 4
4552 4
34577 0
15191 0
27713 2
16756 4
9797 6
11234 7
23986 1
8530 2
17256 0
11861 1
15192 0
20648 3
5200 3
25021 11
4319 4
15193 0
1870 4
19482 2
9694 8
29880 1
8532 2
14110 4
20605 0
11863 1
21754 3
45313 0
33012 1
5202 3
20566 4
22294 2
8533 2
3524 4
9426 2
43977 9
11864 1
5686 3
1872 4
16591 1
21235 4
5203 3
12336 3
15459 0
7339 6
8842 2
39693 9
1873 4
23647 3
11866 1
9569 2
1874 4
13948 2
20038 1
8536 2
11867 1
16070 0
10011 4
1875 4
11771 6
2441 4
10858 5
11868 1
15199 0
1876 4
8693 2
30067 5
47029 0
31236 1
5207 3
8538 2
17416 1
15200 0
5208 3
15726 0
12094 1
7291 4
8539 2
8997 2
1878 4
14140 5
5209 3
19581 4
8540 2
16375 6
44409 9
5963 6
15202 0
1879 4
15677 2
8541 2
19248 0
16724 5
11872 1
11260 2
1788 9
15203 0
1880 4
5211 3
3107 6
17025 2
634 6
15204 0
1881 4
28026 0
79891 0
5212 3
26432 1
2866 4
8699 2
14705 4
6904 3
1068 7
24651 2
4248 4
2447 4
11875 1
15206 0
15382 0
1384 8
5214 3
7037 5
5919 3
38497 3
15515 5
1884 4
13861 10
8546 2
1885 4
5216 3
8547 2
17873 1
1886 4
5217 3
8548 2
19018 1
28213 4
36047 0
10897 2
15210 0
1887 4
23056 4
38413 2
11880 1
7946 8
15211 0
16853 0
12882 6
18483 4
16514 1
5219 3
8550 2
11449 6
11881 1
16188 3
5220 3
12106 1
11882 1
1890 4
5603 4
8552 2
17363 3
19057 2
6453 5
1891 4
5222 3
22590 0
8553 2
12219 1
11884 1
5471 3
1892 4
2865 7
20437 10
1212 8
5223 3
3905 5
8554 2
11885 1
76609 0
8608 4
2171 8
1893 4
28137 8
35239 5
22359 0
11886 1
31309 7
7383 7
66661 2
15217 0
5225 3
12332 1
35192 0
6419 9
716 8
8556 2
14893 2
19422 3
11887 1
11986 2
15218 0
1895 4
3652 6
32205 1
5226 3
8557 2
25573 7
52419 3
27948 2
1896 4
2364 7
5227 3
11153 2
9040 7
10063 3
11889 1
18476 4
1897 4
2459 4
2878 4
11890 1
5477 3
1898 4
5511 7
35422 0
37022 7
33866 0
11891 1
1899 4
3317 8
34648 0
5230 3
11682 3
11892 1
15223 0
1900 4
6546 3
14020 1
11893 1
17790 0
9799 4
5232 3
30527 1
8563 2
8493 7
11894 1
15225 0
5555 7
6757 5
5233 3
22365 2
11895 1
13100 7
5937 3
15226 0
8851 6
5234 3
8565 2
9736 2
9873 2
36418 0
15227 0
1904 4
701 5
47428 3
5483 3
5235 3
3548 4
35952 0
7447 3
40874 5
25632 2
11897 1
5198 8
15228 0
1905 4
9287 4
5236 3
24739 1
11898 1
60455 4
15229 0
9550 5
10082 4
8568 2
29963 1
7464 4
11418 5
11899 1
14193 4
15194 8
15406 0
5713 6
5238 3
4658 9
4098 4
8569 2
7911 4
11900 1
1174 5
15231 0
1908 4
19153 11
12191 5
5239 3
4307 4
11901 1
27387 0
15232 0
8571 2
12237 1
11902 1
5722 3
15233 0
5241 3
8572 2
11903 1
15234 0
1911 4
61239 3
19781 5
15842 4
13145 3
11904 1
15235 0
24521 3
9898 6
8574 2
16543 6
10740 5
12677 1
50018 0
15531 4
41707 0
5244 3
1356 9
8575 2
14234 1
11906 1
16367 0
15237 0
15505 1
1914 4
8576 2
9033 2
10947 5
41666 2
27820 2
11907 1
10284 2
39187 2
5246 3
24660 3
20114 10
11908 1
1563 5
16711 0
5247 3
28542 1
19116 2
7787 3
11909 1
61311 0
15240 0
5248 3
42247 0
29548 6
8579 2
22507 4
11910 1
6052 6
9611 2
15241 0
31512 1
5249 3
9062 5
8580 2
12356 1
25181 2
3144 10
2477 4
12897 1
12123 2
11911 1
15242 0
8964 5
5250 3
34661 0
3231 5
8581 2
19450 0
11912 1
23754 3
16259 3
1920 4
16776 2
16235 3
5523 5
14638 1
20679 4
44833 0
8582 2
16545 0
11913 1
15244 0
1157 7
18964 0
16491 2
19533 0
11914 1
15245 0
1922 4
14241 5
5253 3
8584 2
5501 3
11915 1
9188 2
15246 0
15198 5
22211 2
3976 5
15685 0
11916 1
15247 0
1924 4
5255 3
18265 1
8741 2
8586 2
35066 5
33925 0
27974 5
1925 4
19688 4
5256 3
13010 1
8587 2
11741 3
15249 0
15481 17
5257 3
15513 0
5030 4
1370 10
15250 0
1927 4
9825 8
56161 3
8589 2
8860 3
5215 8
1928 4
2902 4
33143 1
5259 3
25551 1
8590 2
5507 3
15252 0
1929 4
48635 5
20430 1
12411 4
11922 1
15253 0
1930 4
21452 2
11784 2
15622 5
34719 0
8747 2
35275 0
11923 1
20764 2
19505 3
8131 6
5262 3
18235 0
3735 6
8593 2
11924 1
1932 4
18584 4
5263 3
10442 4
8594 2
11925 1
13123 1
50298 4
1933 4
30962 13
5264 3
30794 7
41623 1
8902 2
15869 0
26550 1
22436 2
15257 0
1934 4
22920 1
5265 3
8596 2
4366 4
11927 1
4117 7
21372 4
16130 0
1935 4
454 7
11556 6
16506 6
69954 2
15259 0
1936 4
26462 12
36160 0
5267 3
1313 8
8753 2
11929 1
12808 1
35511 0
50997 2
15260 0
5268 3
10153 4
12995 6
19549 12
8599 2
18324 0
15333 2
1938 4
19327 1
12594 1
8600 2
11931 1
31373 1
1939 4
6385 3
5270 3
8601 2
7966 3
11932 1
13753 1
15263 0
1940 4
46443 9
30616 1
8602 2
7490 7
15760 3
6582 3
11933 1
13236 1
15264 0
2215 5
5519 3
11934 1
31411 4
23183 0
19175 2
11935 1
30046 1
1943 4
14276 4
25721 2
11936 1
1186 5
20837 0
15267 0
1944 4
5275 3
32318 1
8606 2
21903 3
8607 2
8914 2
3424 8
9153 7
11938 1
12273 1
9355 2
15269 0
1946 4
5277 3
5656 7
9498 2
11939 1
20826 3
37909 2
61924 5
5278 3
28613 1
11940 1
5758 3
15271 0
1948 4
3495 6
8610 2
32863 1
11941 1
9575 3
5280 3
11920 6
3470 5
8611 2
15798 0
40406 3
3865 4
11942 1
1950 4
5281 3
5893 7
33984 0
11943 1
35713 1
1951 4
36059 0
16330 3
20126 0
5282 3
6550 9
9069 2
8613 2
11800 3
6015 4
19109 2
6024 5
15275 0
1952 4
27270 2
10832 2
29868 2
11945 1
28476 2
15276 0
14141 4
1953 4
5284 3
11036 5
8615 2
5531 3
3273 4
11946 1
1937 9
15976 0
15277 0
21637 0
77405 1
5311 8
9784 2
5285 3
18084 5
18165 3
4047 5
11947 1
15278 0
1955 4
15454 0
38127 4
24817 2
9047 5
8617 2
4844 7
1916 5
11948 1
15279 0
1956 4
6707 4
31993 1
6303 6
9999 6
27903 8
8618 2
6141 6
1957 4
5288 3
8619 2
8926 2
12837 2
5289 3
28085 2
11951 1
15282 0
5290 3
26609 1
15283 0
1960 4
1246 7
5291 3
4425 4
7597 9
11953 1
5991 3
36549 0
18016 0
9927 2
1961 4
5292 3
24634 3
27927 2
34790 0
8623 2
11954 1
12178 1
1962 4
31613 1
5293 3
8624 2
1469 9
22458 1
1963 4
5294 3
8625 2
11956 1
15287 0
52334 2
14650 2
9379 11
11957 1
18680 0
16332 0
15288 0
5296 3
34387 5
11958 1
5380 5
13514 3
15289 0
13283 2
28608 1
26671 9
23861 3
11959 1
8783 2
15290 0
67468 0
5298 3
8629 2
3818 6
11960 1
15291 0
1968 4
19912 5
5299 3
16837 15
10224 4
19234 2
15292 0
5300 3
20792 4
6797 3
4795 9
15644 0
15293 0
5301 3
12988 4
18625 4
1971 4
24165 1
5302 3
42316 5
19795 4
11964 1
6212 3
15295 0
1972 4
9236 2
719 5
6415 3
20833 6
5304 3
8635 2
53342 1
12951 1
11966 1
71788 3
14796 6
1974 4
10885 3
5269 4
16083 0
8636 2
1975 4
7518 6
5306 3
11707 2
8642 7
3275 10
15911 0
11968 1
35600 0
15299 0
1976 4
42008 3
5307 3
18685 4
34043 0
26593 3
11969 1
15729 5
9385 2
15300 0
5308 3
8639 2
3291 4
11859 3
60965 4
11970 1
24797 3
28199 0
16040 1
1978 4
16950 5
1686 6
23835 0
8640 2
11971 1
15302 0
14878 4
18858 0
11106 2
30705 1
30129 1
58557 5
8641 2
1198 5
11972 1
15303 0
1980 4
1557 8
6009 3
1414 8
35164 5
15567 0
11973 1
8759 3
1981 4
6618 3
13847 3
8643 2
7513 3
34798 0
11663 6
15305 0
1982 4
5313 3
8942 4
16401 3
43429 1
25810 2
8644 2
2531 4
22058 0
15306 0
1983 4
2514 5
8645 2
18936 1
15090 1
11976 1
9956 8
3859 6
15307 0
1984 4
2338 8
5315 3
19673 2
63724 0
16064 2
1985 4
33274 1
8647 2
12856 1
20915 3
4118 5
5794 3
9051 3
12202 1
15309 0
1986 4
7173 3
5317 3
23028 3
10219 2
8648 2
13108 6
4484 4
4688 5
13070 1
11979 1
15310 0
1987 4
5318 3
8649 2
49053 2
11981 1
15312 0
1989 4
22826 11
16020 4
5678 7
5320 3
1507 10
8651 2
15313 0
1990 4
5321 3
5757 7
8652 2
8807 2
15314 0
1991 4
14691 5
24900 2
13414 2
17435 1
9130 5
15315 0
10356 2
5323 3
3531 8
11125 5
25330 2
16637 6
8654 2
11985 1
17631 0
8622 3
15316 0
1993 4
5324 3
17542 3
11508 7
8655 2
32431 1
233 7
15668 0
15317 0
1994 4
9018 6
8962 2
8656 2
19293 2
11987 1
10778 3
9266 7
15318 0
1995 4
16190 0
8657 2
16534 0
6230 6
11988 1
39098 7
15319 0
1996 4
22578 2
27371 2
39783 7
8658 2
11989 1
5573 3
6224 4
7692 3
2543 4
15347 5
895 8
5328 3
21509 4
8659 2
10999 2
36166 0
11990 1
15321 0
1998 4
6236 3
5329 3
12761 1
4121 5
26358 0
5806 3
8660 2
2761 6
11991 1
1335 7
15322 0
1999 4
5330 3
12358 5
13231 15
8661 2
10295 4
15323 0
2000 4
14217 1
5331 3
5866 4
10100 6
13914 1
2001 4
5332 3
29737 8
3309 4
60681 1
31510 1
49766 3
5364 8
11994 1
15325 0
2002 4
53572 0
16024 0
28589 2
24912 1
8664 2
36579 9
34102 0
32100 1
15326 0
8819 2
13712 1
5334 3
35441 0
5424 8
11591 5
19671 3
58115 0
2549 4
56581 3
3901 6
13533 2
933 6
5335 3
15698 4
2962 4
8666 2
9832 2
50285 5
11997 1
13403 1
39176 3
5336 3
6445 3
15329 0
31714 1
3056 7
9123 2
35571 5
15330 0
2007 4
5338 3
12000 1
5058 5
15331 0
6681 9
8670 2
2009 4
19038 3
29999 2
8671 2
28755 1
2010 4
16291 0
12226 1
5341 3
8336 3
14443 5
8672 2
24747 3
37101 7
12105 3
15334 0
2011 4
51554 2
11380 2
16635 0
5818 3
5342 3
11975 2
12666 1
36273 9
27566 0
26727 1
12004 1
1582 9
10252 4
15335 0
4543 4
2245 5
12005 1
5090 4
8220 8
2013 4
23968 3
16472 3
12006 1
15337 0
2014 4
32035 0
5345 3
22378 2
8676 2
13308 1
12007 1
15338 0
2015 4
15514 0
8831 2
5346 3
5591 3
10919 5
8677 2
30212 1
12008 1
14442 4
15339 0
2016 4
15411 1
5347 3
36057 0
2561 7
8678 2
13362 7
12009 1
18221 5
2017 4
6839 3
9218 3
12010 1
27199 2
36680 0
15341 0
2018 4
15692 0
9981 2
5349 3
19902 4
8680 2
22052 3
12011 1
8986 2
31753 5
20905 4
15342 0
2019 4
15221 1
48351 1
46814 1
25718 1
63661 1
2974 4
12012 1
16999 9
15343 0
18786 4
9741 5
8682 2
19352 2
11267 2
24139 7
28222 2
2021 4
8837 2
21389 0
5352 3
25899 2
8683 2
6654 3
12014 1
15345 0
2022 4
2023 4
12069 6
5354 3
73295 2
15836 5
8685 2
12016 1
34932 0
2024 4
5355 3
1515 8
29058 0
55348 6
46079 2
3327 4
15348 0
2025 4
10517 2
20043 5
5356 3
8687 2
15349 0
5357 3
8688 2
20121 0
21625 2
15350 0
5358 3
22649 2
17063 5
5910 6
8689 2
12193 14
24983 2
12020 1
2086 9
16109 4
15351 0
2028 4
8304 6
9213 5
8690 2
11770 6
34161 0
2029 4
5360 3
11977 3
20271 1
2570 6
15328 1
2030 4
17252 2
23129 3
8692 2
22742 11
12023 1
10366 4
15354 0
11214 5
12801 3
60003 2
2032 4
3406 10
4932 9
8694 2
12025 1
7264 5
15356 0
10130 2
8849 2
8695 2
20943 2
26724 3
12026 1
7704 7
15357 0
10654 2
5365 3
5858 7
12904 1
36386 0
8696 2
16426 3
38678 3
3644 4
2986 4
12570 2
12027 1
2035 4
67348 2
5366 3
8697 2
13221 6
12028 1
15359 0
5367 3
14933 6
12029 1
15360 0
2037 4
5911 5
16404 0
5368 3
4296 7
8430 4
22873 6
1424 7
10785 2
15361 0
8700 2
9259 5
4602 4
2152 6
3638 8
15362 0
9445 2
2579 4
12476 1
12032 1
19754 3
2040 4
28757 1
27472 2
3984 6
24934 3
8702 2
64184 2
10087 8
21877 14
2041 4
13022 2
28826 1
5372 3
14306 2
8703 2
12034 1
3346 6
15365 0
2042 4
15716 0
33405 1
5373 3
8704 2
32544 1
2367 6
11427 3
8705 2
10052 3
15367 0
2044 4
9252 4
5375 3
12361 3
10201 6
34935 0
12037 1
18774 4
2045 4
5376 3
8861 2
8707 2
22355 0
12038 1
15369 0
2046 4
5377 3
12262 1
19411 2
15370 0
7048 3
5378 3
12040 1
17602 0
2048 4
4260 5
5379 3
18681 0
8710 2
23111 1
12041 1
38198 2
15372 0
5854 3
16768 6
32207 1
12608 4
12042 1
2998 4
15373 0
2050 4
2807 5
31815 1
14366 1
8712 2
6284 3
12043 1
15374 0
5382 3
28702 2
12593 3
8867 2
18338 3
8713 2
30295 1
15922 1
1644 10
15375 0
2052 4
6692 5
14525 4
5383 3
8714 2
5537 8
5017 7
12045 1
15376 0
2053 4
5384 3
2591 4
35778 0
15377 0
2054 4
58647 2
14544 5
8716 2
34220 0
12381 1
17525 0
35003 0
8717 2
12036 3
14320 4
18830 1
11645 7
15379 0
10928 2
8718 2
131 11
12049 1
6940 4
15380 0
2057 4
22161 7
8719 2
6081 3
6990 5
12050 1
2058 4
4206 4
15934 2
22720 2
8720 2
12051 1
16938 0
9606 2
5390 3
50836 2
56613 3
8721 2
54244 1
24860 3
24075 3
743 5
21646 4
15383 0
2060 4
25988 2
12053 1
15957 3
13665 1
1695 9
2061 4
5392 3
8723 2
14675 1
12054 1
10437 4
15385 0
10038 4
8724 2
15386 0
5394 3
8725 2
21093 3
26845 1
22538 5
31647 1
15387 0
2064 4
25066 2
18887 4
50601 4
9296 5
8726 2
22841 0
4661 4
5639 3
20009 4
15388 0
6881 3
6812 9
1465 6
19275 1
15389 0
2066 4
30130 2
25479 2
38263 1
5532 4
16198 4
15390 0
2067 4
12142 2
11802 3
8729 2
9034 2
12060 1
15391 0
2068 4
21018 4
3064 5
1616 8
8730 2
12061 1
15392 0
19274 0
5400 3
8731 2
12062 1
77467 0
15393 0
2070 4
11303 5
12286 1
6494 6
12063 1
15496 5
2071 4
9332 2
5402 3
4354 5
22261 10
12064 1
19306 2
15395 0
2072 4
6505 3
5403 3
28897 1
8734 2
19470 2
13384 3
22616 0
12065 1
12399 1
4696 4
2073 4
8980 3
5404 3
6408 6
8735 2
13493 7
12066 1
15835 0
24344 1
2074 4
5405 3
5878 3
1964 5
23230 3
8736 2
2609 4
28372 0
15398 0
16784 0
5406 3
11877 6
2505 8
3530 5
17009 2
8737 2
8357 8
74202 0
5513 8
16614 3
35607 0
15051 4
5407 3
16357 0
12832 2
17176 5
4067 6
1513 7
15400 0
2077 4
28684 6
5651 3
1730 8
5408 3
33335 5
7697 6
15401 0
2078 4
5409 3
9538 4
39038 11
8740 2
12071 1
20657 1
15402 0
2079 4
5410 3
4331 5
18358 5
9046 2
16618 0
15403 0
2080 4
3022 4
5845 7
7811 7
8742 2
12073 1
5412 3
7764 3
8743 2
12499 2
12095 3
12074 1
10669 4
17970 0
15405 0
20174 5
5413 3
8744 2
7430 3
14794 1
12075 1
2083 4
16730 2
22655 1
5414 3
5657 3
12952 1
28359 2
8745 2
13059 1
36499 0
8877 4
12076 1
1234 5
5415 3
27573 2
681 7
13179 4
47144 3
2085 4
10561 7
9185 6
3745 8
12078 1
15409 0
35074 0
8748 2
8551 3
15410 0
15586 0
5418 3
8749 2
12080 1
32184 0
2088 4
30378 1
5419 3
17893 0
10302 6
8750 2
14608 4
2621 4
12081 1
19049 0
15412 0
2089 4
5420 3
3537 10
8751 2
26904 1
56068 6
15413 0
2090 4
5421 3
12525 5
20104 0
9301 11
8752 2
26855 3
4720 4
36380 0
12417 1
15414 0
2091 4
17140 0
12084 1
2092 4
32657 1
5423 3
8754 2
35867 0
22201 3
15416 0
2093 4
10508 4
20076 1
9492 7
8755 2
12086 1
80456 0
28718 7
16338 1
15942 0
15417 0
2094 4
13594 1
26167 10
26004 0
5425 3
31916 1
8756 2
12087 1
5069 9
5426 3
15865 4
8757 2
5669 3
9356 2
30972 1
15419 0
17721 3
32314 1
6117 3
5427 3
8758 2
9642 2
12089 1
10190 2
12218 6
15174 2
12090 1
10218 8
15421 0
14645 5
8760 2
19529 2
19864 2
23701 12
79929 0
15070 6
33536 1
5430 3
25085 1
8761 2
1074 8
15423 0
2100 4
18166 1
46191 4
5431 3
11764 5
8762 2
19205 3
28815 2
12093 1
15424 0
9505 2
5432 3
28248 2
8763 2
2235 9
5650 8
7096 3
2102 4
13808 1
21182 3
8764 2
12404 2
2633 4
31951 3
6332 3
25071 3
5434 3
28968 1
3728 6
8765 2
23422 0
12096 1
15427 0
5435 3
8766 2
8383 10
15109 1
18901 0
12097 1
34081 4
15428 0
2105 4
5786 5
5436 3
14117 1
6535 3
37627 2
22545 2
16287 4
15429 0
2106 4
5437 3
16899 6
15780 2
15693 0
34338 0
12099 1
4487 4
16685 3
15430 0
2107 4
35072 0
5438 3
41869 1
8769 2
12154 3
12100 1
17241 0
2108 4
18658 0
11101 2
5439 3
18988 4
8770 2
12101 1
17727 1
24973 3
15432 0
2109 4
20922 0
11392 5
13190 1
5440 3
16476 0
23714 7
12102 1
347 6
15433 0
2110 4
3046 4
1808 9
12655 1
4402 5
7281 3
8772 2
25885 1
12103 1
10237 3
33217 1
15434 0
5442 3
19578 1
8773 2
20116 4
17003 1
15435 0
2112 4
5914 3
35690 0
5443 3
12548 1
6497 6
14265 2
1717 8
19920 3
26549 0
78881 0
2113 4
4150 6
8775 2
262 11
2114 4
28906 1
15788 0
5445 3
27745 0
39889 2
3985 4
1781 10
12107 1
23580 4
2115 4
34977 9
29225 0
26963 1
1602 7
12108 1
7608 4
15439 0
2116 4
5759 4
8778 2
4779 4
16050 5
12109 1
15440 0
2117 4
12091 14
35145 0
21131 4
8779 2
8933 2
11098 5
5449 3
23331 3
8780 2
8873 3
11782 7
18923 4
12111 1
2119 4
951 6
5450 3
35894 14
12112 1
28141 6
15443 0
2120 4
5451 3
5693 3
3247 7
12113 1
22862 2
12774 1
15444 0
5452 3
6821 4
12114 1
11984 6
6943 9
5453 3
8204 4
8784 2
6060 7
21783 4
761 5
15446 0
2123 4
8940 7
30261 2
6667 8
21798 2
15447 0
30461 1
15711 0
12117 1
5926 3
2125 4
8477 6
6275 5
33667 6
5456 3
17289 5
2126 4
37399 3
8788 2
31784 1
12119 1
10351 2
18546 1
15450 0
2127 4
7918 7
8789 2
24062 0
15451 0
2128 4
5459 3
9094 2
12121 1
15602 2
5460 3
47672 3
12122 1
15978 0
68089 2
5461 3
14343 1
8792 2
13624 7
12346 1
14074 3
32743 6
2657 4
2131 4
3716 4
5462 3
12124 1
26967 8
36942 0
2132 4
26563 6
3852 8
5463 3
9535 2
53714 0
9725 3
10403 6
34397 0
12125 1
36612 0
15456 0
2133 4
16469 1
4086 6
8795 2
15715 1
12213 3
12126 1
9678 2
15457 0
2134 4
13447 6
5465 3
8796 2
29039 1
31061 1
12127 1
9932 5
2135 4
15634 0
35738 8
8797 2
9249 2
12128 1
8951 2
39427 1
2758 7
25232 2
2137 4
9462 5
5938 3
36487 0
2663 4
12130 1
15461 0
2138 4
26166 2
8494 8
8800 2
5711 3
15462 0
2139 4
7775 4
20305 5
20737 7
23766 0
5470 3
12132 1
15463 0
4475 7
25628 2
64664 2
4744 4
8802 2
15464 0
74015 2
5472 3
32770 1
8803 2
4473 5
27022 1
12134 1
2142 4
18495 5
5473 3
14746 5
16423 0
9605 7
4838 4
15466 0
2143 4
29606 13
5474 3
18611 0
36139 1
12136 1
15467 0
2144 4
16079 0
5475 3
8806 2
16376 4
12137 1
11381 2
15645 5
5717 3
2145 4
9404 2
5476 3
12471 1
12138 1
15469 0
2146 4
28496 2
16944 1
2586 5
3668 10
8808 2
75245 0
12139 1
15470 0
15646 0
65631 1
44743 0
26986 3
6107 6
12140 1
28355 2
11481 5
8963 2
5479 3
36360 0
35216 0
16601 0
16617 3
20003 3
15472 0
2149 4
4233 6
466 7
5662 8
5190 7
28928 2
15473 0
2150 4
13957 1
5481 3
8812 2
19647 2
12143 1
25651 8
5763 8
6586 6
12144 1
22933 2
15475 0
31506 4
19089 4
2305 5
15476 0
5484 3
8815 2
12146 1
72207 1
9267 2
15477 0
18208 0
8969 2
53286 4
8816 2
1691 7
10349 8
5486 3
10650 4
45076 2
12148 1
17793 0
15479 0
2156 4
1818 8
5649 5
21918 0
12149 1
15480 0
5488 3
5206 9
12150 1
16315 2
36853 4
25086 3
20223 4
5489 3
14499 4
8820 2
34456 0
9456 5
15482 0
2159 4
15658 0
5490 3
1921 9
8821 2
12272 3
12152 1
29719 6
15483 0
2160 4
5491 3
6511 4
12153 1
30544 1
15484 0
2161 4
49046 4
15207 6
33734 8
37742 8
32333 0
15485 0
2162 4
5493 3
23432 3
12155 1
23302 1
2163 4
5494 3
17030 6
9565 2
5401 4
16157 5
63545 0
773 5
2164 4
5495 3
16702 0
8826 2
10410 3
12157 1
15488 0
2165 4
51614 3
5496 3
4529 4
8827 2
25208 3
2687 4
12158 1
29110 1
7836 3
2166 4
2672 8
22350 3
21244 4
6161 7
12159 1
15490 0
10485 4
9205 4
5498 3
17046 0
8829 2
27081 1
12160 1
2168 4
16873 1
5499 3
19199 1
8830 2
12161 1
12929 1
15492 0
2169 4
5500 3
16827 3
5741 3
5604 4
9428 2
12805 4
15493 0
2170 4
18841 7
36045 0
8832 2
393 11
12163 1
12715 1
15494 0
3112 5
15270 1
9714 2
6012 7
8833 2
6595 3
23711 4
28545 0
3012 6
15495 0
2172 4
5503 3
27775 2
8834 2
2693 4
35689 2
12165 1
4544 5
15224 4
2173 4
25315 2
5504 3
6189 3
9545 5
34239 9
8835 2
31150 1
8025 7
12166 1
15497 0
2174 4
1903 8
5505 3
8836 2
12167 1
9624 3
17402 5
15498 0
2175 4
75649 1
2384 9
12168 1
16370 0
2176 4
21148 0
9352 6
10504 6
12169 1
15500 0
45147 7
43166 5
1918 10
15947 1
5508 3
8839 2
19519 17
15501 0
2178 4
5509 3
8840 2
12171 1
3959 8
12394 1
15502 0
2179 4
14943 2
7074 9
5510 3
8841 2
17479 2
2699 4
35287 0
2180 4
33277 4
21360 3
30392 2
58681 3
13678 1
7876 6
12173 1
1967 6
15504 0
2181 4
16154 3
11919 7
5512 3
6404 3
12692 5
9863 2
12174 1
75402 0
36725 0
7491 5
32118 1
8844 2
12175 1
15506 0
23004 2
5514 3
15682 0
13560 6
8845 2
16465 4
5210 4
15507 0
2184 4
36594 0
45758 6
8846 2
8999 2
34515 0
12177 1
35856 0
6685 6
3106 4
15508 0
2185 4
20504 1
21920 4
20086 3
12331 3
4316 6
2186 4
5517 3
8848 2
14847 5
10721 4
16032 4
11570 5
15510 0
2187 4
14498 1
13755 7
12180 1
15511 0
2188 4
29055 1
74053 0
37073 0
12181 1
17877 6
15512 0
2189 4
3453 4
5520 3
32528 1
57873 1
2012 5
12182 1
27553 2
2190 4
6675 6
5521 3
32883 1
15674 1
12406 1
2191 4
16299 0
19372 3
9718 7
19503 2
10673 2
36461 0
19072 4
6207 3
12185 1
239 7
8021 3
2193 4
5524 3
1780 7
8855 2
2711 4
27140 1
12846 1
15955 0
5525 3
8856 2
28462 2
4956 4
16216 0
12187 1
353 6
15518 0
2195 4
3764 4
5526 3
29318 13
12188 1
4045 4
15519 0
2196 4
20436 5
5527 3
25258 1
47402 5
8858 2
19190 4
1671 5
9011 2
69185 3
14774 8
22712 2
15783 0
15520 0
2197 4
10417 2
30627 1
9089 7
5528 3
11937 5
8859 2
12190 1
2198 4
5529 3
17900 3
15522 0
2199 4
13370 4
5530 3
34113 9
3590 5
24396 3
12192 1
3118 4
15523 0
2200 4
5876 8
16898 3
5998 3
8862 2
1919 8
8631 8
4981 5
19649 0
12745 1
8863 2
9166 2
12374 3
17503 0
26052 1
12194 1
15525 0
2202 4
8864 2
1253 8
19765 2
13387 1
12195 1
2203 4
3585 6
5534 3
22852 1
3799 10
12196 1
4615 5
15527 0
2204 4
53934 4
5535 3
27117 3
8866 2
18632 5
13052 3
12197 1
17758 0
20330 4
2205 4
5013 4
11196 3
8868 2
14017 16
29392 0
4314 4
15706 0
25199 3
6428 3
15049 14
8869 2
4792 4
12200 1
2208 4
2034 9
28633 2
8653 3
16489 0
2827 6
2209 4
36134 0
4189 5
5540 3
25398 2
9628 5
26643 8
16264 5
2210 4
6262 7
5339 5
12203 1
47066 2
2211 4
5542 3
12390 3
10480 8
81613 0
2212 4
17260 0
11857 9
5543 3
8874 2
31239 1
7711 3
5783 3
33798 1
7223 5
20055 2
5544 3
6931 5
15537 0
2214 4
23075 2
26201 0
2729 4
10822 2
12207 1
9029 2
15538 0
12198 6
12208 1
21357 4
26344 2
8355 3
15539 0
2216 4
6168 5
5547 3
8878 2
27876 2
12209 1
1282 5
27924 0
15540 0
2217 4
14825 1
5548 3
3817 5
10792 4
12210 1
15541 0
31453 2
8880 2
51146 1
11203 2
12211 1
15794 5
15542 0
21449 3
5550 3
15543 0
2220 4
5343 9
17161 6
5551 3
8132 7
8882 2
28459 8
10605 6
5015 4
21971 2
11277 5
2335 5
15544 0
2221 4
35939 0
8883 2
20169 3
8650 6
4399 6
15545 0
16554 4
8884 2
10572 2
12215 1
2223 4
9509 4
5811 8
8885 2
41583 5
4571 4
10277 4
10310 2
15547 0
2224 4
15344 6
17515 5
12217 1
15548 0
5556 3
4066 8
8887 2
19916 0
11697 2
6022 3
64842 3
2226 4
34189 4
5557 3
32219 1
18197 0
3788 4
9041 2
12442 1
16679 0
26740 0
5558 3
524 11
5837 4
17948 0
12220 1
15551 0
2630 6
29252 1
25345 3
5559 3
2741 4
16163 0
8890 2
20884 1
19824 2
23842 4
15552 0
6764 6
5560 3
12624 3
19839 0
8891 2
2421 6
3142 4
12222 1
13096 1
17752 1
15553 0
2230 4
7060 4
12850 3
22618 0
8892 2
14948 5
36701 0
17242 2
2231 4
6243 3
5562 3
5801 3
10896 4
36838 0
8893 2
16969 6
15555 0
2232 4
35346 0
5563 3
1869 7
8894 2
13673 6
15819 0
12225 1
15556 0
2233 4
11095 3
30710 1
12668 1
6452 3
14940 4
15557 0
2234 4
13623 3
908 7
5565 3
7389 3
8896 2
19454 10
17367 0
12227 1
15558 0
4686 5
3438 7
15039 1
5566 3
8897 2
3489 4
32482 0
21682 0
32635 1
15559 0
7205 9
2236 4
14809 5
31099 7
8898 2
1244 6
36562 0
4438 5
12229 1
5568 3
5807 3
16191 2
12449 3
23092 0
15561 0
2238 4
8218 3
5569 3
12231 1
2239 4
21301 2
8901 2
2055 10
32996 1
12232 1
2240 4
5571 3
22499 3
8711 4
32017 4
9831 7
15564 0
5572 3
1689 5
8903 2
29618 3
6034 4
35429 0
15565 0
2753 4
8904 2
797 5
4654 7
15566 0
5813 3
12056 7
12236 1
2244 4
5575 3
13886 7
8906 2
19532 1
2020 8
13637 1
18381 0
12516 6
15568 0
9059 2
5576 3
18684 3
23146 2
40309 1
25481 2
27258 1
12238 1
9357 2
15569 0
2246 4
13642 2
9711 5
2036 5
5577 3
24503 3
5363 7
5074 4
12072 2
12239 1
44427 1
22057 4
12240 1
36223 0
29154 2
48578 2
8910 2
12241 1
10863 4
15572 0
10123 5
5580 3
1294 5
5989 8
8911 2
2533 9
12242 1
7908 3
2250 4
25777 10
5581 3
6261 3
23634 3
12243 1
15837 0
6046 3
2251 4
5582 3
31328 1
9789 4
8913 2
32058 1
12244 1
12638 7
5583 3
8838 3
9958 3
12245 1
20567 5
2253 4
5584 3
8915 2
12246 1
43699 0
15577 0
2254 4
16015 0
5585 3
20315 1
19883 2
6363 7
26433 2
12247 1
15578 0
2255 4
14059 1
5586 3
15754 0
8917 2
12248 1
74408 1
15579 0
2256 4
5587 3
9655 2
8918 2
25312 3
16371 5
2955 7
10072 2
15580 0
2257 4
5588 3
30967 6
36022 0
8919 2
2839 8
12250 1
2147 9
20252 3
11720 3
15581 0
2258 4
21538 3
5589 3
4482 6
3812 4
8920 2
12251 1
16867 12
3961 6
15582 0
3166 4
5590 3
31595 5
8921 2
6476 3
12252 1
15583 0
3930 10
27977 2
12253 1
15584 0
2261 4
14678 4
16643 4
27248 3
8923 2
12305 6
29204 1
15585 0
2262 4
5593 3
8924 2
6179 7
34692 0
17040 3
12255 1
2263 4
8768 8
16808 3
5594 3
8925 2
12508 3
15587 0
2264 4
18871 13
42919 0
5595 3
11748 5
10706 6
12257 1
33674 11
23661 0
21470 4
15588 0
2265 4
5596 3
13767 2
2266 4
4757 5
5597 3
8928 2
13762 1
19221 4
19291 10
12259 1
12918 1
50552 3
8239 7
80230 0
61588 1
10483 2
76111 1
18769 5
15766 0
8929 2
9519 6
12260 1
6304 6
6853 6
16976 0
15591 0
13226 2
2268 4
8930 2
9524 2
10611 8
12261 1
2269 4
35047 3
5600 3
63772 3
8931 2
30793 1
2777 4
33929 1
15023 4
13453 1
12083 3
5601 3
8932 2
32320 1
12263 1
2076 8
2271 4
9238 7
28770 2
1958 7
27317 1
12264 1
4173 8
13880 2
8934 2
5133 4
14380 1
12859 5
12265 1
19395 0
35500 0
33571 1
17628 5
6416 4
12266 1
14617 2
2274 4
69509 1
16122 0
5843 3
8936 2
9146 4
12267 1
15598 0
2275 4
5606 3
8937 2
59118 1
10751 2
12268 1
17154 0
54035 5
10057 12
12447 2
8938 2
80901 0
4105 4
23217 2
72747 1
13980 3
12269 1
15600 0
2277 4
17679 6
17292 6
359 6
107 9
23493 1
36808 0
15948 1
16199 4
12270 1
15601 0
2278 4
11983 2
12271 1
9653 5
2279 4
5610 3
24702 1
8941 2
2280 4
10934 4
1758 6
14301 3
5611 3
36951 0
5849 3
36663 0
19942 2
29559 5
2281 4
809 5
1306 5
5612 3
4613 4
43955 4
8943 2
12274 1
13786 6
5067 4
25564 2
15605 0
2282 4
15956 0
8944 2
32742 1
5480 9
19539 3
15606 0
4313 6
8055 6
8945 2
2789 4
9822 2
12276 1
15607 0
2284 4
5615 3
16045 0
19829 1
655 11
19392 4
12277 1
15608 0
2285 4
35611 4
191 8
5616 3
1707 5
23973 4
12278 1
15609 0
2286 4
12279 1
59428 1
15610 0
36312 0
2287 4
12626 7
5618 3
31565 5
8949 2
50504 3
12280 1
28676 2
21331 6
69443 1
2288 4
12572 2
25926 2
5619 3
6082 3
34751 0
2121 8
12281 1
6297 3
2289 4
38761 1
15613 0
2290 4
13002 4
6049 5
9944 7
5621 3
29394 1
8952 2
7610 3
15931 10
25482 3
16312 0
15614 0
2291 4
9303 3
5622 3
65238 3
16043 2
8953 2
22879 13
5623 3
8954 2
12285 1
26219 1
5861 3
24610 3
7336 9
15616 0
2293 4
25431 1
5624 3
8955 2
36105 0
17111 3
15617 0
2294 4
30654 2
20335 3
5625 3
12110 5
39794 5
8956 2
23999 0
4565 6
23735 3
35483 0
12287 1
2295 4
5626 3
20414 6
8957 2
12288 1
15619 0
2296 4
7443 3
5627 3
12289 1
21627 3
5628 3
5960 8
29267 2
4828 5
2801 4
8959 2
27376 1
15621 0
20544 4
6526 5
5629 3
8960 2
6102 8
5192 4
6464 7
12291 1
2299 4
5867 3
24289 8
6876 6
10644 2
12514 1
16407 0
8961 2
16441 1
12292 1
15455 2
15623 0
2300 4
16732 4
20474 0
15624 0
9411 2
5632 3
7091 3
15625 0
14808 1
2192 10
37335 0
6906 3
15626 0
2303 4
16478 5
5634 3
15802 0
8965 2
11837 5
3202 4
12296 1
4665 5
15627 0
2304 4
5635 3
8966 2
2658 5
28078 2
699 7
12297 1
3543 4
15891 0
15628 0
57459 2
1432 8
16757 0
8967 2
12298 1
25425 3
26522 10
15629 0
2306 4
30876 1
5637 3
15106 4
6613 4
6942 6
2307 4
2260 9
39943 0
23288 2
12300 1
21513 7
15631 0
2308 4
12412 6
12633 1
8970 2
12301 1
50042 4
5640 3
8971 2
22597 3
45457 1
32631 0
12302 1
20698 5
15633 0
2310 4
2047 7
22194 4
5641 3
16158 0
2311 4
9274 2
11005 4
5642 3
5879 3
8973 2
12526 1
12304 1
2312 4
5643 3
19700 2
1318 5
15636 0
9989 2
8346 7
15637 0
32195 1
5645 3
22648 3
8976 2
34810 0
18459 1
12307 1
15638 0
2315 4
15814 0
54365 5
43279 1
12308 1
2316 4
27193 3
5647 3
8978 2
4135 4
12309 1
15640 0
2317 4
4061 10
8979 2
17534 0
22144 2
12310 1
41677 0
9572 2
15641 0
2318 4
2819 4
3214 4
25647 2
27379 3
9877 5
15150 5
4280 8
821 5
8823 6
12665 6
15642 0
28103 0
12312 1
15643 0
2320 4
7288 3
8982 2
12313 1
2321 4
5652 3
8983 2
2322 4
5653 3
8445 3
8984 2
17741 5
10718 4
2933 5
15909 0
9286 2
2682 9
23049 1
11456 5
12538 1
9137 2
27435 1
12316 1
10411 3
214 9
15647 0
36915 0
5655 3
36764 0
15648 0
2325 4
17182 3
7287 4
8987 2
10742 8
12318 1
8905 8
36401 0
15649 0
43228 7
12651 1
12319 1
34060 1
15650 0
5658 3
6333 3
20246 2
12320 1
3561 4
53126 0
21004 5
15651 0
2328 4
5659 3
8990 2
4899 5
19493 4
12321 1
15652 0
17706 2
32849 1
5660 3
8991 2
70085 3
18827 1
37064 0
18906 5
5897 3
15653 0
36188 0
5661 3
12764 1
20418 3
16004 0
12323 1
4648 6
13899 6
2331 4
16566 2
8993 2
12324 1
7718 5
2332 4
26611 2
20060 2
2222 8
12325 1
3226 4
15656 0
28907 2
12326 1
15657 0
17423 6
5665 3
26398 0
5666 3
9298 2
12328 1
21716 3
5903 3
2336 4
7387 9
8998 2
12329 1
8497 4
15660 0
2337 4
8302 3
5668 3
827 5
9482 3
13519 1
6548 3
14743 1
15661 0
33222 1
13935 1
9000 2
72546 2
2837 4
23359 2
31737 7
16821 4
5670 3
13097 1
15838 0
9001 2
43492 7
24717 3
6285 4
2340 4
19370 4
9002 2
12333 1
15927 0
2341 4
5672 3
16621 0
18038 1
12275 2
786 11
26931 0
9003 2
12685 3
21480 2
15665 0
2342 4
18857 3
5673 3
30959 1
11076 4
11926 5
9004 2
9596 2
24104 4
15189 4
6565 7
12335 1
12367 12
75032 1
26077 5
15666 0
5536 7
9005 2
71710 1
15667 0
16105 0
9006 2
20651 4
63366 0
12337 1
3263 6
13405 2
2345 4
9387 7
18079 11
5676 3
5617 9
9007 2
4833 7
2843 4
7031 6
12338 1
15669 0
2346 4
5677 3
17309 0
16194 0
29380 2
12339 1
15670 0
2347 4
58636 6
21239 0
5918 5
9009 2
3238 4
6215 8
9161 2
15671 0
47829 7
5679 3
9010 2
19307 0
3006 8
28179 2
12341 1
7133 3
2349 4
2136 7
15618 6
3629 7
9745 2
3883 5
12342 1
5533 4
16585 5
7467 9
15673 0
2350 4
5681 3
9012 2
5310 4
14582 2
3579 4
12343 1
30785 2
67989 0
9013 2
12344 1
18511 12
15675 0
2352 4
16766 9
9468 4
19147 0
5683 3
9014 2
29536 1
10908 6
12345 1
12895 1
3884 4
15676 0
2353 4
5684 3
25619 3
19462 1
9015 2
52658 1
6346 7
43243 0
7925 4
478 7
5685 3
9016 2
16028 0
25730 2
12347 1
25538 3
9960 5
34777 2
15678 0
2355 4
12519 6
2395 5
49737 0
12348 1
15679 0
2356 4
13837 16
17253 3
2373 9
5687 3
23407 6
15680 0
5121 4
2084 5
10031 2
9637 3
5688 3
35620 0
1268 6
12350 1
45652 7
15681 0
5689 3
14148 7
9020 2
20119 2
32522 1
13329 1
9686 6
2359 4
22199 0
9021 2
37466 0
4970 5
38383 4
12352 1
12574 1
9173 2
15683 0
8453 7
5691 3
5927 3
12353 1
2361 4
5692 3
26075 2
9220 3
9024 2
15251 5
12687 1
11823 2
15686 0
2363 4
5694 3
21696 4
10314 5
9025 2
32619 9
13026 5
5695 3
3824 6
9026 2
22596 0
36490 0
2329 10
15688 0
2365 4
4387 8
40228 7
18349 4
15689 0
33512 3
2366 4
5697 3
2861 4
36271 0
9028 2
16092 5
34928 0
15570 4
12359 1
20501 3
20829 5
11216 2
15690 0
18833 0
4731 6
5698 3
12744 3
12360 1
2249 8
45484 7
2368 4
5699 3
7456 5
9030 2
83022 0
36865 0
12330 7
16366 4
2369 4
5700 3
12362 1
2370 4
23430 2
5701 3
20463 0
321 9
9032 2
21079 10
2371 4
6109 8
5702 3
8086 4
26700 2
17854 5
3208 5
15695 0
3447 5
53841 9
18756 0
19594 4
12365 1
22331 4
14975 1
5939 3
15696 0
5704 3
9035 2
11147 4
5748 4
12366 1
839 5
4192 10
5705 3
12989 2
41961 3
21805 3
7170 5
39961 1
40081 2
2375 4
27510 3
15874 0
9037 2
32956 1
15699 0
2376 4
5707 3
9038 2
5369 4
32421 9
6166 3
12369 1
2323 8
3152 7
15700 0
2377 4
12370 1
13303 3
694 6
16910 4
2378 4
21111 1
16052 0
31042 1
12812 1
37177 0
23046 2
15702 0
2379 4
15272 4
5710 3
42662 2
14863 11
17350 1
2380 4
14012 6
12373 1
11123 4
15704 0
28890 2
5712 3
12015 5
9043 2
13139 1
15705 0
2382 4
2694 5
24881 1
9044 2
23937 3
12375 1
6978 3
2383 4
5714 3
9045 2
32780 0
2248 6
1135 7
12376 1
34191 1
29607 1
12598 1
26386 1
33823 5
9346 2
3908 4
5715 3
19951 5
7120 6
20178 2
12377 1
10590 3
6387 3
15708 0
2385 4
10516 4
5716 3
25807 11
8234 6
24824 3
17475 2
9048 2
12379 1
6666 7
2879 4
2387 4
17324 3
9049 2
21746 11
12380 1
40741 3
2225 7
3084 6
6501 6
2388 4
22797 3
5719 3
9042 8
9050 2
10170 7
35209 5
2389 4
5720 3
6178 3
32899 5
12382 1
55806 4
25604 1
9203 2
9052 2
12383 1
5041 5
15714 0
17554 6
46636 7
10043 5
20758 4
9053 2
16341 1
3274 4
23684 1
12384 1
9644 2
2392 4
9101 3
19043 5
12643 3
28280 2
12814 6
9501 2
5724 3
15236 2
12803 3
15717 0
2394 4
5725 3
9056 2
12387 1
15718 0
6425 5
5726 3
13862 3
9057 2
29493 2
12388 1
15719 0
9209 2
29044 2
9358 2
16692 5
4195 4
18116 0
11009 6
16331 0
6328 8
2397 4
2831 9
35784 0
15721 0
2398 4
13233 2
5729 3
14096 1
917 11
9060 2
12391 1
15722 0
12723 1
9850 5
15898 0
9061 2
24235 4
382 8
12392 1
15723 0
2400 4
12393 1
10073 2
15724 0
2401 4
23501 2
9063 2
7180 4
27612 1
15725 0
2402 4
9766 4
5733 3
9064 2
6805 3
4458 4
5428 4
16076 0
32623 1
36354 0
12395 1
12836 1
20584 3
5734 3
11740 2
15878 1
15201 1
4814 6
9065 2
16727 1
12396 1
15727 0
2404 4
18258 3
5735 3
13793 1
40179 2
12216 2
11218 4
12397 1
2405 4
2486 9
59212 6
9067 2
1354 5
17208 2
12398 1
5737 3
15352 5
15593 1
8560 7
7598 9
4936 4
19046 10
31684 1
15730 0
5738 3
2897 4
49468 5
14803 17
12400 1
10216 2
5754 9
12622 1
15731 0
2408 4
1611 8
9221 2
9070 2
21459 0
12401 1
19693 0
15732 0
2409 4
5740 3
13107 3
9071 2
29593 5
29502 1
12402 1
15733 0
2410 4
13199 4
26789 2
9072 2
20237 2
12454 2
23343 0
12403 1
15734 0
5742 3
58930 2
9073 2
45349 0
15755 6
10873 13
4494 8
2412 4
5743 3
9074 2
21809 4
36966 0
80830 0
2893 6
15999 0
2413 4
5620 5
9075 2
12955 1
21894 3
7067 6
13383 1
18383 0
15737 0
12887 3
2903 4
10490 2
4194 6
9227 2
56274 4
9076 2
22317 2
1761 5
31125 1
15738 0
2415 4
29678 1
5746 3
14279 7
15355 4
22881 0
3932 4
9077 2
8996 6
5274 5
12408 1
25756 3
20554 1
5981 3
15739 0
2416 4
29726 8
16448 2
37597 0
9668 2
10359 2
12409 1
19695 4
15740 0
428 9
9079 2
12410 1
15741 0
2418 4
5749 3
17395 3
16266 0
35046 0
9536 7
31879 2
15742 0
5750 3
7551 3
9081 2
12862 3
35757 0
2420 4
12634 1
17297 1
12104 5
2690 6
40567 2
12413 1
9382 2
2424 8
17967 5
15744 0
2909 4
16548 3
5112 5
15745 0
5987 3
5753 3
28282 0
33063 1
9084 2
56523 0
15746 0
6423 3
7209 6
9085 2
19789 1
24319 5
12416 1
20960 5
15747 0
10040 4
15748 0
2425 4
11145 2
15749 0
2426 4
66305 2
23900 0
11635 5
9239 2
31886 11
24038 3
12419 1
2314 7
24516 0
21614 11
15750 0
25896 2
857 5
2466 10
10126 5
28997 2
27671 1
67064 2
13752 4
12420 1
15751 0
2428 4
37290 0
7730 3
8535 3
17221 0
5487 4
12421 1
15807 1
5760 3
14125 6
55533 3
9091 2
14528 3
12422 1
2430 4
5761 3
15712 1
23130 0
6767 7
2431 4
4323 10
5762 3
12467 7
9093 2
2432 4
12646 1
14213 3
27641 3
4540 6
10757 3
2433 4
12930 2
12426 1
15757 0
5765 3
30523 8
9096 2
12427 1
15758 0
2435 4
5766 3
22468 4
12759 1
38908 7
6835 3
8386 3
1366 5
11289 4
14359 10
26224 2
15759 0
2436 4
5767 3
9098 2
33448 1
20296 2
12429 1
2437 4
16852 1
5768 3
9099 2
19368 1
10283 7
20865 4
15761 0
2438 4
9100 2
11507 3
16373 0
2439 4
36437 0
19030 3
5770 3
32469 1
20667 3
11004 8
12432 1
3173 8
2440 4
5709 7
5771 3
16241 5
9102 2
34322 1
12433 1
11110 6
9692 2
5772 3
9103 2
2927 4
12434 1
7909 3
3651 4
15765 0
2442 4
5599 4
10114 3
10907 2
9429 3
36668 0
12435 1
80004 0
2443 4
8992 4
16799 5
7217 3
5774 3
9105 2
12436 1
15767 0
2444 4
18579 0
12658 1
48364 7
5775 3
21659 2
9106 2
9257 2
35105 0
12437 1
863 5
6513 7
15768 0
2445 4
6258 8
9406 2
5776 3
12921 3
12438 1
31773 1
14346 1
15769 0
6441 8
5777 3
28034 13
9108 2
32724 1
12439 1
6011 3
73158 2
9109 2
11538 2
19160 0
17685 6
17832 0
15771 0
2448 4
5993 4
17232 1
5779 3
12733 6
5012 7
12441 1
15772 0
2449 4
38092 7
26878 2
5780 3
9111 2
17466 3
24232 0
15773 0
2450 4
5781 3
21975 0
9112 2
12443 1
15453 5
9179 8
2451 4
23449 13
31208 1
12884 1
8857 3
15438 4
12444 1
15775 0
2452 4
6238 3
19492 0
21983 3
9114 2
45194 0
44589 5
15776 0
2453 4
5183 5
5784 3
25764 3
4739 4
8667 7
12777 1
27730 1
12446 1
15777 0
2454 4
70399 2
9116 2
2599 9
5546 4
12609 2
26595 0
19180 5
13193 5
15778 0
2939 4
1048 11
17088 4
2456 4
5787 3
24366 4
35143 4
9118 2
37067 0
1779 5
2457 4
5788 3
20080 1
32929 0
9119 2
15781 0
10264 2
14459 1
9120 2
4601 8
12451 1
15782 0
5790 3
9121 2
12452 1
16533 4
35926 0
2460 4
932 7
5791 3
9122 2
19796 4
5792 3
6459 3
21922 4
15785 0
2462 4
22946 3
16913 0
7298 6
29064 0
9124 2
20355 2
12455 1
15786 0
23643 2
25979 2
9125 2
15743 4
535 9
3820 7
10209 5
37236 0
15787 0
2464 4
5795 3
6894 4
20413 16
3334 4
40297 0
9126 2
3669 4
2422 8
12457 1
41474 3
2525 8
31047 2
19873 3
2465 4
14263 1
6029 3
5796 3
9415 4
9127 2
2403 7
28783 6
12458 1
12847 2
15789 0
5797 3
9573 2
9128 2
15036 4
12963 6
12459 1
11360 4
15790 0
2467 4
16053 0
13223 1
5798 3
27169 6
6668 3
15791 0
18069 1
5799 3
6865 3
13437 1
9281 2
12461 1
706 6
1555 6
15792 0
2469 4
33170 1
5800 3
9131 2
12462 1
2470 4
23213 2
18080 5
5891 9
10002 2
12463 1
2980 9
6777 5
5802 3
9133 2
11412 3
12980 3
12464 1
48772 7
15795 0
2472 4
14410 7
5803 3
12013 3
9134 2
4897 6
12465 1
12364 3
17533 9
2473 4
9865 2
37728 0
9135 2
13336 1
16753 0
12466 1
15797 0
2474 4
24883 11
29104 2
5805 3
15892 6
9136 2
6868 7
4755 5
6312 5
2475 4
26553 1
36520 0
2957 4
20750 3
12468 1
15799 0
2476 4
4980 6
16306 2
12469 1
16670 0
15800 0
10807 13
10681 2
5808 3
29820 1
37403 0
9139 2
12470 1
10505 5
10951 4
15801 0
5809 3
25893 3
9140 2
14238 6
17933 2
2479 4
46117 0
17779 0
3949 5
25038 3
9141 2
6202 4
27789 1
15803 0
2480 4
14881 1
5605 4
21091 5
12473 1
28482 2
17537 3
9293 2
3501 5
15804 0
5812 3
7945 5
9143 2
9442 2
12474 1
15805 0
2482 4
53463 0
2963 4
9144 2
12475 1
15806 0
7432 3
38683 2
5814 3
16504 0
29651 1
6047 3
2484 4
46898 6
5254 5
43754 8
20972 4
12477 1
25060 1
11211 6
15808 0
5816 3
9147 2
4164 5
2455 5
33561 1
12478 1
37516 7
15809 0
19362 0
5817 3
9148 2
12479 1
29382 4
10396 7
15810 0
2487 4
3687 4
20820 0
31291 1
12480 1
17619 0
15521 4
4454 10
15811 0
12456 5
19668 4
5819 3
9150 2
10157 2
53336 3
8413 6
12481 1
27772 3
5820 3
2969 4
59452 2
9151 2
12813 1
16906 5
12482 1
6274 3
6053 3
2603 10
5821 3
9152 2
34574 2
12483 1
32825 1
2491 4
35997 0
22072 3
57138 4
33919 4
12484 1
17190 3
21271 7
15815 0
12706 1
9154 2
9685 7
2493 4
5824 3
9155 2
12604 7
15817 0
2494 4
9156 2
2051 6
17177 4
16255 0
12487 1
15554 5
12840 6
2495 4
6554 8
9157 2
78765 0
12488 1
20970 1
47882 1
2496 4
5827 3
881 5
11135 8
9158 2
10025 3
35223 0
24386 12
12489 1
14192 1
3349 7
5828 3
13039 3
3017 5
12490 1
22605 4
12282 5
2498 4
11431 4
5829 3
1797 5
9160 2
22951 3
12491 1
9311 2
2499 4
5830 3
26062 2
15823 0
2500 4
8774 7
11949 2
10292 5
5831 3
20227 12
12493 1
37168 0
15824 0
2501 4
53867 2
8124 3
53607 4
5832 3
9163 2
17038 0
12494 1
32606 1
15825 0
2502 4
5833 3
42907 1
9164 2
25877 3
7086 3
15736 2
12495 1
16164 1
15826 0
2503 4
9609 2
5834 3
9165 2
10502 6
2712 9
15827 0
2504 4
7413 4
16817 2
9895 2
12718 1
13045 1
2492 7
59590 2
12497 1
17816 6
15943 15
4708 8
5836 3
42103 0
27848 1
12498 1
9340 3
23875 1
9466 2
14928 2
5664 4
18437 3
2507 4
5838 3
17975 0
12500 1
15831 0
2508 4
6698 6
45326 7
5839 3
10312 2
29891 1
12501 1
2626 8
2509 4
5840 3
12502 1
9054 3
4781 4
642 9
16140 2
9172 2
37343 0
15163 5
1790 8
12503 1
22035 4
15834 0
2511 4
9323 2
22927 8
5842 3
22490 2
36603 0
17608 3
2512 4
1179 11
5063 6
9174 2
9169 6
12505 1
5844 3
887 5
24497 4
9316 8
9175 2
12506 1
44571 4
573 8
16390 5
9176 2
12507 1
24240 3
9764 2
5846 3
78352 0
4285 4
717 7
5325 5
9177 2
38911 2
15839 0
2516 4
11723 2
16623 0
30397 6
15840 0
5848 3
19317 5
17947 20
12510 1
3514 6
15841 0
9180 2
12511 1
6969 7
6407 8
2519 4
5850 3
10047 5
19149 0
14659 17
18193 5
9181 2
16018 0
12512 1
15843 0
2520 4
5851 3
36846 0
9182 2
34453 6
7860 9
8989 11
12513 1
42781 0
29211 2
2521 4
14721 1
5852 3
9183 2
9627 2
39674 3
31178 2
15845 0
2522 4
5853 3
36068 0
9184 2
35282 0
62835 1
12515 1
16196 0
20050 0
15846 0
2523 4
14115 1
16457 0
2999 4
19339 7
13491 1
13098 3
7689 5
31374 1
37204 7
15847 0
2524 4
15604 4
5855 3
9186 2
16285 0
1402 5
12517 1
28583 2
15848 0
28461 0
5856 3
9187 2
4063 6
23785 2
12849 1
14001 2
2526 4
25145 3
5857 3
6089 3
16374 0
27056 2
2527 4
21338 1
9189 2
12520 1
14351 6
27674 13
7258 6
2528 4
5859 3
9190 2
16378 1
11312 6
11814 5
36991 1
29893 7
15852 0
14541 7
9341 2
18752 1
11502 4
20299 0
27619 3
2530 4
10467 2
13812 1
11350 4
37859 0
13396 4
12523 1
31351 5
3340 8
15854 0
17323 0
33078 0
44678 2
16552 0
27907 1
15855 0
2532 4
5863 3
19108 1
9194 2
5723 4
6028 9
28261 2
15856 0
1362 7
5864 3
9195 2
17266 4
11860 2
76184 1
2766 5
2534 4
5865 3
26668 6
9196 2
12527 1
32926 1
2535 4
9197 2
12528 1
6680 7
23095 3
7409 5
19203 3
15859 0
26145 2
10509 7
4976 5
17013 5
10375 5
9198 2
56855 5
12529 1
3011 4
12371 5
3394 4
16029 6
15860 0
9731 4
5882 7
5868 3
13610 1
9199 2
21222 5
2538 4
5869 3
19725 1
6187 5
9200 2
14342 8
12531 1
15655 5
6101 3
15862 0
2539 4
20228 0
14120 2
9201 2
29962 1
9788 2
12532 1
15863 0
2540 4
7476 6
14227 2
5871 3
16991 0
13112 6
20532 2
26030 3
10610 2
10020 6
15864 0
2541 4
5872 3
12947 6
16745 3
17708 2
12534 1
2542 4
57065 5
81257 0
13943 4
7122 3
9502 2
36158 7
12535 1
15866 0
16908 0
29832 2
2581 7
12536 1
15867 0
2544 4
12867 1
5875 3
9206 2
12537 1
37269 0
4585 10
15868 0
3129 9
9207 2
15630 1
2546 4
13360 5
10755 4
5396 5
12539 1
4566 4
15870 0
2547 4
10747 2
21838 2
12540 1
36686 0
2548 4
20916 3
9210 2
5146 6
12541 1
19998 4
11509 2
15872 0
51035 2
5880 3
9211 2
13157 3
24182 12
12542 1
15873 0
2550 4
5881 3
3023 4
9212 2
13554 3
2551 4
5191 7
16700 4
6113 3
8790 4
25990 3
12544 1
4815 8
15875 0
2552 4
5883 3
13307 1
2740 10
42158 5
9214 2
6334 3
20094 2
12545 1
2727 8
2825 9
15876 0
2553 4
5884 3
11266 8
9215 2
12546 1
15877 0
35653 3
9216 2
34584 1
4315 4
12547 1
2555 4
26329 8
5886 3
22865 0
9217 2
63474 2
15879 0
20628 2
20040 3
5887 3
12741 7
10341 3
23856 2
749 9
15880 0
2557 4
6071 4
16143 0
718 6
37450 0
5888 3
18758 10
9219 2
29800 1
27966 1
8333 3
15881 0
2558 4
40633 1
5889 3
9663 2
5782 4
12551 1
24341 3
15882 0
2559 4
5890 3
9371 2
29237 0
12552 1
15883 0
2560 4
22148 4
40826 10
31457 1
11573 4
33043 5
15916 4
9222 2
15687 4
12553 1
15884 0
23380 2
50511 7
2595 8
12554 1
2562 4
22480 0
19817 4
33384 1
69305 0
32040 1
9224 2
12555 1
7070 7
15886 0
5894 3
9225 2
12556 1
23443 1
15887 0
29795 5
11646 2
251 7
12778 1
12557 1
15888 0
2565 4
23246 5
13105 1
16499 0
5896 3
9377 2
18284 0
3418 4
12558 1
27145 2
15889 0
26720 1
9228 2
20591 2
9834 7
12559 1
19114 0
17447 2
3341 6
2567 4
12560 1
15262 1
18306 5
12561 1
2569 4
22250 3
79386 1
1310 11
15215 4
84102 0
9231 2
4427 6
6131 3
12562 1
15893 0
27313 0
24628 4
4052 4
9232 2
11659 14
3041 4
30033 1
12563 1
15894 0
30060 0
15363 1
12564 1
16135 1
15895 0
2572 4
50702 1
26228 2
17355 4
13004 1
9234 2
10458 5
15896 0
5904 3
12566 1
17620 0
15897 0
2574 4
6682 5
17750 3
11158 2
64539 2
35400 0
5892 4
26792 0
2575 4
16161 0
5906 3
9237 2
13216 3
37629 0
12460 5
9453 8
2576 4
24743 0
12569 1
14464 6
15900 0
2577 4
20793 1
5908 3
7991 9
5467 5
13615 2
21186 4
15901 0
4011 7
9240 2
62167 3
12571 1
33027 1
46646 1
7565 6
15902 0
14755 3
9241 2
911 5
16078 0
5283 4
15903 0
2580 4
9242 2
12573 1
10023 4
5912 3
9243 2
4767 6
15905 0
2582 4
6143 3
7158 3
52746 3
5913 3
2670 7
9244 2
15756 5
17120 5
15906 0
2583 4
17798 0
12912 3
9245 2
28025 1
383 6
23594 0
25950 1
7343 3
29455 2
15907 0
2584 4
33787 1
5915 3
8196 3
9246 2
5841 4
36210 0
20999 3
12577 1
12629 5
15908 0
2585 4
5229 6
5916 3
10622 7
9247 2
21556 0
12578 1
21583 11
17122 0
14672 7
2529 6
5917 3
18703 4
9248 2
15910 0
2587 4
37990 0
25239 1
14446 3
12580 1
23927 2
13054 6
28363 7
16539 5
13364 3
9250 2
78076 0
12581 1
37370 0
9836 2
14899 2
15912 0
5920 3
9251 2
15913 0
2590 4
12583 1
15914 0
7528 3
5922 3
8592 6
9253 2
11644 4
12584 1
2592 4
10696 5
5923 3
8242 4
29945 2
9254 2
20650 2
6556 8
20099 4
2593 4
35956 7
7634 4
16179 0
8988 7
6465 4
6780 8
12586 1
31862 7
15917 0
2594 4
5925 3
3442 4
21353 5
12587 1
13242 1
13349 1
15918 0
6817 4
16705 2
6165 9
1585 6
15919 0
31540 1
9258 2
13028 1
12589 1
14894 1
15770 4
2828 8
6286 4
15920 0
2597 4
6788 3
9985 2
5928 3
49629 1
10291 4
3156 6
15921 0
2598 4
37024 0
21829 6
5929 3
4922 8
9260 2
13670 1
38293 3
12591 1
16446 0
13150 3
25149 8
9261 2
12592 1
3777 4
15923 0
2600 4
23144 0
15779 1
9262 2
35459 0
26103 3
18569 0
15924 0
2601 4
4076 4
5932 3
32129 1
17478 0
13275 3
9413 2
4716 10
30104 1
15925 0
2938 9
5933 3
9264 2
20046 1
6382 3
12595 1
24442 3
15926 0
5934 3
29465 5
9265 2
7713 3
856 9
8397 4
10770 3
12596 1
37557 0
2604 4
27234 2
12597 1
15928 0
33227 0
5936 3
24465 0
10932 2
15929 0
2606 4
197 8
17381 3
9268 2
2607 4
36168 0
9269 2
9419 2
12600 1
2608 4
15529 2
2802 5
9270 2
12601 1
10408 2
5538 5
33491 1
10541 5
5940 3
9342 6
9271 2
18616 3
28084 1
23387 0
12602 1
23244 3
2610 4
5941 3
11397 8
9272 2
5900 4
12603 1
42244 3
38306 7
2611 4
1438 5
2959 6
16197 0
5942 3
17444 4
34715 1
15935 0
42319 1
5943 3
6173 3
12605 1
28785 2
2515 5
2613 4
33998 6
1969 8
9275 2
15937 0
29425 2
5945 3
12549 5
12607 1
2877 10
13261 13
15938 0
2615 4
43957 1
15853 9
5946 3
14205 1
9574 2
1165 7
9277 2
36281 0
5901 5
15939 0
2616 4
5947 3
7002 4
9278 2
167 9
11514 6
10813 2
2617 4
3546 7
18419 5
12610 1
7654 6
3083 4
2618 4
5949 3
9280 2
20709 2
18078 6
12611 1
16292 0
12878 7
2619 4
3278 9
23998 2
25359 3
5950 3
12612 1
9431 2
5951 3
24066 1
9282 2
36852 0
1851 5
12613 1
21082 3
15944 0
2759 7
5952 3
5312 6
16842 1
9283 2
12614 1
54988 0
3507 8
15945 0
2622 4
5953 3
9284 2
60196 4
11715 4
12615 1
33128 1
15946 0
2623 4
3466 4
5954 3
15019 1
4236 5
9285 2
30326 3
2624 4
5955 3
19826 0
21293 4
3089 4
71788 4
12617 1
5731 4
2625 4
18510 0
5956 3
13165 1
9437 2
1441 11
14577 6
5957 3
9288 2
35518 0
12619 1
15857 5
32880 1
15950 0
6847 7
24759 4
5958 3
9289 2
9586 2
28640 0
929 5
12620 1
6406 3
16648 0
15951 0
2628 4
18160 2
10015 2
764 8
6895 6
19637 1
12621 1
15952 0
9291 2
17227 5
15953 0
5567 5
5961 3
20331 1
8172 5
15954 0
2631 4
5962 3
13278 1
29949 1
11993 5
2632 4
10187 6
66155 4
9294 2
31623 1
37471 0
19376 3
30175 1
33900 1
11184 4
13599 1
9295 2
83 7
35524 7
6621 3
6055 7
2634 4
26989 10
8122 9
10735 7
13161 6
12627 1
2635 4
5966 3
9297 2
28143 1
31440 2
26857 7
12628 1
19966 4
15959 0
58362 4
5967 3
31706 6
17892 3
20200 4
37113 0
15960 0
13527 5
5968 3
6197 3
9299 2
13391 1
12630 1
9162 3
5969 3
9590 8
9300 2
2639 4
5970 3
10244 5
16138 0
12632 1
9598 2
9095 7
5609 5
15963 0
2640 4
32218 1
5971 3
6418 3
9302 2
9983 7
16391 1
2929 8
15964 0
2641 4
21770 0
30058 2
15965 0
2642 4
5973 3
7449 6
4638 4
19591 5
12635 1
6893 8
16316 0
18777 0
5974 3
6203 3
9305 2
27323 2
12636 1
17265 0
15967 0
2644 4
38121 0
7028 5
9306 2
20768 2
18279 0
12637 1
26394 2
15968 0
5029 8
2645 4
7576 3
10624 5
9273 4
1041 6
15969 0
2646 4
5977 3
29592 2
22428 3
36352 0
24543 3
15970 0
2647 4
20207 3
5978 3
17697 1
12640 1
15971 0
2648 4
5979 3
8411 3
9310 2
13788 2
12641 1
6836 3
15972 0
2649 4
5980 3
12642 1
22017 2
15973 0
2650 4
9461 2
26216 3
963 9
9753 2
20822 0
37664 0
9312 2
13593 4
7272 7
15974 0
2651 4
21203 1
5982 3
3051 9
21484 5
9313 2
12644 1
8083 10
2652 4
5983 3
23547 2
9314 2
35577 0
30098 11
2653 4
6639 3
5984 3
5337 4
9315 2
5370 7
2654 4
5985 3
9746 3
46243 1
12647 1
389 6
5986 3
9317 2
33598 1
12648 1
61239 4
15979 0
9467 2
9684 4
29410 0
14134 4
36811 5
7743 6
12649 1
28886 2
15980 0
21165 3
5988 3
26887 1
10182 2
16089 4
13021 2
9319 2
5395 6
47559 3
12650 1
12908 2
18602 10
6302 9
3119 4
22374 4
2768 8
4847 10
10943 3
11611 2
2659 4
10456 2
941 5
12652 1
13730 1
6575 5
28165 3
15983 0
2660 4
2848 7
29532 2
12653 1
11615 6
15984 0
16569 2
16942 3
12654 1
6221 3
16303 6
15985 0
2662 4
9473 2
16688 5
3352 5
4124 4
30227 0
9324 2
6018 4
9908 2
15986 0
5994 3
9325 2
9329 3
16162 0
11980 2
15987 0
2664 4
30246 1
5995 3
9326 2
7767 3
12657 1
22268 0
7045 3
15988 0
2665 4
22663 14
16251 0
6442 3
62923 3
9327 2
25466 3
26304 3
2666 4
5997 3
9328 2
6705 8
12659 1
3831 4
13561 8
33229 1
18532 5
15990 0
2667 4
35642 3
11528 8
58295 5
17963 3
5128 4
12660 1
15991 0
2668 4
3101 5
9479 2
14562 1
34846 1
9771 2
37129 3
15992 0
2669 4
6000 3
15936 4
9331 2
44409 10
12662 1
166 7
12575 2
36305 0
15993 0
17206 0
52599 2
20819 2
43977 10
12663 1
15958 5
21400 4
15994 0
2671 4
11818 3
16518 0
5680 5
6002 3
68263 1
9333 2
15394 4
23941 6
4405 4
15995 0
8791 9
6003 3
20291 2
15996 0
2673 4
6004 3
9335 2
2228 5
27722 8
37855 0
6005 3
13849 1
75447 1
947 5
15998 0
6006 3
14690 6
2545 5
18226 0
12645 3
9337 2
16174 0
18209 6
37202 0
3830 5
16696 0
2676 4
17334 5
6007 3
9634 2
9338 2
11504 2
956 7
12669 1
37572 0
21565 1
16000 0
2677 4
17068 2
6008 3
13956 1
7427 3
3014 10
9339 2
40141 3
12670 1
36423 0
16001 0
2678 4
3137 4
35636 0
12671 1
63412 0
16002 0
2679 4
4907 4
32307 1
33376 0
7922 5
6010 3
6704 4
13452 3
12672 1
11577 4
16003 0
2680 4
9491 2
12673 1
26123 1
20301 4
11754 2
26477 2
13268 6
73870 1
24140 2
13015 7
7539 4
9343 2
10707 5
12674 1
12802 5
16005 0
15481 18
6013 3
27412 2
34013 1
9344 2
1589 7
12675 1
1572 11
16006 0
2683 4
57436 2
6014 3
5570 4
10848 7
23393 3
12676 1
32234 4
23640 1
16007 0
2684 4
24890 4
27504 0
54998 0
16008 0
3030 8
12898 1
6016 3
23016 4
22517 3
12678 1
42051 10
16009 0
2686 4
6017 3
9497 2
9202 7
9348 2
12679 1
4302 6
12306 3
9349 2
58557 6
16186 0
2688 4
6019 3
13410 6
9350 2
6077 4
9913 3
16012 0
2689 4
17622 4
13011 1
30962 14
3849 4
8881 11
6020 3
33017 1
9351 2
12682 1
17651 0
6021 3
953 5
12683 1
24644 3
16014 0
2691 4
3765 6
16364 0
8253 9
9353 2
5136 8
11141 2
12684 1
2692 4
7006 8
12727 5
4202 7
31571 2
42529 0
3427 9
8912 3
16016 0
37018 0
14687 1
21248 3
3609 5
12686 1
5478 6
8771 6
17650 1
6025 3
17740 0
31921 7
24931 8
7373 7
2695 4
30317 1
7832 6
52924 7
12688 1
2696 4
46443 10
6027 3
20886 2
10056 3
12689 1
1070 9
17147 0
2697 4
17941 2
14182 1
7648 5
12690 1
16021 0
33109 5
9360 2
6257 3
12691 1
18034 3
2937 7
16022 0
7624 3
6030 3
9361 2
41511 10
14934 7
16023 0
2700 4
6031 3
10629 2
6884 3
9362 2
3164 9
11104 3
12693 1
28987 2
2701 4
38252 0
1866 6
16409 2
6032 3
9363 2
12694 1
2702 4
33705 1
6033 3
5751 5
9364 2
12254 2
7970 3
12695 1
16026 0
2703 4
61924 6
9365 2
12696 1
16027 0
2704 4
9366 2
35695 0
12697 1
6263 3
11716 6
19728 5
2705 4
68226 3
16017 2
22836 2
9367 2
13511 3
16019 4
12698 1
2706 4
249 7
6037 3
21158 9
9515 6
18386 1
10887 5
9368 2
20945 4
16030 0
2707 4
6038 3
10367 2
29639 2
10994 4
22487 4
14295 1
12700 1
16031 0
334 9
6039 3
21615 5
9370 2
29729 2
2709 4
2344 6
6040 3
47539 0
12702 1
11729 3
20115 4
17586 0
16033 0
2710 4
77405 2
9521 2
12703 1
4435 4
33330 1
6269 3
16034 0
6042 3
3867 4
9373 2
24523 12
12704 1
16035 0
3167 4
18795 3
15596 1
6043 3
9374 2
24211 2
12705 1
16036 0
2713 4
3674 8
5072 5
17116 1
9375 2
28320 1
13408 2
16037 0
6045 3
10132 7
6136 4
11415 2
16059 5
16038 0
2715 4
4978 10
16039 0
2716 4
2148 8
18645 5
11928 4
28296 3
2717 4
6048 3
13576 1
26560 2
21507 4
12710 1
14340 3
19756 0
10790 5
32396 1
16041 0
2718 4
7014 7
32881 7
9380 2
12711 1
2719 4
149 10
12504 2
6050 3
13634 2
2720 4
6051 3
17572 3
6439 9
12713 1
44767 0
37673 0
2721 4
27501 2
9383 2
8023 10
12714 1
18938 0
9994 4
1486 5
9384 2
9533 2
17441 5
19988 1
10354 6
37968 0
6054 3
16222 0
12716 1
13805 3
16047 0
2252 5
9386 2
16440 6
22606 3
12717 1
20402 4
2725 4
4660 6
13047 1
6056 3
30171 9
24970 0
16049 0
2726 4
394 8
68478 3
6057 3
9388 2
5391 4
12719 1
17869 13
9389 2
25021 12
12720 1
17711 4
13375 6
6502 3
40454 7
16051 0
2728 4
17591 1
17686 2
13694 5
26441 3
9390 2
9539 2
14982 3
12721 1
3131 8
6456 5
53978 2
43423 0
6287 3
6711 3
9391 2
12722 1
8638 3
18105 3
2730 4
5561 6
15418 1
6061 3
28819 0
6228 7
16054 0
2731 4
16760 1
12816 5
6062 3
26820 2
4994 6
13570 3
34126 1
12724 1
10254 2
16055 0
5176 4
6063 3
36442 0
9394 2
18340 6
16839 0
10961 7
42607 2
16056 0
9309 7
15026 1
6064 3
17034 4
5822 5
12946 1
9395 2
16667 0
18784 0
63237 0
16057 0
6065 3
12172 5
7921 6
9396 2
24257 1
18452 0
24745 3
19389 1
16058 0
2735 4
16495 0
53044 5
6066 3
9397 2
16234 0
12728 1
17527 0
971 5
2736 4
39757 1
6067 3
9398 2
12729 1
16060 0
2737 4
6068 3
3743 7
16323 0
45489 1
9399 2
70716 1
502 7
12730 1
3026 7
16061 0
2738 4
5243 8
6069 3
20374 3
21032 1
9400 2
15239 2
8489 3
257 7
12731 1
3191 4
16062 0
7474 7
24734 10
6070 3
9401 2
28379 1
19614 0
1703 11
16063 0
3151 10
30284 2
36565 0
54237 3
9727 12
6514 3
6195 4
9402 2
29714 7
6854 8
9551 2
17235 1
7302 3
6072 3
7119 8
9403 2
31872 1
6299 3
12734 1
16065 0
2742 4
16102 4
25351 7
6073 3
332 7
955 8
12735 1
1059 6
14679 3
16066 0
2743 4
19897 10
6074 3
13707 1
1177 9
9405 2
9681 3
19045 1
12736 1
24282 2
16067 0
2744 4
13152 7
6075 3
12737 1
29088 2
16068 0
2745 4
8805 3
8173 3
6076 3
9407 2
12738 1
3598 6
16069 0
23134 0
9408 2
12739 1
41527 3
2747 4
13285 1
11999 4
61415 1
9409 2
16246 0
12740 1
16071 0
2748 4
23153 4
6079 3
8384 9
20112 0
27054 1
7092 6
26442 3
6729 3
24378 0
33812 1
16072 0
2749 4
11817 6
6080 3
49132 3
31702 2
3277 9
12742 1
16073 0
2750 4
17456 0
9412 2
12743 1
10409 2
977 5
16074 0
36849 5
3143 5
3574 4
10503 3
10135 2
33154 1
16075 0
2752 4
6932 3
6083 3
3203 4
22196 2
9414 2
12766 2
33525 0
6939 5
29583 0
6084 3
24566 7
30394 0
4196 4
4511 5
37380 0
11326 2
12746 1
29746 2
6311 3
2754 4
47347 0
56918 0
16262 4
2874 5
12747 1
33431 1
2755 4
12283 9
21167 0
2941 8
9417 2
3903 4
12748 1
2756 4
6087 3
5549 7
9418 2
35813 0
7640 6
12749 1
15065 7
32485 1
22600 4
23845 0
10683 2
16080 0
2757 4
13629 3
23542 3
30459 1
12750 1
16081 0
9420 2
34633 1
39289 2
39693 10
3209 4
16160 5
16082 0
25680 3
6090 3
4308 5
10552 2
9421 2
10441 5
17124 0
2760 4
6317 3
27590 2
10280 4
6091 3
9422 2
24698 0
12753 1
16084 0
18176 3
9423 2
48278 2
16085 0
2762 4
13559 6
9424 2
12755 1
7135 3
2763 4
6094 3
22695 3
9425 2
9864 8
12756 1
16087 0
2764 4
64749 0
6095 3
22761 0
12757 1
5630 4
37774 0
16088 0
2765 4
6096 3
13517 1
28438 1
37184 0
12758 1
45902 0
9083 4
983 5
15157 1
13196 1
21414 3
6323 3
6097 3
6254 4
5644 6
17800 4
3576 9
16090 0
2767 4
6098 3
13621 3
19865 5
12760 1
14860 1
16091 0
7277 4
9430 2
5287 5
20503 4
7171 9
6100 3
17548 5
12982 1
12762 1
16093 0
2770 4
35894 15
12905 5
14325 4
10542 4
13790 4
12763 1
1398 7
16094 0
2771 4
84637 0
36636 0
9433 2
29866 2
16095 0
2772 4
16792 0
3221 4
6329 3
38081 0
5109 10
12765 1
6227 4
6036 4
3232 8
6104 3
8010 6
9435 2
14916 6
28427 3
16097 0
2774 4
13181 3
6105 3
16962 2
2276 5
21063 2
13482 6
9436 2
15573 4
11219 2
12767 1
24353 2
16098 0
2775 4
12768 1
9438 2
3115 7
9587 2
16100 0
13422 1
13315 1
9439 2
18387 2
26296 1
3921 4
1923 5
16970 0
31955 1
16101 0
2778 4
7766 4
16185 4
12070 4
415 7
12975 5
12771 1
24846 3
2779 4
30247 1
6110 3
31789 3
9416 7
14569 1
12772 1
15517 5
16103 0
2780 4
6111 3
8399 5
7338 3
12773 1
11790 8
16104 0
2781 4
35821 4
20303 1
17139 3
11074 7
35108 1
35872 0
9444 2
3419 6
12775 1
16106 0
2783 4
6576 9
7575 7
14266 1
13688 3
20264 4
12776 1
13413 3
2784 4
9446 2
13361 2
21010 2
5350 8
16108 0
6116 3
9447 2
9742 2
2786 4
38582 6
39038 12
16893 0
16577 6
6118 3
9449 2
16111 0
2788 4
16166 9
6119 3
10281 7
18589 0
9450 2
23644 0
11417 4
30530 1
12781 1
2810 6
29189 2
16112 0
6120 3
18471 6
9451 2
1284 9
2790 4
26726 2
6121 3
7232 8
9452 2
3890 5
10956 5
16837 16
12783 1
16345 1
2791 4
26578 3
6122 3
9580 3
28497 1
12784 1
401 6
2792 4
6123 3
37469 0
9454 2
12785 1
25597 1
298 10
20488 2
16116 0
2793 4
6124 3
9455 2
12786 1
2794 4
6125 3
10451 2
12787 1
16118 0
2795 4
6126 3
9457 2
7165 3
5964 5
32574 1
16294 0
12788 1
16119 0
19342 0
5224 4
9458 2
8950 6
1834 11
12789 1
6353 3
16120 0
2797 4
9897 2
11862 2
9459 2
26555 3
13119 1
12790 1
25152 4
9754 2
16121 0
2798 4
2605 5
9460 2
12791 1
27695 0
3390 9
501 9
6130 3
12792 1
2800 4
29853 2
16124 0
6132 3
9463 2
12794 1
3228 6
16125 0
23009 2
6133 3
22784 3
21497 3
9464 2
3288 10
36707 0
12795 1
5727 6
16126 0
2803 4
16261 5
6359 3
9688 6
6134 3
1522 5
9465 2
20582 1
14183 1
12796 1
61835 3
16127 0
23837 1
3841 8
6135 3
29353 8
43921 0
17083 0
16128 0
2805 4
57368 3
8515 9
26969 2
9008 3
17889 4
25787 3
3251 4
12798 1
14360 2
18660 1
16129 0
2806 4
22713 4
24424 2
6137 3
31833 2
10326 2
21436 1
13289 7
4393 7
26786 4
12799 1
6138 3
18441 0
12800 1
16131 0
2808 4
14574 2
3622 4
6139 3
35931 0
12994 5
37875 0
16132 0
2809 4
7181 7
6140 3
9471 2
12141 4
16986 5
12933 2
16133 0
36031 5
9472 2
23290 4
21721 4
16134 0
2811 4
12804 1
9878 3
2812 4
8099 6
3257 4
9474 2
16136 0
2813 4
20604 4
9623 2
6144 3
14473 2
9475 2
10737 2
13458 1
19277 0
15196 7
10195 2
12806 1
4244 4
16137 0
2814 4
32038 1
10521 6
7003 8
9476 2
33291 1
60342 4
16268 4
12807 1
18974 3
38514 0
498 7
13672 1
27186 0
6146 3
16662 0
9477 2
35773 2
3204 7
19935 0
17655 5
16139 0
2816 4
1941 5
12809 1
2817 4
3333 8
6148 3
7279 5
28556 1
12810 1
16751 0
16141 0
6149 3
10426 3
6372 4
17694 0
9480 2
6182 5
2327 8
16142 0
19906 1
9629 2
6150 3
32731 2
9481 2
2820 4
7374 3
6151 3
11078 5
66483 2
16144 0
2821 4
13589 6
6152 3
21877 15
9483 2
38194 0
3957 4
16145 0
73295 3
26462 13
9778 2
9484 2
15822 2
15029 6
83709 0
24947 3
16146 0
6154 3
18318 3
9485 2
21873 0
55948 1
16147 0
6155 3
17201 4
9486 2
17445 0
12817 1
6801 3
16148 0
6156 3
12818 1
16149 0
2826 4
10001 8
26809 2
21792 1
19722 3
12819 1
6035 5
11039 5
16150 0
7676 7
15216 2
6158 3
16413 0
9489 2
6401 7
6598 3
7195 3
6159 3
9490 2
16286 1
49862 2
12821 1
8567 3
16152 0
2829 4
11804 4
6160 3
20541 3
6454 4
13290 2
5240 10
12822 1
13042 1
16096 1
34352 1
2830 4
20002 5
8559 4
28558 3
12823 1
4782 4
11187 7
6162 3
37558 0
5457 8
23691 3
31897 6
12824 1
1816 7
17196 0
6163 3
12825 1
29290 2
16156 0
2833 4
20682 0
28998 0
6164 3
8412 3
41347 1
9495 2
36778 0
12725 2
6389 3
12826 1
11413 14
1902 6
2834 4
30003 2
28891 8
23881 2
35990 0
8155 5
32663 1
16046 9
17763 3
11148 2
2835 4
16508 0
13806 3
12828 1
2836 4
8708 4
13708 6
3646 4
1391 9
77816 1
12829 1
12351 5
12019 6
1077 6
24495 2
27768 2
11921 8
1195 7
2838 4
6169 3
37350 0
10493 2
30510 2
9500 2
36259 3
21580 3
12831 1
1013 5
8090 3
5810 6
15425 1
27221 1
7345 8
52154 0
6171 3
3725 9
12212 4
12833 1
6172 3
9503 2
16203 1
12834 1
34026 1
13076 2
16165 0
2842 4
9504 2
12835 1
43658 2
6645 4
33633 1
6174 3
28615 1
16342 0
6819 3
2844 4
6175 3
6431 4
9506 2
30561 0
20451 0
5860 5
6838 5
16168 0
6176 3
16431 0
9507 2
6713 9
5033 4
17473 12
12386 2
16832 2
5690 4
16169 0
2846 4
591 8
33532 7
23318 12
9508 2
17552 0
57761 2
9953 4
16170 0
2847 4
16362 5
29960 2
19639 0
46492 2
7929 3
13083 5
16171 0
3503 9
4541 6
9554 4
18062 0
44522 5
21180 0
12841 1
20617 0
24448 1
2849 4
3448 5
6180 3
9511 2
16714 6
12842 1
8895 3
29756 0
2850 4
6181 3
17319 2
32121 1
9512 2
54338 0
30672 1
2851 4
8188 6
16435 4
581 7
41029 1
9513 2
12844 1
17821 6
2852 4
13173 1
25894 3
3114 8
6183 3
18174 2
21240 2
12845 1
37976 0
16176 0
30396 1
1019 5
26715 3
1965 11
1959 5
16177 0
6185 3
3293 7
18389 3
9516 2
25283 4
16178 0
2855 4
22375 2
16615 0
9517 2
12848 1
2856 4
1546 5
9518 2
1146 8
51302 2
2857 4
20705 4
10910 2
6188 3
21828 4
67348 3
3940 7
36716 0
6106 5
16181 0
2858 4
7887 5
9520 2
3299 4
16182 0
5728 7
6190 3
16532 0
68971 0
12852 1
16793 0
16183 0
2860 4
5272 4
10724 3
7768 3
6191 3
39902 2
36049 0
9522 2
12853 1
16184 0
7981 4
3434 8
6192 3
13865 3
12854 1
2862 4
8646 9
10430 7
26892 2
13292 1
2863 4
31309 8
11122 5
6194 3
31964 2
50268 2
16449 0
9525 2
18984 5
16187 0
4016 6
9526 2
39412 4
12857 1
4555 4
3425 10
6196 3
12858 1
16189 0
52334 3
44162 1
9528 2
447 10
71476 0
2867 4
25048 3
6198 3
19823 0
9529 2
9677 2
13696 6
12860 1
17997 0
19549 13
6199 3
16888 0
7289 6
12861 1
11233 4
16192 0
2869 4
13426 7
6200 3
28674 1
16193 0
2870 4
9853 8
37647 0
13191 1
6201 3
19837 7
6490 4
9969 2
9532 2
15327 7
38307 0
7831 6
2871 4
7777 7
17149 0
6108 4
55348 7
12864 1
15142 6
16195 0
16613 1
9630 7
2873 4
23427 4
6204 3
32752 1
79597 1
12866 1
23659 3
6205 3
28969 2
26469 1
37433 0
21663 3
2875 4
6319 8
25197 0
9537 2
13148 5
12868 1
14047 1
60455 5
27857 2
12869 1
21122 6
29391 2
16200 0
33428 1
15752 4
6208 3
12870 1
5564 8
6646 3
15209 3
12926 3
21299 2
9540 2
59474 0
12871 1
39271 2
16202 0
22008 5
14579 3
34465 1
27118 2
6210 3
22561 0
9541 2
9689 2
10638 5
12872 1
71508 1
2880 4
22962 3
16809 1
6211 3
4893 6
11300 7
9542 2
12873 1
5221 6
16204 0
2881 4
10398 2
12120 6
1031 5
9543 2
12874 1
16205 0
30743 1
6213 3
18264 0
37022 8
25276 6
12875 1
61537 2
16206 0
2883 4
9838 2
1498 9
16556 0
18067 4
14261 1
38199 0
11129 3
17135 5
12876 1
16207 0
2884 4
10124 2
9546 2
14671 1
137 11
12877 1
14516 4
2885 4
6216 3
19519 18
16645 0
13231 16
9547 2
3323 4
18460 3
16209 0
2886 4
6217 3
5371 10
36108 0
15764 1
9548 2
13172 5
12879 1
32204 1
16210 0
2887 4
13316 1
16434 4
6218 3
766 6
13924 3
14004 2
28689 3
30623 2
664 7
16734 0
12880 1
16211 0
2888 4
6219 3
7152 8
34133 1
10138 8
12881 1
9987 2
45854 3
7458 8
16212 0
6177 5
17925 2
34717 5
44233 4
8277 6
16213 0
2890 4
13102 1
668 9
6658 3
9552 2
14778 1
12883 1
16214 0
16463 5
14576 1
6222 3
1977 5
15574 1
16215 0
2892 4
16678 2
3329 4
6223 3
34946 8
20139 5
9378 3
12885 1
3694 4
13643 1
9807 3
3382 7
7255 3
9555 2
12886 1
49766 4
16217 0
2894 4
9556 2
12052 8
16218 0
2895 4
6449 3
17001 0
4008 8
6226 3
28733 1
25776 1
11371 14
36920 0
26781 3
35370 1
16219 0
2896 4
6549 4
30140 2
12889 1
2946 5
47793 4
38077 0
14056 3
16220 0
68637 0
3616 9
63190 2
4589 5
9559 2
14172 1
16221 0
2898 4
17090 0
14912 3
6229 3
15384 1
13435 1
12891 1
26001 3
23182 2
21201 2
26975 2
2899 4
73337 1
9129 6
23533 8
11205 5
9561 2
16223 0
2900 4
9861 6
6231 3
7348 7
12893 1
16224 0
2901 4
20806 4
6232 3
12599 3
12894 1
17336 3
6233 3
12354 4
16226 0
6234 3
18733 6
12129 3
12896 1
21935 4
16227 0
2904 4
6235 3
22939 4
21358 2
17268 0
9566 2
22327 6
82147 0
16228 0
3535 8
23840 3
10688 6
26671 10
9567 2
263 7
16229 0
2906 4
6237 3
13227 1
9568 2
12899 1
10257 4
16230 0
2907 4
11595 2
9862 2
12900 1
16298 2
16231 0
20251 1
2908 4
6850 9
6239 3
7983 3
9570 2
12901 1
37291 2
37736 0
16232 0
6240 3
12902 1
9719 2
13857 6
24617 0
2910 4
12327 2
6241 3
79891 1
14028 5
7637 3
2096 11
12903 1
753 7
6242 3
15099 1
20803 5
5976 6
25414 4
2912 4
16851 6
3347 4
32841 1
36167 0
13768 1
53342 2
19097 5
16236 0
27886 0
20685 2
6244 3
30814 1
13983 3
35239 6
7816 3
1388 6
16237 0
2914 4
6313 8
13126 1
6245 3
13803 6
25252 6
3874 9
9576 2
44191 4
12907 1
63130 2
2915 4
82069 0
7878 7
3227 5
17368 4
35263 4
9577 2
27946 2
85351 0
18044 1
16239 0
2916 4
26852 3
6247 3
19153 12
9578 2
7218 4
18531 3
12909 1
16240 0
2917 4
9579 2
16503 0
9104 3
514 7
12910 1
2918 4
6249 3
12911 1
23051 3
16242 0
2919 4
8777 9
17879 0
6250 3
9737 7
9581 2
9874 2
6473 3
6725 5
38420 0
6891 3
16243 0
2920 4
34987 1
10970 2
32095 2
6248 5
6251 3
20708 3
9582 2
12913 1
4584 7
2921 4
29492 2
15255 6
2506 8
28792 1
9583 2
2348 5
83830 0
16245 0
2922 4
18156 4
6253 3
6608 4
12915 1
52895 4
2923 4
1049 5
16517 4
19895 3
2637 6
12916 1
747 7
16247 0
2924 4
24034 1
24249 8
6255 3
4854 4
5671 8
6574 7
12917 1
3855 6
2925 4
12221 6
6256 3
3359 4
56068 7
24048 2
10577 2
16249 0
2926 4
7391 4
41241 2
1631 7
13138 1
9588 2
39098 8
18976 0
12919 1
30545 1
19142 0
18614 2
16250 0
51554 3
9589 2
3562 10
65631 2
12920 1
6694 3
2928 4
34578 1
38776 0
8366 6
13465 1
6260 3
41251 4
9591 2
1605 9
8626 5
24096 0
16253 0
21417 2
9592 2
27388 1
19640 0
24708 2
12923 1
33835 1
16254 0
20562 4
9593 2
13563 7
74015 3
9886 2
7196 5
2932 4
3471 7
9594 2
11296 3
11494 2
12925 1
16256 0
9557 3
6264 3
2177 6
10172 2
29606 14
9743 2
16257 0
2934 4
12425 4
12927 1
41359 0
16258 0
16564 5
34240 1
84411 0
6266 3
27058 2
27383 0
9597 2
16521 0
23564 4
30728 0
11288 5
29177 0
22139 5
2936 4
6267 3
30736 2
16260 0
23403 0
6268 3
10315 2
9599 2
19670 1
7571 8
6491 3
36226 0
9600 2
3371 4
12931 1
52419 4
10537 4
41713 4
6270 3
14042 3
46561 0
9601 2
33565 1
12530 5
12932 1
16438 0
16263 0
2940 4
9749 2
30174 2
6271 3
9602 2
60965 5
596 10
29181 9
38178 0
6272 3
23701 13
9603 2
12934 1
16265 0
2942 4
6273 3
9604 2
13263 1
12935 1
17648 0
17243 1
2943 4
69954 3
5502 10
14113 1
10793 4
5553 4
12936 1
10041 2
16267 0
2944 4
11650 4
16877 0
30885 1
6538 4
28820 3
46669 4
6896 4
20437 11
2945 4
20907 4
26894 3
6276 3
26108 3
9607 2
12938 1
16269 0
13878 3
6277 3
3729 9
9608 2
29737 9
29929 0
16270 0
2947 4
274 11
37599 0
6278 3
28851 1
54014 1
24069 8
37825 0
6059 6
16608 4
16271 0
2948 4
12046 3
6279 3
9610 2
12941 1
3742 4
3287 8
17954 3
3636 8
6280 3
16273 0
6281 3
13162 1
1061 5
22042 4
12943 1
16274 0
10275 8
32930 1
6282 3
5389 5
9613 2
12183 8
16275 0
2952 4
6283 3
14171 2
9614 2
15397 11
35501 1
6718 3
16276 0
2953 4
27267 2
16596 1
17219 2
23052 4
16277 0
2954 4
27007 8
45301 0
28035 2
9616 2
8985 3
28471 3
16278 0
25250 3
20276 5
14434 1
60681 2
16628 0
17976 5
16279 0
2956 4
21476 2
9618 2
65107 3
7679 3
16280 0
40874 6
9619 2
17284 5
23140 3
12950 1
22554 2
16281 0
2958 4
6927 3
10196 2
9767 2
19338 1
37062 0
6289 3
3389 4
9620 2
30277 2
7979 7
13495 1
6290 3
13602 1
1594 5
32370 1
9621 2
13388 1
16806 0
16600 4
2960 4
830 7
18864 6
59096 3
20560 1
9622 2
12953 1
13910 6
2961 4
18245 4
6292 3
7898 4
5907 7
24779 2
12954 1
21669 1
19210 5
7301 8
6293 3
29041 7
3754 4
14339 1
24639 1
18763 0
9625 2
12956 1
16462 0
4364 4
2964 4
13350 5
36285 0
9626 2
778 6
13450 3
12496 4
6296 3
36579 10
11143 2
56613 4
12958 1
2966 4
9844 7
6735 4
788 8
12959 1
16290 0
2967 4
14857 10
6298 3
23042 0
7864 3
2227 11
3682 6
23901 0
37771 3
8455 6
12960 1
2968 4
18003 1
19588 5
10345 2
11451 3
6521 3
25545 4
12961 1
13676 3
38533 0
12322 6
6300 3
9631 2
61311 1
12962 1
2372 5
16293 0
2970 4
23670 0
6301 3
41917 1
15368 6
9632 2
6987 9
15550 2
3560 7
2971 4
8371 3
1337 8
5778 8
26642 1
14244 1
9633 2
27141 2
16557 0
12964 1
16295 0
13321 5
12965 1
17582 8
16296 0
2973 4
28910 1
9635 2
38497 4
12966 1
16297 0
6305 3
6726 4
9636 2
16988 6
33972 0
12967 1
8210 3
2975 4
33936 1
4083 4
6306 3
16735 0
30956 1
12968 1
20257 0
16474 0
22019 1
8908 9
2976 4
6307 3
1712 9
9638 2
16300 0
2977 4
32226 2
42542 3
34691 1
9639 2
4137 7
12970 1
6742 3
16301 0
2978 4
3407 4
9640 2
12031 4
11526 7
12971 1
16302 0
2979 4
16665 5
23989 3
6310 3
4213 5
4645 4
12972 1
9934 2
9376 4
83567 0
10077 2
12973 1
2981 4
18194 0
30621 5
835 9
2043 7
9643 2
17978 10
34347 1
12974 1
36273 10
16305 0
44073 3
9791 2
21535 2
6390 5
36990 0
67468 1
2983 4
11269 7
11030 2
6314 3
59691 1
9645 2
12976 1
14006 6
7148 3
21912 3
16307 0
2984 4
6142 6
6315 3
15589 7
14565 1
9646 2
419 6
3413 4
38279 0
16308 0
2985 4
58647 3
8022 6
6316 3
69892 0
56726 0
9647 2
38907 0
12978 1
6383 4
30849 2
16919 0
4175 8
9648 2
13198 1
12979 1
30281 2
16151 1
2987 4
7684 8
6318 3
11292 2
9649 2
11917 2
16486 0
16311 0
4023 9
9650 2
7486 6
12981 1
2989 4
21008 4
12518 2
6320 3
37133 0
9651 2
8388 5
33019 1
16313 0
2990 4
19617 0
3699 10
6321 3
36344 0
12193 15
7530 5
20001 7
9652 2
12983 1
3778 4
16314 0
2991 4
6322 3
14160 3
7515 7
3091 6
12984 1
26215 3
2992 4
9946 2
9654 2
3497 6
12985 1
24850 2
22270 5
2993 4
3737 8
6324 3
28124 2
12986 1
4388 4
16317 0
2994 4
29318 14
13700 7
6325 3
9803 2
18123 0
12987 1
16318 0
6326 3
9657 2
3842 9
26167 11
32453 1
3269 5
13638 1
23355 2
16319 0
16683 4
6327 3
10855 6
913 7
68558 1
9658 2
23229 3
27122 6
4101 4
10034 6
16320 0
2997 4
22149 4
12990 1
16321 0
25955 1
9660 2
11918 7
16322 0
1434 7
14707 4
6330 3
6551 3
47029 1
9661 2
27499 7
12992 1
10835 5
18334 4
3000 4
5633 10
6331 3
6785 4
9662 2
30694 1
5598 5
16324 0
3001 4
28951 3
14195 5
14886 1
3771 5
9308 6
3002 4
33702 1
2031 5
18083 5
71048 2
9664 2
23165 4
16326 0
3003 4
8080 7
31034 3
13439 5
7721 3
9665 2
17281 0
17109 0
9523 12
12996 1
3004 4
43657 1
6335 3
16834 1
45758 7
16328 0
3005 4
6336 3
20711 4
9667 2
12998 1
16329 0
6337 3
17535 4
8544 6
65653 3
31027 1
34387 6
12999 1
3007 4
6338 3
16593 0
18407 2
13000 1
27224 2
17950 1
3008 4
13436 1
11454 5
6339 3
21594 2
12179 2
9670 2
12314 8
13001 1
29694 2
4780 6
411 11
1618 5
35632 1
3649 7
10728 7
20175 1
13864 1
16333 0
3010 4
18744 3
6341 3
9672 2
13003 1
14184 4
14179 1
16334 0
19323 5
6342 3
6563 3
20875 3
16335 0
6343 3
9674 2
55444 3
9951 7
13005 1
17032 0
10661 2
16336 0
12423 6
6344 3
21392 2
9675 2
10412 8
6461 5
16337 0
6345 3
745 10
13007 1
3015 4
4010 5
6778 3
13008 1
16339 0
3016 4
6347 3
24215 2
1412 6
13009 1
16340 0
18995 6
4926 4
10113 2
6348 3
14219 3
7554 3
2396 5
1091 5
9679 2
6569 3
5885 8
10189 3
13977 1
22826 12
38646 0
6349 3
17210 0
9680 2
4119 4
3802 4
7123 4
3019 4
34037 1
33157 2
6350 3
32287 3
37765 0
8126 5
13012 1
13555 1
79591 0
3020 4
21995 3
19332 3
6351 3
20068 3
6225 6
9682 2
13013 1
3021 4
6352 3
6463 5
6747 7
9683 2
4858 5
30414 2
27555 1
13014 1
11578 2
53841 10
47259 3
1819 9
17505 1
38520 0
11453 2
21514 0
17570 2
45746 2
4412 4
13016 1
24921 2
16347 0
3024 4
2685 8
6355 3
2358 11
49046 5
3449 4
9833 2
13017 1
25424 0
43077 5
16348 0
3025 4
29028 1
9687 2
25676 4
38003 0
13018 1
16349 0
6357 3
6844 4
14090 1
34804 1
30895 0
13019 1
13470 2
27416 2
16350 0
3027 4
6358 3
28077 0
15436 3
13020 1
11639 7
3028 4
34454 1
16961 0
9690 2
33108 1
38380 0
16352 0
6360 3
16288 1
7101 5
6581 3
11472 4
16353 0
10405 2
6361 3
5448 6
1097 5
9839 2
13023 1
17095 2
16354 0
3031 4
6362 3
3544 5
17433 5
13024 1
32536 1
16355 0
3032 4
996 7
9039 9
3814 4
16356 0
3033 4
21109 4
7124 9
13353 1
20882 2
6364 3
9695 2
17993 0
32357 2
3034 4
75970 1
6999 3
18331 0
6365 3
21653 2
13027 1
16358 0
3035 4
11209 2
4775 7
9697 2
50197 4
16795 0
5126 6
16359 0
3036 4
7450 8
3018 5
10475 3
6367 3
7797 8
9698 2
16360 0
3037 4
16115 2
17125 6
4267 6
3838 8
47401 0
6368 3
9699 2
3461 4
10222 4
13030 1
31098 1
16361 0
3038 4
18971 1
6369 3
29356 0
9700 2
2049 5
26322 3
47402 6
18423 4
54741 0
13369 2
4667 5
51614 4
6370 3
17744 0
13032 1
10953 2
16363 0
3040 4
6371 3
14818 3
10344 3
9702 2
13033 1
27126 3
18815 3
15720 7
14035 2
9703 2
13034 1
14017 17
3042 4
13528 5
6373 3
36462 0
9704 2
8270 3
9851 2
13035 1
14417 1
25452 3
69185 4
6374 3
14278 3
17833 0
27120 3
30102 0
1103 5
22256 4
13036 1
39783 8
27307 2
6375 3
3467 4
24231 1
15871 5
9706 2
11537 5
17618 1
3955 9
6532 5
13037 1
16781 4
14316 1
16368 0
3045 4
37127 0
8633 6
9707 2
13038 1
3460 8
28569 9
16369 0
11090 2
12453 2
3826 4
37682 4
3047 4
8181 7
6378 3
8378 5
15528 1
9709 2
13040 1
16546 0
3048 4
6379 3
6599 3
34121 0
3738 7
9857 2
13041 1
18190 5
17412 0
16372 0
3049 4
6380 3
11460 5
22401 5
7763 3
3050 4
5416 4
6381 3
9712 2
18164 2
13043 1
9835 4
29087 1
40981 2
13371 1
9713 2
37275 0
13044 1
23278 4
3052 4
8119 4
6903 4
3836 10
6814 3
12340 2
24138 3
7017 3
113 10
4436 4
6384 3
10006 2
13827 2
9715 2
15145 3
43357 0
44945 6
16377 0
14124 6
3055 4
24992 2
6386 3
4705 4
27580 0
9717 2
7405 3
37848 0
16379 0
22078 3
13484 1
1109 5
6308 6
13049 1
16380 0
5764 10
12524 6
6388 3
14155 6
44405 6
17163 0
13050 1
16381 0
3058 4
29082 3
9720 2
13051 1
16382 0
3059 4
10058 7
6153 5
1642 5
9721 2
79715 0
16383 0
3060 4
19436 5
21712 2
32332 7
22733 2
9722 2
23838 4
15932 1
13053 1
32092 7
21510 1
10435 2
16384 0
3061 4
6392 3
9723 2
10892 3
3062 4
22190 0
4172 9
6393 3
9724 2
13055 1
16386 0
3063 4
34138 1
4962 4
6394 3
13811 1
18145 3
11364 2
82502 0
13056 1
16387 0
6395 3
22742 12
6086 7
5992 8
9726 2
33839 1
16388 0
3065 4
5201 4
6826 3
6396 3
10018 2
15533 2
12445 8
269 7
13058 1
6252 4
16389 0
3066 4
6397 3
9728 2
35763 1
58017 0
3067 4
9671 3
6398 3
38759 0
9729 2
75245 1
37742 9
33197 1
16914 0
26815 1
6399 3
36521 0
9019 4
9730 2
16849 4
15594 6
8876 4
31169 1
1079 7
3069 4
14337 3
6400 3
13494 5
13389 1
1926 9
39187 3
38627 0
16351 9
16393 0
3070 4
14307 3
173 9
9732 2
3491 4
17179 1
13063 1
16394 0
28302 2
24856 0
6402 3
25164 0
9733 2
7660 4
16395 0
3072 4
548 11
10167 2
2219 6
6403 3
1002 9
18886 3
9734 2
13065 1
14031 1
16396 0
3073 4
38481 0
10579 11
13066 1
19126 6
3074 4
6405 3
30843 1
9820 3
34561 1
33807 4
3075 4
15849 1
40946 1
13068 1
34917 1
6603 5
16399 0
3076 4
10549 8
14921 2
9738 2
14655 1
13069 1
16400 0
3077 4
11752 7
21210 4
29146 1
4342 8
24830 1
9739 2
18512 4
46895 6
3078 4
6962 4
6409 3
9740 2
13071 1
9887 2
3079 4
20860 4
8853 5
50601 5
13072 1
30495 2
16403 0
3080 4
20550 5
6411 3
27390 2
8628 3
13207 3
13073 1
11620 5
13617 5
10316 2
3081 4
3939 8
2489 11
6412 3
35341 1
1864 7
13074 1
16405 0
3082 4
48361 0
6413 3
7682 7
9744 2
16110 4
13075 1
16947 2
16406 0
6414 3
39913 2
10877 7
1654 5
1004 7
16582 0
30551 2
31075 2
8722 6
13077 1
25573 8
26429 3
1528 8
7910 8
9747 2
20114 11
14719 2
3086 4
21771 2
6417 3
7244 3
9748 2
985 8
33674 12
13079 1
5870 4
22261 11
16410 0
3087 4
25553 3
20205 0
12091 15
14826 2
24637 4
11022 6
3827 7
68373 2
13080 1
20531 0
11888 2
16411 0
3088 4
47615 6
7435 3
894 10
3862 4
9750 2
13081 1
16412 0
9751 2
41563 1
9170 9
12780 4
10042 2
13082 1
3090 4
6421 3
22363 4
526 7
9752 2
46505 6
32488 2
28801 4
16414 0
7053 3
8282 7
6422 3
10520 4
13084 1
17626 0
16415 0
37931 0
14362 5
27233 3
23528 2
13085 1
35738 9
20514 1
16416 0
6391 6
13078 2
4735 4
6424 3
41915 6
9755 2
13086 1
22854 0
4068 9
16417 0
3094 4
36580 0
9756 2
13306 1
16418 0
3095 4
14396 3
6426 3
18297 5
7261 9
17715 0
16855 0
13088 1
16594 0
16419 0
3096 4
6427 3
36494 3
11007 2
25957 7
9758 2
771 7
13089 1
3097 4
29896 2
9759 2
17702 4
4334 7
13090 1
8801 3
16421 0
45147 8
3098 4
15851 7
6429 3
9760 2
13091 1
51626 0
16422 0
3099 4
39211 3
6430 3
39169 0
11883 4
8213 6
51709 4
17262 6
3100 4
31240 1
4279 5
9762 2
14231 6
27565 2
26134 1
13093 1
23391 4
16424 0
12625 6
6432 3
9763 2
13094 1
16425 0
3102 4
226 10
6433 3
21042 3
13095 1
24347 0
29205 1
6434 3
38181 0
6653 3
9765 2
27263 3
4112 6
13987 8
16427 0
3104 4
7021 4
6435 3
3054 5
9487 6
16932 4
16428 0
3105 4
431 6
1162 7
6436 3
22392 0
10165 7
11531 2
13853 1
49274 0
16429 0
6437 3
9768 2
33286 1
22532 5
13099 1
6674 5
16430 0
13318 1
6438 3
51914 1
9769 2
37264 0
24382 2
3108 4
13101 1
7683 6
16432 0
3109 4
17128 0
6440 3
6659 3
28391 2
7599 8
16433 0
7071 3
10888 2
3527 4
9772 2
18575 0
6994 5
13645 1
13103 1
7453 5
6099 8
3111 4
16968 5
9773 2
13104 1
17217 0
22879 14
21830 2
6443 3
9774 2
5464 4
17762 10
3113 4
23496 3
14898 4
9775 2
802 6
13106 1
37417 0
5895 10
16437 0
9776 2
29213 3
3973 10
9923 2
9777 2
12892 3
16439 0
3116 4
2033 9
6447 3
38734 0
18601 4
38872 0
3533 4
27473 2
11044 4
13109 1
1436 6
3117 4
11703 5
20241 3
21902 1
6448 3
9779 2
31062 0
13110 1
15707 6
10794 4
6920 7
8974 3
9780 2
13111 1
16442 0
13974 7
30794 8
43429 2
6450 3
9781 2
13706 5
19168 0
11032 5
16443 0
3120 4
36639 0
46339 0
6451 3
9782 2
7465 3
13113 1
12851 4
3592 5
8503 3
16444 0
3121 4
11786 7
21311 4
14455 3
9929 2
34668 1
9783 2
16445 0
3122 4
34977 10
34270 0
12576 8
10495 2
21533 0
13115 1
19511 3
8811 6
23975 4
3539 4
9785 2
13443 1
34087 3
13116 1
13861 11
16447 0
6455 3
13117 1
10142 3
35030 1
3125 4
4040 8
14135 3
22246 1
9787 2
13118 1
33667 7
71912 2
10078 2
11865 7
3916 7
30602 2
2864 8
20081 0
24287 3
16450 0
33976 1
10221 2
6458 3
13120 1
23672 0
16451 0
3128 4
12258 4
15049 15
28381 6
38014 0
13121 1
22244 3
16452 0
13556 1
8328 4
29264 1
6460 3
6474 6
13122 1
16453 0
3130 4
3898 4
10364 2
7080 4
66661 3
9792 2
4765 4
19257 6
2270 7
16454 0
14381 4
25654 3
31311 1
12293 2
14304 6
9793 2
26536 3
13124 1
3132 4
19346 0
1678 5
17476 2
13125 1
16456 0
3133 4
9941 2
31188 2
16719 0
3134 4
9796 2
685 11
19028 3
13127 1
16458 0
3135 4
6466 3
37101 8
7662 3
12440 3
13128 1
17413 0
16459 0
3136 4
4321 9
13792 2
6467 3
37909 3
13129 1
21065 0
22470 4
16460 0
6468 3
7292 3
3138 4
63772 4
2930 6
2620 11
6745 5
21889 2
6469 3
18937 0
9800 2
10686 8
13131 1
15220 1
17330 0
3139 4
25938 4
20817 1
9801 2
11436 2
13132 1
10827 3
6898 3
3140 4
6689 3
9802 2
30275 0
32785 1
13133 1
16464 0
29535 0
3141 4
29997 2
17015 4
48635 6
60776 3
13782 1
1245 7
28268 0
16954 4
13134 1
27346 3
15422 1
18404 5
38270 0
17730 3
9804 2
20687 5
3633 8
3557 4
16466 0
4181 9
9805 2
16467 0
6475 3
9806 2
13137 1
12888 5
37488 0
3145 4
12726 6
8621 5
58636 7
2103 5
33375 1
10239 2
14311 1
12186 2
1151 5
18694 0
3146 4
6477 3
9808 2
24158 0
30688 2
33086 4
16470 0
14514 3
14338 6
6478 3
9809 2
13140 1
16471 0
3148 4
18107 0
4227 4
6479 3
30992 1
25205 2
9810 2
28480 2
3149 4
30067 6
32743 7
28137 9
6480 3
43531 1
9811 2
4966 7
21084 1
13142 1
16473 0
3150 4
23504 4
6481 3
10102 2
9812 2
8199 3
2785 5
13143 1
34340 1
6482 3
339 10
9813 2
13144 1
12922 4
23585 3
67989 1
71142 0
6483 3
10272 7
6701 3
3945 6
11061 2
27556 2
3153 4
21009 4
7495 3
6484 3
9815 2
3353 5
13939 3
18247 6
13146 1
16477 0
6485 3
9816 2
17087 0
13147 1
23933 0
3155 4
15982 7
5034 4
17069 5
6486 3
18690 4
9817 2
13719 3
16479 0
7139 4
39300 0
6487 3
9818 2
13149 1
16480 0
3157 4
6488 3
6206 8
2468 5
11026 7
16481 0
3158 4
7398 9
6489 3
21006 0
19662 5
13795 5
13151 1
16482 0
3159 4
9821 2
13479 1
3160 4
10936 2
6127 4
13025 2
1673 7
13153 1
3161 4
6492 3
9823 2
13154 1
8900 6
16485 0
3162 4
19127 0
17399 6
1043 10
6493 3
31382 1
15143 1
9824 2
2140 9
13155 1
38841 0
3163 4
18640 2
22912 2
1169 9
7781 5
11488 3
11651 5
13156 1
13257 2
11107 3
16487 0
79566 0
21948 2
6495 3
24428 1
9826 2
70085 4
38097 0
6922 3
16488 0
3165 4
26988 1
21412 4
4005 7
6496 3
6557 6
38985 0
13158 1
2488 6
27400 3
25777 11
20852 0
13667 5
5930 4
50042 5
9828 2
56345 1
13159 1
6265 7
15820 6
16490 0
6498 3
346 9
13378 1
9829 2
17947 21
13160 1
3168 4
34775 1
6499 3
4509 8
14745 1
16492 0
3169 4
3581 4
4141 8
6816 5
6500 3
18871 14
9469 3
16493 0
37401 0
1163 5
5019 6
6719 3
13163 1
6026 10
16494 0
3171 4
13705 1
4942 5
16844 0
18552 0
29344 3
3172 4
6706 4
85707 0
19631 1
43166 6
14573 3
30709 2
6504 3
7849 7
40115 6
16497 0
3174 4
11341 2
50907 1
50285 6
27714 2
7698 3
13167 1
3175 4
25755 3
6506 3
11978 7
9837 2
27777 0
13168 1
3176 4
37559 0
17022 0
6507 3
33734 9
18220 0
15663 3
32868 1
16500 0
6508 3
6934 3
17098 4
4110 10
18336 3
13170 1
1328 7
8390 3
16812 1
6509 3
9840 2
11189 6
13171 1
16502 0
3179 4
8484 7
17731 5
20203 8
12707 8
6510 3
20378 0
9841 2
12811 2
5675 6
3180 4
36025 1
41707 1
9842 2
8365 5
3181 4
22339 7
6512 3
10327 3
9843 2
14111 7
40753 1
1735 6
16505 0
3182 4
7198 4
3593 4
31301 2
14139 1
12579 2
13175 1
19020 1
12993 4
70328 1
22577 4
3766 6
14529 5
18391 1
7748 8
13176 1
8136 8
3184 4
6515 3
33464 1
10555 2
9846 2
13177 1
3185 4
16289 4
6516 3
3946 4
9847 2
24112 4
16945 0
7143 3
16509 0
17805 0
6517 3
12363 3
9848 2
14864 1
16510 0
3187 4
8879 3
6518 3
9849 2
19388 6
16773 0
16511 0
6519 3
16512 0
3189 4
6737 3
12827 6
16153 1
27639 2
6520 3
11869 5
5706 5
13182 1
16513 0
3190 4
22007 2
10380 6
10059 3
13183 1
23674 3
27459 3
5359 6
1149 6
11711 4
6522 3
13402 1
13184 1
16515 0
3192 4
4294 9
9854 2
13733 2
16516 0
3193 4
9855 2
15571 1
21209 3
14445 6
3194 4
3372 6
18779 4
6525 3
9856 2
13187 1
9669 4
2751 11
53179 4
34441 1
59212 7
13188 1
16868 0
16519 0
3196 4
15672 1
34419 0
6539 4
26069 4
40415 6
9858 2
17129 0
13189 1
19170 3
3197 4
822 11
14393 2
6528 3
13884 5
9859 2
14803 18
36757 4
3198 4
36816 0
6529 3
9860 2
14977 1
24549 2
19495 0
10379 7
16522 0
3199 4
17170 5
14632 3
3958 4
23617 4
1719 8
13192 1
63724 1
74202 1
16523 0
3200 4
6887 5
28459 9
452 10
3879 5
20444 1
24436 3
11746 2
16524 0
3201 4
38180 0
10823 8
22410 3
15057 3
13628 1
13194 1
6640 6
34239 10
16525 0
6533 3
13837 17
13195 1
16526 0
15861 2
47167 0
6534 3
26313 1
9432 9
1714 5
27889 1
37701 3
10436 2
16527 0
4094 7
27679 5
9866 2
32750 2
16528 0
38784 0
20824 5
6536 3
14453 6
17224 0
9867 2
50997 3
16529 0
3206 4
6537 3
7088 4
9868 2
11649 3
1182 8
16530 0
3207 4
29441 1
37630 0
9666 6
1181 5
2815 5
19775 5
13200 1
16531 0
7257 4
20413 17
3617 4
9870 2
13393 6
13201 1
31229 0
15378 3
30825 2
13412 2
2247 9
6540 3
38948 0
9871 2
14270 1
13202 1
4470 9
10984 2
21540 0
4518 6
6541 3
25347 2
6915 4
13203 1
3211 4
10162 2
6542 3
13204 1
18403 2
16113 7
16535 0
3212 4
17058 0
6543 3
86456 0
4281 4
13205 1
14377 1
14686 1
16536 0
3213 4
39431 0
4242 8
45313 1
6544 3
32951 1
9875 2
6761 3
17181 4
8404 6
7734 3
1411 7
13064 4
13854 1
6545 3
29677 2
7364 5
9876 2
34882 1
83022 1
3623 4
16538 0
3215 4
9058 3
7093 7
17358 2
13208 1
10722 2
3216 4
22066 2
15933 6
6547 3
47829 8
13209 1
3217 4
13210 1
4531 7
7555 3
16541 0
3218 4
35066 6
9880 2
13211 1
81613 1
16542 0
3219 4
25856 3
1187 5
9881 2
30816 2
13212 1
38448 0
443 6
3220 4
22794 5
9882 2
9379 12
7535 9
13213 1
16544 0
6552 3
9883 2
13214 1
21749 1
6553 3
31141 1
32702 6
33553 1
8585 7
31753 6
35256 1
10174 2
15102 1
7179 3
6744 5
16547 0
3224 4
36875 0
6555 3
27903 9
31524 1
17536 6
13217 1
26750 3
3225 4
19851 0
19690 3
13218 1
13652 1
19068 2
11952 5
16549 0
46551 1
28658 2
9888 2
25397 0
13219 1
16550 0
6982 3
1726 5
6558 3
9889 2
5327 4
13438 1
6157 10
13220 1
15089 4
16765 1
19241 3
16551 0
16726 0
6559 3
9890 2
5769 4
10491 4
27537 3
9080 5
29475 3
7880 6
3229 4
30199 2
6560 3
13543 2
3043 8
9891 2
36853 5
31099 8
23763 3
13222 1
16553 0
3230 4
27494 4
22684 4
6561 3
9892 2
10871 2
6562 3
11175 7
1193 5
6958 5
17240 1
31414 2
13224 1
13765 1
6779 3
16555 0
25095 0
13551 1
9894 2
37538 0
34113 10
13225 1
8249 8
3233 4
18868 4
29500 1
12928 6
5909 5
6564 3
13979 1
30883 4
3234 4
7316 4
4299 4
8104 3
9896 2
61242 1
34081 5
16558 0
50173 0
18618 5
6566 3
7780 4
13228 1
16559 0
1192 10
12838 8
6567 3
13973 5
11798 3
13229 1
2097 7
56282 0
16560 0
36156 1
30448 0
22493 3
13230 1
16561 0
6723 6
7619 4
17127 4
9900 2
44322 5
16562 0
3239 4
34542 1
6570 3
3126 5
9901 2
3806 8
9078 6
16563 0
3240 4
11229 5
16738 0
27572 3
4247 10
7388 3
6571 3
14552 6
3994 4
9902 2
19371 0
3241 4
6572 3
8257 4
4407 9
18956 0
9903 2
56404 0
17062 1
21774 2
18356 1
16565 0
3242 4
22125 2
6573 3
9904 2
7197 3
13235 1
4183 7
3243 4
14558 3
16011 1
17271 5
4855 4
9905 2
16916 0
16567 0
3244 4
14248 7
6791 3
9906 2
13237 1
17693 0
16568 0
13135 4
5990 4
10486 7
9907 2
13238 1
3246 4
6577 3
20118 0
18458 0
13239 1
16570 0
6578 3
9909 2
13067 5
10198 2
13240 1
6193 4
3248 4
18037 0
6579 3
25651 9
27863 2
23730 4
9910 2
45582 5
13241 1
20284 0
16572 0
3249 4
38885 0
6580 3
9911 2
33034 1
2157 5
565 10
17264 4
16573 0
3250 4
36934 0
1494 7
13569 1
6420 8
13243 1
16574 0
14750 3
14578 4
16408 2
13244 1
2882 11
9392 3
16575 0
3252 4
25813 5
34250 1
45014 1
9914 2
13245 1
16694 1
10484 2
17880 5
16576 0
3253 4
26200 4
16599 1
6584 3
9915 2
10116 4
12407 2
3254 4
3659 4
4006 4
6585 3
1336 9
83426 0
9916 2
12116 4
19798 0
59285 2
16578 0
3255 4
43807 0
53037 3
10347 2
4317 4
9917 2
13248 1
2354 9
39055 0
3256 4
14554 2
538 7
6803 3
9918 2
13249 1
1255 7
19888 5
16580 0
4343 8
6588 3
9919 2
7897 8
13250 1
37399 4
16581 0
3258 4
9920 2
38537 0
13251 1
3259 4
19312 3
25807 12
4604 4
4676 8
9921 2
959 11
13252 1
16583 0
3260 4
7375 4
6591 3
9563 9
9922 2
13253 1
16584 0
3261 4
34989 1
6592 3
12294 2
13254 1
27805 2
27161 1
33642 1
12035 5
17927 3
75649 2
7029 5
13255 1
13234 2
13840 5
16586 0
6594 3
80456 1
2845 5
9925 2
10960 8
13474 1
13256 1
5157 7
16587 0
3264 4
519 9
43754 9
9926 2
8016 7
17644 1
16588 0
6596 3
28747 2
23091 2
38413 3
43026 5
16589 0
6597 3
30923 2
9928 2
9255 3
13259 1
16590 0
3267 4
8686 7
3671 4
20961 5
13260 1
3268 4
22184 2
9930 2
23852 3
16244 7
16592 0
6600 3
37772 0
9931 2
6444 7
11356 6
13262 1
34568 0
39562 0
3270 4
6601 3
19282 1
14330 1
3271 4
6602 3
9933 2
13264 1
23449 14
16595 0
3272 4
35369 1
22135 1
13265 1
30300 2
26373 7
6604 3
21276 2
9935 2
17216 2
38346 0
12204 7
6446 5
3677 4
16867 13
13266 1
22576 3
16597 0
6605 3
17379 0
1167 6
6806 6
36769 2
10913 2
9936 2
24585 3
14696 5
71788 5
22473 1
13267 1
16598 0
14062 5
789 7
6606 3
449 6
9937 2
1028 7
24598 0
3276 4
17035 0
36993 0
14021 1
16774 0
6607 3
17895 0
13206 4
10783 4
9938 2
12709 9
13269 1
10645 2
13029 6
22925 5
9939 2
12485 4
20777 1
13270 1
11842 5
6609 3
9167 6
13271 1
16602 0
3279 4
1217 5
14602 6
6610 3
18036 4
13272 1
16603 0
3280 4
6611 3
2497 7
10274 3
9942 2
4885 4
7233 3
13273 1
31527 2
17213 0
6827 3
3281 4
28034 14
6612 3
9943 2
24139 8
13274 1
18725 5
4272 7
16605 0
3282 4
8362 8
7615 3
4369 6
16606 0
3283 4
34643 1
7672 9
6614 3
4596 5
13488 3
9945 2
4619 9
13276 1
16607 0
85019 0
6615 3
6288 10
24625 1
21376 3
3285 4
77290 1
9947 2
46191 5
33117 1
7434 4
3286 4
69561 2
17347 4
23874 2
9948 2
1577 7
13279 1
31666 1
48138 5
6833 3
16610 0
17673 6
17372 5
61832 3
8152 3
10553 6
9949 2
16468 4
18309 1
54103 4
6619 3
9571 3
9950 2
16999 10
16612 0
3289 4
27685 3
46374 5
6620 3
5205 5
42316 6
11295 4
13282 1
24716 2
7710 5
3290 4
19383 3
38645 6
51861 0
4520 9
1765 6
11955 2
1223 5
101 9
21861 0
6622 3
30916 7
13284 1
5142 4
41869 2
16964 0
18527 3
3292 4
10593 7
10383 2
25009 6
14247 1
7806 3
23187 8
9954 2
12969 8
16616 0
38986 0
6624 3
15458 9
9955 2
7100 5
13286 1
22243 2
3294 4
36287 1
6625 3
7729 10
31886 12
13287 1
28056 1
37675 0
6626 3
9957 2
13288 1
78076 1
16619 0
3296 4
31290 1
18927 0
6627 3
7327 4
87954 0
3688 5
1762 5
11051 4
16620 0
3297 4
21715 4
6527 8
6628 3
38626 0
9959 2
23843 4
3298 4
27888 2
4353 4
12118 5
13291 1
678 10
5823 4
16622 0
6630 3
9961 2
7251 3
5608 4
3701 4
31396 0
3300 4
6631 3
6617 4
8854 5
9330 4
37843 0
21307 4
13293 1
33731 1
16624 0
3301 4
4444 8
6632 3
7263 5
19650 6
9963 2
13294 1
7054 3
16625 0
3302 4
10532 2
37052 0
37985 6
6633 3
2461 9
9964 2
1229 5
39162 0
4384 10
13295 1
14868 3
16626 0
3303 4
44461 0
15079 1
9965 2
15850 2
13296 1
40826 11
16627 0
25560 2
14392 3
28836 2
6635 3
9966 2
44654 2
13297 1
46898 7
3305 4
57873 2
6636 3
11324 7
9967 2
13298 1
25212 1
26492 1
16629 0
3306 4
17065 0
6637 3
14385 7
13299 1
16630 0
3307 4
26058 3
9193 4
6638 3
13277 4
35096 1
13300 1
16631 0
3437 5
23147 0
72546 3
9970 2
40501 2
3013 11
13301 1
45326 8
16632 0
4054 4
13302 1
1341 10
9845 6
38429 0
26331 4
16633 0
3310 4
22659 3
6641 3
10401 2
2536 6
9972 2
6889 6
20587 3
16634 0
3311 4
8787 7
17733 2
6642 3
9142 3
6857 3
9973 2
18607 0
13304 1
13522 1
7266 7
7493 4
3312 4
6643 3
9974 2
64842 4
57459 3
31030 2
16636 0
3313 4
16860 2
39324 0
6644 3
19111 0
9975 2
37627 3
53631 3
1910 8
3314 4
14151 5
7066 3
16159 6
9976 2
3315 4
12223 2
9977 2
16639 0
3316 4
48043 0
6647 3
25063 4
9978 2
13309 1
16640 0
30401 2
14659 18
9694 9
6648 3
9256 6
6863 3
13310 1
4652 4
4915 4
16641 0
3318 4
26964 3
6649 3
18873 2
21074 1
33012 2
7269 3
9980 2
13311 1
30967 7
16642 0
3319 4
5026 5
6650 3
3719 4
1774 5
13312 1
22302 2
6651 3
17166 0
9982 2
4361 7
13313 1
16644 0
3321 4
13130 6
6652 3
35482 1
1912 7
3322 4
33200 1
1096 11
28012 2
17430 4
9984 2
21335 1
12317 7
1660 7
13641 1
16646 0
22898 4
17771 0
25878 0
6869 3
86984 0
3324 4
838 6
6655 3
9986 2
13317 1
3325 4
6656 3
24415 0
16375 7
8472 4
16649 0
3326 4
11097 8
15890 3
40683 4
7078 3
1379 8
18029 5
16650 0
34744 1
20688 0
13320 1
8595 6
37111 0
16651 0
3328 4
19869 3
18832 5
9990 2
12949 2
14927 3
16652 0
5902 6
6660 3
9991 2
13322 1
31640 2
16653 0
3330 4
21098 5
6661 3
13185 3
9992 2
13323 1
16654 0
3331 4
8475 8
6662 3
8361 3
8046 8
7842 3
9993 2
14390 1
7005 4
13324 1
1 5
5258 6
3222 8
16917 0
16655 0
3332 4
6663 3
48498 5
17894 1
13325 1
2 5
29719 7
6664 3
14766 6
9995 2
9899 3
13326 1
3 5
16657 0
23056 5
6665 3
27971 2
9996 2
17611 0
17057 1
12201 5
13327 1
4 5
5411 4
18511 13
6259 4
16658 0
3335 4
202 9
25631 2
17300 4
9997 2
7184 4
13328 1
5 5
15709 1
3336 4
38715 0
8032 5
3979 8
9998 2
4078 4
6 5
4411 5
29736 1
39087 0
16660 0
5178 4
4208 6
13330 1
7 5
70347 0
4728 7
22703 0
7552 4
16661 0
3338 4
6669 3
27798 3
14202 3
10000 2
2564 5
10705 2
10700 7
13348 4
13331 1
8 5
14604 1
3339 4
6670 3
4633 9
33820 1
24196 0
9 5
17012 0
16663 0
50298 5
13333 1
10 5
31411 5
16664 0
21816 4
41623 2
6672 3
4190 5
6419 10
10003 2
68089 3
20131 0
11 5
15280 4
8604 5
6673 3
7484 3
48703 0
10004 2
13335 1
12 5
20232 1
28925 2
3343 4
10005 2
13 5
6634 8
29299 4
3344 4
15268 2
15816 1
13337 1
14 5
10294 2
17878 0
16668 0
3345 4
44923 0
4545 8
6676 3
10007 2
1503 9
7809 9
13338 1
15 5
22361 2
16669 0
38512 0
24030 3
6677 3
5592 6
13988 3
10008 2
23956 4
13339 1
16 5
6972 6
14509 1
6678 3
10009 2
13340 1
17 5
53714 1
16117 7
791 10
16671 0
3348 4
76111 2
13558 1
40406 4
16846 0
6679 3
18001 1
10010 2
13341 1
18 5
2568 9
31808 1
8077 6
39269 0
19230 0
19135 4
17810 6
19 5
13100 8
16673 0
3350 4
13246 5
10012 2
4843 8
13343 1
20 5
16674 0
3351 4
26159 3
36418 1
10013 2
13344 1
21 5
16675 0
6683 3
11950 4
19525 3
10014 2
3223 6
26522 11
13345 1
22 5
14240 5
14751 6
13885 1
16676 0
27811 3
13346 1
23 5
44833 1
37170 0
16677 0
3354 4
6899 3
35203 1
10016 2
13347 1
24 5
14986 3
66670 2
3355 4
8888 7
6686 3
10017 2
8183 7
25 5
30388 7
7242 5
21965 2
9345 6
10060 3
26 5
10306 2
16680 0
3357 4
47428 4
6688 3
4768 9
37812 0
27 5
16681 0
3358 4
9301 12
19781 6
7542 4
27334 1
17513 4
13351 1
28 5
16682 0
1743 7
6690 3
31137 2
4450 7
28141 7
13352 1
29 5
13998 1
14013 5
3360 4
11426 5
16858 0
67024 1
6691 3
1259 5
10022 2
11523 6
30 5
18234 0
692 9
16684 0
3361 4
30502 2
15179 2
10997 2
34189 5
13354 1
31 5
3362 4
6693 3
39437 0
15296 3
13355 1
32 5
54035 6
9488 3
16686 0
14436 2
16272 6
13356 1
33 5
7611 4
7114 3
17036 0
16687 0
3364 4
15611 3
6695 3
27071 3
10866 2
13357 1
34 5
3761 4
3365 4
4521 10
6696 3
24883 12
10027 2
3144 11
15078 2
13358 1
35 5
16689 0
3366 4
6697 3
25702 2
28718 8
10028 2
6911 3
13359 1
36 5
281 7
16690 0
3367 4
11652 2
10029 2
17277 1
37 5
7508 3
12751 3
16953 0
16691 0
3368 4
6699 3
23270 2
38 5
3369 4
5877 4
14522 7
6700 3
18072 2
16327 1
23005 4
39 5
13419 4
31439 1
16693 0
3370 4
28650 0
10032 2
28054 2
35595 1
18203 4
40 5
13796 1
12284 5
34845 1
14775 4
6702 3
11281 3
3767 4
10033 2
41 5
22420 2
12430 7
16695 0
65238 4
13582 1
6623 7
6703 3
23604 0
6917 3
13365 1
42 5
18642 2
3373 4
8057 3
15943 16
23836 6
26255 5
10035 2
13366 1
43 5
27674 14
3374 4
9825 9
4035 6
18501 0
10036 2
21456 4
13367 1
44 5
16698 0
3375 4
17574 5
38804 0
7323 3
33143 2
19295 2
8043 4
10037 2
10894 3
45 5
21543 3
16042 1
16699 0
3376 4
12521 2
49053 3
46 5
3377 4
34524 1
34621 3
6708 3
10039 2
47 5
5348 7
36935 6
9307 5
6709 3
33909 1
48 5
3379 4
11473 7
303 9
6710 3
31742 3
13372 1
49 5
37229 0
8570 3
16703 0
3380 4
14873 6
8588 8
25418 7
50 5
15045 3
39188 0
16704 0
3381 4
10632 3
51 5
29014 2
25630 0
19291 11
461 6
18124 3
38595 0
10044 2
16506 7
11539 2
50511 8
52 5
22825 3
2588 5
3736 5
16706 0
3383 4
4769 6
24047 2
7055 6
6714 3
21988 1
15056 1
10045 2
19596 3
10473 2
1490 10
39824 0
30031 2
13376 1
53 5
16707 0
3384 4
6715 3
10726 6
3779 4
10046 2
1233 11
14854 1
13377 1
54 5
16708 0
2229 5
21917 4
24119 3
6716 3
15460 1
55 5
28223 1
45652 8
16971 0
16709 0
3386 4
6717 3
10048 2
13379 1
56 5
3387 4
7313 5
19924 1
27911 3
13380 1
57 5
3388 4
19224 4
10050 2
11234 8
4746 9
13381 1
58 5
29854 1
16712 0
4646 8
6720 3
10051 2
13382 1
7670 4
16713 0
6721 3
6741 8
16647 4
60 5
31563 0
3391 4
30523 9
6722 3
4126 4
20713 1
10053 2
14329 5
61 5
35611 5
47318 0
10775 3
16715 0
3392 4
12033 5
2330 7
10054 2
21235 5
13385 1
62 5
14246 2
16716 0
3393 4
6724 3
8248 3
10342 2
21473 2
10055 2
25334 0
13386 1
63 5
38056 0
16717 0
7341 3
1277 5
33366 1
58557 7
64 5
3987 5
9434 6
16718 0
3395 4
17596 4
26260 3
12176 2
1826 7
2675 9
39376 0
65 5
3396 4
28161 2
54365 6
16894 0
13919 2
14034 1
13606 1
6727 3
21886 0
31236 2
3653 6
66 5
1795 6
15371 1
8675 4
16720 0
3397 4
6874 4
904 10
6728 3
25773 2
13390 1
67 5
46636 8
38359 2
22479 2
16721 0
3398 4
2799 6
6550 10
4539 7
68 5
3399 4
6730 3
7627 5
61239 5
29868 3
10061 2
56161 4
13392 1
69 5
16723 0
3400 4
10765 2
10628 2
6731 3
17621 2
10062 2
40002 5
18178 5
70 5
17677 0
45484 8
35310 1
13490 4
41654 1
6732 3
17849 0
52805 2
13394 1
16725 0
3402 4
6733 3
10064 2
13395 1
72 5
6947 3
6734 3
10065 2
73 5
3797 4
3404 4
84102 1
1207 6
4443 4
24822 1
42421 0
13397 1
74 5
4138 4
4724 4
16728 0
30603 2
8195 8
6736 3
10067 2
1283 5
13398 1
75 5
37288 0
16729 0
31244 2
18718 3
9673 3
13399 1
76 5
15104 3
17339 0
6738 3
51146 2
9226 3
10069 2
11623 7
20760 3
13400 1
77 5
8916 3
36549 1
16731 0
48578 3
7946 9
10070 2
13401 1
78 5
7439 7
73158 3
3409 4
13332 6
6740 3
9962 4
22791 8
10071 2
7914 3
79 5
4668 5
1822 5
19705 0
12349 4
16733 0
3410 4
17772 0
17598 1
19124 0
3803 4
16173 1
80 5
3411 4
27178 3
31950 1
39550 0
13404 1
81 5
39889 3
3412 4
17084 0
38383 5
14676 1
6743 3
55533 4
10024 6
10074 2
16385 6
82 5
43228 8
16736 0
10207 8
20120 0
18079 12
10075 2
13945 1
7162 3
48364 8
13406 1
38893 0
10076 2
19667 3
13407 1
84 5
29913 1
19912 6
6746 3
6959 3
28171 0
85 5
3416 4
27948 3
23112 4
13409 1
86 5
1289 5
16740 0
3417 4
12914 2
34009 2
6748 3
10079 2
34866 0
87 5
16741 0
7384 5
6749 3
10080 2
13411 1
88 5
7556 3
22908 3
17675 5
8767 3
10760 4
6750 3
13844 1
7138 6
35894 16
35708 1
16743 0
3420 4
37949 0
43492 8
25403 1
6751 3
13830 2
29103 2
46369 0
90 5
16744 0
12543 7
19337 1
45457 2
6752 3
10083 2
91 5
17007 0
6753 3
3275 11
10084 2
13415 1
92 5
16746 0
3423 4
404 9
6754 3
10085 2
26593 4
13416 1
93 5
24208 3
16747 0
22700 1
6755 3
12680 3
10086 2
10652 2
13417 1
94 5
16748 0
4461 4
13418 1
95 5
79929 1
16749 0
3426 4
7025 5
10088 2
14980 6
2612 5
96 5
14900 6
12712 4
16750 0
19313 4
6758 3
20950 0
4658 10
6971 3
13420 1
97 5
22368 1
6023 5
16672 1
2101 8
31866 2
6759 3
10090 2
25844 2
2935 5
17274 0
13421 1
98 5
16752 0
3429 4
22018 4
17962 0
6760 3
8701 8
10091 2
2724 7
99 5
3821 4
1506 7
10378 2
3430 4
24721 3
15603 1
10092 2
14418 5
20048 3
13423 1
100 5
33449 1
9956 9
16754 0
3431 4
6762 3
4917 9
39794 6
10093 2
13749 1
1909 7
10914 7
37347 0
7377 3
16755 0
3432 4
33274 2
4162 4
6763 3
10094 2
102 5
3433 4
4747 8
4152 8
10095 2
48772 8
6977 3
103 5
4748 4
467 6
6765 3
10096 2
3401 8
13427 1
104 5
11331 2
16758 0
3435 4
1203 6
6766 3
16172 2
1278 6
10097 2
24660 4
13428 1
105 5
16759 0
3436 4
11843 2
10098 2
1670 9
28024 3
17541 0
15481 19
13429 1
106 5
6848 8
4628 7
6768 3
10099 2
13430 1
4859 9
16761 0
6769 3
7186 3
13431 1
108 5
5931 4
10938 2
16762 0
3439 4
26361 3
1301 5
16637 7
10101 2
34661 1
19569 0
13432 1
109 5
6983 3
16763 0
3440 4
35209 6
6771 3
21448 0
39955 0
110 5
29972 1
16764 0
3441 4
6772 3
10103 2
5010 8
13434 1
111 5
7788 4
26967 9
2782 9
8786 6
39483 0
32021 1
10104 2
3833 4
112 5
3443 4
9090 7
28220 2
21079 11
6774 3
11847 3
11724 2
13868 1
12450 5
10105 2
30962 15
31588 1
7765 3
16767 0
3444 4
32619 10
6775 3
13654 1
10106 2
114 5
42303 2
3445 4
5295 5
6776 3
10057 13
10107 2
115 5
19454 11
4174 4
19738 3
16769 0
3446 4
14189 1
13334 8
1017 10
10108 2
26563 7
8350 7
23572 6
116 5
4479 4
1576 8
16770 0
1370 11
807 7
8630 3
50018 1
35417 1
10109 2
49265 3
13440 1
117 5
16771 0
14296 1
21605 4
10110 2
11081 2
9794 6
13441 1
30072 0
24849 0
30704 2
7455 5
10111 2
13442 1
119 5
2082 6
3450 4
1307 5
6781 3
18673 6
10112 2
46443 11
120 5
3451 4
6782 3
8469 3
18738 1
11690 6
13444 1
121 5
16775 0
61588 2
6783 3
13425 5
13445 1
122 5
38982 0
11622 7
19706 7
13433 6
6784 3
20340 5
10115 2
20227 13
14510 1
123 5
9113 3
16777 0
3454 4
79386 2
1285 7
124 5
49183 0
16778 0
3455 4
21372 5
6681 10
6786 3
22991 3
10117 2
27507 1
7221 6
13448 1
125 5
9087 5
16779 0
3456 4
47066 3
10397 4
15471 4
29999 3
13666 1
862 6
10118 2
14186 5
20654 0
15030 5
13449 1
126 5
14409 1
3457 4
88818 0
1639 10
10119 2
61924 7
27285 3
865 9
127 5
4925 7
3458 4
53607 5
7001 3
6789 3
10120 2
24386 13
24289 9
16797 1
13451 1
128 5
15222 3
16782 0
3459 4
31373 2
3521 5
16025 1
6790 3
44409 11
29192 2
10121 2
25915 2
35571 6
129 5
16783 0
1052 7
17132 0
10122 2
39663 0
130 5
6792 3
11046 4
11228 3
4626 6
13454 1
18370 4
16498 6
16785 0
3462 4
40741 4
3851 4
6793 3
41583 6
21040 1
11546 4
13455 1
132 5
24297 3
4772 4
34279 4
23219 4
16786 0
3463 4
17776 5
15194 9
32421 10
13632 4
6794 3
10125 2
33823 6
13362 8
13456 1
133 5
16787 0
3464 4
6795 3
17485 2
77405 3
52658 2
13457 1
134 5
36680 1
16788 0
3465 4
8141 3
6796 3
6220 5
10127 2
22663 15
135 5
16701 2
16789 0
19402 4
10128 2
12367 13
1349 6
13459 1
136 5
21710 3
17743 0
16790 0
505 9
6798 3
10129 2
11490 3
13460 1
7847 4
4497 4
1992 7
16791 0
3468 4
11998 2
21395 0
56581 4
6799 3
21746 12
43977 11
7967 5
138 5
39390 0
14106 1
3469 4
8274 6
6800 3
18342 0
14507 5
10131 2
13462 1
139 5
28310 2
7604 3
12656 7
2636 5
22156 2
7013 3
48638 1
13463 1
140 5
10133 2
13464 1
141 5
25050 2
3472 4
20043 6
1319 5
5286 4
66305 3
9612 6
16796 0
3473 4
4198 4
26105 0
22119 4
15087 6
6804 3
9584 3
19106 2
13466 1
143 5
3474 4
14005 1
18327 5
10136 2
18084 6
13467 1
144 5
6802 7
3475 4
3863 4
10137 2
13468 1
145 5
22656 2
11308 4
4717 7
3476 4
1858 5
7795 3
6807 3
7019 3
13469 1
146 5
28390 1
19809 3
16800 0
3477 4
58764 2
4848 8
6808 3
31979 2
10139 2
147 5
13087 2
3478 4
6809 3
11021 7
10140 2
28085 3
8814 8
6129 6
13471 1
148 5
16802 0
8344 8
50126 0
3406 11
28303 2
10141 2
12533 5
13472 1
24220 2
16803 0
3480 4
6811 3
7526 5
6170 4
26724 4
12002 3
13473 1
150 5
16804 0
53286 5
10899 6
10143 2
15152 1
151 5
31730 0
16805 0
3482 4
40309 2
12135 2
6813 3
17844 0
38086 0
2965 5
2151 7
13475 1
152 5
14649 3
3483 4
6955 8
10145 2
79119 0
13476 1
153 5
37465 0
2283 5
16807 0
3484 4
17156 0
6815 3
38127 5
28841 0
5752 4
15281 3
13477 1
154 5
3485 4
10147 2
14748 1
155 5
13769 3
10311 3
17245 0
11510 2
156 5
16810 0
4972 9
9191 7
28213 5
6818 3
38269 0
14223 2
10149 2
21253 0
13480 1
157 5
10087 9
16811 0
3488 4
41666 3
6739 5
7234 3
10150 2
7431 3
2889 9
13481 1
158 5
39590 0
33405 2
6820 3
10151 2
32899 6
159 5
21899 0
16813 0
3490 4
4795 10
17990 2
4041 5
10152 2
25986 2
13483 1
160 5
16814 0
38844 0
83249 0
6822 3
14972 4
35015 0
23074 3
39071 0
18449 0
161 5
7304 6
3492 4
7532 5
6823 3
5539 7
10873 14
10154 2
13485 1
162 5
30090 1
30805 2
16816 0
3493 4
16826 4
5497 6
6824 3
39038 13
10581 2
7906 4
13486 1
163 5
3494 4
14796 7
17079 0
24295 4
13703 4
6825 3
10156 2
3881 4
13487 1
164 5
1532 6
34176 1
16818 0
1130 10
7628 3
21586 1
165 5
16819 0
3496 4
25032 3
35855 6
10180 3
16768 7
10158 2
13489 1
179 9
16820 0
13534 6
33283 3
40086 0
10159 2
1420 6
3498 4
24797 4
6829 3
29281 2
10160 2
168 5
33277 5
3499 4
31458 2
31417 4
10161 2
13492 1
169 5
16823 0
3500 4
4222 4
6831 3
7246 3
170 5
18627 0
7043 3
6832 3
10163 2
5825 6
22715 2
171 5
16825 0
34798 1
3502 4
18321 3
10164 2
20453 5
5065 4
19593 1
172 5
35148 1
6834 3
8843 5
37267 2
33615 1
131 12
13496 1
17845 4
3504 4
2075 7
17002 0
27392 3
24672 0
20933 3
10166 2
12145 3
32163 1
13714 1
18957 7
13497 1
174 5
19491 4
15931 11
16828 0
5066 9
14142 1
7612 7
13498 1
175 5
74053 1
16829 0
3506 4
10603 3
6837 3
12224 5
23323 6
10168 2
13499 1
176 5
14782 2
6773 4
16830 0
10169 2
13500 1
16831 0
3508 4
19880 3
14596 5
3509 4
6840 3
24210 0
8283 5
23326 4
10171 2
1507 11
11272 2
39776 0
37524 0
13502 1
16833 0
3510 4
4533 4
6841 3
15340 3
13503 1
180 5
16611 6
3511 4
606 9
26850 1
8383 11
8523 3
9701 6
10173 2
14463 1
13504 1
181 5
10599 2
6812 10
16835 0
3512 4
37914 5
6843 3
64184 3
13505 1
182 5
39491 0
16836 0
3513 4
30130 3
21614 12
10175 2
11508 8
18046 0
21670 2
12189 4
13506 1
183 5
57782 0
46814 2
20548 0
53934 5
6845 3
10176 2
19260 5
13507 1
184 5
4806 7
10462 2
16838 0
3515 4
10203 6
6846 3
10177 2
28386 2
17141 2
13508 1
185 5
18709 1
12616 5
13581 2
10178 2
7597 10
13726 1
13509 1
186 5
60609 0
16840 0
3517 4
22220 4
5322 4
66155 5
29548 7
10179 2
21509 5
13510 1
187 5
16841 0
3518 4
22873 7
35934 1
38340 0
30149 1
188 5
3519 4
24182 13
11796 2
12769 7
15844 3
56871 3
10181 2
1882 5
7965 4
189 5
16843 0
3520 4
6851 3
42051 11
18909 3
13493 8
13513 1
190 5
7652 3
4949 8
8616 4
11671 2
6852 3
31510 2
26057 2
16845 0
4471 6
21754 4
10184 2
42919 1
23440 0
13515 1
192 5
10748 2
37346 3
3523 4
74408 2
14465 3
10185 2
13516 1
193 5
26311 5
15535 3
16847 0
6855 3
10186 2
24459 0
19522 2
25019 1
194 5
11128 7
16848 0
3525 4
13774 4
13518 1
195 5
3526 4
10188 2
11771 7
196 5
89735 0
75828 1
3911 4
10474 2
16850 0
6858 3
38927 0
9534 5
1837 9
22774 2
8927 8
13520 1
23157 3
3528 4
17026 0
6859 3
13738 1
13521 1
198 5
1491 6
20174 6
17646 4
3529 4
65404 0
6860 3
10191 2
36698 2
199 5
7062 8
4325 8
34453 7
10617 2
19410 0
6861 3
10192 2
39160 0
13523 1
200 5
16854 0
9292 7
49468 6
14273 1
6862 3
1788 10
10193 2
13524 1
201 5
86052 0
3532 4
52622 0
10194 2
5177 8
13525 1
9641 4
16856 0
8220 9
17809 0
14863 12
6864 3
3917 4
3563 5
13526 1
203 5
13747 6
34265 1
16857 0
3534 4
18881 2
40228 8
479 6
25594 1
204 5
28250 3
2996 9
6866 3
39697 0
10197 2
37583 0
205 5
28368 0
16859 0
3536 4
5085 9
3537 11
2995 5
26643 9
6867 3
15399 3
206 5
17382 0
30906 2
18221 6
14257 3
29370 2
3580 8
25863 0
26855 4
10199 2
7079 3
8517 7
13530 1
207 5
16861 0
3538 4
18580 0
22824 0
10200 2
13531 1
208 5
16862 0
40081 3
6870 3
5095 4
33698 1
13532 1
209 5
3923 4
16863 0
17928 4
13964 1
6871 3
18939 7
24475 3
2158 7
10202 2
35631 1
7855 3
37878 5
84016 0
210 5
4258 4
56817 3
28222 3
16864 0
3541 4
13635 6
75756 1
1894 5
6872 3
211 5
16167 2
87543 0
16865 0
3542 4
6873 3
18323 2
2292 8
10204 2
20821 0
7668 5
60196 5
13535 1
212 5
16866 0
24408 4
10205 2
19580 4
13536 1
25134 4
25489 4
6875 3
22227 1
10206 2
1243 10
10218 9
30208 1
13537 1
13478 3
38223 0
3545 4
9510 4
41511 11
8169 4
20513 1
8024 4
13538 1
215 5
33536 2
16869 0
6877 3
3929 4
20833 7
17305 0
10208 2
13539 1
216 5
35249 1
16870 0
3547 4
14685 5
6878 3
10772 2
2563 7
5579 4
1361 5
15197 5
217 5
61046 0
16871 0
17133 0
6879 3
18476 5
10210 2
2853 6
2319 5
13541 1
218 5
15753 6
16872 0
3549 4
6880 3
38411 0
10211 2
16501 1
13542 1
219 5
15818 1
9790 6
10212 2
10776 3
220 5
3551 4
6882 3
30251 0
10213 2
20566 5
13544 1
221 5
28469 2
16875 0
3552 4
4310 5
8392 3
4569 4
6883 3
12699 5
27680 1
10214 2
4932 10
26989 11
27974 6
13545 1
222 5
18537 4
3832 5
8493 8
26128 2
16876 0
3553 4
16899 7
4895 7
22833 2
223 5
3554 4
6885 3
40217 0
1038 9
17916 0
13547 1
224 5
38678 4
16878 0
3555 4
707 9
20737 8
6886 3
13604 5
10217 2
13548 1
225 5
23433 4
16879 0
3556 4
5020 6
15426 1
14176 2
13845 4
8977 6
14933 7
39592 0
12082 2
16880 0
6888 3
5552 5
13550 1
16881 0
1367 5
10220 2
228 5
16882 0
3559 4
22208 0
6890 3
13046 2
13552 1
229 5
14937 2
47233 0
8020 4
1562 6
16579 5
16883 0
16724 6
262 12
24934 4
13553 1
230 5
22321 4
16884 0
19367 5
6892 3
10223 2
23580 5
37642 0
231 5
16885 0
7103 3
23714 8
29893 8
1906 5
232 5
19025 0
25217 2
16886 0
10807 14
10225 2
39010 0
16887 0
3564 4
23240 3
34935 1
7470 6
10226 2
2118 6
13557 1
234 5
36403 1
14095 1
4304 6
3565 4
42631 1
5050 8
12582 4
17279 1
10227 2
3947 4
235 5
16889 0
3566 4
17151 0
6897 3
15301 6
14517 1
10228 2
32305 1
1773 8
3516 6
3567 4
58082 0
36047 1
8899 3
10229 2
18668 1
237 5
28557 1
4282 4
16891 0
3568 4
7109 3
12882 7
10230 2
238 5
1373 5
6943 10
56855 6
16892 0
12820 2
6900 3
39249 0
10231 2
562 7
29726 9
7531 4
57065 6
13562 1
25181 3
3570 4
30261 3
23014 0
6901 3
20022 3
10232 2
15662 4
30267 1
240 5
26664 3
3571 4
6902 3
8577 3
7185 4
11235 7
10233 2
13564 1
241 5
10796 2
16895 0
1644 11
3572 4
10234 2
34354 1
13565 1
242 5
17418 0
16896 0
3573 4
30098 12
35164 6
23628 2
7739 5
13566 1
243 5
24523 13
16897 0
6905 3
15198 6
50959 0
10236 2
13567 1
244 5
13748 2
3575 4
9393 7
7318 3
23885 0
10522 2
32205 2
13568 1
245 5
33781 1
29459 2
11645 8
6907 3
17074 0
18011 4
12939 4
17335 0
10238 2
7169 8
2241 7
11659 15
246 5
24393 2
9040 8
16900 0
3577 4
6908 3
13624 8
6981 7
247 5
11072 6
16901 0
3578 4
5122 7
4868 4
6909 3
36942 1
10240 2
13571 1
248 5
16902 0
5215 9
11207 2
2951 7
6910 3
24564 3
10241 2
22892 2
13572 1
21646 5
15248 1
16903 0
52924 8
7121 3
38482 0
64823 2
13573 1
250 5
21583 12
31007 2
16904 0
6912 3
10243 2
3103 9
39804 0
16905 0
3582 4
20982 1
16436 1
6913 3
19669 4
13575 1
252 5
3583 4
17671 1
22601 1
886 6
6914 3
253 5
31647 2
1556 6
16907 0
3584 4
7890 5
26199 2
25021 13
10246 2
22347 2
13577 1
254 5
13736 6
10671 2
6916 3
5198 9
17884 2
10247 2
13578 1
255 5
20305 6
16909 0
3586 4
18045 1
29749 3
80901 1
10248 2
7127 3
13579 1
256 5
58681 4
4979 5
3587 4
6918 3
11082 2
10249 2
13916 4
13580 1
16911 0
3588 4
28552 2
50836 3
6919 3
17086 0
10250 2
12782 5
258 5
18883 0
13798 1
16912 0
15060 3
3589 4
8471 6
9879 6
10251 2
12957 2
259 5
10538 3
6921 3
59428 2
13583 1
260 5
35350 1
3591 4
1633 6
10253 2
13584 1
261 5
7376 4
16915 0
19519 19
31672 2
6923 3
24521 4
4984 7
13585 1
3668 11
6924 3
1356 10
6457 4
13586 1
26986 4
6925 3
13911 1
264 5
16918 0
4306 4
56019 0
6926 3
8357 9
17005 4
13588 1
265 5
89 8
29797 4
21903 4
3596 4
10258 2
266 5
16920 0
3597 4
6928 3
7724 3
27606 3
10259 2
8142 4
13590 1
75032 2
32376 1
16921 0
6929 3
10260 2
29032 0
13591 1
268 5
5385 5
2708 5
16922 0
808 9
6930 3
3934 6
18358 6
358 9
10261 2
12368 2
13592 1
10546 2
8825 4
7342 3
39093 0
16923 0
3600 4
13062 3
11820 5
14963 1
21877 16
10262 2
11920 7
7553 6
270 5
20679 5
16924 0
3601 4
21106 3
13546 2
20093 3
10349 9
20217 1
271 5
3602 4
6933 3
7785 7
23540 4
8267 3
13595 1
272 5
1757 7
16926 0
3603 4
28359 3
10265 2
13596 1
273 5
11493 2
16927 0
3604 4
64664 3
6935 3
13597 1
7810 5
7915 3
33938 4
22422 4
16928 0
3605 4
1937 10
6936 3
10267 2
13598 1
275 5
16929 0
3606 4
44589 6
18563 0
6937 3
10268 2
5730 7
4892 4
276 5
16930 0
3607 4
6938 3
38360 0
10269 2
19474 5
13600 1
277 5
16931 0
3608 4
39338 0
12618 2
13891 2
10270 2
13601 1
278 5
17454 0
5151 8
10271 2
279 5
17030 7
11029 4
3610 4
6941 3
36158 8
13603 1
280 5
3989 4
7151 3
16934 0
3611 4
9320 5
17511 1
40348 0
15169 4
34443 1
10273 2
16837 17
38553 0
10558 2
16935 0
3612 4
15615 2
33864 1
11630 2
7354 3
5155 4
18094 4
13929 1
13605 1
282 5
15408 6
2324 7
16936 0
3613 4
13822 1
6944 3
71795 0
37760 0
283 5
27029 1
16937 0
3614 4
16175 1
6945 3
10276 2
15576 3
13607 1
26765 3
5069 10
3615 4
26270 2
6946 3
58706 0
13608 1
285 5
16939 0
36160 1
10278 2
14010 2
13609 1
286 5
16940 0
393 12
6948 3
10279 2
28608 2
12995 7
10382 6
38306 8
287 5
11342 7
16941 0
3618 4
24653 3
6949 3
23711 5
2004 9
13611 1
288 5
15070 7
3619 4
9494 7
7042 4
6950 3
73295 4
289 5
16943 0
3620 4
6951 3
10282 2
12415 5
13613 1
290 5
10844 2
19915 0
6952 3
14571 1
19758 4
13614 1
291 5
25100 0
18625 5
1704 6
6953 3
26332 0
11249 2
18518 3
30385 1
292 5
25071 4
70399 3
16946 0
7276 8
6954 3
10285 2
8201 4
5344 8
4001 4
10255 4
13616 1
3624 4
28635 2
42158 6
66783 0
10286 2
31140 0
32318 2
294 5
12865 5
31108 2
16948 0
3625 4
13834 1
16344 3
6956 3
10287 2
72207 2
7074 10
13618 1
17819 4
16949 0
3626 4
9153 8
1942 5
41749 1
10288 2
8642 8
13619 1
296 5
17988 0
30392 3
4498 8
35072 1
17244 1
3627 4
10289 2
3342 5
297 5
9968 6
16951 0
3628 4
6356 6
3210 9
39911 0
10290 2
8684 7
32447 1
16952 0
7306 5
6960 3
15195 1
13622 1
299 5
3630 4
20745 0
4007 4
491 6
6961 3
3110 6
13947 1
300 5
3631 4
15599 1
5073 7
1409 5
10293 2
23010 2
301 5
16955 0
6963 3
20164 3
13625 1
302 5
16956 0
28476 3
6964 3
1542 7
35845 1
21867 2
12024 6
13626 1
16957 0
3634 4
13755 8
6965 3
5311 9
1781 11
10296 2
178 8
19100 3
13627 1
304 5
35451 1
16958 0
3635 4
15532 2
6966 3
37073 1
4916 4
10297 2
11797 4
305 5
20406 3
7881 5
16959 0
6967 3
10298 2
4013 4
23406 3
306 5
7636 6
16960 0
3637 4
6684 4
6968 3
10299 2
13630 1
307 5
18255 0
1076 7
17223 0
17656 0
11782 8
10300 2
19767 0
308 5
15364 5
31779 2
18180 5
3639 4
35313 0
6970 3
10301 2
309 5
3759 8
16963 0
3640 4
4883 6
15635 3
13633 1
310 5
3641 4
2732 5
10303 2
24634 4
43279 2
53126 1
19046 11
16965 0
3642 4
6973 3
18283 1
21783 5
10304 2
20436 6
59452 3
312 5
1469 10
38624 0
14488 1
4019 4
16966 0
3643 4
909 9
10305 2
39693 11
25330 3
13636 1
313 5
18704 4
2390 7
27713 3
16967 0
18854 0
6975 3
898 6
314 5
25216 1
1315 7
3645 4
6976 3
15437 2
20597 0
10307 2
315 5
293 7
38908 8
11309 4
26341 2
31784 2
10308 2
6093 4
316 5
10026 3
53978 3
1954 5
21303 1
10309 2
7187 3
8224 5
32017 5
7758 4
13640 1
8810 3
28202 4
3648 4
15347 6
6979 3
17146 0
10594 2
33947 1
8309 3
30444 1
25785 1
318 5
18177 4
22044 3
22523 4
16972 0
23647 4
27853 1
2407 7
6980 3
8260 4
319 5
14058 4
3799 11
20792 5
16973 0
3650 4
14532 5
34532 1
320 5
14286 1
16974 0
27117 4
1211 9
10313 2
9132 3
13644 1
18384 1
16975 0
322 5
5663 4
5364 9
5252 8
1775 6
6984 3
17757 0
29637 2
7193 3
13646 1
323 5
25384 2
16977 0
3654 4
30430 0
5736 6
19581 5
6985 3
20360 0
11565 4
13647 1
324 5
20473 4
17754 2
3655 4
6986 3
10317 2
14185 1
13648 1
325 5
28565 0
16979 0
3656 4
54244 2
31737 8
22161 8
13368 2
10318 2
2483 8
55806 5
13649 1
326 5
6058 6
24742 3
4659 4
16980 0
3657 4
6988 3
23069 2
10319 2
8488 3
13650 1
327 5
13783 5
8494 9
16981 0
10743 2
6989 3
4812 5
16950 6
10480 9
7593 3
10320 2
10678 4
13651 1
328 5
26866 3
28724 1
16982 0
19654 1
11416 2
15515 6
10321 2
33798 2
329 5
16983 0
3660 4
32518 1
11547 2
19847 4
6991 3
10606 2
10322 2
13653 1
330 5
16984 0
3661 4
12948 5
13261 14
6992 3
10323 2
331 5
14906 3
7402 3
18495 6
16985 0
3662 4
46231 0
6993 3
1427 5
12997 3
13655 1
9595 7
3663 4
1257 6
14952 5
20235 3
333 5
17185 1
32064 0
16987 0
3664 4
6995 3
9082 5
11857 10
11449 7
13657 1
9022 4
3665 4
32035 1
6996 3
13658 1
335 5
11291 2
28496 3
26329 9
3666 4
41606 2
6340 5
40828 4
16710 1
6997 3
15694 3
10328 2
13108 7
13659 1
336 5
17161 7
15534 1
16990 0
3667 4
7952 5
31683 5
6998 3
10329 2
16483 2
10741 3
337 5
40479 0
33043 6
1966 5
10330 2
21837 1
338 5
31209 2
56274 5
7000 3
10331 2
7383 8
13662 1
22052 4
16993 0
3670 4
5162 7
22239 0
10332 2
9168 6
13663 1
340 5
18841 8
10333 2
13664 1
341 5
53841 11
7211 3
16995 0
3672 4
39259 0
10334 2
1433 5
10618 2
342 5
23489 3
13938 6
16996 0
3673 4
12315 2
58295 6
7719 6
7004 3
267 8
10335 2
7796 3
343 5
32431 2
38695 0
16997 0
524 12
19749 2
12069 7
30503 1
10336 2
16077 3
11245 6
344 5
12428 4
3317 9
16998 0
3675 4
40018 0
9266 8
4049 4
23842 5
8319 4
10337 2
20052 0
13668 1
345 5
2391 5
3676 4
21588 1
23807 2
17102 1
7007 3
17348 0
10338 2
2154 6
13669 1
9761 5
17000 0
7008 3
11035 2
26412 2
5206 10
10339 2
4149 5
4677 4
3678 4
67348 4
7009 3
10340 2
21119 0
13671 1
348 5
35552 1
2086 10
3679 4
8426 4
6523 4
74315 0
9615 3
349 5
3680 4
7160 7
35952 1
7011 3
3647 5
17870 0
16994 2
22081 5
40454 8
39547 1
4609 5
350 5
14129 4
11670 3
17004 0
3681 4
7012 3
15207 7
10343 2
13674 1
351 5
18214 0
28589 3
8534 5
7205 10
8166 3
1439 5
13675 1
352 5
7801 5
18281 5
3683 4
12077 2
24929 0
23128 2
5424 9
17869 14
3684 4
38092 8
7015 3
1846 6
10346 2
14837 2
34030 1
13677 1
17008 0
3685 4
15774 3
18260 4
14108 1
7016 3
13894 1
25208 4
2490 7
39516 0
44743 1
3686 4
14215 1
18558 0
17704 0
10348 2
13679 1
1970 8
17010 0
1010 9
7018 3
13680 1
357 5
17011 0
65549 2
14050 3
10350 2
13681 1
39895 0
3689 4
34869 4
7020 3
13682 1
3690 4
3378 5
7229 3
27820 3
24747 4
13683 1
360 5
13886 8
17014 0
3691 4
32589 1
7022 3
28757 2
37937 0
10353 2
361 5
13743 2
1582 10
63545 1
7023 3
36811 6
26096 0
13685 1
362 5
22624 4
17016 0
3693 4
7024 3
10355 2
13686 1
363 5
17017 0
8351 3
3085 5
10916 2
9478 3
20306 3
13687 1
364 5
10779 2
17018 0
3695 4
7026 3
16543 7
19120 2
5466 4
10357 2
23754 4
20319 0
24831 3
365 5
18774 5
17019 0
3696 4
7629 3
7027 3
17194 0
10358 2
17455 0
13689 1
366 5
1918 11
5353 8
17020 0
3697 4
13031 5
6531 5
13690 1
367 5
12940 2
7961 4
17021 0
3698 4
21279 3
5319 7
17184 4
10360 2
13691 1
368 5
19744 0
19936 4
20905 5
7438 3
7958 7
7030 3
20567 6
13692 1
369 5
24479 0
3700 4
31921 8
30397 7
54457 2
30562 1
10362 2
13693 1
370 5
19688 5
4073 4
11919 8
17024 0
8005 3
14441 1
13178 2
10363 2
371 5
537 9
7033 3
15041 5
7032 5
2796 7
372 5
1451 5
3703 4
14019 1
7034 3
10365 2
373 5
35143 5
17027 0
3704 4
7035 3
13697 1
374 5
21920 5
17028 0
3705 4
38766 0
7633 4
7036 3
22466 1
10146 6
375 5
15622 6
17029 0
3706 4
10368 2
65631 3
26462 14
3930 11
13699 1
376 5
4734 6
9696 7
3707 4
7038 3
4079 4
17811 0
17063 6
10369 2
14359 11
377 5
27248 4
32881 8
17031 0
3708 4
14728 3
11065 2
7039 3
26483 2
10370 2
7247 3
39342 0
13701 1
378 5
3709 4
11464 2
8668 6
7040 3
24722 0
11333 2
14132 1
13918 1
10371 2
7802 6
2171 9
13702 1
379 5
17033 0
3710 4
7041 3
10372 2
380 5
3711 4
19590 0
11556 7
59511 0
10373 2
13704 1
381 5
14200 4
3712 4
356 8
10374 2
29223 0
35462 0
31310 2
3713 4
17037 0
18416 0
3714 4
47613 1
10376 2
36386 1
5511 8
8870 3
7253 3
384 5
7647 3
11313 3
10611 9
7046 3
18574 2
9031 3
1917 6
6147 4
10377 2
35047 4
385 5
17518 1
13221 7
25812 0
17039 0
73514 1
28783 7
68637 1
7490 8
7047 3
4414 4
33929 2
27208 1
11601 2
55348 8
13709 1
386 5
14039 6
17562 0
37996 0
25479 3
13710 1
387 5
2429 6
17041 0
3718 4
17422 2
7049 3
15812 3
13711 1
388 5
7472 4
17042 0
9347 3
5648 5
3928 5
7050 3
5057 5
10381 2
38911 3
19085 1
4713 4
8851 7
17043 0
3720 4
4091 4
12017 5
17218 0
8631 9
12815 4
18677 0
390 5
5921 7
74015 4
17044 0
3721 4
10666 2
14037 1
7052 3
18343 4
15285 1
3424 9
8202 3
31313 0
30739 2
15487 1
40125 0
5245 4
2573 7
391 5
17045 0
3722 4
15496 6
503 6
32660 1
17992 4
13715 1
392 5
23154 1
29606 15
32544 2
3723 4
12206 3
10385 2
17292 7
4671 8
14358 1
13716 1
40567 3
17047 0
3724 4
5251 7
18632 6
17396 0
10386 2
39605 0
12191 6
13717 1
40610 0
17048 0
7056 3
10387 2
13166 4
13718 1
395 5
20377 3
17049 0
3726 4
42362 1
28684 7
7057 3
57138 5
10388 2
5513 9
36059 1
396 5
18382 5
17050 0
3727 4
7058 3
8437 4
19021 0
10389 2
5944 4
13720 1
397 5
14526 3
34710 1
18345 0
7059 3
28633 3
10390 2
3178 7
44503 0
13721 1
398 5
17052 0
5271 6
8094 5
7126 4
10391 2
13722 1
399 5
4426 4
15531 5
17053 0
3730 4
7061 3
48379 0
10392 2
6756 4
13723 1
400 5
655 12
1111 9
17054 0
3731 4
17720 1
29815 2
28702 3
15366 4
10393 2
13724 1
18007 0
31993 2
17055 0
23973 5
7063 3
14665 2
38634 0
10394 2
5537 9
13725 1
402 5
39996 0
17056 0
3733 4
28884 2
56918 1
7064 3
8035 3
10395 2
13942 1
13114 5
14156 1
403 5
3734 4
7065 3
24920 3
13727 1
12606 5
19904 1
13728 1
405 5
11226 2
17059 0
44929 0
38837 0
13729 1
406 5
22725 4
17060 0
27927 3
68226 4
23733 0
7068 3
10399 2
28363 8
407 5
20025 4
17061 0
2427 5
7069 3
22834 1
80230 1
20585 3
10400 2
13731 1
408 5
32184 1
3739 4
7336 10
26554 2
13732 1
409 5
24860 4
22211 3
84637 1
5343 10
72747 2
3740 4
22927 9
14584 1
37516 8
30654 3
410 5
5454 8
17064 0
3741 4
38293 4
1695 10
15130 5
7072 3
13734 1
23861 4
7073 3
12863 2
3938 8
10404 2
19099 6
18715 3
13735 1
412 5
17066 0
14271 4
11206 3
38055 0
10964 2
22201 4
14483 1
15344 7
17067 0
3744 4
21831 0
7075 3
10235 6
10406 2
11075 3
13737 1
414 5
25551 2
39425 0
7283 3
7076 3
23655 3
10407 2
13954 1
7885 6
28026 1
3746 4
7077 3
1988 6
13739 1
416 5
27068 3
3747 4
14705 5
19795 5
19958 0
35754 5
13740 1
417 5
5340 7
25345 4
20794 1
17071 0
3748 4
15713 1
1384 9
12218 7
21018 5
13741 1
418 5
17072 0
3749 4
37335 1
18017 1
13742 1
17073 0
3750 4
7081 3
12631 2
8739 3
19128 0
420 5
9797 7
3751 4
445 8
7082 3
13744 1
421 5
35346 1
3752 4
7083 3
3414 5
30680 1
15729 6
10414 2
2235 10
13745 1
422 5
20622 0
1481 5
17076 0
3753 4
7084 3
8496 4
68478 4
10415 2
22064 2
13746 1
423 5
17077 0
7085 3
12355 3
10416 2
424 5
32231 0
17078 0
3755 4
40341 0
4573 6
425 5
16604 1
3756 4
7087 3
20698 6
17254 0
10418 2
17176 6
30609 0
1604 6
20448 3
17080 0
3757 4
34196 1
14073 1
5747 4
10419 2
10702 2
18426 4
13966 1
11663 7
13750 1
427 5
16766 10
2656 7
17081 0
3758 4
4430 5
7089 3
14810 1
4127 4
13751 1
9979 3
64749 1
11512 2
17082 0
13771 3
7090 3
2055 11
56068 8
15119 1
10421 2
429 5
3760 4
14394 1
18547 0
8238 3
8165 5
10422 2
13962 5
430 5
14140 6
4749 4
23305 2
10423 2
13754 1
15311 3
78881 1
17085 0
3762 4
16123 1
10424 2
432 5
1487 5
25976 1
7094 3
12056 8
39694 0
10425 2
4061 11
922 6
31951 4
36499 1
13756 1
433 5
6589 4
7095 3
17349 0
13757 1
434 5
27379 4
86671 0
25413 1
9952 4
4133 4
28906 2
17533 10
8065 3
10427 2
14368 2
13758 1
435 5
2804 5
7097 3
52334 4
9553 5
18298 0
10428 2
13759 1
436 5
21369 0
34799 1
509 6
7098 3
22057 5
10429 2
13760 1
437 5
3531 9
10851 2
17091 0
3768 4
40232 0
75484 0
7099 3
76184 2
12405 2
16325 1
13761 1
438 5
8153 5
17092 0
3769 4
38114 0
28967 2
10431 2
7307 3
18923 5
439 5
22258 0
13197 5
13231 17
17093 0
3770 4
18147 2
29904 2
4203 5
15930 3
24739 2
10432 2
26625 2
13763 1
440 5
2674 8
18483 5
17094 0
2026 5
46243 2
18132 0
7102 3
10134 3
11873 3
32058 2
10433 2
4139 4
11418 6
13764 1
441 5
26559 0
3772 4
10742 9
843 7
32657 2
35358 5
12492 3
10434 2
442 5
1493 5
21251 1
11262 2
17096 0
3773 4
19318 0
34060 2
7104 3
36166 1
9492 8
13766 1
17097 0
3774 4
7105 3
8940 8
16571 3
10420 3
444 5
1212 9
3775 4
7106 3
7892 3
2008 7
28762 0
17099 0
7107 3
10438 2
23141 0
446 5
14305 1
40097 0
18986 0
17100 0
7108 3
6583 6
10439 2
2059 6
24166 0
13770 1
21784 0
5036 4
17101 0
32100 2
10440 2
23986 2
448 5
29593 6
48351 2
10563 3
7110 3
8555 4
18820 0
13772 1
15219 5
17103 0
3780 4
16484 2
7111 3
17423 7
28815 3
13773 1
450 5
17104 0
3781 4
53044 6
39508 0
7112 3
3809 6
23738 3
451 5
9705 3
5650 9
3782 4
7968 6
7113 3
23701 14
10444 2
7339 7
1499 5
13775 1
8768 9
17106 0
3783 4
11629 3
40141 4
10324 6
9827 4
4474 4
10445 2
13776 1
453 5
17107 0
3784 4
19572 2
7115 3
10446 2
32802 1
19413 0
49766 5
9359 6
5555 8
17108 0
3785 4
10447 2
14733 1
455 5
7522 3
17717 0
3786 4
10869 2
5429 7
13779 1
456 5
3170 6
18769 6
3787 4
7118 3
23364 2
10449 2
13780 1
457 5
786 12
20519 3
1180 5
10450 2
23968 4
13781 1
458 5
24973 4
24104 5
17112 0
3789 4
9097 3
57566 0
6410 4
17634 0
19062 1
459 5
9562 3
534 8
17113 0
3790 4
16248 1
1808 10
37204 8
10452 2
4157 4
460 5
28770 3
17114 0
3791 4
29318 15
25628 3
2038 5
8236 5
10453 2
13784 1
17115 0
3792 4
10454 2
11012 2
13785 1
462 5
27169 7
3793 4
10455 2
14109 1
14002 1
463 5
18509 4
19902 5
17117 0
3794 4
7331 3
5305 4
2739 7
7125 3
13787 1
464 5
38771 0
21452 3
9898 7
3795 4
10457 2
14774 9
465 5
15645 6
8131 7
17119 0
3796 4
7467 10
15989 3
25429 3
13789 1
4486 4
7128 3
21131 5
30785 3
19549 14
8095 3
10459 2
67996 0
17121 0
3798 4
7534 3
7129 3
38979 0
1915 6
10460 2
13791 1
468 5
16044 4
15836 6
7130 3
2463 5
469 5
17123 0
3800 4
7131 3
11810 2
5662 9
69305 1
2338 9
7916 3
11298 4
470 5
17363 4
31512 2
8975 4
3801 4
7132 3
10463 2
14291 2
13794 1
471 5
26696 2
4215 6
1511 5
42781 1
5480 10
23325 0
29353 9
10464 2
17126 0
7134 3
9872 3
10465 2
473 5
11770 7
30798 1
10466 2
716 9
14148 8
13797 1
474 5
14241 6
2629 7
8614 4
7136 3
14413 4
63237 1
34888 1
29050 2
5678 8
17289 6
475 5
37466 1
13280 5
14228 1
7137 3
10468 2
13799 1
476 5
5959 8
17130 0
3807 4
2167 8
10469 2
31862 8
54237 4
13800 1
477 5
1293 6
17131 0
3808 4
7365 4
40633 2
10470 2
12048 4
13801 1
2130 6
29993 2
7737 3
7140 3
21654 0
7704 8
10471 2
5789 4
13802 1
3810 4
8793 3
7141 3
25482 4
60003 3
10472 2
9018 7
480 5
3811 4
7142 3
18758 11
13804 1
481 5
13512 2
6291 6
1799 7
25098 3
7349 3
482 5
32333 1
36612 1
17136 0
3813 4
22729 2
20829 6
23423 2
7144 3
9276 3
15274 1
483 5
17137 0
34861 2
13447 7
1239 5
7145 3
35483 1
3638 9
10476 2
40339 0
13807 1
484 5
18584 5
17138 0
3815 4
7146 3
5975 6
10477 2
32873 1
485 5
12358 6
20510 1
3816 4
7147 3
15171 2
10478 2
13809 1
486 5
17947 22
44571 5
22350 4
39591 0
14971 1
10479 2
13810 1
487 5
14026 1
23821 3
5516 7
33919 5
10762 2
31486 0
7149 3
8051 6
17403 0
18435 0
488 5
15308 5
1313 9
17142 0
27387 1
3819 4
20590 3
7150 3
15981 1
5140 6
18165 4
10481 2
14870 1
489 5
17143 0
4192 11
4844 8
10482 2
17492 0
13813 1
490 5
40198 0
15698 5
17144 0
32770 2
38232 0
934 6
27510 4
1523 5
13814 1
2192 11
17145 0
3822 4
10413 6
31351 6
16048 3
9605 8
59474 1
8307 5
13815 1
492 5
10740 6
7558 3
3823 4
71476 1
7154 3
45758 8
19976 2
4803 4
12334 2
13816 1
493 5
6828 4
7155 3
13817 1
494 5
32207 2
17148 0
3825 4
7156 3
5899 5
5518 7
10487 2
9321 5
13818 1
495 5
19038 4
21103 0
7157 3
9988 5
13060 2
8481 5
10488 2
2384 10
13819 1
496 5
17150 0
22555 0
29414 0
41527 4
13820 1
5574 4
3828 4
7159 3
17326 0
1345 7
623 8
13821 1
14567 1
11709 2
5656 8
17152 0
3829 4
8865 6
39050 0
1578 7
28928 3
34362 1
499 5
22194 5
14038 1
8989 12
16310 3
17153 0
34191 2
18592 4
2481 5
30857 1
7161 3
10774 2
2822 7
10492 2
31309 9
13823 1
500 5
11572 4
22378 3
5763 9
11185 2
8673 4
7587 5
2062 5
13824 1
17155 0
21566 1
7163 3
13373 3
10494 2
13825 1
14466 1
26767 2
7164 3
67064 3
11822 4
13826 1
32195 2
17157 0
10496 2
504 5
27270 3
6112 7
17158 0
7166 3
24075 4
10497 2
13828 1
12667 4
25718 2
17159 0
20623 0
7167 3
14484 4
17421 0
10498 2
13829 1
506 5
17160 0
3837 4
7168 3
17554 7
10499 2
507 5
19633 0
25086 4
10548 4
2471 6
10500 2
40872 0
13831 1
508 5
14654 2
9999 7
29055 2
17162 0
3839 4
23482 2
1921 10
10501 2
11459 2
13832 1
2201 6
3840 4
1298 5
12214 5
20009 5
17338 0
13833 1
510 5
29058 1
17164 0
20764 3
39872 0
7172 3
22088 1
511 5
29133 2
17165 0
51554 4
28891 9
13363 5
10786 2
28199 1
13835 1
512 5
26671 11
3843 4
7174 3
19072 5
13836 1
513 5
14878 5
17167 0
3844 4
4821 4
7175 3
10506 2
917 12
31613 2
4117 8
1557 9
17168 0
3845 4
60455 6
7176 3
8905 9
10507 2
18023 2
13838 1
515 5
24235 5
32398 0
58362 5
16013 3
7177 3
21244 5
7773 3
32944 1
516 5
11334 2
3847 4
38291 0
7178 3
19027 1
12233 2
30082 2
517 5
18504 2
14163 1
17171 0
3848 4
9089 8
16107 3
4211 4
42247 1
10510 2
13841 1
518 5
88810 0
17172 0
12797 5
18906 6
10511 2
13842 1
53342 3
17173 0
3850 4
26857 8
20661 3
4534 4
10512 2
23407 7
11877 7
13843 1
520 5
17174 0
14101 6
25187 3
88253 0
7182 3
10513 2
15563 4
17175 0
23318 13
16890 1
50978 0
15108 1
10514 2
522 5
3853 4
7598 10
28907 3
521 6
13846 1
523 5
3854 4
23904 3
20292 4
17439 0
8134 6
10798 2
4217 4
17402 6
21845 1
8558 4
17178 0
8785 5
13848 1
525 5
39098 9
7811 8
33335 6
3856 4
19359 2
10518 2
83780 0
17180 0
3857 4
8732 4
10519 2
13850 1
527 5
3029 7
3858 4
7189 3
11608 2
13851 1
528 5
18685 5
30788 0
4490 5
13852 1
529 5
17183 0
3860 4
50702 2
7594 3
586 7
7191 3
35760 0
39121 0
530 5
11413 15
3861 4
3745 9
40446 0
7192 3
10959 4
42607 3
10523 2
14279 8
11215 2
36725 1
24734 11
25186 0
44522 6
3421 6
10524 2
18912 3
18649 0
37597 1
13855 1
532 5
20827 4
5108 4
1414 9
17186 0
11870 2
19482 3
14141 5
13560 7
7194 3
15320 2
10525 2
13856 1
533 5
4546 4
17187 0
3864 4
26838 2
12977 2
5607 7
19325 0
37022 9
17362 0
10526 2
40299 0
5617 10
4839 4
17188 0
23541 2
10527 2
6470 4
13858 1
34445 1
17189 0
3866 4
1357 5
18675 4
36380 1
10528 2
2905 7
13859 1
536 5
22705 1
24912 2
12001 2
14555 4
10529 2
712 8
4229 4
14395 1
13860 1
17191 0
3868 4
7199 3
11591 6
10530 2
24931 9
23028 4
15618 7
17192 0
3869 4
17193 1
14502 1
7200 3
10531 2
8847 3
15794 6
539 5
17973 0
1553 5
20960 6
3870 4
17801 0
56613 5
7201 3
32883 2
13863 1
540 5
2272 6
36031 6
3871 4
18317 0
7202 3
14609 1
10533 2
32314 2
9718 8
541 5
17195 0
3872 4
39973 1
7203 3
23381 1
63474 3
7606 3
10534 2
542 5
25619 4
5757 8
3873 4
38350 0
37406 2
7204 3
43955 5
10535 2
8070 5
9178 4
49327 0
13866 1
543 5
5811 9
10536 2
15536 1
13867 1
544 5
17198 0
3875 4
7206 3
10081 3
14017 18
545 5
80830 1
13048 4
17199 0
3876 4
21331 7
7207 3
85351 1
28248 3
13869 1
546 5
7988 3
35620 1
47539 1
17635 0
8519 3
17200 0
3877 4
26051 0
45499 0
4323 11
7208 3
10539 2
13870 1
547 5
33015 1
3405 7
3878 4
14086 1
29216 2
27641 4
10540 2
13446 5
5744 5
13871 1
27371 3
17896 0
15940 1
17202 0
19897 11
7210 3
1559 5
13872 1
549 5
47402 7
46729 0
15962 2
17203 0
5876 9
3880 4
41474 4
4241 4
33998 7
14930 1
13873 1
550 5
17204 0
7212 3
20732 3
24165 2
8421 4
10543 2
13874 1
551 5
35689 3
17205 0
30975 1
7213 3
4024 5
13875 1
552 5
10100 7
7214 3
10545 2
13876 1
553 5
12567 5
17207 0
9795 3
14199 1
7215 3
2329 11
15037 1
13877 1
554 5
8449 5
25610 1
3885 4
2865 8
11763 2
39427 2
7518 7
7216 3
10547 2
4857 4
11004 9
555 5
17209 0
3886 4
49046 6
32482 1
13879 1
556 5
34322 2
20116 5
3887 4
17473 13
25199 4
11064 3
17306 1
17211 0
3888 4
69185 5
18825 2
2876 5
7219 3
12330 8
2034 10
17386 0
10550 2
13881 1
558 5
31714 2
17212 0
3889 4
7220 3
10551 2
13882 1
559 5
23987 3
29737 10
11108 2
5362 5
2517 5
24748 0
8217 6
13883 1
560 5
17214 0
3891 4
10834 2
14331 3
23600 2
5132 4
22499 4
7222 3
63012 2
2098 5
39192 0
4997 6
2505 9
21625 3
561 5
19770 0
17215 0
3892 4
1416 5
16050 6
22331 5
10554 2
17564 0
8304 7
14443 6
20268 0
14991 3
3893 4
4253 4
20381 4
7224 3
8185 3
1945 6
23067 1
30171 10
24985 0
17685 7
7225 3
10556 2
13887 1
564 5
3895 4
26909 2
7226 3
10242 3
41003 0
10557 2
21357 5
26167 12
13888 1
12516 7
56762 0
3896 4
28959 0
10977 2
7227 3
15486 5
5845 8
13889 1
566 5
17220 0
3897 4
10802 3
7228 3
11984 7
19971 1
17742 0
10559 2
13890 1
567 5
7433 3
12156 2
10560 2
1571 5
14626 4
36057 1
17222 0
38409 0
9550 6
3205 5
7230 3
15358 1
4259 4
13892 1
10591 6
16794 2
18940 0
26077 6
3900 4
16225 3
7231 3
2533 10
17398 0
10562 2
38582 7
13893 1
570 5
13314 3
21015 0
1048 12
60965 6
6667 9
9185 7
571 5
17225 0
3902 4
5522 6
35956 8
2343 6
8012 3
34528 1
7918 8
10564 2
24366 5
40680 0
13895 1
572 5
14324 1
18786 5
2988 7
17226 0
7827 3
5696 7
17542 4
4741 5
10565 2
13896 1
17515 6
62167 4
3904 4
6657 5
7235 3
13897 1
574 5
79597 2
7236 3
15465 1
10567 2
14538 1
13898 1
575 5
21264 0
17229 0
3906 4
76609 1
7237 3
801 8
10568 2
18608 0
576 5
12525 6
1515 9
17665 0
17230 0
3907 4
33674 13
7238 3
895 9
60681 3
10569 2
3852 9
18446 1
13900 1
577 5
40553 0
9042 9
17231 0
6088 4
7239 3
10570 2
40400 0
13901 1
578 5
15885 2
3909 4
8850 4
7240 3
10571 2
7642 3
31897 7
13902 1
579 5
19871 0
17233 0
3910 4
13903 1
580 5
17234 0
36838 1
31047 3
54998 1
10573 2
27722 9
13904 1
19043 6
15865 5
51614 5
3912 4
17843 0
12418 2
7243 3
4271 4
13673 7
16659 1
29204 2
13905 1
582 5
23129 4
36487 1
17236 0
3913 4
16235 4
5873 4
10575 2
13906 1
583 5
17237 0
3914 4
58647 4
7245 3
10576 2
13907 1
584 5
13529 5
17238 0
3915 4
31659 0
5646 4
18276 0
13908 1
585 5
29044 3
8520 5
17239 0
7451 3
18338 4
10578 2
17588 0
19628 0
13909 1
5858 8
19205 4
7325 5
4594 4
7248 3
5017 8
19221 5
1583 5
1475 5
14410 8
10580 2
14795 3
588 5
40050 0
3919 4
71449 0
7250 3
5156 4
32996 2
14619 2
37728 1
42907 2
39045 0
13912 1
589 5
33109 6
11225 3
3920 4
6309 4
10582 2
46117 1
8728 3
9831 8
13913 1
17703 2
18110 0
11406 2
7252 3
27566 1
9786 5
9238 8
22545 3
3922 4
35155 1
7457 3
10584 2
8561 3
19153 13
56523 1
39263 0
13915 1
27472 3
592 5
17246 0
28355 3
7254 3
16475 1
10585 2
71788 6
18602 11
18027 0
13501 2
16798 3
17247 0
3924 4
21271 8
10586 2
13917 1
594 5
17248 0
3925 4
38468 0
4283 4
10689 3
15796 2
7256 3
30260 2
10919 6
10587 2
11930 2
595 5
17249 0
3926 4
16284 3
26980 2
39840 0
36579 11
10588 2
61835 4
24070 3
79715 1
6810 6
10201 7
21091 6
25885 2
17944 0
8300 6
17250 0
3927 4
2364 8
22920 2
5754 10
10589 2
11371 15
13920 1
597 5
29154 3
17251 0
7259 3
25365 3
13921 1
598 5
44719 0
5989 9
7260 3
16772 1
14697 4
12311 2
13922 1
6842 5
50059 0
10592 2
22879 15
2122 5
13923 1
600 5
3931 4
7262 3
15755 7
4289 4
35239 7
22507 5
601 5
29225 1
20470 4
17255 0
10561 8
11013 2
31815 2
602 5
9369 4
3933 4
7974 4
2414 6
958 6
34946 9
10595 2
20223 5
17778 0
13926 1
603 5
17257 0
31093 1
4454 11
7265 3
35909 0
7666 3
18102 1
10596 2
7387 10
14776 1
13927 1
604 5
15562 3
8909 4
17258 0
3935 4
18466 0
25756 4
27772 4
15575 5
3522 5
10597 2
13928 1
605 5
17259 0
3936 4
7267 3
25312 4
9229 3
12067 2
10598 2
14544 6
3937 4
32565 0
17695 0
79891 2
7268 3
2147 10
13930 1
607 5
17261 0
5713 7
14253 1
34611 1
16392 1
10600 2
10680 6
16157 6
13931 1
608 5
25926 3
3071 7
35757 1
7270 3
14084 2
19805 2
11156 2
28372 1
10601 2
10882 2
13932 1
609 5
17263 0
7271 3
10602 2
15051 5
7863 3
13933 1
610 5
29605 0
14990 1
6530 4
74044 0
1730 9
13934 1
611 5
5785 7
3942 4
58636 8
7273 3
10604 2
11135 9
612 5
24485 5
23718 2
3943 4
7274 3
20874 3
20943 3
13936 1
613 5
4618 4
1534 5
3944 4
7275 3
22592 0
17529 0
21470 5
13937 1
614 5
890 8
10607 2
1601 5
615 5
43957 2
17269 0
4842 6
10608 2
1329 6
7481 3
616 5
2466 11
18887 5
38198 3
8591 5
17270 0
7278 3
10609 2
4911 4
4296 8
13940 1
7294 4
3948 4
5960 9
69954 4
2259 7
13941 1
618 5
8025 8
17272 0
6303 7
7280 3
9062 6
3235 5
619 5
17273 0
3950 4
9727 13
36273 11
14158 1
21075 1
10612 2
12467 8
620 5
1616 9
11031 2
20413 18
17816 7
3951 4
13612 5
14372 1
12193 16
7282 3
10613 2
24026 0
621 5
15103 1
40793 0
18672 1
67989 2
4311 5
16343 3
17275 0
3952 4
41134 0
20162 0
10614 2
17746 1
7487 3
17628 6
51302 3
7284 3
10615 2
8416 5
12942 2
13946 1
45349 1
39334 0
3959 9
7285 3
40660 0
57436 3
10616 2
22468 5
13180 2
624 5
18410 2
17278 0
1607 5
7286 3
18767 1
625 5
3956 4
21513 8
14693 1
2513 6
23230 4
13949 1
626 5
17280 0
48970 3
27051 2
10619 2
40139 0
13950 1
627 5
11442 2
1179 12
14485 1
32469 2
13951 1
628 5
17282 0
12585 2
35524 8
7290 3
5682 4
36594 1
24497 5
10621 2
13952 1
629 5
31152 1
17283 0
3960 4
38263 2
36951 1
32631 1
12411 5
13953 1
630 5
14768 4
35244 1
8968 4
13786 7
10623 2
631 5
17285 0
3962 4
52599 3
7293 3
39923 0
17547 0
4072 5
13955 1
632 5
24153 3
17286 0
3963 4
12988 5
10625 2
21520 1
5893 8
633 5
25085 2
3964 4
30349 2
7295 3
2485 6
1613 5
10626 2
32528 2
17636 0
7499 3
22648 4
17288 0
3965 4
18751 0
11764 6
7296 3
10627 2
14320 5
13958 1
635 5
3966 4
2868 7
7297 3
27573 3
7860 10
13959 1
636 5
13656 2
17290 0
3967 4
20215 1
6524 6
25454 3
42662 3
13960 1
637 5
25602 0
31178 3
17291 0
3968 4
8603 3
7299 3
10630 2
38683 3
13961 1
638 5
23777 2
3969 4
7300 3
10631 2
12665 7
17814 0
28462 3
9944 8
1593 5
17293 0
3970 4
9179 9
58115 1
7664 4
13963 1
640 5
10302 7
20559 4
17294 0
3971 4
33228 1
73455 1
7702 3
10633 2
15760 4
17295 0
3972 4
37742 10
7303 3
10634 2
13965 1
15632 1
17296 0
8776 3
7837 4
12228 2
10635 2
14064 3
1619 5
84185 0
643 5
3974 4
15664 5
2682 10
5455 4
62923 4
19180 6
7305 3
10636 2
1124 7
34694 1
13967 1
644 5
24396 4
17298 0
3975 4
18924 4
14541 8
3154 7
10637 2
10215 5
5204 4
15853 10
13968 1
645 5
17299 0
37859 1
6214 6
31916 2
13969 1
646 5
38586 0
29267 3
3977 4
71103 0
7308 3
19673 3
10769 6
10639 2
13970 1
16402 3
17301 0
3978 4
8662 5
7899 3
6102 9
7309 3
227 8
10640 2
13971 1
648 5
17302 0
7310 3
10641 2
13972 1
52419 5
5213 5
17303 0
3980 4
20330 5
2571 5
24447 0
7311 3
17960 1
10642 2
5874 7
14645 6
650 5
9110 3
17304 0
3981 4
7312 3
10643 2
12299 4
651 5
15941 1
3982 4
34717 6
39182 0
60342 5
4337 4
2672 9
19109 3
8809 4
13975 1
652 5
7517 3
7314 3
21222 6
13976 1
24344 2
979 8
7315 3
59212 8
10646 2
17482 0
654 5
11335 2
39405 0
17308 0
16264 6
15442 1
25425 4
10647 2
67805 0
2776 6
13978 1
31211 1
3986 4
14239 2
9885 3
7317 3
14803 19
10648 2
2260 10
656 5
9560 5
9027 4
75245 2
17310 0
13695 5
19432 1
10649 2
6012 8
657 5
7697 7
17311 0
3988 4
21798 3
11204 2
14515 1
13981 1
658 5
17312 0
11017 3
7523 3
7320 3
10651 2
8477 7
5891 10
13982 1
17313 0
3990 4
7321 3
12198 7
12059 3
18988 5
660 5
4585 11
17314 0
3991 4
2056 7
19370 5
7322 3
11567 4
26358 1
10653 2
13984 1
661 5
14839 4
71710 2
17315 0
3992 4
10183 3
22538 6
9352 7
13985 1
662 5
8454 3
6001 5
17316 0
3993 4
7324 3
10655 2
15892 7
13986 1
663 5
22458 2
17317 0
10656 2
1717 9
17318 0
3995 4
11478 2
7326 3
4349 4
7529 3
2556 6
3558 5
8132 8
10657 2
44678 3
9387 8
20437 12
665 5
4102 6
1652 5
3996 4
67468 2
7726 3
10658 2
17494 0
40602 0
13989 1
666 5
31706 7
17320 0
3997 4
4666 4
12906 4
10263 4
7328 3
11871 2
10659 2
25893 4
13990 1
667 5
12692 6
17321 0
3998 4
15353 1
5397 6
7329 3
70085 5
14206 1
10660 2
17583 0
40006 0
13991 1
17322 0
3999 4
15858 1
8189 4
24236 3
7330 3
3056 8
11266 9
3265 5
8466 6
35333 1
13992 1
669 5
4000 4
10942 2
10662 2
34584 2
4066 9
88644 0
23331 4
13993 1
670 5
40767 0
40906 0
41961 4
7332 3
1637 5
10663 2
13994 1
671 5
49862 3
17325 0
4002 4
78076 2
17741 6
33299 1
7333 3
10664 2
672 5
16032 5
1676 6
12565 3
4003 4
30438 2
26562 0
5718 4
47882 2
7334 3
8108 3
10665 2
14477 2
5228 4
13996 1
673 5
30601 3
16461 3
45511 0
17327 0
4004 4
7335 3
4496 6
25149 9
72316 0
19297 0
13997 1
674 5
6060 8
63772 5
17328 0
8738 5
12133 2
10667 2
21016 3
675 5
17721 4
36701 1
17329 0
15238 2
7337 3
25543 3
10668 2
13999 1
676 5
19131 0
35653 4
12752 2
16252 3
43423 1
7541 3
14370 2
14000 1
19372 4
17331 0
40874 7
36058 0
10670 2
17506 0
17332 0
4009 4
41265 0
8733 5
2603 11
7340 3
37064 1
2589 5
20648 4
679 5
1074 9
5485 4
17333 0
4678 4
10672 2
14218 1
13899 7
14003 1
680 5
32635 2
21206 0
19007 4
18882 0
88913 0
3237 7
12389 2
31832 0
31270 1
10954 2
12079 4
26075 3
682 5
17684 0
19807 0
9086 4
22712 3
12604 8
3262 7
7344 3
9741 6
10675 2
7547 3
1347 6
17337 0
4014 4
5190 8
8881 12
1841 7
10676 2
14646 1
10403 7
14007 1
684 5
23458 0
4015 4
1310 12
7346 3
10677 2
11835 4
11365 2
14008 1
39476 0
29156 0
10858 6
7347 3
24628 5
17601 0
14009 1
686 5
17340 0
4017 4
22605 5
16092 6
6787 4
45147 9
6590 4
19598 2
33222 2
687 5
26052 2
17341 0
4018 4
47559 4
16801 2
14011 1
688 5
14545 1
17342 0
1614 7
7350 3
5963 7
15420 3
689 5
16666 1
17343 0
4020 4
5028 5
7351 3
61311 2
19060 0
10682 2
690 5
4373 4
23895 2
17344 0
4021 4
32606 2
48278 3
7352 3
24503 4
10144 4
23608 1
14014 1
691 5
6109 9
1711 5
17345 0
4022 4
7353 3
50042 6
10684 2
21158 10
14015 1
1068 8
14910 4
29392 1
10685 2
13778 5
7991 10
14016 1
693 5
11103 2
27745 1
7355 3
10966 2
13620 4
14746 6
3487 6
4025 4
7356 3
10687 2
8824 3
14018 1
695 5
7559 3
4026 4
29380 3
17723 1
69892 1
7357 3
2627 6
18761 2
696 5
4027 4
17785 0
7358 3
3632 7
311 7
6184 4
6215 9
16426 4
2182 5
697 5
22944 1
17351 0
4028 4
32732 0
11098 6
12708 3
7359 3
9036 5
10690 2
698 5
38704 0
17352 0
4029 4
5446 5
7360 3
10691 2
25351 8
14022 1
16520 3
17353 0
4030 4
21550 0
59118 2
7361 3
10692 2
36360 1
43837 0
14023 1
700 5
17354 0
4031 4
13281 4
7362 3
10693 2
16371 6
14024 1
4032 4
14672 8
7363 3
37129 4
10694 2
9316 9
14025 1
702 5
17356 0
4033 4
37990 1
7762 3
33370 1
10695 2
703 5
22102 1
17357 0
4034 4
7868 5
32780 1
25538 4
23636 0
14242 1
19089 5
704 5
15793 1
40089 0
16969 7
40317 0
7366 3
29559 6
8549 6
2373 10
705 5
35821 5
17359 0
4036 4
7367 3
28545 1
18292 2
10698 2
19317 6
14029 1
21087 3
12305 7
4702 4
17360 0
4037 4
7368 3
8380 4
15224 5
10699 2
14030 1
31329 1
17361 0
4038 4
26290 0
7369 3
17070 1
1903 9
35422 1
1818 9
22797 4
9145 4
4039 4
7370 3
63412 1
10701 2
14032 1
709 5
43699 1
4391 4
19416 0
41890 3
8804 5
7371 3
12839 3
21353 6
40703 0
14033 1
25443 0
17364 0
7372 3
14777 1
982 6
18230 0
23111 2
10703 2
711 5
30527 2
17365 0
4042 4
8239 8
7545 4
14067 2
10704 2
19339 8
43754 10
21696 5
17366 0
29714 8
12814 7
14036 1
713 5
4044 4
7577 3
22826 13
39319 0
21076 0
23432 4
714 5
25632 3
5515 4
715 5
17369 0
4046 4
4397 4
34387 7
77816 2
89890 0
40826 12
10708 2
14254 1
2194 5
23954 2
13837 18
14361 1
17370 0
2561 8
34860 1
4173 9
1667 5
7378 3
10709 2
2972 5
19090 4
15049 16
4716 11
14040 1
22214 0
1770 5
14468 1
2831 10
3320 7
4048 4
7379 3
35738 10
10710 2
6161 8
14041 1
23300 1
3295 5
7380 3
10711 2
22617 0
17373 0
4050 4
41019 0
4475 8
4714 4
7583 3
7381 3
5001 4
10712 2
27264 2
14043 1
720 5
17374 0
4051 4
14682 1
7382 3
17854 6
10713 2
15842 5
14044 1
721 5
17375 0
6028 10
107 10
10841 4
10714 2
36808 1
17637 0
14045 1
722 5
17376 0
4053 4
7971 3
8335 3
10715 2
14046 1
723 5
17377 0
8156 3
14981 4
7385 3
10716 2
11732 3
27775 3
724 5
38763 0
11208 3
3594 5
17378 0
4055 4
10947 6
7386 3
29796 0
10717 2
12091 16
14048 1
725 5
4056 4
16029 7
11397 9
7589 3
11669 2
14049 1
726 5
17380 0
4057 4
34715 2
10719 2
2698 6
32742 2
727 5
4058 4
5910 7
6052 7
37177 1
10720 2
10504 7
14051 1
728 5
4409 4
4059 4
4610 5
39674 4
7390 3
29631 2
83022 2
17287 5
15003 1
14012 7
14052 1
729 5
5276 4
17383 0
4060 4
26030 4
29502 2
25258 2
14053 1
730 5
11002 2
17384 0
19076 2
7392 3
10723 2
1157 8
14054 1
731 5
11937 6
11276 2
38497 5
17385 0
7393 3
77467 1
18337 0
14055 1
732 5
28676 3
7394 3
40399 1
6494 7
15110 1
10725 2
19415 1
733 5
31388 1
11240 4
17387 0
4064 4
8339 5
7395 3
33441 1
31146 0
32118 2
13684 3
18078 7
9204 4
14057 1
734 5
17388 0
4065 4
14379 1
7396 3
10727 2
735 5
2206 5
41396 0
17389 0
52510 3
736 5
17390 0
18853 0
10729 2
14060 1
737 5
24610 4
17391 0
10170 8
5999 4
7399 3
14499 5
10730 2
17566 0
35894 17
14847 6
14061 1
738 5
21181 4
17392 0
4069 4
7400 3
9259 6
9536 8
10731 2
739 5
17393 0
4070 4
7401 3
9659 3
10732 2
27013 0
14063 1
740 5
15526 1
90513 0
17394 0
15728 1
40172 0
54014 2
8875 5
10733 2
24402 3
2740 11
4421 4
35263 5
741 5
15084 2
1441 12
8632 6
14492 1
7989 3
13639 2
7403 3
15324 1
10734 2
24013 2
14065 1
742 5
11014 2
90968 0
20544 5
24759 5
17025 3
2839 9
1829 5
14066 1
18871 15
17397 0
4074 4
43921 1
8082 4
12199 2
10736 2
9814 3
7607 3
36461 1
879 7
744 5
12256 3
5773 6
4075 4
17676 1
29493 3
7406 3
12741 8
12937 2
14068 1
7037 6
7407 3
5260 6
6328 9
14069 1
746 5
10019 5
17400 0
4077 4
7408 3
35511 1
13179 5
10739 2
15431 1
15254 3
27007 9
14070 1
8872 3
17401 0
16233 1
39618 0
16478 6
2005 6
19190 5
6179 8
14071 1
748 5
11157 2
25248 0
7410 3
75447 2
14072 1
4080 4
7411 3
8122 10
12608 5
25777 12
30616 2
9334 4
38822 0
750 5
17404 0
4081 4
7412 3
5545 4
25017 0
31440 3
27335 2
16638 3
751 5
36207 0
4082 4
10744 2
1919 9
752 5
17406 0
14397 1
47829 9
7414 3
34943 1
12412 7
20869 0
10745 2
9519 7
14076 1
19173 4
41347 2
25721 3
17407 0
4084 4
3403 7
7415 3
45076 3
10746 2
40804 0
14077 1
754 5
2486 10
2218 5
17408 0
4085 4
15052 4
21971 3
7416 3
14078 1
755 5
17409 0
7417 3
8650 7
26224 3
14079 1
756 5
17410 0
4087 4
20826 4
7418 3
22173 0
10749 2
14080 1
757 5
17411 0
4088 4
7419 3
10750 2
8346 8
83709 1
2769 6
14081 1
758 5
12859 6
4089 4
18436 1
17023 1
7420 3
39783 9
31447 1
14082 1
759 5
4090 4
38121 1
7421 3
7876 7
10752 2
9263 4
14083 1
760 5
16241 6
17414 0
7422 3
23449 15
10753 2
19864 3
15957 4
21809 5
17415 0
4092 4
7423 3
1697 5
10754 2
6262 8
14085 1
762 5
87954 1
50601 6
16346 1
4093 4
6246 5
7424 3
14612 3
4280 9
763 5
16199 5
11036 6
17417 0
7425 3
18163 1
10756 2
11637 3
20038 2
3732 6
14087 1
557 6
14302 1
22902 0
24319 6
4095 4
7822 3
9453 9
7426 3
22742 13
6258 9
765 5
13944 5
17419 0
4096 4
10758 2
14089 1
20057 0
17420 0
4097 4
17979 1
2643 5
6141 7
11038 2
7428 3
21484 6
20414 7
47144 4
10759 2
47227 0
7429 3
27876 3
39271 3
24072 2
14091 1
768 5
214 10
19539 4
21229 3
4099 4
36915 1
41132 0
17605 1
10761 2
1888 5
14092 1
769 5
4100 4
22261 12
17967 6
1246 8
7044 4
58557 8
14093 1
770 5
17424 0
10763 2
14094 1
17425 0
2298 6
8946 5
10764 2
10605 7
19306 3
772 5
17426 0
4103 4
29455 3
4762 4
4451 4
17427 0
4104 4
32849 2
3899 5
10766 2
12030 3
4847 11
14097 1
774 5
17428 0
7436 3
10767 2
26549 1
14098 1
28165 4
775 5
18551 0
17429 0
4106 4
7939 4
21788 0
11586 2
7437 3
10768 2
17691 0
14099 1
776 5
4107 4
39456 0
11848 2
40255 0
7834 3
37290 1
16697 3
14100 1
777 5
15813 3
11518 3
32929 1
17431 0
4108 4
8715 6
45326 9
17900 4
32219 2
32005 0
14125 7
47347 1
8562 3
26219 2
17432 0
17580 2
15064 3
7440 3
39689 0
10771 2
15966 1
14635 1
18684 4
779 5
4457 4
20484 0
47793 5
7441 3
1709 5
14103 1
780 5
5363 8
17434 0
4111 4
7643 3
7442 3
10773 2
14104 1
2824 6
1253 9
22946 4
14948 6
14105 1
782 5
27406 2
40495 0
17436 0
4113 4
11528 9
7444 3
3247 8
14659 19
783 5
22655 2
17437 0
4114 4
7241 4
8083 11
34846 2
7445 3
24717 4
28034 15
6165 10
14107 1
784 5
17438 0
4115 4
7446 3
10777 2
785 5
33448 2
4116 4
35600 1
4463 4
15123 4
17614 0
9322 4
45854 4
17440 0
12963 7
10283 8
7649 3
7448 3
787 5
10780 2
36562 1
17442 0
59691 2
18136 0
30705 2
6041 4
10781 2
35026 1
20651 5
2840 6
14112 1
7846 3
17443 0
4120 4
19256 4
3486 7
47029 2
790 5
91304 0
14252 2
7452 3
4168 5
4873 5
11062 2
18209 7
47672 4
2510 7
2980 10
14114 1
4122 4
20430 2
10784 2
18053 0
6757 6
29041 8
25810 3
792 5
6471 4
17446 0
4123 4
7454 3
17984 2
33158 3
10583 3
14754 1
14116 1
793 5
46898 8
12372 2
24131 2
17709 0
33667 8
794 5
16585 6
26004 1
10442 5
17448 0
4125 4
16180 1
10787 2
6441 9
1947 5
14118 1
795 5
15560 2
17449 0
2661 5
20915 4
12638 8
13574 2
10788 2
36168 1
33583 1
2020 9
27924 1
14119 1
796 5
17450 0
34977 11
19386 1
3107 7
10789 2
9932 6
454 8
17451 0
4128 4
7459 3
53572 1
1721 5
39961 2
40905 0
1572 12
14121 1
798 5
17452 0
4129 4
14968 1
7460 3
16020 5
10791 2
4786 4
14122 1
799 5
13461 2
12519 7
24890 5
21300 3
7461 3
4419 5
42319 2
11277 6
14123 1
800 5
22055 0
4131 4
7462 3
7618 5
25807 13
4132 4
17105 2
7858 3
14027 5
7463 3
563 6
23634 4
11125 6
38940 0
25764 4
17804 0
13925 2
5826 4
31595 6
10795 2
9017 5
14126 1
803 5
2599 10
17457 0
4134 4
29651 2
56726 1
2877 11
14127 1
804 5
14817 2
17458 0
8453 8
7466 3
4481 4
2076 9
11348 2
20288 1
9564 3
14128 1
805 5
6230 7
17459 0
4136 4
15397 12
6363 8
20840 0
806 5
17460 0
5111 6
8253 10
7468 3
14451 1
10799 2
6453 6
14130 1
17461 0
12878 8
7469 3
8679 5
31571 3
10800 2
11485 2
19668 5
14131 1
13631 3
17462 0
1335 8
10801 2
81257 1
17463 0
4140 4
4387 9
7471 3
39760 0
41088 0
18243 0
16776 3
17638 0
14133 1
810 5
25853 0
50552 4
21922 5
10803 2
16617 4
7673 3
811 5
61239 6
17465 0
4142 4
7473 3
6974 5
10804 2
27977 3
9381 4
812 5
4798 4
17267 1
4143 4
9685 8
23533 9
10805 2
40338 0
14136 1
813 5
27477 2
17467 0
4144 4
24568 3
7475 3
8798 6
10806 2
14137 1
814 5
1383 6
17468 0
4145 4
1006 6
321 10
14934 8
317 7
15396 1
14138 1
815 5
4146 4
32880 2
1733 5
7477 3
10808 2
10706 7
816 5
38252 1
17470 0
4147 4
8061 3
7478 3
17905 0
10809 2
9531 4
8598 3
817 5
16309 2
9799 5
4493 4
17471 0
4148 4
41245 0
69509 2
7479 3
10810 2
59438 0
818 5
21301 3
17472 0
7480 3
18080 6
819 5
17994 0
29181 10
10812 2
24190 2
32956 2
14143 1
820 5
2911 6
17474 0
7482 3
57297 0
2006 5
40584 0
14144 1
7483 3
49969 0
10814 2
32320 2
20609 0
4654 8
5091 4
14145 1
4153 4
21356 1
10815 2
14146 1
823 5
17477 0
4154 4
21615 6
21789 1
7485 3
10816 2
12550 4
14147 1
824 5
4155 4
8252 3
10817 2
88466 0
36356 0
23302 2
825 5
35109 1
28890 3
4156 4
9427 3
10818 2
37403 1
3569 7
14149 1
11896 2
17828 0
17480 0
15509 1
70347 1
7488 3
4670 5
20366 0
10819 2
25431 2
9590 9
33654 1
14150 1
14238 7
17481 0
4158 4
13145 4
7489 3
26795 0
7635 4
6103 5
10820 2
38999 0
12110 6
828 5
4159 4
1724 6
10821 2
16815 3
14152 1
829 5
11372 2
7691 3
17483 0
4160 4
26137 3
14153 1
17484 0
4161 4
24824 4
21371 3
7492 3
4978 11
31886 13
19591 6
25899 3
14154 1
831 5
7153 5
36663 1
10824 2
28296 4
832 5
17486 0
4163 4
7494 3
10825 2
833 5
21113 0
17487 0
3044 5
10826 2
8947 4
9088 5
3006 9
17662 0
14157 1
834 5
16390 6
33561 2
17488 0
4165 4
7496 3
29592 3
12626 8
32743 8
8079 3
31565 6
17489 0
4166 4
50504 4
