T 1791054331 16 415742567682 58110 7431 
G 0, 100, 2137, 87, 550.00
G 1, 100, 2212, 89, 549.99
G 2, 100, 2100, 83, 549.97
G 3, 100, 2265, 77, 549.99
G 4, 100, 2130, 88, 550.01
G 5, 100, 2197, 90, 549.98
G 6, 100, 2212, 89, 549.98
G 7, 100, 2122, 83, 549.98
T 1791054336 16 416026144499 58162 7431 
G 0, 100, 2212, 87, 549.97
G 1, 100, 2235, 89, 549.99
G 2, 100, 2197, 84, 550.00
G 3, 100, 2197, 77, 549.98
G 4, 100, 2250, 88, 549.97
G 5, 100, 2205, 90, 549.98
G 6, 100, 2160, 89, 549.98
G 7, 100, 2130, 83, 549.97
T 1791054342 16 416260983074 58213 7431 
G 0, 100, 2152, 87, 549.99
G 1, 100, 2257, 89, 549.99
G 2, 100, 2190, 84, 549.99
G 3, 100, 2280, 77, 549.99
G 4, 100, 2190, 88, 549.99
G 5, 100, 2190, 90, 549.97
G 6, 100, 2130, 89, 549.99
G 7, 100, 2115, 84, 549.98
T 1791054347 16 416528589710 58265 7431 
G 0, 100, 2160, 87, 549.98
G 1, 100, 2235, 89, 549.98
G 2, 100, 2242, 84, 549.98
G 3, 100, 2287, 77, 549.99
G 4, 100, 2167, 88, 550.00
G 5, 100, 2107, 90, 549.98
G 6, 100, 2167, 89, 549.97
G 7, 100, 2190, 84, 549.97
T 1791054352 16 416764865671 58317 7431 
G 0, 100, 2175, 87, 549.97
G 1, 100, 2212, 89, 549.98
G 2, 100, 2265, 83, 549.98
G 3, 100, 2310, 77, 550.00
G 4, 100, 2197, 88, 549.98
G 5, 100, 2175, 90, 549.97
G 6, 100, 2227, 89, 550.00
G 7, 100, 2220, 84, 550.00
T 1791054357 16 417013546517 58369 7431 
G 0, 100, 2182, 87, 549.97
G 1, 100, 2145, 89, 549.99
G 2, 100, 2152, 84, 549.98
G 3, 100, 2377, 77, 550.00
G 4, 100, 2190, 88, 549.98
G 5, 100, 2182, 90, 549.97
G 6, 100, 2227, 89, 549.97
G 7, 100, 2205, 84, 549.99
T 1791054362 16 417257753548 58421 7431 
G 0, 100, 2115, 87, 550.00
G 1, 100, 2242, 89, 549.99
G 2, 100, 2272, 84, 549.98
G 3, 100, 2317, 77, 549.99
G 4, 100, 2182, 88, 549.99
G 5, 100, 2160, 90, 549.97
G 6, 100, 2190, 89, 549.98
G 7, 100, 2220, 84, 549.99
T 1791054367 16 417531413722 58473 7431 
G 0, 100, 2212, 87, 549.99
G 1, 100, 2167, 89, 549.98
G 2, 100, 2205, 84, 549.99
G 3, 100, 2242, 77, 549.99
G 4, 100, 2227, 88, 549.99
G 5, 100, 2235, 90, 550.01
G 6, 100, 2167, 90, 550.00
G 7, 100, 2212, 84, 549.97
T 1791054373 16 417771561592 58525 7431 
G 0, 100, 2100, 87, 550.01
G 1, 100, 2257, 89, 549.98
G 2, 100, 2145, 84, 549.99
G 3, 100, 2302, 78, 550.00
G 4, 100, 2182, 88, 550.00
G 5, 100, 2167, 90, 549.99
G 6, 100, 2235, 89, 550.01
G 7, 100, 2107, 84, 549.99
T 1791054378 16 418025306805 58576 7431 
G 0, 100, 2160, 87, 549.99
G 1, 100, 2250, 89, 549.99
G 2, 100, 2227, 84, 549.98
G 3, 100, 2257, 77, 549.99
G 4, 100, 2212, 88, 549.99
G 5, 100, 2227, 90, 550.00
G 6, 100, 2242, 89, 550.00
G 7, 100, 2130, 84, 549.98
T 1791054383 16 418314039988 58628 7431 
G 0, 100, 2167, 87, 549.97
G 1, 100, 2167, 89, 549.99
G 2, 100, 2265, 84, 549.96
G 3, 100, 2310, 78, 549.98
G 4, 100, 2227, 88, 549.98
G 5, 100, 2115, 90, 549.99
G 6, 100, 2250, 90, 550.02
G 7, 100, 2152, 84, 549.97
T 1791054388 16 418557053142 58680 7431 
G 0, 100, 2152, 87, 550.00
G 1, 100, 2227, 89, 549.99
G 2, 100, 2220, 84, 549.97
G 3, 100, 2227, 78, 549.99
G 4, 100, 2182, 88, 549.98
G 5, 100, 2182, 90, 550.01
G 6, 100, 2205, 90, 549.98
G 7, 100, 2227, 84, 550.00
T 1791054393 16 418853436687 58731 7431 
G 0, 100, 2205, 87, 549.99
G 1, 100, 2220, 89, 549.98
G 2, 100, 2235, 84, 550.00
G 3, 100, 2355, 78, 550.00
G 4, 100, 2295, 88, 549.99
G 5, 100, 2122, 90, 549.98
G 6, 100, 2190, 89, 549.99
G 7, 100, 2205, 84, 550.00
T 1791054399 16 419077380264 58783 7431 
G 0, 100, 2190, 87, 549.99
G 1, 100, 2272, 88, 549.98
G 2, 100, 2295, 84, 549.98
G 3, 100, 2332, 78, 549.99
G 4, 100, 2280, 88, 549.98
G 5, 100, 2175, 90, 549.99
G 6, 100, 2212, 89, 549.99
G 7, 100, 2220, 84, 550.00
T 1791054404 16 419308385390 58835 7431 
G 0, 100, 2100, 87, 549.98
G 1, 100, 2250, 89, 549.99
G 2, 100, 2235, 84, 550.00
G 3, 100, 2295, 78, 549.98
G 4, 100, 2175, 88, 549.99
G 5, 100, 2212, 90, 549.98
G 6, 100, 2220, 89, 549.98
G 7, 100, 2205, 84, 549.97
T 1791054409 16 419579179524 58887 7431 
G 0, 100, 2175, 87, 549.99
G 1, 100, 2220, 89, 549.99
G 2, 100, 2220, 84, 549.98
G 3, 100, 2287, 77, 550.00
G 4, 100, 2370, 88, 549.99
G 5, 100, 2197, 90, 549.99
G 6, 100, 2212, 89, 549.98
G 7, 100, 2137, 84, 549.98
T 1791054414 16 419833751431 58939 7431 
G 0, 100, 2190, 87, 549.98
G 1, 100, 2182, 89, 549.99
G 2, 100, 2227, 84, 550.00
G 3, 100, 2310, 77, 549.98
G 4, 100, 2227, 88, 549.98
G 5, 100, 2160, 90, 549.99
G 6, 100, 2197, 89, 549.98
G 7, 100, 2092, 84, 549.99
T 1791054419 16 420100547404 58991 7431 
G 0, 100, 2272, 87, 549.97
G 1, 100, 2272, 89, 550.00
G 2, 100, 2272, 84, 549.98
G 3, 100, 2325, 77, 549.98
G 4, 100, 2235, 88, 549.98
G 5, 100, 2205, 90, 549.99
G 6, 100, 2235, 89, 550.00
G 7, 100, 2152, 84, 549.97
T 1791054424 16 420337300456 59043 7431 
G 0, 100, 2205, 87, 550.01
G 1, 100, 2295, 89, 549.99
G 2, 100, 2220, 84, 549.99
G 3, 100, 2302, 77, 549.99
G 4, 100, 2220, 88, 549.97
G 5, 100, 2182, 90, 549.97
G 6, 100, 2235, 89, 550.00
G 7, 100, 2227, 84, 550.00
T 1791054430 16 420607084040 59094 7431 
G 0, 100, 2182, 87, 550.00
G 1, 100, 2175, 88, 549.98
G 2, 100, 2265, 84, 550.00
G 3, 100, 2205, 77, 549.99
G 4, 100, 2287, 88, 549.98
G 5, 100, 2122, 90, 550.00
G 6, 100, 2242, 89, 549.97
G 7, 100, 2175, 84, 549.97
T 1791054435 16 420885544568 59146 7431 
G 0, 100, 2182, 87, 549.99
G 1, 100, 2272, 89, 549.99
G 2, 100, 2235, 84, 549.98
G 3, 100, 2310, 77, 549.99
G 4, 100, 2272, 88, 549.98
G 5, 100, 2130, 90, 550.02
G 6, 100, 2190, 89, 549.99
G 7, 100, 2227, 84, 549.97
T 1791054440 16 421120277564 59198 7431 
G 0, 100, 2130, 87, 550.01
G 1, 100, 2220, 89, 549.99
G 2, 100, 2235, 84, 549.99
G 3, 100, 2355, 77, 549.99
G 4, 100, 2257, 88, 549.98
G 5, 100, 2190, 90, 550.00
G 6, 100, 2175, 89, 549.98
G 7, 100, 2107, 84, 549.96
T 1791054445 16 421391533637 59250 7431 
G 0, 100, 2190, 87, 549.99
G 1, 100, 2227, 88, 549.99
G 2, 100, 2205, 84, 549.99
G 3, 100, 2325, 77, 549.99
G 4, 100, 2122, 88, 549.99
G 5, 100, 2190, 90, 549.99
G 6, 100, 2220, 89, 549.99
G 7, 100, 2137, 84, 550.00
T 1791054450 16 421646586070 59302 7431 
G 0, 100, 2145, 87, 549.95
G 1, 100, 2175, 89, 549.99
G 2, 100, 2265, 84, 549.99
G 3, 100, 2265, 77, 549.98
G 4, 100, 2250, 88, 549.99
G 5, 100, 2115, 90, 549.99
G 6, 100, 2197, 89, 549.99
G 7, 100, 2137, 84, 550.00
T 1791054456 16 421917389707 59354 7431 
G 0, 100, 2182, 87, 549.98
G 1, 100, 2242, 89, 549.99
G 2, 100, 2220, 84, 549.98
G 3, 100, 2332, 77, 550.00
G 4, 100, 2242, 88, 550.01
G 5, 100, 2220, 90, 549.97
G 6, 100, 2265, 89, 549.99
G 7, 100, 2190, 84, 549.99
T 1791054461 16 422165505130 59406 7431 
G 0, 100, 2145, 87, 549.99
G 1, 100, 2160, 89, 550.00
G 2, 100, 2227, 84, 549.99
G 3, 100, 2257, 77, 549.99
G 4, 100, 2235, 88, 549.99
G 5, 100, 2212, 90, 549.97
G 6, 100, 2190, 89, 549.99
G 7, 100, 2190, 85, 549.99
T 1791054466 16 422434349966 59457 7431 
G 0, 100, 2152, 87, 549.98
G 1, 100, 2280, 88, 549.99
G 2, 100, 2235, 84, 550.01
G 3, 100, 2317, 77, 549.99
G 4, 100, 2137, 88, 549.98
G 5, 100, 2190, 90, 549.97
G 6, 100, 2160, 89, 549.97
G 7, 100, 2220, 84, 549.99
T 1791054471 16 422683603370 59509 7431 
G 0, 100, 2197, 87, 549.98
G 1, 100, 2212, 88, 550.00
G 2, 100, 2235, 84, 549.99
G 3, 100, 2310, 77, 549.99
G 4, 100, 2250, 88, 549.98
G 5, 100, 2205, 90, 549.98
G 6, 100, 2197, 89, 549.99
G 7, 100, 2212, 84, 549.98
T 1791054476 16 422933362321 59561 7431 
G 0, 100, 2190, 87, 549.99
G 1, 100, 2340, 89, 549.97
G 2, 100, 2182, 84, 549.98
G 3, 100, 2302, 77, 550.00
G 4, 100, 2197, 88, 549.99
G 5, 100, 2160, 90, 549.99
G 6, 100, 2287, 89, 550.00
G 7, 100, 2100, 84, 549.99
T 1791054481 16 423167696641 59612 7431 
G 0, 100, 2280, 87, 549.98
G 1, 100, 2265, 89, 549.99
G 2, 100, 2437, 84, 549.98
G 3, 100, 2257, 77, 549.99
G 4, 100, 2265, 88, 550.00
G 5, 100, 2137, 90, 550.01
G 6, 100, 2175, 89, 549.98
G 7, 100, 2242, 84, 550.00
T 1791054487 16 423455501531 59664 7431 
G 0, 100, 2160, 87, 550.00
G 1, 100, 2190, 89, 549.99
G 2, 100, 2295, 84, 549.99
G 3, 100, 2235, 77, 549.99
G 4, 100, 2265, 88, 549.99
G 5, 100, 2190, 90, 549.98
G 6, 100, 2205, 89, 550.01
G 7, 100, 2145, 84, 549.98
T 1791054492 16 423703645281 59716 7431 
G 0, 100, 2137, 87, 549.98
G 1, 100, 2152, 89, 549.99
G 2, 100, 2220, 84, 549.97
G 3, 100, 2287, 77, 549.99
G 4, 100, 2190, 88, 549.99
G 5, 100, 2257, 90, 549.98
G 6, 100, 2167, 89, 549.98
G 7, 100, 2257, 84, 549.98
T 1791054497 16 423985186852 59768 7431 
G 0, 100, 2190, 87, 549.97
G 1, 100, 2250, 89, 549.98
G 2, 100, 2190, 84, 549.99
G 3, 100, 2295, 77, 550.00
G 4, 100, 2212, 88, 549.99
G 5, 100, 2137, 90, 549.97
G 6, 100, 2235, 89, 549.99
G 7, 100, 2152, 84, 549.99
T 1791054502 16 424203397570 59820 7431 
G 0, 100, 2100, 87, 550.00
G 1, 100, 2160, 89, 550.00
G 2, 100, 2197, 84, 549.99
G 3, 100, 2430, 76, 549.99
G 4, 100, 2115, 88, 550.00
G 5, 100, 2160, 90, 549.98
G 6, 100, 2332, 89, 549.99
G 7, 100, 2047, 84, 549.99
T 1791054507 16 424491184959 59872 7431 
G 0, 100, 2107, 87, 550.01
G 1, 100, 2242, 88, 549.99
G 2, 100, 2250, 84, 549.98
G 3, 100, 2302, 77, 549.99
G 4, 100, 2175, 88, 550.00
G 5, 100, 2092, 90, 549.99
G 6, 100, 2242, 89, 549.97
G 7, 100, 2167, 84, 550.02
T 1791054513 16 424739755795 59924 7431 
G 0, 100, 2175, 87, 549.97
G 1, 100, 2287, 88, 549.99
G 2, 100, 2295, 84, 549.99
G 3, 100, 2347, 77, 549.99
G 4, 100, 2182, 88, 549.97
G 5, 100, 2175, 90, 550.00
G 6, 100, 2220, 89, 549.98
G 7, 100, 2100, 84, 549.98
T 1791054518 16 424987838138 59975 7431 
G 0, 100, 2107, 87, 549.99
G 1, 100, 2190, 88, 549.99
G 2, 100, 2257, 84, 549.99
G 3, 100, 2317, 77, 549.99
G 4, 100, 2152, 88, 549.98
G 5, 100, 2152, 90, 549.99
G 6, 100, 2295, 89, 549.98
G 7, 100, 2152, 84, 549.99
T 1791054523 16 425274700377 60028 7431 
G 0, 100, 2167, 87, 550.00
G 1, 100, 2272, 88, 549.99
G 2, 100, 2182, 83, 549.97
G 3, 100, 2265, 77, 549.98
G 4, 100, 2250, 88, 549.97
G 5, 100, 2145, 90, 549.96
G 6, 100, 2182, 89, 549.98
G 7, 100, 2167, 84, 549.99
T 1791054528 16 425513081980 60080 7431 
G 0, 100, 2107, 87, 549.97
G 1, 100, 2235, 88, 549.99
G 2, 100, 2115, 83, 549.97
G 3, 100, 2325, 77, 549.99
G 4, 100, 2190, 88, 549.99
G 5, 100, 2160, 90, 549.97
G 6, 100, 2212, 89, 549.97
G 7, 100, 2197, 84, 549.97
T 1791054533 16 425790961608 60131 7431 
G 0, 100, 2062, 86, 550.00
G 1, 100, 2205, 88, 549.99
G 2, 100, 2197, 84, 550.01
G 3, 100, 2362, 77, 549.99
G 4, 100, 2220, 88, 550.00
G 5, 100, 2250, 90, 549.98
G 6, 100, 2235, 89, 549.98
G 7, 100, 2205, 84, 549.97
T 1791054539 16 426056429973 60183 7431 
G 0, 100, 2197, 87, 550.00
G 1, 100, 2250, 89, 549.99
G 2, 100, 2257, 84, 550.00
G 3, 100, 2325, 77, 549.99
G 4, 100, 2220, 88, 549.97
G 5, 100, 2160, 90, 549.97
G 6, 100, 2265, 89, 549.99
G 7, 100, 2197, 84, 550.00
T 1791054544 16 426313976489 60235 7431 
G 0, 100, 2152, 87, 549.99
G 1, 100, 2190, 88, 549.99
G 2, 100, 2190, 84, 549.99
G 3, 100, 2355, 78, 550.00
G 4, 100, 2287, 88, 549.99
G 5, 100, 2070, 90, 549.99
G 6, 100, 2265, 89, 549.99
G 7, 100, 2280, 84, 549.96
T 1791054549 16 426556530304 60287 7431 
G 0, 100, 2130, 87, 550.00
G 1, 100, 2280, 88, 549.99
G 2, 100, 2242, 84, 549.98
G 3, 100, 2287, 77, 549.99
G 4, 100, 2167, 88, 549.99
G 5, 100, 2220, 90, 550.00
G 6, 100, 2272, 89, 549.98
G 7, 100, 2085, 84, 550.01
T 1791054554 16 426810393107 60338 7431 
G 0, 100, 2175, 87, 549.97
G 1, 100, 2250, 88, 549.99
G 2, 100, 2175, 83, 549.99
G 3, 100, 2265, 77, 549.98
G 4, 100, 2212, 88, 549.97
G 5, 100, 2212, 90, 549.97
G 6, 100, 2272, 89, 549.98
G 7, 100, 2152, 84, 550.00
T 1791054559 16 427071754667 60390 7431 
G 0, 100, 2205, 87, 549.97
G 1, 100, 2197, 88, 549.98
G 2, 100, 2257, 83, 549.99
G 3, 100, 2272, 77, 549.99
G 4, 100, 2197, 88, 549.99
G 5, 100, 2197, 90, 549.99
G 6, 100, 2175, 89, 549.98
G 7, 100, 2190, 85, 550.02
T 1791054564 16 427338263286 60442 7431 
G 0, 100, 2152, 87, 550.00
G 1, 100, 2272, 88, 550.00
G 2, 100, 2197, 84, 549.99
G 3, 100, 2332, 77, 549.99
G 4, 100, 2220, 88, 549.98
G 5, 100, 2197, 90, 549.99
G 6, 100, 2182, 89, 550.00
G 7, 100, 2212, 84, 549.97
T 1791054570 16 427586428093 60494 7431 
G 0, 100, 2122, 87, 549.99
G 1, 100, 2265, 89, 549.98
G 2, 100, 2190, 84, 549.97
G 3, 100, 2265, 77, 549.99
G 4, 100, 2160, 88, 549.98
G 5, 100, 2182, 90, 550.00
G 6, 100, 2287, 89, 549.99
G 7, 100, 2182, 84, 550.01
T 1791054575 16 427876953607 60546 7431 
G 0, 100, 2175, 87, 550.00
G 1, 100, 2227, 88, 549.99
G 2, 100, 2227, 84, 549.98
G 3, 100, 2280, 77, 549.98
G 4, 100, 2145, 88, 549.99
G 5, 100, 2145, 90, 550.01
G 6, 100, 2317, 89, 549.99
G 7, 100, 2197, 85, 549.99
T 1791054580 16 428118730849 60597 7431 
G 0, 100, 2122, 87, 550.00
G 1, 100, 2197, 88, 549.98
G 2, 100, 2220, 84, 549.99
G 3, 100, 2317, 77, 550.00
G 4, 100, 2197, 88, 549.99
G 5, 100, 2130, 90, 549.99
G 6, 100, 2280, 89, 549.99
G 7, 100, 2182, 84, 549.97
T 1791054585 16 428382926215 60649 7431 
G 0, 100, 2107, 87, 549.97
G 1, 100, 2220, 88, 549.99
G 2, 100, 2220, 84, 549.98
G 3, 100, 2332, 77, 549.98
G 4, 100, 2115, 88, 549.99
G 5, 100, 2167, 90, 549.98
G 6, 100, 2235, 89, 549.99
G 7, 100, 2152, 84, 549.99
T 1791054590 16 428645488344 60701 7431 
G 0, 100, 2130, 87, 549.99
G 1, 100, 2295, 88, 549.99
G 2, 100, 2227, 84, 549.98
G 3, 100, 2302, 77, 549.99
G 4, 100, 2287, 88, 549.98
G 5, 100, 2190, 90, 549.97
G 6, 100, 2205, 89, 549.99
G 7, 100, 2160, 84, 549.99
T 1791054595 16 428889897377 60753 7431 
G 0, 100, 2115, 87, 550.00
G 1, 100, 2182, 88, 549.98
G 2, 100, 2145, 84, 550.00
G 3, 100, 2325, 77, 549.99
G 4, 100, 2227, 88, 549.98
G 5, 100, 2160, 90, 549.99
G 6, 100, 2182, 90, 549.99
G 7, 100, 2137, 84, 549.96
T 1791054601 16 429165877182 60804 7431 
G 0, 100, 2227, 87, 549.99
G 1, 100, 2160, 88, 549.99
G 2, 100, 2227, 84, 549.99
G 3, 100, 2287, 77, 549.99
G 4, 100, 2272, 88, 550.00
G 5, 100, 2197, 90, 549.99
G 6, 100, 2130, 89, 549.99
G 7, 100, 2130, 84, 550.01
T 1791054606 16 429399895453 60856 7431 
G 0, 100, 2197, 87, 549.99
G 1, 100, 2190, 88, 549.99
G 2, 100, 2280, 84, 549.98
G 3, 100, 2235, 77, 549.98
G 4, 100, 2175, 88, 550.00
G 5, 100, 2160, 90, 550.03
G 6, 100, 2175, 89, 549.98
G 7, 100, 2175, 84, 549.99
T 1791054611 16 429703413651 60908 7431 
G 0, 100, 2137, 87, 549.98
G 1, 100, 2257, 88, 549.99
G 2, 100, 2242, 84, 549.97
G 3, 100, 2242, 77, 549.99
G 4, 100, 2242, 88, 549.99
G 5, 100, 2160, 90, 550.00
G 6, 100, 2235, 89, 549.99
G 7, 100, 2100, 84, 549.99
T 1791054616 16 429943199227 60959 7431 
G 0, 100, 2182, 87, 549.99
G 1, 100, 2220, 88, 549.99
G 2, 100, 2250, 84, 550.00
G 3, 100, 2377, 77, 549.99
G 4, 100, 2242, 88, 550.00
G 5, 100, 2047, 90, 549.96
G 6, 100, 2175, 89, 550.00
G 7, 100, 2235, 84, 550.00
T 1791054621 16 430192551014 61011 7431 
G 0, 100, 2167, 87, 550.00
G 1, 100, 2235, 88, 549.98
G 2, 100, 2212, 83, 549.99
G 3, 100, 2265, 77, 549.99
G 4, 100, 2242, 88, 549.99
G 5, 100, 2055, 90, 549.99
G 6, 100, 2220, 89, 549.99
G 7, 100, 2190, 84, 549.97
T 1791054627 16 430452683861 61063 7431 
G 0, 100, 2182, 87, 549.98
G 1, 100, 2197, 88, 549.98
G 2, 100, 2197, 84, 550.01
G 3, 100, 2295, 77, 549.99
G 4, 100, 2197, 88, 549.99
G 5, 100, 2205, 90, 549.99
G 6, 100, 2175, 89, 549.99
G 7, 100, 2212, 84, 549.99
T 1791054632 16 430693893382 61115 7431 
G 0, 100, 2175, 87, 549.99
G 1, 100, 2242, 88, 549.99
G 2, 100, 2205, 84, 549.99
G 3, 100, 2310, 77, 549.99
G 4, 100, 2160, 88, 549.98
G 5, 100, 2212, 90, 549.99
G 6, 100, 2137, 89, 549.97
G 7, 100, 2130, 84, 549.96
T 1791054637 16 430973937954 61167 7431 
G 0, 100, 2182, 87, 550.01
G 1, 100, 2272, 88, 549.99
G 2, 100, 2152, 84, 550.01
G 3, 100, 2295, 77, 549.99
G 4, 100, 2152, 88, 549.98
G 5, 100, 2145, 89, 549.98
G 6, 100, 2235, 89, 550.00
G 7, 100, 2227, 84, 550.01
T 1791054642 16 431220860641 61218 7431 
G 0, 100, 2167, 86, 549.97
G 1, 100, 2235, 88, 549.99
G 2, 100, 2175, 83, 549.99
G 3, 100, 2280, 77, 549.98
G 4, 100, 2197, 88, 550.01
G 5, 100, 2182, 90, 550.02
G 6, 100, 2257, 89, 549.99
G 7, 100, 2160, 84, 549.98
T 1791054647 16 431501143608 61270 7431 
G 0, 100, 2190, 87, 550.00
G 1, 100, 2265, 88, 549.99
G 2, 100, 2295, 83, 549.99
G 3, 100, 2280, 77, 549.99
G 4, 100, 2137, 88, 550.00
G 5, 100, 2137, 90, 550.00
G 6, 100, 2152, 89, 550.00
G 7, 100, 2197, 84, 549.98
T 1791054652 16 431745139777 61322 7431 
G 0, 100, 2107, 86, 550.01
G 1, 100, 2242, 88, 549.99
G 2, 100, 2272, 84, 549.99
G 3, 100, 2377, 77, 550.00
G 4, 100, 2235, 88, 549.99
G 5, 100, 2175, 90, 550.02
G 6, 100, 2227, 90, 549.99
G 7, 100, 2242, 84, 549.99
T 1791054658 16 432000633173 61374 7431 
G 0, 100, 2175, 87, 549.98
G 1, 100, 2152, 88, 549.99
G 2, 100, 2235, 84, 550.01
G 3, 100, 2445, 77, 549.99
G 4, 100, 2220, 88, 549.96
G 5, 100, 2182, 90, 549.99
G 6, 100, 2265, 90, 549.99
G 7, 100, 2242, 84, 549.99
T 1791054663 16 432256399808 61426 7431 
G 0, 100, 2145, 87, 550.00
G 1, 100, 2227, 88, 549.99
G 2, 100, 2145, 84, 550.00
G 3, 100, 2272, 77, 549.99
G 4, 100, 2197, 88, 550.00
G 5, 100, 2220, 90, 550.00
G 6, 100, 2272, 90, 549.98
G 7, 100, 2115, 84, 549.98
T 1791054668 16 432525818244 61477 7431 
G 0, 100, 2197, 87, 549.99
G 1, 100, 2212, 88, 549.98
G 2, 100, 2220, 84, 549.99
G 3, 100, 2287, 78, 550.00
G 4, 100, 2235, 88, 549.99
G 5, 100, 2257, 90, 550.00
G 6, 100, 2257, 89, 549.99
G 7, 100, 2175, 84, 550.00
T 1791054673 16 432766429249 61529 7431 
G 0, 100, 2032, 87, 550.01
G 1, 100, 2235, 88, 549.98
G 2, 100, 2115, 84, 549.97
G 3, 100, 2310, 78, 549.99
G 4, 100, 2355, 88, 550.00
G 5, 100, 2122, 90, 550.00
G 6, 100, 2220, 90, 549.98
G 7, 100, 2077, 84, 549.97
T 1791054678 16 433031885740 61581 7431 
G 0, 100, 2100, 87, 549.99
G 1, 100, 2190, 89, 549.98
G 2, 100, 2250, 84, 550.00
G 3, 100, 2280, 78, 549.99
G 4, 100, 2130, 88, 549.99
G 5, 100, 2152, 90, 549.99
G 6, 100, 2160, 90, 549.98
G 7, 100, 2250, 85, 549.99
T 1791054683 16 433324969588 61633 7431 
G 0, 100, 2175, 87, 549.99
G 1, 100, 2265, 89, 549.99
G 2, 100, 2257, 84, 549.99
G 3, 100, 2325, 78, 550.00
G 4, 100, 2182, 88, 549.99
G 5, 100, 2182, 90, 549.98
G 6, 100, 2227, 90, 549.99
G 7, 100, 2220, 85, 549.98
T 1791054689 16 433596043035 61685 7431 
G 0, 100, 2130, 87, 550.00
G 1, 100, 2265, 89, 549.99
G 2, 100, 2265, 84, 549.99
G 3, 100, 2317, 78, 549.99
G 4, 100, 2167, 88, 549.99
G 5, 100, 2182, 90, 550.00
G 6, 100, 2167, 90, 549.99
G 7, 100, 2190, 85, 550.00
T 1791054694 16 433830211254 61736 7431 
G 0, 100, 2055, 87, 549.98
G 1, 100, 2205, 88, 549.99
G 2, 100, 2145, 84, 550.00
G 3, 100, 2242, 78, 549.98
G 4, 100, 2197, 88, 550.00
G 5, 100, 2145, 90, 549.99
G 6, 100, 2190, 89, 549.98
G 7, 100, 2182, 85, 549.98
T 1791054699 16 434105389221 61788 7431 
G 0, 100, 2100, 87, 550.00
G 1, 100, 2182, 89, 549.98
G 2, 100, 2302, 84, 549.99
G 3, 100, 2332, 78, 549.98
G 4, 100, 2145, 88, 549.99
G 5, 100, 2130, 90, 550.01
G 6, 100, 2235, 89, 549.98
G 7, 100, 2205, 84, 549.97
T 1791054704 16 434376702866 61840 7431 
G 0, 100, 2190, 87, 550.01
G 1, 100, 2182, 88, 549.99
G 2, 100, 2182, 83, 549.99
G 3, 100, 2310, 78, 549.98
G 4, 100, 2130, 88, 549.97
G 5, 100, 2122, 90, 549.98
G 6, 100, 2197, 89, 549.98
G 7, 100, 2115, 84, 549.99
T 1791054709 16 434612414675 61892 7431 
G 0, 100, 2190, 87, 549.99
G 1, 100, 2107, 89, 549.98
G 2, 100, 2145, 84, 549.98
G 3, 100, 2257, 78, 549.98
G 4, 100, 2227, 88, 549.98
G 5, 100, 2152, 90, 549.99
G 6, 100, 2227, 90, 549.97
G 7, 100, 2152, 84, 549.99
T 1791054715 16 434905498228 61943 7431 
G 0, 100, 2130, 87, 550.02
G 1, 100, 2197, 89, 549.99
G 2, 100, 2227, 84, 549.98
G 3, 100, 2295, 78, 549.99
G 4, 100, 2100, 88, 549.99
G 5, 100, 2070, 90, 549.99
G 6, 100, 2212, 90, 549.99
G 7, 100, 2220, 84, 550.01
T 1791054720 16 435158379880 61995 7431 
G 0, 100, 2122, 87, 550.00
G 1, 100, 2175, 89, 549.99
G 2, 100, 2197, 84, 550.00
G 3, 100, 2317, 78, 549.99
G 4, 100, 2190, 88, 549.99
G 5, 100, 2152, 90, 550.00
G 6, 100, 2250, 90, 549.99
G 7, 100, 2205, 85, 550.01
T 1791054725 16 435429935160 62047 7431 
G 0, 100, 2167, 86, 549.99
G 1, 100, 2280, 89, 549.99
G 2, 100, 2197, 84, 549.97
G 3, 100, 2310, 78, 549.98
G 4, 100, 2317, 88, 549.98
G 5, 100, 2152, 90, 549.98
G 6, 100, 2220, 90, 549.97
G 7, 100, 2197, 84, 549.97
T 1791054730 16 435688935176 62099 7431 
G 0, 100, 2167, 87, 549.97
G 1, 100, 2272, 89, 549.99
G 2, 100, 2272, 84, 549.99
G 3, 100, 2332, 78, 549.98
G 4, 100, 2242, 88, 550.00
G 5, 100, 2212, 90, 550.00
G 6, 100, 2190, 90, 550.00
G 7, 100, 2092, 85, 549.98
T 1791054735 16 435918262486 62151 7431 
G 0, 100, 2167, 87, 549.98
G 1, 100, 2250, 88, 550.00
G 2, 100, 2167, 84, 549.98
G 3, 100, 2347, 78, 549.99
G 4, 100, 2175, 88, 549.98
G 5, 100, 2182, 90, 549.99
G 6, 100, 2280, 90, 549.98
G 7, 100, 2265, 85, 549.99
T 1791054740 16 436214287044 62202 7431 
G 0, 100, 2197, 87, 549.99
G 1, 100, 2152, 89, 549.99
G 2, 100, 2160, 84, 549.98
G 3, 100, 2287, 77, 549.99
G 4, 100, 2250, 88, 549.99
G 5, 100, 2175, 90, 550.00
G 6, 100, 2190, 89, 549.99
G 7, 100, 2392, 85, 549.98
T 1791054746 16 436484222199 62254 7431 
G 0, 100, 2182, 87, 550.01
G 1, 100, 2205, 89, 549.99
G 2, 100, 2190, 84, 549.96
G 3, 100, 2310, 77, 549.99
G 4, 100, 2175, 88, 549.99
G 5, 100, 2182, 90, 550.00
G 6, 100, 2227, 90, 550.00
G 7, 100, 2250, 85, 549.99
T 1791054751 16 436701139654 62306 7431 
G 0, 100, 2137, 86, 549.99
G 1, 100, 2265, 89, 549.99
G 2, 100, 2227, 84, 549.98
G 3, 100, 2287, 77, 549.99
G 4, 100, 2152, 88, 549.98
G 5, 100, 2160, 90, 550.00
G 6, 100, 2190, 89, 549.98
G 7, 100, 2152, 84, 549.98
T 1791054756 16 436968222375 62358 7431 
G 0, 100, 2130, 87, 550.00
G 1, 100, 2250, 88, 549.99
G 2, 100, 2175, 84, 550.01
G 3, 100, 2325, 77, 549.99
G 4, 100, 2190, 88, 549.99
G 5, 100, 2182, 90, 549.97
G 6, 100, 2160, 89, 549.99
G 7, 100, 2205, 85, 549.99
T 1791054761 16 437222935874 62410 7431 
G 0, 100, 2145, 87, 549.99
G 1, 100, 2152, 88, 550.00
G 2, 100, 2227, 84, 549.98
G 3, 100, 2272, 77, 549.97
G 4, 100, 2212, 88, 549.98
G 5, 100, 2175, 90, 549.97
G 6, 100, 2205, 90, 549.99
G 7, 100, 2190, 85, 550.01
T 1791054766 16 437485205611 62462 7431 
G 0, 100, 2137, 87, 549.98
G 1, 100, 2272, 88, 549.99
G 2, 100, 2182, 84, 549.99
G 3, 100, 2265, 77, 549.99
G 4, 100, 2197, 88, 549.99
G 5, 100, 2160, 90, 549.99
G 6, 100, 2280, 89, 550.00
G 7, 100, 2152, 85, 549.98
T 1791054772 16 437741389395 62513 7431 
G 0, 100, 2197, 87, 549.98
G 1, 100, 2190, 88, 549.98
G 2, 100, 2227, 84, 549.98
G 3, 100, 2317, 77, 550.00
G 4, 100, 2175, 88, 549.98
G 5, 100, 2197, 90, 549.97
G 6, 100, 2190, 89, 549.97
G 7, 100, 2212, 84, 550.00
T 1791054777 16 437998749322 62565 7431 
G 0, 100, 2092, 87, 550.00
G 1, 100, 2212, 88, 549.99
G 2, 100, 2250, 84, 550.00
G 3, 100, 2385, 77, 549.98
G 4, 100, 2197, 88, 549.98
G 5, 100, 2182, 90, 549.99
G 6, 100, 2265, 89, 549.99
G 7, 100, 2190, 84, 549.98
T 1791054782 16 438228893260 62617 7431 
G 0, 100, 2190, 87, 549.98
G 1, 100, 2160, 88, 549.99
G 2, 100, 2242, 84, 549.98
G 3, 100, 2280, 77, 549.99
G 4, 100, 2242, 88, 549.97
G 5, 100, 2182, 90, 549.99
G 6, 100, 2257, 89, 550.00
G 7, 100, 2130, 84, 549.99
T 1791054787 16 438497170698 62669 7431 
G 0, 100, 2145, 87, 549.99
G 1, 100, 2130, 88, 549.99
G 2, 100, 2182, 84, 549.98
G 3, 100, 2332, 77, 549.99
G 4, 100, 2205, 88, 550.00
G 5, 100, 2197, 90, 550.00
G 6, 100, 2197, 89, 549.99
G 7, 100, 2227, 84, 549.98
T 1791054792 16 438754176523 62721 7431 
G 0, 100, 2130, 87, 549.98
G 1, 100, 2145, 88, 549.98
G 2, 100, 2227, 84, 549.98
G 3, 100, 2302, 77, 549.98
G 4, 100, 2205, 88, 550.00
G 5, 100, 2205, 90, 549.98
G 6, 100, 2242, 89, 549.99
G 7, 100, 2175, 84, 550.01
T 1791054797 16 439036510308 62772 7431 
G 0, 100, 2145, 87, 549.98
G 1, 100, 2190, 88, 549.99
G 2, 100, 2265, 84, 549.99
G 3, 100, 2287, 77, 549.99
G 4, 100, 2205, 88, 549.99
G 5, 100, 2257, 90, 549.97
G 6, 100, 2175, 89, 549.98
G 7, 100, 2197, 84, 549.98
T 1791054803 16 439322670933 62824 7431 
G 0, 100, 2130, 87, 549.99
G 1, 100, 2212, 88, 549.99
G 2, 100, 2175, 84, 550.01
G 3, 100, 2325, 77, 549.99
G 4, 100, 2227, 88, 549.99
G 5, 100, 2197, 89, 549.99
G 6, 100, 2227, 89, 549.98
G 7, 100, 2167, 84, 549.98
T 1791054808 16 439582101979 62876 7431 
G 0, 100, 2197, 87, 549.99
G 1, 100, 2220, 88, 549.98
G 2, 100, 2182, 84, 550.01
G 3, 100, 2355, 77, 549.99
G 4, 100, 2077, 88, 550.00
G 5, 100, 2205, 90, 549.99
G 6, 100, 2175, 89, 550.00
G 7, 100, 2107, 84, 550.00
T 1791054813 16 439823973663 62928 7431 
G 0, 100, 2122, 87, 550.00
G 1, 100, 2280, 88, 549.99
G 2, 100, 2145, 84, 549.98
G 3, 100, 2370, 77, 549.99
G 4, 100, 2212, 88, 549.99
G 5, 100, 2242, 90, 549.98
G 6, 100, 2100, 89, 550.00
G 7, 100, 2130, 84, 549.95
T 1791054818 16 440096116766 62980 7431 
G 0, 100, 2167, 87, 549.99
G 1, 100, 2235, 88, 549.99
G 2, 100, 2152, 84, 549.97
G 3, 100, 2460, 77, 549.99
G 4, 100, 2197, 88, 550.00
G 5, 100, 2205, 90, 549.99
G 6, 100, 2190, 89, 549.98
G 7, 100, 2197, 84, 550.00
T 1791054823 16 440366764078 63031 7431 
G 0, 100, 2145, 86, 549.99
G 1, 100, 2287, 88, 549.99
G 2, 100, 2167, 84, 550.00
G 3, 100, 2415, 77, 549.99
G 4, 100, 2175, 88, 549.97
G 5, 100, 2167, 90, 549.99
G 6, 100, 2205, 89, 549.98
G 7, 100, 2167, 85, 549.98
T 1791054829 16 440637412304 63083 7431 
G 0, 100, 2152, 87, 549.98
G 1, 100, 2220, 88, 549.99
G 2, 100, 2280, 84, 550.00
G 3, 100, 2302, 77, 550.00
G 4, 100, 2182, 88, 549.98
G 5, 100, 2130, 90, 549.99
G 6, 100, 2197, 89, 549.99
G 7, 100, 2182, 84, 549.98
T 1791054834 16 440876616123 63135 7431 
G 0, 100, 2152, 87, 549.98
G 1, 100, 2257, 88, 549.99
G 2, 100, 2302, 84, 549.97
G 3, 100, 2272, 77, 549.99
G 4, 100, 2197, 88, 549.98
G 5, 100, 2092, 90, 549.97
G 6, 100, 2197, 90, 549.99
G 7, 100, 2212, 85, 550.00
T 1791054839 16 441121166404 63187 7431 
G 0, 100, 2242, 87, 549.98
G 1, 100, 2175, 88, 550.00
G 2, 100, 2122, 84, 550.00
G 3, 100, 2310, 77, 549.98
G 4, 100, 2152, 88, 549.97
G 5, 100, 2152, 90, 549.99
G 6, 100, 2235, 89, 549.99
G 7, 100, 2182, 84, 549.98
T 1791054844 16 441401077611 63239 7431 
G 0, 100, 2227, 87, 549.98
G 1, 100, 2212, 88, 549.98
G 2, 100, 2212, 84, 550.01
G 3, 100, 2250, 77, 549.99
G 4, 100, 2190, 88, 549.98
G 5, 100, 2190, 90, 549.99
G 6, 100, 2205, 90, 549.99
G 7, 100, 2175, 84, 549.99
T 1791054849 16 441651129852 63291 7431 
G 0, 100, 2205, 87, 549.98
G 1, 100, 2167, 88, 549.98
G 2, 100, 2152, 84, 549.99
G 3, 100, 2332, 77, 550.00
G 4, 100, 2130, 88, 549.98
G 5, 100, 2152, 90, 549.98
G 6, 100, 2137, 89, 549.98
G 7, 100, 2235, 84, 549.96
T 1791054854 16 441932704520 63343 7431 
G 0, 100, 2190, 87, 550.00
G 1, 100, 2250, 88, 550.01
G 2, 100, 2205, 84, 549.99
G 3, 100, 2235, 77, 550.00
G 4, 100, 2205, 88, 549.99
G 5, 100, 2160, 90, 549.98
G 6, 100, 2205, 89, 549.98
G 7, 100, 2115, 84, 549.98
T 1791054860 16 442173799437 63394 7431 
G 0, 100, 2130, 87, 549.99
G 1, 100, 2280, 88, 549.98
G 2, 100, 2242, 84, 549.99
G 3, 100, 2257, 77, 549.99
G 4, 100, 2182, 88, 549.99
G 5, 100, 2197, 90, 549.98
G 6, 100, 2265, 89, 549.97
G 7, 100, 2197, 84, 550.00
T 1791054865 16 442448642564 63446 7431 
G 0, 100, 2340, 87, 549.99
G 1, 100, 2190, 88, 549.99
G 2, 100, 2235, 84, 549.99
G 3, 100, 2287, 78, 549.99
G 4, 100, 2107, 88, 549.98
G 5, 100, 2070, 90, 549.99
G 6, 100, 2242, 89, 550.00
G 7, 100, 2190, 84, 549.99
T 1791054870 16 442686910679 63498 7431 
G 0, 100, 2152, 87, 550.00
G 1, 100, 2272, 88, 549.98
G 2, 100, 2242, 84, 549.99
G 3, 100, 2317, 78, 549.99
G 4, 100, 2280, 88, 549.99
G 5, 100, 2152, 90, 549.98
G 6, 100, 2205, 89, 549.98
G 7, 100, 2212, 84, 549.96
T 1791054875 16 442927463979 63550 7431 
G 0, 100, 2175, 87, 549.98
G 1, 100, 2280, 88, 549.99
G 2, 100, 2220, 84, 549.99
G 3, 100, 2310, 78, 550.00
G 4, 100, 2212, 88, 550.00
G 5, 100, 2077, 90, 549.98
G 6, 100, 2182, 89, 550.00
G 7, 100, 2100, 84, 549.99
T 1791054880 16 443208845572 63602 7431 
G 0, 100, 2167, 87, 549.99
G 1, 100, 2257, 88, 549.98
G 2, 100, 2235, 84, 549.98
G 3, 100, 2295, 78, 549.99
G 4, 100, 2182, 88, 549.98
G 5, 100, 2190, 90, 550.00
G 6, 100, 2227, 89, 549.98
G 7, 100, 2182, 84, 550.00
T 1791054886 16 443466196301 63653 7431 
G 0, 100, 2235, 87, 549.98
G 1, 100, 2265, 89, 549.99
G 2, 100, 2227, 84, 549.98
G 3, 100, 2370, 78, 549.99
G 4, 100, 2265, 88, 550.00
G 5, 100, 2145, 90, 549.97
G 6, 100, 2212, 89, 549.99
G 7, 100, 2122, 84, 549.99
T 1791054891 16 443725605143 63705 7431 
G 0, 100, 2092, 87, 549.98
G 1, 100, 2272, 88, 549.99
G 2, 100, 2175, 84, 549.96
G 3, 100, 2272, 77, 549.99
G 4, 100, 2265, 88, 549.98
G 5, 100, 2190, 90, 549.99
G 6, 100, 2205, 89, 550.01
G 7, 100, 2220, 84, 550.01
T 1791054896 16 443975351498 63757 7431 
G 0, 100, 2175, 87, 550.00
G 1, 100, 2257, 88, 549.98
G 2, 100, 2160, 83, 550.01
G 3, 100, 2310, 77, 549.99
G 4, 100, 2212, 88, 549.99
G 5, 100, 2220, 90, 549.99
G 6, 100, 2287, 89, 549.99
G 7, 100, 2092, 84, 549.97
T 1791054901 16 444233401153 63809 7431 
G 0, 100, 2175, 87, 549.98
G 1, 100, 2227, 88, 549.98
G 2, 100, 2145, 84, 549.99
G 3, 100, 2332, 77, 549.99
G 4, 100, 2122, 88, 549.99
G 5, 100, 2250, 90, 549.98
G 6, 100, 2167, 89, 549.98
G 7, 100, 2085, 84, 549.98
T 1791054906 16 444499119153 63861 7431 
G 0, 100, 2152, 87, 549.99
G 1, 100, 2220, 88, 549.99
G 2, 100, 2220, 84, 549.99
G 3, 100, 2325, 77, 550.00
G 4, 100, 2190, 88, 549.98
G 5, 100, 2160, 90, 549.97
G 6, 100, 2190, 89, 549.99
G 7, 100, 2085, 84, 549.98
T 1791054911 16 444780640541 63912 7431 
G 0, 100, 2167, 87, 549.98
G 1, 100, 2220, 88, 549.99
G 2, 100, 2257, 84, 549.98
G 3, 100, 2310, 78, 549.99
G 4, 100, 2145, 88, 549.98
G 5, 100, 2355, 90, 549.99
G 6, 100, 2160, 89, 549.99
G 7, 100, 2182, 84, 549.98
T 1791054917 16 445059340878 63964 7431 
G 0, 100, 2235, 87, 550.00
G 1, 100, 2227, 88, 549.98
G 2, 100, 2265, 84, 550.01
G 3, 100, 2287, 77, 549.99
G 4, 100, 2242, 88, 549.98
G 5, 100, 2115, 90, 549.99
G 6, 100, 2167, 89, 549.99
G 7, 100, 2250, 84, 550.00
T 1791054922 16 445310222855 64016 7431 
G 0, 100, 2122, 87, 550.01
G 1, 100, 2212, 88, 549.98
G 2, 100, 2212, 84, 549.99
G 3, 100, 2265, 77, 549.98
G 4, 100, 2235, 88, 549.98
G 5, 100, 2250, 90, 549.99
G 6, 100, 2242, 89, 549.99
G 7, 100, 2212, 84, 549.99
T 1791054927 16 445560151102 64068 7431 
G 0, 100, 2167, 87, 549.98
G 1, 100, 2145, 88, 549.99
G 2, 100, 2242, 84, 550.00
G 3, 100, 2302, 77, 549.99
G 4, 100, 2257, 88, 550.00
G 5, 100, 2167, 90, 549.97
G 6, 100, 2167, 89, 549.98
G 7, 100, 2220, 84, 550.01
T 1791054932 16 445832709782 64120 7431 
G 0, 100, 2175, 87, 550.01
G 1, 100, 2242, 88, 550.00
G 2, 100, 2167, 84, 549.99
G 3, 100, 2325, 77, 549.99
G 4, 100, 2130, 88, 549.99
G 5, 100, 2115, 90, 549.98
G 6, 100, 2212, 89, 550.00
G 7, 100, 2197, 84, 549.99
T 1791054937 16 446088976835 64172 7431 
G 0, 100, 2152, 87, 550.01
G 1, 100, 2242, 88, 549.99
G 2, 100, 2295, 84, 549.98
G 3, 100, 2295, 77, 549.99
G 4, 100, 2167, 87, 550.00
G 5, 100, 2160, 90, 549.98
G 6, 100, 2182, 89, 549.97
G 7, 100, 2212, 84, 549.98
T 1791054943 16 446340838442 64223 7431 
G 0, 100, 2182, 87, 549.98
G 1, 100, 2332, 88, 549.98
G 2, 100, 2212, 84, 549.99
G 3, 100, 2280, 77, 549.99
G 4, 100, 2137, 88, 549.98
G 5, 100, 2182, 90, 550.00
G 6, 100, 2130, 89, 550.01
G 7, 100, 2137, 84, 549.98
T 1791054948 16 446644817474 64275 7431 
G 0, 100, 2175, 87, 549.97
G 1, 100, 2257, 88, 549.98
G 2, 100, 2287, 84, 549.99
G 3, 100, 2310, 77, 549.99
G 4, 100, 2205, 88, 549.99
G 5, 100, 2160, 90, 549.98
G 6, 100, 2227, 89, 550.00
G 7, 100, 2152, 84, 549.99
T 1791054953 16 446899101966 64327 7431 
G 0, 100, 2197, 87, 549.99
G 1, 100, 2265, 88, 549.99
G 2, 100, 2220, 83, 550.01
G 3, 100, 2227, 77, 549.99
G 4, 100, 2160, 88, 549.99
G 5, 100, 2092, 90, 549.99
G 6, 100, 2250, 89, 549.99
G 7, 100, 2265, 84, 549.99
T 1791054958 16 447136643941 64379 7431 
G 0, 100, 2160, 87, 549.99
G 1, 100, 2100, 88, 550.00
G 2, 100, 2272, 84, 549.99
G 3, 100, 2325, 77, 549.99
G 4, 100, 2340, 88, 549.99
G 5, 100, 2250, 90, 550.00
G 6, 100, 2190, 89, 550.00
G 7, 100, 2167, 84, 550.01
T 1791054963 16 447423065935 64431 7431 
G 0, 100, 2145, 87, 550.01
G 1, 100, 2287, 88, 550.00
G 2, 100, 2160, 83, 549.99
G 3, 100, 2317, 77, 549.98
G 4, 100, 2242, 88, 549.99
G 5, 100, 2212, 90, 549.99
G 6, 100, 2205, 89, 550.00
G 7, 100, 2160, 84, 549.99
T 1791054968 16 447706407868 64482 7431 
G 0, 100, 2167, 87, 549.98
G 1, 100, 2265, 88, 550.00
G 2, 100, 2235, 83, 549.99
G 3, 100, 2272, 77, 549.98
G 4, 100, 2235, 88, 550.01
G 5, 100, 2167, 90, 550.01
G 6, 100, 2220, 89, 549.98
G 7, 100, 2220, 84, 550.01
T 1791054974 16 447950576562 64534 7431 
G 0, 100, 2145, 86, 549.97
G 1, 100, 2205, 88, 549.98
G 2, 100, 2212, 83, 549.97
G 3, 100, 2392, 77, 549.99
G 4, 100, 2182, 88, 549.97
G 5, 100, 2167, 89, 550.00
G 6, 100, 2212, 89, 549.99
G 7, 100, 2115, 84, 550.00
T 1791054979 16 448218500845 64586 7431 
G 0, 100, 2077, 87, 549.98
G 1, 100, 2130, 88, 549.99
G 2, 100, 2212, 84, 549.99
G 3, 100, 2310, 77, 549.99
G 4, 100, 2205, 88, 549.99
G 5, 100, 2145, 90, 549.99
G 6, 100, 2160, 89, 550.01
G 7, 100, 2100, 84, 549.97
T 1791054984 16 448455209696 64638 7431 
G 0, 100, 2197, 87, 550.00
G 1, 100, 2242, 88, 549.98
G 2, 100, 2272, 83, 549.99
G 3, 100, 2332, 77, 549.99
G 4, 100, 2235, 88, 549.98
G 5, 100, 2197, 90, 549.97
G 6, 100, 2377, 89, 549.99
G 7, 100, 2175, 84, 549.99
T 1791054989 16 448704683384 64690 7431 
G 0, 100, 2145, 87, 549.99
G 1, 100, 2145, 88, 549.99
G 2, 100, 2265, 84, 549.99
G 3, 100, 2272, 77, 549.99
G 4, 100, 2137, 88, 549.99
G 5, 100, 2212, 90, 549.99
G 6, 100, 2145, 89, 549.98
G 7, 100, 2130, 84, 550.01
T 1791054994 16 449001279686 64742 7431 
G 0, 100, 2182, 87, 549.98
G 1, 100, 2145, 88, 549.99
G 2, 100, 2212, 83, 549.98
G 3, 100, 2302, 77, 549.98
G 4, 100, 2257, 88, 550.00
G 5, 100, 2175, 90, 550.00
G 6, 100, 2190, 89, 549.99
G 7, 100, 2122, 84, 550.01
T 1791055000 16 449255757001 64794 7431 
G 0, 100, 2107, 86, 549.97
G 1, 100, 2160, 88, 550.00
G 2, 100, 2272, 84, 549.98
G 3, 100, 2280, 76, 549.99
G 4, 100, 2197, 88, 550.00
G 5, 100, 2212, 90, 549.99
G 6, 100, 2265, 89, 549.99
G 7, 100, 2220, 84, 550.00
T 1791055005 16 449540982745 64846 7431 
G 0, 100, 2175, 87, 550.02
G 1, 100, 2250, 88, 549.99
G 2, 100, 2145, 83, 549.99
G 3, 100, 2287, 77, 549.98
G 4, 100, 2160, 88, 549.99
G 5, 100, 2175, 90, 549.97
G 6, 100, 2242, 89, 549.98
G 7, 100, 2257, 84, 549.96
T 1791055010 16 449810577895 64897 7431 
G 0, 100, 2115, 86, 549.99
G 1, 100, 2242, 88, 549.99
G 2, 100, 2227, 84, 550.00
G 3, 100, 2407, 77, 549.98
G 4, 100, 2190, 88, 549.99
G 5, 100, 2145, 90, 549.98
G 6, 100, 2145, 89, 549.98
G 7, 100, 2122, 84, 550.00
T 1791055015 16 450056514639 64949 7431 
G 0, 100, 2205, 87, 550.00
G 1, 100, 2235, 88, 549.98
G 2, 100, 2122, 83, 549.98
G 3, 100, 2325, 77, 549.99
G 4, 100, 2212, 88, 549.98
G 5, 100, 2152, 90, 550.00
G 6, 100, 2227, 89, 549.99
G 7, 100, 2092, 84, 549.98
T 1791055020 16 450324827810 65001 7431 
G 0, 100, 2130, 87, 549.97
G 1, 100, 2227, 88, 550.00
G 2, 100, 2287, 84, 549.99
G 3, 100, 2392, 77, 549.99
G 4, 100, 2257, 88, 549.97
G 5, 100, 2235, 90, 549.98
G 6, 100, 2145, 89, 549.97
G 7, 100, 2137, 84, 550.00
T 1791055025 16 450613562440 65053 7431 
G 0, 100, 2332, 87, 549.99
G 1, 100, 2220, 88, 549.99
G 2, 100, 2250, 84, 549.98
G 3, 100, 2310, 77, 549.98
G 4, 100, 2220, 88, 549.99
G 5, 100, 2145, 90, 549.99
G 6, 100, 2242, 89, 549.99
G 7, 100, 2175, 84, 550.01
T 1791055031 16 450830583529 65104 7431 
G 0, 100, 2220, 87, 549.99
G 1, 100, 2205, 88, 549.99
G 2, 100, 2190, 84, 549.99
G 3, 100, 2250, 77, 549.99
G 4, 100, 2175, 88, 549.99
G 5, 100, 2137, 90, 549.99
G 6, 100, 2227, 89, 549.98
G 7, 100, 2212, 84, 549.97
T 1791055036 16 451130627168 65156 7431 
G 0, 100, 2145, 86, 549.97
G 1, 100, 2227, 88, 549.98
G 2, 100, 2235, 84, 550.00
G 3, 100, 2370, 77, 549.99
G 4, 100, 2257, 88, 550.00
G 5, 100, 2122, 90, 549.98
G 6, 100, 2175, 89, 549.98
G 7, 100, 2167, 84, 549.97
T 1791055041 16 451407980487 65208 7431 
G 0, 100, 2182, 86, 549.99
G 1, 100, 2235, 89, 550.00
G 2, 100, 2220, 84, 549.99
G 3, 100, 2310, 77, 549.99
G 4, 100, 2265, 88, 549.98
G 5, 100, 2190, 90, 549.98
G 6, 100, 2257, 90, 549.98
G 7, 100, 2197, 84, 550.00
T 1791055046 16 451648324106 65260 7431 
G 0, 100, 2167, 87, 550.00
G 1, 100, 2280, 88, 549.98
G 2, 100, 2160, 84, 549.97
G 3, 100, 2257, 77, 549.99
G 4, 100, 2235, 88, 549.98
G 5, 100, 2152, 90, 550.01
G 6, 100, 2152, 89, 549.99
G 7, 100, 2242, 84, 549.99
T 1791055051 16 451936094209 65311 7431 
G 0, 100, 2197, 87, 549.98
G 1, 100, 2175, 88, 549.98
G 2, 100, 2220, 84, 550.00
G 3, 100, 2332, 77, 549.99
G 4, 100, 2190, 88, 549.99
G 5, 100, 2265, 90, 549.98
G 6, 100, 2227, 90, 549.98
G 7, 100, 2182, 84, 550.01
T 1791055057 16 452152642638 65363 7431 
G 0, 100, 2145, 87, 549.98
G 1, 100, 2287, 88, 549.98
G 2, 100, 2272, 84, 550.00
G 3, 100, 2362, 77, 549.98
G 4, 100, 2220, 88, 550.00
G 5, 100, 2167, 90, 549.99
G 6, 100, 2190, 89, 549.98
G 7, 100, 2280, 84, 549.98
T 1791055062 16 452410721344 65415 7431 
G 0, 100, 2100, 87, 550.00
G 1, 100, 2205, 88, 549.99
G 2, 100, 2205, 84, 549.99
G 3, 100, 2325, 77, 549.99
G 4, 100, 2257, 88, 549.98
G 5, 100, 2122, 90, 550.00
G 6, 100, 2287, 89, 549.97
G 7, 100, 2212, 84, 549.96
T 1791055067 16 452658896072 65467 7431 
G 0, 100, 2220, 87, 549.98
G 1, 100, 2152, 89, 549.99
G 2, 100, 2182, 84, 549.99
G 3, 100, 2287, 77, 549.99
G 4, 100, 2175, 88, 549.98
G 5, 100, 2100, 90, 549.99
G 6, 100, 2190, 89, 549.99
G 7, 100, 2182, 84, 550.00
T 1791055072 16 452922196301 65519 7431 
G 0, 100, 2182, 87, 550.00
G 1, 100, 2257, 89, 549.99
G 2, 100, 2265, 84, 550.01
G 3, 100, 2310, 77, 550.00
G 4, 100, 2175, 88, 549.99
G 5, 100, 2137, 89, 550.00
G 6, 100, 2257, 89, 549.98
G 7, 100, 2235, 84, 550.01
T 1791055077 16 453179004688 65570 7431 
G 0, 100, 2145, 87, 549.98
G 1, 100, 2220, 88, 549.99
G 2, 100, 2235, 83, 550.02
G 3, 100, 2355, 77, 549.99
G 4, 100, 2137, 88, 549.99
G 5, 100, 2227, 90, 549.98
G 6, 100, 2212, 90, 549.99
G 7, 100, 2205, 84, 550.01
T 1791055082 16 453465236432 65622 7431 
G 0, 100, 2160, 87, 550.00
G 1, 100, 2257, 89, 549.99
G 2, 100, 2355, 84, 549.99
G 3, 100, 2257, 77, 549.99
G 4, 100, 2182, 88, 550.00
G 5, 100, 2160, 90, 549.98
G 6, 100, 2212, 89, 549.98
G 7, 100, 2182, 84, 549.99
T 1791055088 16 453732991708 65674 7431 
G 0, 100, 2137, 87, 549.97
G 1, 100, 2212, 89, 549.99
G 2, 100, 2167, 84, 549.98
G 3, 100, 2280, 77, 549.99
G 4, 100, 2227, 88, 549.98
G 5, 100, 2355, 90, 549.97
G 6, 100, 2265, 90, 549.98
G 7, 100, 2212, 84, 549.99
T 1791055093 16 453990762221 65726 7431 
G 0, 100, 2137, 87, 549.98
G 1, 100, 2167, 89, 549.98
G 2, 100, 2220, 84, 550.00
G 3, 100, 2227, 77, 549.99
G 4, 100, 2122, 88, 549.99
G 5, 100, 2152, 90, 549.99
G 6, 100, 2250, 90, 549.99
G 7, 100, 2092, 84, 549.97
T 1791055098 16 454261322474 65778 7431 
G 0, 100, 2182, 87, 549.99
G 1, 100, 2212, 89, 549.99
G 2, 100, 2197, 83, 549.99
G 3, 100, 2242, 77, 550.00
G 4, 100, 2205, 88, 549.98
G 5, 100, 2092, 90, 550.00
G 6, 100, 2130, 90, 549.97
G 7, 100, 2197, 84, 549.97
T 1791055103 16 454527631599 65830 7431 
G 0, 100, 2167, 87, 549.98
G 1, 100, 2227, 89, 549.99
G 2, 100, 2212, 84, 549.99
G 3, 100, 2272, 78, 549.99
G 4, 100, 2205, 88, 549.98
G 5, 100, 2167, 90, 549.98
G 6, 100, 2122, 89, 549.99
G 7, 100, 2197, 84, 549.98
T 1791055108 16 454808139262 65882 7431 
G 0, 100, 2130, 87, 549.99
G 1, 100, 2205, 89, 549.98
G 2, 100, 2220, 84, 549.98
G 3, 100, 2295, 77, 549.99
G 4, 100, 2205, 88, 549.98
G 5, 100, 2182, 90, 549.98
G 6, 100, 2287, 90, 549.98
G 7, 100, 2242, 84, 549.97
T 1791055114 16 455072948363 65933 7431 
G 0, 100, 2145, 87, 550.02
G 1, 100, 2220, 89, 549.98
G 2, 100, 2212, 84, 549.99
G 3, 100, 2355, 77, 549.98
G 4, 100, 2092, 88, 549.99
G 5, 100, 2175, 90, 549.96
G 6, 100, 2332, 90, 549.99
G 7, 100, 2182, 84, 549.98
T 1791055119 16 455330709406 65985 7431 
G 0, 100, 2160, 87, 549.99
G 1, 100, 2235, 89, 549.99
G 2, 100, 2212, 84, 550.00
G 3, 100, 2520, 78, 549.99
G 4, 100, 2137, 88, 549.98
G 5, 100, 2175, 90, 549.97
G 6, 100, 2160, 90, 549.99
G 7, 100, 2205, 84, 549.98
T 1791055124 16 455564263302 66037 7431 
G 0, 100, 2115, 87, 550.01
G 1, 100, 2235, 88, 549.99
G 2, 100, 2160, 84, 549.98
G 3, 100, 2242, 77, 549.99
G 4, 100, 2152, 88, 549.98
G 5, 100, 2190, 90, 549.98
G 6, 100, 2265, 90, 549.97
G 7, 100, 2242, 84, 549.98
T 1791055129 16 455833754854 66089 7431 
G 0, 100, 2145, 87, 549.99
G 1, 100, 2242, 89, 549.99
G 2, 100, 2182, 84, 549.99
G 3, 100, 2287, 77, 549.99
G 4, 100, 2182, 88, 549.99
G 5, 100, 2220, 90, 549.99
G 6, 100, 2182, 90, 549.99
G 7, 100, 2212, 84, 549.98
T 1791055134 16 456086802827 66140 7431 
G 0, 100, 2190, 87, 549.98
G 1, 100, 2137, 89, 549.98
G 2, 100, 2160, 84, 549.97
G 3, 100, 2310, 78, 550.00
G 4, 100, 2272, 88, 550.01
G 5, 100, 2182, 90, 550.00
G 6, 100, 2115, 90, 550.00
G 7, 100, 2122, 84, 549.99
T 1791055139 16 456356329134 66192 7431 
G 0, 100, 2070, 87, 549.96
G 1, 100, 2197, 89, 549.98
G 2, 100, 2205, 84, 549.98
G 3, 100, 2340, 78, 549.98
G 4, 100, 2122, 88, 549.98
G 5, 100, 2092, 90, 549.98
G 6, 100, 2130, 90, 549.98
G 7, 100, 2227, 84, 549.98
T 1791055145 16 456633402680 66244 7431 
G 0, 100, 2145, 87, 549.99
G 1, 100, 2272, 89, 549.99
G 2, 100, 2212, 84, 549.98
G 3, 100, 2317, 78, 549.98
G 4, 100, 2197, 88, 549.98
G 5, 100, 2130, 90, 549.98
G 6, 100, 2130, 90, 549.99
G 7, 100, 2152, 85, 549.98
T 1791055150 16 456908856976 66296 7431 
G 0, 100, 2265, 87, 549.99
G 1, 100, 2242, 89, 549.99
G 2, 100, 2182, 84, 550.01
G 3, 100, 2340, 77, 549.99
G 4, 100, 2227, 88, 549.98
G 5, 100, 2100, 90, 549.99
G 6, 100, 2190, 90, 550.01
G 7, 100, 2190, 84, 550.04
T 1791055155 16 457165151699 66348 7431 
G 0, 100, 2212, 87, 549.98
G 1, 100, 2250, 88, 549.99
G 2, 100, 2250, 84, 549.99
G 3, 100, 2295, 77, 549.99
G 4, 100, 2310, 88, 550.00
G 5, 100, 2160, 90, 550.00
G 6, 100, 2130, 89, 549.99
G 7, 100, 2302, 84, 550.00
T 1791055160 16 457427662529 66400 7431 
G 0, 100, 2137, 87, 550.01
G 1, 100, 2272, 89, 549.99
G 2, 100, 2182, 84, 549.98
G 3, 100, 2250, 77, 549.99
G 4, 100, 2175, 88, 550.00
G 5, 100, 2152, 90, 549.97
G 6, 100, 2220, 90, 549.97
G 7, 100, 2182, 84, 549.97
T 1791055165 16 457683951357 66451 7431 
G 0, 100, 2130, 87, 549.98
G 1, 100, 2160, 89, 549.98
G 2, 100, 2265, 84, 550.00
G 3, 100, 2370, 77, 549.99
G 4, 100, 2197, 88, 550.00
G 5, 100, 2137, 90, 549.99
G 6, 100, 2302, 90, 549.99
G 7, 100, 2152, 84, 549.98
T 1791055171 16 457942365396 66503 7431 
G 0, 100, 2212, 87, 550.01
G 1, 100, 2130, 88, 549.98
G 2, 100, 2317, 84, 550.00
G 3, 100, 2280, 77, 549.99
G 4, 100, 2152, 88, 549.99
G 5, 100, 2160, 90, 549.98
G 6, 100, 2145, 90, 549.99
G 7, 100, 2190, 84, 549.98
T 1791055176 16 458215454206 66555 7431 
G 0, 100, 2107, 87, 549.98
G 1, 100, 2272, 89, 549.99
G 2, 100, 2227, 84, 549.98
G 3, 100, 2287, 77, 549.99
G 4, 100, 2287, 88, 549.99
G 5, 100, 2092, 90, 550.01
G 6, 100, 2220, 90, 549.99
G 7, 100, 2250, 84, 549.97
T 1791055181 16 458484877981 66607 7431 
G 0, 100, 2122, 87, 549.99
G 1, 100, 2220, 89, 550.00
G 2, 100, 2235, 83, 549.98
G 3, 100, 2310, 77, 549.99
G 4, 100, 2160, 88, 549.97
G 5, 100, 2107, 90, 549.99
G 6, 100, 2250, 89, 549.99
G 7, 100, 2152, 84, 550.00
T 1791055186 16 458718089916 66659 7431 
G 0, 100, 2115, 86, 549.98
G 1, 100, 2182, 89, 549.99
G 2, 100, 2250, 84, 549.98
G 3, 100, 2332, 77, 549.99
G 4, 100, 2235, 88, 550.00
G 5, 100, 2092, 90, 549.98
G 6, 100, 2242, 90, 549.98
G 7, 100, 2235, 84, 549.96
T 1791055191 16 458991588485 66710 7431 
G 0, 100, 2152, 87, 549.96
G 1, 100, 2340, 89, 549.98
G 2, 100, 2250, 83, 549.99
G 3, 100, 2272, 77, 549.99
G 4, 100, 2197, 88, 549.97
G 5, 100, 2145, 90, 549.99
G 6, 100, 2137, 89, 549.99
G 7, 100, 2190, 84, 550.03
T 1791055196 16 459260872297 66762 7431 
G 0, 100, 2092, 87, 549.99
G 1, 100, 2220, 89, 550.00
G 2, 100, 2272, 83, 550.00
G 3, 100, 2317, 77, 549.99
G 4, 100, 2212, 88, 549.98
G 5, 100, 2295, 90, 550.00
G 6, 100, 2257, 89, 550.00
G 7, 100, 2152, 84, 550.02
T 1791055202 16 459513590769 66814 7431 
G 0, 100, 2175, 87, 550.00
G 1, 100, 2295, 89, 549.99
G 2, 100, 2265, 84, 549.98
G 3, 100, 2280, 77, 549.99
G 4, 100, 2197, 88, 549.99
G 5, 100, 2145, 90, 549.99
G 6, 100, 2167, 89, 549.97
G 7, 100, 2092, 84, 549.97
T 1791055207 16 459752095627 66866 7431 
G 0, 100, 2235, 87, 549.98
G 1, 100, 2182, 89, 549.99
G 2, 100, 2272, 83, 549.97
G 3, 100, 2287, 77, 549.99
G 4, 100, 2220, 88, 550.00
G 5, 100, 2220, 90, 550.00
G 6, 100, 2257, 89, 549.97
G 7, 100, 2190, 84, 550.00
T 1791055212 16 460039786205 66918 7431 
G 0, 100, 2152, 87, 549.99
G 1, 100, 2212, 89, 549.99
G 2, 100, 2250, 84, 550.00
G 3, 100, 2325, 77, 549.98
G 4, 100, 2100, 88, 549.98
G 5, 100, 2197, 90, 549.99
G 6, 100, 2197, 89, 550.00
G 7, 100, 2182, 84, 550.01
T 1791055217 16 460292463000 66969 7431 
G 0, 100, 2197, 87, 549.97
G 1, 100, 2130, 88, 549.99
G 2, 100, 2122, 84, 549.95
G 3, 100, 2362, 77, 549.99
G 4, 100, 2182, 88, 549.99
G 5, 100, 2302, 90, 549.99
G 6, 100, 2205, 90, 549.97
G 7, 100, 2197, 84, 549.99
T 1791055222 16 460561865103 67021 7431 
G 0, 100, 2310, 87, 550.01
G 1, 100, 2137, 88, 549.99
G 2, 100, 2220, 84, 549.99
G 3, 100, 2400, 77, 549.98
G 4, 100, 2175, 88, 549.99
G 5, 100, 2220, 90, 550.00
G 6, 100, 2197, 89, 550.00
G 7, 100, 2220, 84, 549.99
T 1791055228 16 460798270972 67073 7431 
G 0, 100, 2175, 87, 549.98
G 1, 100, 2272, 89, 549.99
G 2, 100, 2197, 84, 549.98
G 3, 100, 2377, 77, 549.99
G 4, 100, 2167, 88, 549.99
G 5, 100, 2182, 90, 550.00
G 6, 100, 2197, 89, 549.99
G 7, 100, 2152, 84, 550.00
T 1791055233 16 461056296473 67125 7431 
G 0, 100, 2190, 87, 549.99
G 1, 100, 2265, 89, 549.99
G 2, 100, 2250, 83, 549.97
G 3, 100, 2302, 77, 549.98
G 4, 100, 2130, 88, 549.99
G 5, 100, 2145, 90, 549.96
G 6, 100, 2167, 89, 550.00
G 7, 100, 2137, 84, 549.97
T 1791055238 16 461339742858 67176 7431 
G 0, 100, 2115, 87, 549.99
G 1, 100, 2220, 88, 549.99
G 2, 100, 2227, 84, 549.98
G 3, 100, 2392, 78, 550.00
G 4, 100, 2265, 88, 550.01
G 5, 100, 2152, 90, 549.99
G 6, 100, 2145, 90, 549.99
G 7, 100, 2175, 85, 549.97
T 1791055243 16 461629859978 67228 7431 
G 0, 100, 2175, 87, 550.00
G 1, 100, 2235, 88, 549.99
G 2, 100, 2242, 84, 549.98
G 3, 100, 2310, 77, 549.99
G 4, 100, 2182, 88, 550.00
G 5, 100, 2062, 90, 549.99
G 6, 100, 2205, 89, 550.00
G 7, 100, 2182, 84, 549.97
T 1791055248 16 461883478756 67280 7431 
G 0, 100, 2220, 87, 549.96
G 1, 100, 2220, 89, 549.98
G 2, 100, 2205, 84, 549.98
G 3, 100, 2235, 78, 549.99
G 4, 100, 2197, 88, 549.97
G 5, 100, 2182, 90, 550.02
G 6, 100, 2212, 89, 549.98
G 7, 100, 2227, 84, 549.97
T 1791055253 16 462137135820 67332 7431 
G 0, 100, 2160, 87, 550.00
G 1, 100, 2137, 88, 549.98
G 2, 100, 2212, 84, 550.00
G 3, 100, 2325, 78, 550.00
G 4, 100, 2325, 88, 550.00
G 5, 100, 2182, 90, 550.00
G 6, 100, 2160, 89, 550.00
G 7, 100, 2160, 85, 549.98
T 1791055259 16 462364335185 67384 7431 
G 0, 100, 2197, 87, 549.99
G 1, 100, 2190, 88, 549.99
G 2, 100, 2205, 84, 549.99
G 3, 100, 2295, 78, 549.98
G 4, 100, 2160, 88, 550.00
G 5, 100, 2152, 90, 550.00
G 6, 100, 2137, 89, 549.99
G 7, 100, 2205, 84, 549.99
T 1791055264 16 462604076519 67436 7431 
G 0, 100, 2115, 87, 549.98
G 1, 100, 2220, 89, 549.99
G 2, 100, 2265, 84, 549.99
G 3, 100, 2250, 78, 549.99
G 4, 100, 2137, 88, 550.00
G 5, 100, 2115, 90, 550.01
G 6, 100, 2250, 89, 550.00
G 7, 100, 2167, 85, 550.00
T 1791055269 16 462902791507 67487 7431 
G 0, 100, 2182, 87, 550.02
G 1, 100, 2265, 88, 549.99
G 2, 100, 2182, 84, 550.00
G 3, 100, 2272, 78, 549.99
G 4, 100, 2265, 88, 549.99
G 5, 100, 2145, 90, 549.99
G 6, 100, 2272, 90, 550.01
G 7, 100, 2130, 85, 550.00
T 1791055274 16 463173100311 67539 7431 
G 0, 100, 2205, 87, 549.99
G 1, 100, 2265, 89, 550.00
G 2, 100, 2212, 84, 550.01
G 3, 100, 2295, 78, 549.98
G 4, 100, 2272, 88, 549.99
G 5, 100, 2130, 90, 550.00
G 6, 100, 2227, 89, 549.98
G 7, 100, 2325, 85, 549.99
T 1791055279 16 463418992962 67591 7431 
G 0, 100, 2190, 87, 549.99
G 1, 100, 2265, 89, 549.98
G 2, 100, 2130, 84, 549.98
G 3, 100, 2280, 78, 549.99
G 4, 100, 2167, 88, 549.99
G 5, 100, 2152, 90, 549.98
G 6, 100, 2182, 89, 549.99
G 7, 100, 2115, 85, 550.00
T 1791055284 16 463658076337 67643 7431 
G 0, 100, 2175, 87, 549.97
G 1, 100, 2265, 89, 549.99
G 2, 100, 2175, 84, 550.02
G 3, 100, 2310, 78, 549.99
G 4, 100, 2182, 88, 549.98
G 5, 100, 2227, 90, 549.99
G 6, 100, 2167, 89, 549.99
G 7, 100, 2220, 85, 550.00
T 1791055290 16 463935190404 67695 7431 
G 0, 100, 2175, 87, 549.98
G 1, 100, 2212, 88, 549.98
G 2, 100, 2197, 84, 549.98
G 3, 100, 2325, 77, 550.01
G 4, 100, 2220, 88, 549.98
G 5, 100, 2092, 90, 549.97
G 6, 100, 2265, 89, 550.01
G 7, 100, 2197, 84, 549.97
T 1791055295 16 464201554827 67746 7431 
G 0, 100, 2160, 87, 550.00
G 1, 100, 2182, 89, 549.98
G 2, 100, 2220, 84, 550.00
G 3, 100, 2220, 78, 549.99
G 4, 100, 2220, 88, 549.99
G 5, 100, 2175, 90, 550.01
G 6, 100, 2250, 89, 550.00
G 7, 100, 2062, 84, 549.97
T 1791055300 16 464474474088 67798 7431 
G 0, 100, 2175, 87, 549.99
G 1, 100, 2227, 89, 550.00
G 2, 100, 2242, 84, 549.99
G 3, 100, 2280, 78, 549.99
G 4, 100, 2212, 88, 549.99
G 5, 100, 2122, 90, 549.97
G 6, 100, 2220, 89, 549.99
G 7, 100, 2167, 85, 549.95
T 1791055305 16 464735617148 67850 7431 
G 0, 100, 2145, 87, 549.98
G 1, 100, 2227, 89, 549.98
G 2, 100, 2197, 84, 549.98
G 3, 100, 2227, 78, 549.99
G 4, 100, 2205, 88, 549.99
G 5, 100, 2182, 90, 550.00
G 6, 100, 2220, 89, 549.98
G 7, 100, 2122, 84, 549.99
T 1791055310 16 464989835163 67902 7431 
G 0, 100, 2160, 86, 550.00
G 1, 100, 2257, 89, 549.99
G 2, 100, 2212, 84, 549.99
G 3, 100, 2265, 78, 549.99
G 4, 100, 2235, 88, 549.99
G 5, 100, 2145, 90, 549.99
G 6, 100, 2220, 89, 550.01
G 7, 100, 2205, 84, 549.96
T 1791055316 16 465268858835 67954 7431 
G 0, 100, 2145, 87, 549.98
G 1, 100, 2205, 89, 549.98
G 2, 100, 2160, 84, 549.98
G 3, 100, 2332, 78, 549.99
G 4, 100, 2175, 88, 549.97
G 5, 100, 2167, 90, 550.00
G 6, 100, 2205, 90, 549.99
G 7, 100, 2197, 85, 549.97
T 1791055321 16 465523957580 68006 7431 
G 0, 100, 2152, 87, 549.98
G 1, 100, 2280, 89, 549.98
G 2, 100, 2100, 84, 550.01
G 3, 100, 2310, 78, 550.00
G 4, 100, 2115, 88, 549.98
G 5, 100, 2197, 90, 549.99
G 6, 100, 2280, 90, 549.98
G 7, 100, 2152, 85, 549.97
T 1791055326 16 465786334737 68058 7431 
G 0, 100, 2122, 87, 549.98
G 1, 100, 2190, 89, 549.99
G 2, 100, 2175, 84, 549.98
G 3, 100, 2295, 78, 549.99
G 4, 100, 2160, 88, 549.98
G 5, 100, 2130, 90, 549.99
G 6, 100, 2220, 89, 549.99
G 7, 100, 2160, 84, 549.97
T 1791055331 16 466061583409 68109 7431 
G 0, 100, 2175, 87, 549.98
G 1, 100, 2220, 89, 549.98
G 2, 100, 2272, 84, 550.00
G 3, 100, 2317, 78, 549.99
G 4, 100, 2167, 88, 549.98
G 5, 100, 2175, 90, 549.99
G 6, 100, 2220, 90, 550.01
G 7, 100, 2197, 84, 550.00
T 1791055336 16 466325207764 68161 7431 
G 0, 100, 2175, 87, 549.98
G 1, 100, 2242, 89, 549.99
G 2, 100, 2190, 84, 549.98
G 3, 100, 2310, 78, 549.98
G 4, 100, 2242, 88, 549.99
G 5, 100, 2130, 90, 549.99
G 6, 100, 2205, 90, 549.98
G 7, 100, 2250, 84, 549.99
T 1791055341 16 466569601110 68213 7431 
G 0, 100, 2160, 87, 549.98
G 1, 100, 2212, 89, 550.00
G 2, 100, 2160, 84, 549.97
G 3, 100, 2272, 78, 549.99
G 4, 100, 2137, 88, 549.99
G 5, 100, 2145, 90, 549.97
G 6, 100, 2130, 89, 550.01
G 7, 100, 2145, 84, 549.99
T 1791055347 16 466801011969 68265 7431 
G 0, 100, 2092, 87, 549.97
G 1, 100, 2227, 89, 549.99
G 2, 100, 2302, 84, 549.97
G 3, 100, 2272, 78, 549.99
G 4, 100, 2182, 88, 549.98
G 5, 100, 2152, 90, 549.98
G 6, 100, 2182, 90, 549.96
G 7, 100, 2235, 84, 549.98
T 1791055352 16 467062480997 68316 7431 
G 0, 100, 2190, 87, 549.97
G 1, 100, 2130, 89, 549.99
G 2, 100, 2235, 84, 549.97
G 3, 100, 2287, 78, 550.00
G 4, 100, 2205, 88, 549.98
G 5, 100, 2100, 90, 550.00
G 6, 100, 2182, 90, 549.99
G 7, 100, 2107, 84, 549.99
T 1791055357 16 467357754135 68368 7431 
G 0, 100, 2145, 87, 549.96
G 1, 100, 2235, 89, 549.99
G 2, 100, 2227, 84, 549.99
G 3, 100, 2287, 78, 549.99
G 4, 100, 2175, 88, 549.97
G 5, 100, 2160, 90, 549.96
G 6, 100, 2235, 90, 550.00
G 7, 100, 2190, 85, 549.99
T 1791055362 16 467626321744 68420 7431 
G 0, 100, 2235, 87, 549.97
G 1, 100, 2287, 89, 549.98
G 2, 100, 2250, 84, 549.98
G 3, 100, 2332, 78, 549.98
G 4, 100, 2175, 88, 549.98
G 5, 100, 2167, 90, 549.99
G 6, 100, 2220, 89, 549.98
G 7, 100, 2182, 85, 549.96
T 1791055367 16 467867877908 68472 7431 
G 0, 100, 2152, 87, 550.00
G 1, 100, 2175, 89, 549.98
G 2, 100, 2175, 84, 550.00
G 3, 100, 2475, 78, 550.00
G 4, 100, 2190, 88, 550.00
G 5, 100, 2085, 90, 549.97
G 6, 100, 2205, 90, 549.99
G 7, 100, 2190, 85, 549.97
T 1791055373 16 468170144356 68524 7431 
G 0, 100, 2115, 87, 549.99
G 1, 100, 2265, 89, 549.99
G 2, 100, 2115, 84, 550.00
G 3, 100, 2355, 78, 549.98
G 4, 100, 2212, 88, 549.98
G 5, 100, 2182, 90, 549.98
G 6, 100, 2250, 90, 549.99
G 7, 100, 2220, 85, 550.00
T 1791055378 16 468419688101 68575 7431 
G 0, 100, 2205, 87, 549.97
G 1, 100, 2182, 89, 549.99
G 2, 100, 2122, 84, 549.99
G 3, 100, 2347, 78, 549.99
G 4, 100, 2182, 88, 549.99
G 5, 100, 2212, 90, 549.99
G 6, 100, 2182, 90, 549.99
G 7, 100, 2152, 85, 550.01
T 1791055383 16 468667235165 68627 7431 
G 0, 100, 2130, 87, 549.98
G 1, 100, 2227, 89, 549.98
G 2, 100, 2295, 84, 549.99
G 3, 100, 2235, 78, 549.99
G 4, 100, 2220, 88, 549.98
G 5, 100, 2272, 90, 549.99
G 6, 100, 2235, 90, 549.99
G 7, 100, 2235, 84, 549.97
T 1791055388 16 468940440658 68679 7431 
G 0, 100, 2190, 87, 550.02
G 1, 100, 2190, 89, 549.98
G 2, 100, 2220, 84, 550.00
G 3, 100, 2280, 78, 549.99
G 4, 100, 2175, 88, 549.99
G 5, 100, 2137, 90, 549.97
G 6, 100, 2190, 90, 549.97
G 7, 100, 2100, 84, 549.97
T 1791055393 16 469212734363 68731 7431 
G 0, 100, 2167, 87, 549.98
G 1, 100, 2182, 89, 549.98
G 2, 100, 2145, 84, 550.01
G 3, 100, 2302, 78, 550.00
G 4, 100, 2205, 88, 550.00
G 5, 100, 2137, 90, 549.98
G 6, 100, 2212, 90, 549.98
G 7, 100, 2190, 85, 549.98
T 1791055398 16 469458382293 68783 7431 
G 0, 100, 2182, 87, 550.00
G 1, 100, 2250, 89, 549.99
G 2, 100, 2205, 84, 549.99
G 3, 100, 2272, 78, 549.98
G 4, 100, 2265, 88, 549.98
G 5, 100, 2137, 90, 549.99
G 6, 100, 2242, 90, 549.99
G 7, 100, 2257, 85, 549.99
T 1791055404 16 469723949407 68835 7431 
G 0, 100, 2085, 87, 549.98
G 1, 100, 2242, 89, 549.98
G 2, 100, 2265, 84, 549.99
G 3, 100, 2272, 78, 549.99
G 4, 100, 2220, 88, 549.98
G 5, 100, 2160, 90, 549.99
G 6, 100, 2175, 89, 549.99
G 7, 100, 2122, 84, 549.98
T 1791055409 16 469964008667 68886 7431 
G 0, 100, 2205, 87, 550.01
G 1, 100, 2242, 88, 549.99
G 2, 100, 2250, 84, 549.99
G 3, 100, 2317, 78, 549.99
G 4, 100, 2145, 88, 549.99
G 5, 100, 2190, 90, 549.99
G 6, 100, 2235, 89, 549.98
G 7, 100, 2145, 84, 549.99
T 1791055414 16 470233516590 68938 7431 
G 0, 100, 2137, 87, 550.01
G 1, 100, 2235, 89, 549.99
G 2, 100, 2175, 84, 550.00
G 3, 100, 2325, 78, 549.99
G 4, 100, 2175, 88, 549.99
G 5, 100, 2160, 90, 550.01
G 6, 100, 2182, 90, 549.98
G 7, 100, 2190, 85, 549.99
T 1791055419 16 470498769863 68990 7431 
G 0, 100, 2190, 87, 550.02
G 1, 100, 2235, 89, 549.98
G 2, 100, 2092, 84, 549.99
G 3, 100, 2377, 77, 550.00
G 4, 100, 2212, 88, 549.99
G 5, 100, 2197, 90, 550.01
G 6, 100, 2130, 89, 550.00
G 7, 100, 2115, 84, 549.97
T 1791055424 16 470765151803 69041 7431 
G 0, 100, 2190, 87, 549.99
G 1, 100, 2250, 89, 550.00
G 2, 100, 2145, 84, 549.99
G 3, 100, 2280, 77, 550.00
G 4, 100, 2242, 88, 550.00
G 5, 100, 2137, 90, 549.99
G 6, 100, 2227, 90, 550.00
G 7, 100, 2190, 84, 549.99
T 1791055430 16 471029765495 69093 7431 
G 0, 100, 2092, 87, 549.98
G 1, 100, 2212, 89, 549.98
G 2, 100, 2227, 84, 550.00
G 3, 100, 2347, 77, 549.99
G 4, 100, 2160, 88, 550.00
G 5, 100, 2152, 90, 549.99
G 6, 100, 2400, 90, 549.97
G 7, 100, 2205, 85, 549.99
T 1791055435 16 471270786229 69145 7431 
G 0, 100, 2182, 87, 549.99
G 1, 100, 2250, 89, 549.99
G 2, 100, 2272, 84, 550.00
G 3, 100, 2287, 77, 549.99
G 4, 100, 2250, 88, 549.99
G 5, 100, 2070, 90, 549.99
G 6, 100, 2145, 89, 549.98
G 7, 100, 2175, 85, 550.01
T 1791055440 16 471542191072 69197 7431 
G 0, 100, 2167, 87, 549.99
G 1, 100, 2205, 89, 549.98
G 2, 100, 2212, 84, 549.99
G 3, 100, 2287, 77, 549.99
G 4, 100, 2167, 88, 550.01
G 5, 100, 2325, 90, 549.99
G 6, 100, 2250, 89, 549.99
G 7, 100, 2190, 85, 549.98
T 1791055445 16 471807300699 69249 7431 
G 0, 100, 2197, 87, 549.99
G 1, 100, 2325, 89, 550.00
G 2, 100, 2220, 84, 549.99
G 3, 100, 2310, 77, 549.99
G 4, 100, 2182, 88, 549.99
G 5, 100, 2107, 90, 549.99
G 6, 100, 2175, 90, 550.00
G 7, 100, 2122, 85, 549.97
T 1791055450 16 472048943812 69301 7431 
G 0, 100, 2152, 87, 549.97
G 1, 100, 2257, 88, 549.98
G 2, 100, 2242, 84, 549.99
G 3, 100, 2325, 78, 549.98
G 4, 100, 2190, 88, 549.98
G 5, 100, 2085, 90, 549.99
G 6, 100, 2205, 90, 549.98
G 7, 100, 2100, 84, 550.00
T 1791055455 16 472308585522 69352 7431 
G 0, 100, 2190, 87, 549.99
G 1, 100, 2272, 88, 549.99
G 2, 100, 2205, 84, 549.98
G 3, 100, 2310, 77, 549.99
G 4, 100, 2242, 88, 549.99
G 5, 100, 2137, 90, 549.99
G 6, 100, 2295, 90, 550.00
G 7, 100, 2167, 85, 549.99
T 1791055461 16 472597171405 69404 7431 
G 0, 100, 2160, 87, 550.00
G 1, 100, 2167, 88, 549.98
G 2, 100, 2175, 84, 549.97
G 3, 100, 2317, 77, 549.99
G 4, 100, 2205, 88, 550.00
G 5, 100, 2160, 90, 549.98
G 6, 100, 2227, 89, 549.98
G 7, 100, 2062, 85, 550.01
T 1791055466 16 472856649481 69456 7431 
G 0, 100, 2167, 87, 549.99
G 1, 100, 2122, 88, 549.98
G 2, 100, 2257, 84, 549.97
G 3, 100, 2242, 78, 549.98
G 4, 100, 2205, 88, 549.97
G 5, 100, 2175, 90, 549.99
G 6, 100, 2242, 89, 549.97
G 7, 100, 2205, 85, 549.96
T 1791055471 16 473104713443 69508 7431 
G 0, 100, 2197, 87, 549.98
G 1, 100, 2197, 88, 549.98
G 2, 100, 2272, 84, 549.97
G 3, 100, 2340, 77, 549.99
G 4, 100, 2235, 88, 550.00
G 5, 100, 2235, 90, 550.00
G 6, 100, 2265, 89, 550.00
G 7, 100, 2137, 85, 549.97
T 1791055476 16 473393804466 69560 7431 
G 0, 100, 2085, 87, 550.00
G 1, 100, 2235, 88, 550.00
G 2, 100, 2145, 84, 549.98
G 3, 100, 2325, 78, 549.98
G 4, 100, 2122, 88, 550.00
G 5, 100, 2100, 90, 550.00
G 6, 100, 2227, 89, 550.00
G 7, 100, 2182, 85, 549.98
T 1791055481 16 473679192978 69612 7431 
G 0, 100, 2175, 87, 549.99
G 1, 100, 2100, 88, 549.99
G 2, 100, 2212, 85, 549.98
G 3, 100, 2310, 78, 550.00
G 4, 100, 2220, 88, 549.98
G 5, 100, 2182, 90, 549.99
G 6, 100, 2250, 89, 550.00
G 7, 100, 2227, 85, 549.98
T 1791055487 16 473912162452 69663 7431 
G 0, 100, 2107, 87, 549.98
G 1, 100, 2287, 89, 549.98
G 2, 100, 2212, 84, 549.99
G 3, 100, 2272, 78, 549.98
G 4, 100, 2182, 88, 550.00
G 5, 100, 2137, 89, 549.99
G 6, 100, 2250, 89, 549.99
G 7, 100, 2205, 85, 549.97
T 1791055492 16 474146752064 69715 7431 
G 0, 100, 2122, 87, 549.97
G 1, 100, 2235, 88, 549.99
G 2, 100, 2175, 85, 549.99
G 3, 100, 2325, 78, 549.99
G 4, 100, 2175, 88, 549.99
G 5, 100, 2092, 90, 549.99
G 6, 100, 2190, 89, 549.99
G 7, 100, 2227, 85, 550.01
T 1791055497 16 474441635062 69767 7431 
G 0, 100, 2220, 87, 550.00
G 1, 100, 2265, 88, 549.99
G 2, 100, 2220, 85, 550.01
G 3, 100, 2235, 78, 549.99
G 4, 100, 2175, 88, 550.00
G 5, 100, 2145, 90, 550.03
G 6, 100, 2152, 90, 549.98
G 7, 100, 2197, 85, 549.99
T 1791055502 16 474687674707 69819 7431 
G 0, 100, 2265, 87, 549.98
G 1, 100, 2250, 89, 550.00
G 2, 100, 2175, 85, 550.01
G 3, 100, 2302, 78, 549.99
G 4, 100, 2145, 88, 550.00
G 5, 100, 2137, 90, 549.99
G 6, 100, 2137, 89, 549.99
G 7, 100, 2160, 85, 549.99
T 1791055507 16 474941612482 69870 7431 
G 0, 100, 2107, 87, 549.99
G 1, 100, 2212, 89, 549.99
G 2, 100, 2122, 85, 549.99
G 3, 100, 2325, 79, 549.98
G 4, 100, 2205, 88, 549.99
G 5, 100, 2190, 90, 549.99
G 6, 100, 2160, 90, 549.98
G 7, 100, 2272, 85, 550.01
T 1791055512 16 475217933818 69922 7431 
G 0, 100, 2175, 87, 550.01
G 1, 100, 2287, 89, 549.99
G 2, 100, 2257, 85, 550.01
G 3, 100, 2302, 78, 550.00
G 4, 100, 2137, 88, 549.98
G 5, 100, 2227, 90, 549.99
G 6, 100, 2227, 90, 549.99
G 7, 100, 2167, 85, 549.99
T 1791055518 16 475467995412 69974 7431 
G 0, 100, 2160, 87, 549.98
G 1, 100, 2302, 88, 549.98
G 2, 100, 2280, 85, 549.96
G 3, 100, 2235, 78, 549.99
G 4, 100, 2212, 88, 549.97
G 5, 100, 2137, 90, 549.99
G 6, 100, 2115, 90, 549.99
G 7, 100, 2220, 85, 549.99
T 1791055523 16 475729401260 70026 7431 
G 0, 100, 2190, 88, 550.01
G 1, 100, 2235, 88, 549.99
G 2, 100, 2287, 85, 549.99
G 3, 100, 2250, 78, 549.99
G 4, 100, 2107, 88, 550.01
G 5, 100, 2167, 90, 549.98
G 6, 100, 2167, 90, 549.99
G 7, 100, 2197, 85, 549.99
T 1791055528 16 476016216748 70077 7431 
G 0, 100, 2160, 87, 549.98
G 1, 100, 2272, 89, 549.99
G 2, 100, 2407, 85, 549.96
G 3, 100, 2302, 79, 549.99
G 4, 100, 2205, 88, 550.00
G 5, 100, 2152, 90, 549.98
G 6, 100, 2250, 90, 549.98
G 7, 100, 2175, 85, 550.02
T 1791055533 16 476296216279 70129 7431 
G 0, 100, 2167, 87, 550.00
G 1, 100, 2250, 88, 549.97
G 2, 100, 2205, 85, 549.98
G 3, 100, 2265, 79, 549.99
G 4, 100, 2205, 88, 550.00
G 5, 100, 2100, 90, 549.99
G 6, 100, 2220, 90, 549.99
G 7, 100, 2130, 85, 549.99
T 1791055538 16 476540346925 70181 7431 
G 0, 100, 2160, 88, 549.99
G 1, 100, 2235, 89, 549.98
G 2, 100, 2205, 85, 549.99
G 3, 100, 2242, 79, 549.99
G 4, 100, 2227, 88, 550.00
G 5, 100, 2220, 90, 549.99
G 6, 100, 2287, 90, 549.99
G 7, 100, 2257, 85, 549.99
T 1791055544 16 476801880805 70233 7431 
G 0, 100, 2047, 87, 550.00
G 1, 100, 2197, 89, 549.99
G 2, 100, 2212, 85, 549.99
G 3, 100, 2250, 79, 549.98
G 4, 100, 2190, 88, 550.00
G 5, 100, 2197, 90, 549.97
G 6, 100, 2107, 90, 549.99
G 7, 100, 2167, 85, 550.00
T 1791055549 16 477070418656 70285 7431 
G 0, 100, 2167, 87, 550.00
G 1, 100, 2265, 89, 549.98
G 2, 100, 2332, 85, 550.00
G 3, 100, 2280, 78, 549.98
G 4, 100, 2167, 88, 549.98
G 5, 100, 2160, 90, 549.98
G 6, 100, 2295, 90, 549.98
G 7, 100, 2212, 85, 549.97
T 1791055554 16 477311181704 70337 7431 
G 0, 100, 2175, 87, 549.99
G 1, 100, 2265, 89, 549.99
G 2, 100, 2100, 85, 549.98
G 3, 100, 2257, 79, 549.99
G 4, 100, 2137, 88, 549.98
G 5, 100, 2265, 90, 549.99
G 6, 100, 2152, 90, 549.99
G 7, 100, 2100, 85, 550.00
T 1791055559 16 477566375456 70388 7431 
G 0, 100, 2257, 87, 549.99
G 1, 100, 2340, 89, 549.98
G 2, 100, 2235, 85, 550.01
G 3, 100, 2242, 78, 549.98
G 4, 100, 2182, 88, 550.00
G 5, 100, 2167, 90, 550.00
G 6, 100, 2242, 90, 549.99
G 7, 100, 2175, 85, 549.97
T 1791055564 16 477836858117 70440 7431 
G 0, 100, 2167, 87, 549.97
G 1, 100, 2160, 89, 549.99
G 2, 100, 2197, 85, 549.98
G 3, 100, 2227, 78, 549.98
G 4, 100, 2220, 88, 550.00
G 5, 100, 2175, 90, 549.99
G 6, 100, 2115, 90, 550.00
G 7, 100, 2130, 85, 549.96
T 1791055569 16 478102982669 70492 7431 
G 0, 100, 2145, 87, 550.01
G 1, 100, 2272, 89, 549.99
G 2, 100, 2227, 85, 549.98
G 3, 100, 2340, 78, 549.98
G 4, 100, 2190, 88, 550.00
G 5, 100, 2100, 90, 549.96
G 6, 100, 2212, 90, 549.98
G 7, 100, 2197, 85, 549.99
T 1791055575 16 478385763178 70544 7431 
G 0, 100, 2175, 87, 550.00
G 1, 100, 2205, 88, 549.99
G 2, 100, 2167, 85, 550.00
G 3, 100, 2325, 78, 549.99
G 4, 100, 2242, 88, 549.98
G 5, 100, 2190, 90, 549.98
G 6, 100, 2280, 90, 549.98
G 7, 100, 2175, 85, 549.99
T 1791055580 16 478603982998 70596 7431 
G 0, 100, 2190, 87, 550.00
G 1, 100, 2257, 89, 550.00
G 2, 100, 2242, 85, 549.98
G 3, 100, 2317, 78, 549.98
G 4, 100, 2182, 88, 550.00
G 5, 100, 2085, 90, 549.98
G 6, 100, 2145, 90, 549.99
G 7, 100, 2115, 85, 549.98
T 1791055585 16 478889365012 70647 7431 
G 0, 100, 2160, 87, 549.97
G 1, 100, 2250, 89, 549.98
G 2, 100, 2212, 85, 549.99
G 3, 100, 2272, 78, 550.00
G 4, 100, 2235, 88, 549.99
G 5, 100, 2205, 90, 549.96
G 6, 100, 2205, 90, 550.00
G 7, 100, 2205, 86, 549.96
T 1791055590 16 479142944996 70699 7431 
G 0, 100, 2092, 87, 549.99
G 1, 100, 2137, 89, 549.99
G 2, 100, 2205, 85, 549.99
G 3, 100, 2482, 78, 549.99
G 4, 100, 2235, 88, 549.98
G 5, 100, 2227, 90, 549.99
G 6, 100, 2190, 90, 549.98
G 7, 100, 2130, 85, 549.99
T 1791055595 16 479392211797 70751 7431 
G 0, 100, 2115, 87, 549.99
G 1, 100, 2235, 89, 549.99
G 2, 100, 2152, 85, 550.01
G 3, 100, 2325, 78, 549.99
G 4, 100, 2182, 88, 549.99
G 5, 100, 2092, 90, 549.98
G 6, 100, 2137, 90, 549.98
G 7, 100, 2197, 86, 549.98
T 1791055600 16 479667581939 70802 7431 
G 0, 100, 2145, 87, 550.00
G 1, 100, 2205, 89, 549.99
G 2, 100, 2152, 85, 549.98
G 3, 100, 2302, 78, 549.99
G 4, 100, 2175, 88, 550.00
G 5, 100, 2227, 90, 549.98
G 6, 100, 2160, 90, 549.98
G 7, 100, 2115, 85, 549.98
T 1791055606 16 479928587137 70854 7431 
G 0, 100, 2182, 87, 550.00
G 1, 100, 2235, 89, 549.99
G 2, 100, 2310, 85, 549.98
G 3, 100, 2287, 79, 550.00
G 4, 100, 2167, 88, 550.00
G 5, 100, 2197, 90, 549.98
G 6, 100, 2257, 90, 549.98
G 7, 100, 2190, 86, 549.95
T 1791055611 16 480170774169 70906 7431 
G 0, 100, 2115, 87, 549.99
G 1, 100, 2197, 89, 549.99
G 2, 100, 2220, 85, 550.00
G 3, 100, 2280, 79, 549.99
G 4, 100, 2220, 88, 549.98
G 5, 100, 2107, 90, 550.01
G 6, 100, 2242, 90, 549.96
G 7, 100, 2182, 86, 549.98
T 1791055616 16 480452774181 70958 7431 
G 0, 100, 2205, 87, 549.98
G 1, 100, 2265, 89, 549.98
G 2, 100, 2257, 85, 549.98
G 3, 100, 2250, 79, 549.98
G 4, 100, 2175, 88, 550.00
G 5, 100, 2212, 90, 549.99
G 6, 100, 2220, 90, 549.99
G 7, 100, 2182, 86, 550.00
T 1791055621 16 480724374786 71010 7431 
G 0, 100, 2175, 88, 549.97
G 1, 100, 2212, 89, 549.99
G 2, 100, 2227, 85, 549.98
G 3, 100, 2332, 79, 550.00
G 4, 100, 2160, 88, 550.02
G 5, 100, 2115, 90, 549.98
G 6, 100, 2212, 90, 549.97
G 7, 100, 2242, 86, 549.98
T 1791055626 16 480960724578 71062 7431 
G 0, 100, 2152, 88, 549.99
G 1, 100, 2340, 89, 550.00
G 2, 100, 2242, 85, 550.00
G 3, 100, 2332, 79, 549.99
G 4, 100, 2107, 88, 550.00
G 5, 100, 2152, 90, 549.99
G 6, 100, 2152, 90, 549.99
G 7, 100, 2265, 86, 549.99
T 1791055632 16 481247002221 71113 7431 
G 0, 100, 2175, 88, 549.97
G 1, 100, 2220, 89, 549.99
G 2, 100, 2205, 85, 549.97
G 3, 100, 2302, 79, 549.99
G 4, 100, 2197, 88, 549.97
G 5, 100, 2085, 90, 549.98
G 6, 100, 2205, 90, 550.00
G 7, 100, 2115, 85, 549.99
T 1791055637 16 481516933232 71165 7431 
G 0, 100, 2190, 87, 549.99
G 1, 100, 2272, 89, 549.98
G 2, 100, 2160, 85, 549.98
G 3, 100, 2295, 79, 549.99
G 4, 100, 2235, 88, 549.99
G 5, 100, 2250, 90, 549.98
G 6, 100, 2212, 90, 549.98
G 7, 100, 2115, 85, 549.98
T 1791055642 16 481774976261 71217 7431 
G 0, 100, 2190, 88, 550.00
G 1, 100, 2197, 89, 550.00
G 2, 100, 2212, 85, 550.00
G 3, 100, 2287, 79, 550.00
G 4, 100, 2145, 88, 550.00
G 5, 100, 2220, 90, 549.99
G 6, 100, 2130, 90, 549.99
G 7, 100, 2160, 86, 549.97
T 1791055647 16 482008586451 71269 7431 
G 0, 100, 2182, 88, 549.96
G 1, 100, 2122, 89, 549.98
G 2, 100, 2212, 85, 550.01
G 3, 100, 2280, 79, 549.99
G 4, 100, 2227, 88, 549.97
G 5, 100, 2175, 90, 549.99
G 6, 100, 2242, 90, 549.99
G 7, 100, 2197, 86, 549.99
T 1791055652 16 482273658231 71321 7431 
G 0, 100, 2122, 87, 549.98
G 1, 100, 2227, 89, 549.99
G 2, 100, 2212, 85, 549.98
G 3, 100, 2302, 79, 549.99
G 4, 100, 2265, 88, 549.99
G 5, 100, 2100, 90, 549.99
G 6, 100, 2212, 90, 549.99
G 7, 100, 2167, 85, 549.98
T 1791055657 16 482526750795 71373 7431 
G 0, 100, 2272, 88, 549.98
G 1, 100, 2227, 89, 549.98
G 2, 100, 2130, 85, 549.99
G 3, 100, 2227, 79, 549.99
G 4, 100, 2227, 88, 550.00
G 5, 100, 2047, 90, 549.98
G 6, 100, 2197, 90, 549.98
G 7, 100, 2227, 85, 549.97
T 1791055663 16 482804313933 71425 7431 
G 0, 100, 2227, 88, 549.97
G 1, 100, 2220, 89, 549.99
G 2, 100, 2205, 85, 549.98
G 3, 100, 2227, 79, 549.99
G 4, 100, 2197, 88, 549.98
G 5, 100, 2085, 90, 549.99
G 6, 100, 2137, 90, 549.98
G 7, 100, 2107, 86, 549.97
T 1791055668 16 483058690966 71476 7431 
G 0, 100, 2092, 87, 550.00
G 1, 100, 2182, 89, 549.99
G 2, 100, 2137, 85, 549.98
G 3, 100, 2280, 79, 549.99
G 4, 100, 2175, 88, 549.99
G 5, 100, 2190, 90, 549.98
G 6, 100, 2212, 90, 549.99
G 7, 100, 2205, 85, 549.99
T 1791055673 16 483312697391 71528 7431 
G 0, 100, 2167, 88, 549.97
G 1, 100, 2227, 89, 549.98
G 2, 100, 2235, 85, 550.00
G 3, 100, 2310, 79, 549.99
G 4, 100, 2310, 88, 549.98
G 5, 100, 2235, 90, 550.00
G 6, 100, 2220, 90, 549.99
G 7, 100, 2107, 85, 550.01
T 1791055678 16 483569589038 71580 7431 
G 0, 100, 2085, 87, 550.00
G 1, 100, 2242, 89, 549.98
G 2, 100, 2175, 85, 549.98
G 3, 100, 2317, 79, 549.99
G 4, 100, 2280, 88, 550.00
G 5, 100, 2182, 90, 549.99
G 6, 100, 2197, 90, 549.99
G 7, 100, 2250, 85, 549.98
T 1791055683 16 483879143046 71632 7431 
G 0, 100, 2190, 88, 550.00
G 1, 100, 2257, 89, 549.99
G 2, 100, 2190, 85, 550.00
G 3, 100, 2310, 79, 549.99
G 4, 100, 2182, 88, 549.99
G 5, 100, 2197, 90, 550.00
G 6, 100, 2197, 90, 549.98
G 7, 100, 2145, 85, 550.00
T 1791055689 16 484108467726 71684 7431 
G 0, 100, 2160, 87, 550.00
G 1, 100, 2220, 89, 549.99
G 2, 100, 2175, 85, 550.00
G 3, 100, 2250, 78, 549.98
G 4, 100, 2190, 88, 549.99
G 5, 100, 2130, 90, 549.99
G 6, 100, 2145, 89, 549.99
G 7, 100, 2115, 85, 549.97
T 1791055694 16 484365684395 71735 7431 
G 0, 100, 2190, 87, 549.99
G 1, 100, 2227, 88, 549.98
G 2, 100, 2227, 85, 549.99
G 3, 100, 2287, 78, 549.99
G 4, 100, 2250, 88, 549.99
G 5, 100, 2182, 90, 549.98
G 6, 100, 2167, 89, 549.98
G 7, 100, 2272, 85, 549.99
T 1791055699 16 484668671425 71787 7431 
G 0, 100, 2205, 87, 549.99
G 1, 100, 2250, 89, 549.99
G 2, 100, 2190, 85, 549.99
G 3, 100, 2265, 78, 549.98
G 4, 100, 2347, 88, 550.00
G 5, 100, 2205, 90, 550.01
G 6, 100, 2272, 89, 550.01
G 7, 100, 2175, 85, 550.01
T 1791055704 16 484931741252 71839 7431 
G 0, 100, 2190, 87, 550.01
G 1, 100, 2197, 88, 549.99
G 2, 100, 2167, 85, 549.98
G 3, 100, 2317, 78, 549.99
G 4, 100, 2145, 88, 549.98
G 5, 100, 2190, 90, 549.98
G 6, 100, 2175, 90, 549.98
G 7, 100, 2205, 85, 549.98
T 1791055709 16 485168626513 71891 7431 
G 0, 100, 2137, 87, 549.99
G 1, 100, 2272, 88, 549.98
G 2, 100, 2167, 85, 549.97
G 3, 100, 2400, 78, 549.98
G 4, 100, 2160, 88, 549.99
G 5, 100, 2145, 90, 549.98
G 6, 100, 2190, 89, 549.99
G 7, 100, 2122, 85, 550.01
T 1791055714 16 485425366390 71942 7431 
G 0, 100, 2055, 87, 549.98
G 1, 100, 2235, 89, 549.99
G 2, 100, 2242, 85, 549.97
G 3, 100, 2370, 78, 549.99
G 4, 100, 2160, 88, 549.99
G 5, 100, 2235, 90, 550.00
G 6, 100, 2190, 90, 549.99
G 7, 100, 2190, 85, 549.97
T 1791055720 16 485698789865 71994 7431 
G 0, 100, 2175, 87, 549.97
G 1, 100, 2242, 89, 549.98
G 2, 100, 2220, 85, 549.97
G 3, 100, 2302, 78, 549.98
G 4, 100, 2220, 88, 549.97
G 5, 100, 2152, 90, 550.00
G 6, 100, 2227, 89, 549.99
G 7, 100, 2145, 85, 550.00
T 1791055725 16 485959619660 72046 7431 
G 0, 100, 2122, 87, 549.99
G 1, 100, 2190, 88, 549.98
G 2, 100, 2235, 85, 549.99
G 3, 100, 2392, 78, 549.99
G 4, 100, 2250, 88, 549.99
G 5, 100, 2205, 90, 549.98
G 6, 100, 2160, 89, 549.99
G 7, 100, 2122, 85, 549.96
T 1791055730 16 486230920646 72098 7431 
G 0, 100, 2152, 87, 550.01
G 1, 100, 2257, 88, 549.99
G 2, 100, 2220, 84, 549.99
G 3, 100, 2295, 78, 549.99
G 4, 100, 2197, 88, 549.98
G 5, 100, 2197, 90, 549.98
G 6, 100, 2182, 89, 549.99
G 7, 100, 2197, 85, 549.99
T 1791055735 16 486493218552 72150 7431 
G 0, 100, 2160, 87, 549.99
G 1, 100, 2182, 88, 549.99
G 2, 100, 2235, 84, 549.99
G 3, 100, 2302, 78, 549.99
G 4, 100, 2212, 88, 550.00
G 5, 100, 2205, 90, 549.99
G 6, 100, 2190, 89, 549.99
G 7, 100, 2130, 85, 550.01
T 1791055740 16 486741231626 72202 7431 
G 0, 100, 2167, 87, 549.99
G 1, 100, 2242, 88, 549.99
G 2, 100, 2242, 84, 549.99
G 3, 100, 2355, 77, 549.99
G 4, 100, 2257, 88, 549.98
G 5, 100, 2122, 90, 549.98
G 6, 100, 2167, 89, 550.01
G 7, 100, 2137, 84, 550.00
T 1791055746 16 487002759065 72253 7431 
G 0, 100, 2100, 87, 550.00
G 1, 100, 2220, 89, 550.00
G 2, 100, 2235, 84, 549.99
G 3, 100, 2347, 77, 550.00
G 4, 100, 2220, 88, 549.98
G 5, 100, 2062, 90, 550.00
G 6, 100, 2167, 89, 549.99
G 7, 100, 2145, 85, 549.99
T 1791055751 16 487278612178 72305 7431 
G 0, 100, 2137, 87, 549.97
G 1, 100, 2272, 88, 549.98
G 2, 100, 2250, 84, 549.98
G 3, 100, 2347, 77, 549.99
G 4, 100, 2257, 88, 549.97
G 5, 100, 2190, 90, 549.99
G 6, 100, 2235, 89, 549.98
G 7, 100, 2205, 85, 549.96
T 1791055756 16 487523136655 72357 7431 
G 0, 100, 2160, 87, 549.99
G 1, 100, 2212, 88, 549.99
G 2, 100, 2167, 84, 549.99
G 3, 100, 2287, 77, 549.99
G 4, 100, 2220, 88, 549.99
G 5, 100, 2100, 90, 549.99
G 6, 100, 2257, 89, 549.97
G 7, 100, 2227, 85, 549.97
T 1791055761 16 487816694130 72409 7431 
G 0, 100, 2212, 87, 549.97
G 1, 100, 2242, 88, 549.98
G 2, 100, 2197, 84, 549.99
G 3, 100, 2332, 78, 549.99
G 4, 100, 2257, 88, 550.00
G 5, 100, 2190, 90, 549.99
G 6, 100, 2167, 89, 549.99
G 7, 100, 2137, 84, 550.00
T 1791055766 16 488067863566 72461 7431 
G 0, 100, 2160, 87, 549.99
G 1, 100, 2265, 88, 549.99
G 2, 100, 2280, 84, 549.99
G 3, 100, 2340, 78, 549.99
G 4, 100, 2175, 88, 550.00
G 5, 100, 2145, 90, 549.99
G 6, 100, 2130, 89, 549.99
G 7, 100, 2152, 85, 549.99
T 1791055771 16 488331299424 72512 7431 
G 0, 100, 2130, 87, 549.98
G 1, 100, 2130, 88, 549.99
G 2, 100, 2197, 84, 549.99
G 3, 100, 2302, 78, 549.99
G 4, 100, 2190, 88, 550.01
G 5, 100, 2115, 90, 549.97
G 6, 100, 2212, 89, 549.99
G 7, 100, 2197, 85, 549.99
T 1791055777 16 488605004313 72564 7431 
G 0, 100, 2197, 87, 549.98
G 1, 100, 2205, 88, 549.98
G 2, 100, 2212, 84, 550.01
G 3, 100, 2295, 78, 549.99
G 4, 100, 2145, 88, 550.00
G 5, 100, 2167, 90, 550.01
G 6, 100, 2212, 89, 549.99
G 7, 100, 2227, 85, 549.98
T 1791055782 16 488870994622 72616 7431 
G 0, 100, 2145, 87, 549.98
G 1, 100, 2197, 88, 549.99
G 2, 100, 2227, 84, 549.98
G 3, 100, 2370, 78, 550.00
G 4, 100, 2212, 88, 550.00
G 5, 100, 2182, 90, 550.01
G 6, 100, 2197, 89, 550.01
G 7, 100, 2205, 85, 549.97
T 1791055787 16 489150021616 72668 7431 
G 0, 100, 2115, 87, 549.99
G 1, 100, 2220, 88, 550.00
G 2, 100, 2242, 84, 550.01
G 3, 100, 2385, 78, 549.99
G 4, 100, 2205, 88, 549.98
G 5, 100, 2227, 90, 549.98
G 6, 100, 2235, 89, 549.98
G 7, 100, 2212, 85, 550.00
T 1791055792 16 489420306984 72720 7431 
G 0, 100, 2167, 87, 549.99
G 1, 100, 2130, 88, 549.99
G 2, 100, 2212, 84, 550.00
G 3, 100, 2317, 78, 549.98
G 4, 100, 2250, 88, 549.98
G 5, 100, 2190, 90, 549.97
G 6, 100, 2190, 89, 550.00
G 7, 100, 2220, 85, 549.99
T 1791055797 16 489702599833 72772 7431 
G 0, 100, 2182, 87, 549.97
G 1, 100, 2265, 89, 549.98
G 2, 100, 2130, 84, 549.99
G 3, 100, 2310, 78, 549.98
G 4, 100, 2242, 88, 549.98
G 5, 100, 2227, 90, 550.00
G 6, 100, 2137, 89, 550.00
G 7, 100, 2287, 85, 550.00
T 1791055803 16 489950199279 72823 7431 
G 0, 100, 2152, 87, 549.97
G 1, 100, 2257, 88, 549.98
G 2, 100, 2235, 84, 550.00
G 3, 100, 2295, 78, 549.99
G 4, 100, 2175, 88, 550.00
G 5, 100, 2137, 90, 549.99
G 6, 100, 2107, 89, 549.98
G 7, 100, 2235, 85, 549.99
T 1791055808 16 490210328410 72875 7431 
G 0, 100, 2175, 87, 549.98
G 1, 100, 2175, 88, 549.99
G 2, 100, 2257, 85, 549.98
G 3, 100, 2302, 78, 549.98
G 4, 100, 2220, 88, 550.02
G 5, 100, 2197, 90, 549.99
G 6, 100, 2160, 89, 549.98
G 7, 100, 2190, 85, 550.02
T 1791055813 16 490449237427 72927 7431 
G 0, 100, 2107, 87, 549.97
G 1, 100, 2182, 88, 549.99
G 2, 100, 2242, 84, 549.97
G 3, 100, 2227, 77, 549.99
G 4, 100, 2212, 88, 549.98
G 5, 100, 2235, 90, 549.96
G 6, 100, 2175, 89, 549.99
G 7, 100, 2197, 85, 549.99
T 1791055818 16 490736260608 72979 7431 
G 0, 100, 2227, 87, 549.99
G 1, 100, 2227, 88, 549.99
G 2, 100, 2212, 84, 549.98
G 3, 100, 2257, 77, 549.99
G 4, 100, 2242, 88, 549.98
G 5, 100, 2115, 90, 550.01
G 6, 100, 2280, 89, 549.98
G 7, 100, 2167, 85, 549.99
T 1791055823 16 490988771507 73031 7431 
G 0, 100, 2137, 87, 550.02
G 1, 100, 2227, 89, 549.99
G 2, 100, 2242, 84, 549.98
G 3, 100, 2295, 77, 549.99
G 4, 100, 2227, 88, 549.99
G 5, 100, 2235, 90, 549.99
G 6, 100, 2212, 89, 550.00
G 7, 100, 2227, 85, 549.99
T 1791055828 16 491232169004 73082 7431 
G 0, 100, 2085, 87, 549.98
G 1, 100, 2190, 88, 549.98
G 2, 100, 2092, 84, 549.97
G 3, 100, 2250, 77, 550.00
G 4, 100, 2212, 88, 550.00
G 5, 100, 2160, 90, 549.98
G 6, 100, 2295, 89, 549.99
G 7, 100, 2107, 84, 549.96
T 1791055834 16 491499044612 73134 7431 
G 0, 100, 2175, 87, 550.00
G 1, 100, 2197, 88, 549.99
G 2, 100, 2092, 84, 550.00
G 3, 100, 2347, 77, 550.00
G 4, 100, 2175, 88, 550.00
G 5, 100, 2220, 90, 550.02
G 6, 100, 2212, 89, 549.99
G 7, 100, 2145, 85, 549.98
T 1791055839 16 491770091535 73186 7431 
G 0, 100, 2175, 87, 549.98
G 1, 100, 2212, 88, 549.99
G 2, 100, 2250, 84, 549.98
G 3, 100, 2257, 77, 549.99
G 4, 100, 2190, 88, 549.99
G 5, 100, 2122, 90, 549.98
G 6, 100, 2220, 89, 549.98
G 7, 100, 2212, 85, 550.01
T 1791055844 16 492048631720 73238 7431 
G 0, 100, 2190, 87, 549.99
G 1, 100, 2235, 88, 549.99
G 2, 100, 2220, 84, 550.00
G 3, 100, 2295, 77, 549.99
G 4, 100, 2152, 88, 549.99
G 5, 100, 2100, 90, 550.01
G 6, 100, 2197, 89, 549.99
G 7, 100, 2182, 85, 550.04
T 1791055849 16 492295606144 73289 7431 
G 0, 100, 2197, 87, 550.00
G 1, 100, 2212, 89, 549.99
G 2, 100, 2235, 84, 550.00
G 3, 100, 2257, 77, 549.99
G 4, 100, 2145, 88, 549.98
G 5, 100, 2160, 90, 549.99
G 6, 100, 2182, 89, 549.99
G 7, 100, 2137, 84, 549.99
T 1791055854 16 492559706173 73341 7431 
G 0, 100, 2137, 87, 549.99
G 1, 100, 2242, 88, 549.99
G 2, 100, 2250, 84, 550.00
G 3, 100, 2265, 77, 549.99
G 4, 100, 2250, 88, 549.98
G 5, 100, 2130, 90, 549.99
G 6, 100, 2197, 89, 549.99
G 7, 100, 2212, 85, 549.95
T 1791055860 16 492806969429 73393 7431 
G 0, 100, 2122, 87, 550.00
G 1, 100, 2227, 88, 549.99
G 2, 100, 2137, 84, 550.00
G 3, 100, 2340, 77, 549.99
G 4, 100, 2257, 88, 549.99
G 5, 100, 2227, 90, 549.99
G 6, 100, 2152, 89, 549.99
G 7, 100, 2175, 85, 550.00
T 1791055865 16 493068314936 73445 7431 
G 0, 100, 2190, 87, 550.01
G 1, 100, 2205, 88, 549.99
G 2, 100, 2235, 84, 549.99
G 3, 100, 2370, 77, 549.98
G 4, 100, 2130, 88, 549.98
G 5, 100, 2197, 90, 549.99
G 6, 100, 2235, 89, 549.99
G 7, 100, 2197, 85, 550.00
T 1791055870 16 493303087223 73497 7431 
G 0, 100, 2160, 87, 549.98
G 1, 100, 2310, 88, 549.98
G 2, 100, 2227, 85, 549.99
G 3, 100, 2280, 77, 549.98
G 4, 100, 2220, 88, 549.99
G 5, 100, 2197, 90, 549.99
G 6, 100, 2145, 89, 549.98
G 7, 100, 2145, 85, 549.97
T 1791055875 16 493591387048 73549 7431 
G 0, 100, 2182, 87, 550.00
G 1, 100, 2197, 89, 549.99
G 2, 100, 2242, 85, 549.99
G 3, 100, 2280, 78, 549.98
G 4, 100, 2235, 88, 550.00
G 5, 100, 2197, 90, 549.97
G 6, 100, 2235, 89, 550.00
G 7, 100, 2197, 85, 549.99
T 1791055880 16 493863770007 73600 7431 
G 0, 100, 2280, 87, 550.00
G 1, 100, 2257, 88, 549.99
G 2, 100, 2280, 84, 549.99
G 3, 100, 2265, 78, 549.99
G 4, 100, 2242, 88, 550.00
G 5, 100, 2190, 90, 549.99
G 6, 100, 2212, 89, 549.99
G 7, 100, 2137, 85, 550.00
T 1791055885 16 494096497325 73652 7431 
G 0, 100, 2085, 87, 549.96
G 1, 100, 2197, 88, 550.00
G 2, 100, 2295, 84, 549.99
G 3, 100, 2272, 77, 550.00
G 4, 100, 2122, 88, 550.01
G 5, 100, 2182, 90, 549.99
G 6, 100, 2280, 89, 549.98
G 7, 100, 2280, 85, 550.00
T 1791055891 16 494352954524 73704 7431 
G 0, 100, 2152, 87, 549.99
G 1, 100, 2242, 88, 549.98
G 2, 100, 2227, 84, 549.99
G 3, 100, 2287, 78, 549.98
G 4, 100, 2212, 88, 549.99
G 5, 100, 2280, 90, 550.01
G 6, 100, 2235, 89, 549.99
G 7, 100, 2152, 85, 549.99
T 1791055896 16 494632593983 73756 7431 
G 0, 100, 2182, 86, 549.99
G 1, 100, 2167, 88, 550.00
G 2, 100, 2182, 84, 550.00
G 3, 100, 2265, 77, 549.98
G 4, 100, 2250, 88, 549.99
G 5, 100, 2235, 90, 550.00
G 6, 100, 2175, 90, 550.00
G 7, 100, 2130, 85, 549.97
T 1791055901 16 494921051090 73808 7431 
G 0, 100, 2130, 87, 550.01
G 1, 100, 2235, 89, 549.99
G 2, 100, 2227, 84, 550.01
G 3, 100, 2287, 77, 549.98
G 4, 100, 2152, 88, 549.98
G 5, 100, 2190, 90, 549.97
G 6, 100, 2242, 89, 549.99
G 7, 100, 2190, 84, 550.00
T 1791055906 16 495196869483 73859 7431 
G 0, 100, 2197, 87, 550.00
G 1, 100, 2130, 88, 549.99
G 2, 100, 2197, 84, 550.00
G 3, 100, 2272, 77, 550.00
G 4, 100, 2212, 88, 549.98
G 5, 100, 2130, 90, 549.99
G 6, 100, 2182, 89, 550.00
G 7, 100, 2190, 85, 549.99
T 1791055911 16 495428828896 73911 7431 
G 0, 100, 2130, 87, 550.00
G 1, 100, 2152, 89, 550.00
G 2, 100, 2235, 84, 550.00
G 3, 100, 2310, 77, 549.99
G 4, 100, 2197, 88, 549.98
G 5, 100, 2250, 90, 549.98
G 6, 100, 2265, 89, 549.99
G 7, 100, 2175, 85, 549.98
T 1791055917 16 495688132501 73963 7431 
G 0, 100, 2175, 87, 549.97
G 1, 100, 2197, 88, 549.99
G 2, 100, 2272, 84, 549.99
G 3, 100, 2377, 77, 549.98
G 4, 100, 2160, 88, 550.00
G 5, 100, 2212, 90, 549.99
G 6, 100, 2160, 89, 550.01
G 7, 100, 2167, 85, 550.03
T 1791055922 16 495957633414 74015 7431 
G 0, 100, 2310, 87, 549.98
G 1, 100, 2205, 89, 549.99
G 2, 100, 2205, 84, 549.99
G 3, 100, 2287, 78, 549.99
G 4, 100, 2190, 88, 549.99
G 5, 100, 2092, 90, 550.00
G 6, 100, 2190, 89, 549.98
G 7, 100, 2130, 85, 549.96
T 1791055927 16 496228857279 74066 7431 
G 0, 100, 2122, 87, 549.99
G 1, 100, 2235, 89, 549.99
G 2, 100, 2265, 84, 549.99
G 3, 100, 2437, 78, 549.99
G 4, 100, 2182, 88, 550.00
G 5, 100, 2197, 90, 550.00
G 6, 100, 2197, 89, 549.99
G 7, 100, 2212, 85, 549.97
T 1791055932 16 496492812134 74118 7431 
G 0, 100, 2152, 87, 549.99
G 1, 100, 2220, 88, 549.99
G 2, 100, 2250, 84, 549.97
G 3, 100, 2242, 77, 549.97
G 4, 100, 2212, 88, 549.98
G 5, 100, 2160, 90, 549.97
G 6, 100, 2190, 89, 549.99
G 7, 100, 2362, 85, 549.99
T 1791055937 16 496727617777 74170 7431 
G 0, 100, 2107, 87, 549.99
G 1, 100, 2220, 89, 549.99
G 2, 100, 2242, 84, 549.98
G 3, 100, 2265, 78, 549.98
G 4, 100, 2227, 88, 550.01
G 5, 100, 2055, 90, 550.01
G 6, 100, 2115, 89, 549.99
G 7, 100, 2227, 85, 550.00
T 1791055942 16 496991990643 74222 7431 
G 0, 100, 2280, 87, 549.99
G 1, 100, 2280, 89, 549.99
G 2, 100, 2182, 84, 549.99
G 3, 100, 2385, 77, 549.98
G 4, 100, 2190, 88, 550.00
G 5, 100, 2205, 90, 550.00
G 6, 100, 2250, 89, 550.00
G 7, 100, 2145, 85, 549.99
T 1791055948 16 497283536853 74274 7431 
G 0, 100, 2235, 87, 549.97
G 1, 100, 2160, 88, 549.98
G 2, 100, 2227, 84, 549.98
G 3, 100, 2182, 78, 549.99
G 4, 100, 2182, 88, 549.97
G 5, 100, 2205, 90, 549.98
G 6, 100, 2190, 90, 549.98
G 7, 100, 2197, 85, 550.01
T 1791055953 16 497536326425 74325 7431 
G 0, 100, 2205, 87, 549.99
G 1, 100, 2227, 89, 549.98
G 2, 100, 2257, 84, 549.97
G 3, 100, 2362, 78, 550.00
G 4, 100, 2167, 88, 549.99
G 5, 100, 2175, 90, 549.99
G 6, 100, 2272, 89, 549.97
G 7, 100, 2115, 85, 549.98
T 1791055958 16 497762274076 74377 7431 
G 0, 100, 2280, 87, 550.00
G 1, 100, 2182, 89, 549.99
G 2, 100, 2212, 84, 549.98
G 3, 100, 2280, 78, 549.99
G 4, 100, 2242, 88, 549.97
G 5, 100, 2115, 90, 550.00
G 6, 100, 2160, 89, 549.98
G 7, 100, 2152, 85, 550.00
T 1791055963 16 498046006112 74429 7431 
G 0, 100, 2160, 87, 549.96
G 1, 100, 2205, 89, 549.99
G 2, 100, 2250, 84, 550.00
G 3, 100, 2362, 78, 549.98
G 4, 100, 2137, 88, 549.99
G 5, 100, 2220, 90, 549.98
G 6, 100, 2227, 89, 549.97
G 7, 100, 2137, 85, 549.99
T 1791055968 16 498327527559 74481 7431 
G 0, 100, 2137, 87, 549.96
G 1, 100, 2227, 89, 549.99
G 2, 100, 2242, 85, 549.97
G 3, 100, 2340, 78, 549.99
G 4, 100, 2197, 88, 549.99
G 5, 100, 2197, 90, 550.00
G 6, 100, 2175, 89, 549.98
G 7, 100, 2182, 85, 549.99
T 1791055973 16 498580786494 74533 7431 
G 0, 100, 2212, 87, 550.01
G 1, 100, 2272, 89, 550.00
G 2, 100, 2182, 84, 550.03
G 3, 100, 2265, 78, 549.99
G 4, 100, 2212, 88, 549.99
G 5, 100, 2227, 90, 550.00
G 6, 100, 2182, 90, 550.00
G 7, 100, 2257, 85, 550.00
T 1791055979 16 498832962013 74585 7431 
G 0, 100, 2197, 87, 549.97
G 1, 100, 2325, 89, 549.99
G 2, 100, 2197, 84, 550.00
G 3, 100, 2280, 78, 549.98
G 4, 100, 2272, 88, 549.99
G 5, 100, 2235, 90, 549.97
G 6, 100, 2250, 90, 550.00
G 7, 100, 2182, 85, 549.97
T 1791055984 16 499100217725 74637 7431 
G 0, 100, 2122, 87, 549.97
G 1, 100, 2227, 89, 549.98
G 2, 100, 2205, 85, 549.98
G 3, 100, 2310, 78, 549.99
G 4, 100, 2182, 88, 550.00
G 5, 100, 2227, 90, 549.99
G 6, 100, 2227, 90, 549.97
G 7, 100, 2197, 85, 549.99
T 1791055989 16 499346361075 74688 7431 
G 0, 100, 2107, 87, 549.98
G 1, 100, 2235, 88, 550.00
G 2, 100, 2197, 84, 549.99
G 3, 100, 2272, 78, 550.00
G 4, 100, 2242, 88, 549.98
G 5, 100, 2220, 89, 549.98
G 6, 100, 2332, 90, 549.99
G 7, 100, 2175, 85, 550.01
T 1791055994 16 499607406055 74740 7431 
G 0, 100, 2175, 87, 549.98
G 1, 100, 2175, 88, 549.99
G 2, 100, 2182, 84, 549.98
G 3, 100, 2317, 78, 549.98
G 4, 100, 2220, 88, 549.96
G 5, 100, 2130, 90, 549.97
G 6, 100, 2145, 89, 549.99
G 7, 100, 2152, 85, 549.96
T 1791055999 16 499890482175 74792 7431 
G 0, 100, 2160, 87, 549.97
G 1, 100, 2197, 88, 549.98
G 2, 100, 2212, 85, 549.98
G 3, 100, 2257, 78, 549.99
G 4, 100, 2197, 88, 550.00
G 5, 100, 2190, 90, 549.98
G 6, 100, 2212, 89, 549.98
G 7, 100, 2175, 85, 549.98
T 1791056005 16 500164246506 74844 7431 
G 0, 100, 2227, 87, 549.99
G 1, 100, 2220, 89, 549.99
G 2, 100, 2220, 84, 550.01
G 3, 100, 2250, 78, 549.99
G 4, 100, 2137, 88, 549.99
G 5, 100, 2197, 90, 550.00
G 6, 100, 2250, 90, 549.98
G 7, 100, 2130, 84, 549.99
T 1791056010 16 500429218808 74895 7431 
G 0, 100, 2332, 87, 550.01
G 1, 100, 2265, 89, 549.99
G 2, 100, 2182, 84, 550.00
G 3, 100, 2362, 78, 549.99
G 4, 100, 2257, 88, 549.99
G 5, 100, 2107, 90, 549.99
G 6, 100, 2235, 90, 550.00
G 7, 100, 2212, 84, 550.01
T 1791056015 16 500663157719 74947 7431 
G 0, 100, 2167, 87, 549.99
G 1, 100, 2235, 88, 549.98
G 2, 100, 2250, 84, 549.97
G 3, 100, 2295, 78, 549.98
G 4, 100, 2212, 88, 549.98
G 5, 100, 2145, 90, 549.96
G 6, 100, 2212, 89, 549.98
G 7, 100, 2280, 85, 550.00
T 1791056020 16 500921780243 74999 7431 
G 0, 100, 2197, 87, 549.97
G 1, 100, 2310, 89, 549.99
G 2, 100, 2092, 84, 549.97
G 3, 100, 2310, 78, 549.99
G 4, 100, 2205, 88, 549.99
G 5, 100, 2167, 90, 549.98
G 6, 100, 2235, 89, 549.98
G 7, 100, 2257, 85, 549.99
T 1791056025 16 501200672208 75051 7431 
G 0, 100, 2077, 87, 550.01
G 1, 100, 2205, 88, 549.99
G 2, 100, 2182, 84, 550.00
G 3, 100, 2205, 78, 549.99
G 4, 100, 2145, 88, 549.99
G 5, 100, 2115, 90, 549.98
G 6, 100, 2145, 89, 549.99
G 7, 100, 2190, 85, 550.00
T 1791056031 16 501477220092 75103 7431 
G 0, 100, 2152, 87, 550.00
G 1, 100, 2182, 88, 549.99
G 2, 100, 2197, 84, 549.97
G 3, 100, 2280, 78, 549.99
G 4, 100, 2137, 88, 550.00
G 5, 100, 2212, 90, 549.98
G 6, 100, 2197, 89, 549.98
G 7, 100, 2212, 85, 550.02
T 1791056036 16 501754768072 75155 7431 
G 0, 100, 2160, 87, 549.99
G 1, 100, 2235, 88, 549.99
G 2, 100, 2197, 84, 549.96
G 3, 100, 2340, 78, 549.99
G 4, 100, 2175, 88, 549.99
G 5, 100, 2175, 90, 549.99
G 6, 100, 2212, 90, 549.98
G 7, 100, 2152, 85, 550.00
T 1791056041 16 502018046671 75206 7431 
G 0, 100, 2137, 87, 550.00
G 1, 100, 2242, 88, 549.99
G 2, 100, 2265, 84, 550.00
G 3, 100, 2340, 78, 550.00
G 4, 100, 2182, 87, 550.00
G 5, 100, 2137, 90, 549.99
G 6, 100, 2235, 89, 549.97
G 7, 100, 2182, 85, 550.00
T 1791056046 16 502256170504 75258 7431 
G 0, 100, 2152, 87, 550.00
G 1, 100, 2212, 88, 549.98
G 2, 100, 2265, 85, 549.97
G 3, 100, 2317, 78, 549.98
G 4, 100, 2145, 88, 549.99
G 5, 100, 2085, 90, 549.98
G 6, 100, 2182, 89, 549.98
G 7, 100, 2160, 85, 549.97
T 1791056051 16 502546216297 75310 7431 
G 0, 100, 2062, 87, 549.98
G 1, 100, 2220, 88, 549.99
G 2, 100, 2242, 85, 550.03
G 3, 100, 2235, 78, 549.98
G 4, 100, 2227, 88, 549.98
G 5, 100, 2122, 90, 549.98
G 6, 100, 2205, 90, 549.99
G 7, 100, 2175, 85, 550.02
T 1791056056 16 502808687838 75362 7431 
G 0, 100, 2242, 87, 549.98
G 1, 100, 2160, 88, 549.99
G 2, 100, 2265, 84, 549.99
G 3, 100, 2265, 78, 549.99
G 4, 100, 2122, 88, 549.99
G 5, 100, 2175, 90, 549.99
G 6, 100, 2212, 90, 549.98
G 7, 100, 2130, 85, 550.00
T 1791056062 16 503056934049 75414 7431 
G 0, 100, 2160, 87, 549.98
G 1, 100, 2227, 89, 549.98
G 2, 100, 2265, 85, 549.97
G 3, 100, 2302, 78, 549.98
G 4, 100, 2205, 88, 549.99
G 5, 100, 2220, 90, 549.99
G 6, 100, 2197, 90, 549.98
G 7, 100, 2130, 85, 549.98
T 1791056067 16 503318941550 75466 7431 
G 0, 100, 2137, 87, 549.98
G 1, 100, 2205, 89, 549.97
G 2, 100, 2242, 85, 549.99
G 3, 100, 2310, 78, 549.99
G 4, 100, 2317, 88, 549.99
G 5, 100, 2122, 90, 549.95
G 6, 100, 2190, 90, 550.01
G 7, 100, 2190, 85, 549.98
T 1791056072 16 503566409976 75518 7431 
G 0, 100, 2115, 87, 549.98
G 1, 100, 2265, 89, 549.98
G 2, 100, 2152, 85, 549.99
G 3, 100, 2362, 78, 549.99
G 4, 100, 2182, 88, 549.98
G 5, 100, 2205, 90, 550.00
G 6, 100, 2227, 90, 549.99
G 7, 100, 2145, 85, 549.99
T 1791056077 16 503840023945 75570 7431 
G 0, 100, 2100, 87, 549.98
G 1, 100, 2190, 89, 550.00
G 2, 100, 2167, 85, 550.00
G 3, 100, 2287, 78, 549.99
G 4, 100, 2235, 88, 549.97
G 5, 100, 2137, 90, 549.99
G 6, 100, 2287, 90, 549.99
G 7, 100, 2167, 85, 549.99
T 1791056082 16 504066707379 75621 7431 
G 0, 100, 2175, 87, 550.00
G 1, 100, 2167, 89, 549.99
G 2, 100, 2175, 85, 549.98
G 3, 100, 2325, 79, 549.99
G 4, 100, 2340, 88, 550.00
G 5, 100, 2160, 90, 550.01
G 6, 100, 2190, 90, 549.99
G 7, 100, 2197, 85, 550.00
T 1791056088 16 504332646352 75673 7431 
G 0, 100, 2107, 87, 549.99
G 1, 100, 2220, 89, 549.99
G 2, 100, 2212, 85, 549.98
G 3, 100, 2280, 78, 549.98
G 4, 100, 2160, 88, 550.00
G 5, 100, 2167, 90, 549.99
G 6, 100, 2197, 90, 549.98
G 7, 100, 2182, 85, 549.98
T 1791056093 16 504590392129 75725 7431 
G 0, 100, 2122, 87, 550.03
G 1, 100, 2220, 89, 549.98
G 2, 100, 2212, 85, 549.98
G 3, 100, 2280, 78, 549.99
G 4, 100, 2272, 88, 549.99
G 5, 100, 2272, 90, 550.00
G 6, 100, 2220, 89, 549.98
G 7, 100, 2107, 85, 549.99
T 1791056098 16 504835272003 75777 7431 
G 0, 100, 2182, 87, 549.98
G 1, 100, 2220, 89, 549.98
G 2, 100, 2182, 85, 550.01
G 3, 100, 2295, 78, 549.98
G 4, 100, 2182, 88, 549.99
G 5, 100, 2100, 90, 549.98
G 6, 100, 2265, 90, 549.99
G 7, 100, 2130, 85, 549.98
T 1791056103 16 505099279793 75828 7431 
G 0, 100, 2190, 87, 549.98
G 1, 100, 2145, 89, 549.97
G 2, 100, 2272, 85, 549.97
G 3, 100, 2287, 78, 549.99
G 4, 100, 2197, 88, 549.98
G 5, 100, 2182, 90, 550.00
G 6, 100, 2152, 90, 549.99
G 7, 100, 2190, 85, 550.02
T 1791056108 16 505342505717 75880 7431 
G 0, 100, 2077, 87, 550.01
G 1, 100, 2167, 89, 549.99
G 2, 100, 2175, 85, 549.99
G 3, 100, 2235, 78, 549.99
G 4, 100, 2190, 88, 550.00
G 5, 100, 2265, 90, 549.99
G 6, 100, 2197, 90, 550.00
G 7, 100, 2235, 85, 549.97
T 1791056113 16 505602303428 75932 7431 
G 0, 100, 2062, 87, 550.00
G 1, 100, 2287, 89, 549.99
G 2, 100, 2130, 85, 549.99
G 3, 100, 2295, 78, 549.99
G 4, 100, 2137, 88, 550.00
G 5, 100, 2175, 90, 550.01
G 6, 100, 2250, 90, 550.00
G 7, 100, 2062, 85, 550.00
T 1791056119 16 505892327920 75984 7431 
G 0, 100, 2182, 87, 549.98
G 1, 100, 2175, 89, 549.98
G 2, 100, 2250, 85, 550.00
G 3, 100, 2302, 78, 550.00
G 4, 100, 2182, 88, 549.99
G 5, 100, 2167, 90, 549.99
G 6, 100, 2197, 90, 549.99
G 7, 100, 2190, 85, 549.99
T 1791056124 16 506168679486 76036 7431 
G 0, 100, 2107, 87, 549.98
G 1, 100, 2145, 88, 549.98
G 2, 100, 2220, 85, 549.97
G 3, 100, 2310, 78, 549.99
G 4, 100, 2227, 88, 549.98
G 5, 100, 2197, 90, 549.98
G 6, 100, 2190, 90, 549.99
G 7, 100, 2220, 85, 549.97
T 1791056129 16 506433452854 76087 7431 
G 0, 100, 2115, 87, 550.00
G 1, 100, 2325, 89, 549.99
G 2, 100, 2197, 85, 550.00
G 3, 100, 2265, 78, 549.99
G 4, 100, 2175, 88, 549.98
G 5, 100, 2190, 90, 549.99
G 6, 100, 2272, 90, 550.00
G 7, 100, 2190, 85, 549.98
T 1791056134 16 506698480237 76139 7431 
G 0, 100, 2152, 87, 549.98
G 1, 100, 2295, 89, 549.99
G 2, 100, 2182, 85, 549.98
G 3, 100, 2362, 78, 549.99
G 4, 100, 2250, 88, 549.97
G 5, 100, 2197, 90, 550.01
G 6, 100, 2182, 90, 550.00
G 7, 100, 2190, 85, 550.00
T 1791056139 16 506944270304 76191 7431 
G 0, 100, 2130, 87, 550.00
G 1, 100, 2220, 89, 549.98
G 2, 100, 2280, 85, 549.99
G 3, 100, 2272, 78, 549.99
G 4, 100, 2227, 88, 550.01
G 5, 100, 2130, 90, 549.99
G 6, 100, 2212, 90, 549.97
G 7, 100, 2212, 85, 549.99
T 1791056144 16 507198266945 76243 7431 
G 0, 100, 2152, 87, 549.97
G 1, 100, 2220, 89, 549.99
G 2, 100, 2175, 85, 550.00
G 3, 100, 2272, 78, 549.99
G 4, 100, 2190, 88, 549.99
G 5, 100, 2175, 90, 550.00
G 6, 100, 2242, 90, 549.99
G 7, 100, 2145, 85, 549.97
T 1791056150 16 507449722149 76294 7431 
G 0, 100, 2160, 87, 549.98
G 1, 100, 2250, 89, 549.99
G 2, 100, 2205, 85, 550.01
G 3, 100, 2392, 78, 550.00
G 4, 100, 2167, 88, 549.98
G 5, 100, 2130, 90, 549.99
G 6, 100, 2175, 90, 549.98
G 7, 100, 2182, 85, 550.00
T 1791056155 16 507730997766 76346 7431 
G 0, 100, 2205, 87, 549.98
G 1, 100, 2197, 89, 549.98
G 2, 100, 2212, 85, 549.99
G 3, 100, 2265, 78, 549.99
G 4, 100, 2235, 88, 549.99
G 5, 100, 2212, 90, 550.00
G 6, 100, 2190, 90, 549.99
G 7, 100, 2070, 85, 549.98
T 1791056160 16 508007628616 76398 7431 
G 0, 100, 2197, 87, 550.01
G 1, 100, 2130, 89, 549.99
G 2, 100, 2220, 84, 549.99
G 3, 100, 2302, 78, 549.97
G 4, 100, 2257, 88, 550.00
G 5, 100, 2100, 90, 549.98
G 6, 100, 2272, 90, 549.99
G 7, 100, 2167, 85, 549.98
T 1791056165 16 508236694167 76450 7431 
G 0, 100, 2145, 87, 549.97
G 1, 100, 2197, 88, 549.99
G 2, 100, 2137, 84, 550.00
G 3, 100, 2497, 77, 549.99
G 4, 100, 2235, 88, 549.99
G 5, 100, 2182, 90, 549.96
G 6, 100, 2242, 90, 550.01
G 7, 100, 2137, 85, 550.00
T 1791056170 16 508517911884 76502 7431 
G 0, 100, 2167, 87, 549.98
G 1, 100, 2235, 88, 549.99
G 2, 100, 2205, 84, 549.99
G 3, 100, 2287, 77, 549.99
G 4, 100, 2235, 88, 549.98
G 5, 100, 2137, 90, 549.97
G 6, 100, 2137, 89, 549.99
G 7, 100, 2235, 85, 549.98
T 1791056176 16 508785008146 76554 7431 
G 0, 100, 2190, 87, 549.99
G 1, 100, 2145, 89, 550.00
G 2, 100, 2250, 84, 549.98
G 3, 100, 2280, 78, 549.99
G 4, 100, 2242, 88, 549.97
G 5, 100, 2250, 90, 549.99
G 6, 100, 2130, 89, 550.01
G 7, 100, 2175, 84, 549.97
T 1791056181 16 509049758062 76605 7431 
G 0, 100, 2122, 87, 549.99
G 1, 100, 2167, 88, 549.99
G 2, 100, 2205, 84, 549.98
G 3, 100, 2310, 77, 549.99
G 4, 100, 2130, 88, 549.99
G 5, 100, 2280, 90, 549.98
G 6, 100, 2220, 89, 549.98
G 7, 100, 2152, 84, 549.99
T 1791056186 16 509309123190 76657 7431 
G 0, 100, 2152, 87, 549.98
G 1, 100, 2257, 88, 549.98
G 2, 100, 2235, 84, 550.00
G 3, 100, 2317, 78, 549.99
G 4, 100, 2265, 88, 549.99
G 5, 100, 2167, 90, 550.00
G 6, 100, 2137, 89, 550.00
G 7, 100, 2205, 84, 550.01
T 1791056191 16 509552676686 76709 7431 
G 0, 100, 2182, 87, 549.99
G 1, 100, 2212, 89, 550.00
G 2, 100, 2242, 84, 549.98
G 3, 100, 2302, 77, 549.99
G 4, 100, 2242, 88, 550.00
G 5, 100, 2182, 90, 550.00
G 6, 100, 2145, 89, 549.97
G 7, 100, 2205, 85, 550.00
T 1791056196 16 509816481257 76761 7431 
G 0, 100, 2077, 87, 549.99
G 1, 100, 2235, 89, 550.00
G 2, 100, 2265, 84, 549.97
G 3, 100, 2407, 77, 549.99
G 4, 100, 2182, 88, 549.98
G 5, 100, 2100, 90, 549.99
G 6, 100, 2220, 89, 550.00
G 7, 100, 2122, 85, 550.00
T 1791056201 16 510095104732 76813 7431 
G 0, 100, 2092, 87, 549.98
G 1, 100, 2257, 89, 549.98
G 2, 100, 2250, 84, 549.99
G 3, 100, 2287, 77, 549.99
G 4, 100, 2220, 88, 549.98
G 5, 100, 2220, 90, 549.98
G 6, 100, 2115, 89, 550.00
G 7, 100, 2205, 85, 549.97
T 1791056207 16 510362413538 76864 7431 
G 0, 100, 2175, 87, 549.98
G 1, 100, 2227, 88, 549.98
G 2, 100, 2227, 84, 549.98
G 3, 100, 2302, 78, 549.99
G 4, 100, 2182, 88, 549.99
G 5, 100, 2182, 90, 549.99
G 6, 100, 2220, 89, 549.98
G 7, 100, 2115, 85, 549.99
T 1791056212 16 510614276019 76916 7431 
G 0, 100, 2055, 87, 549.97
G 1, 100, 2250, 88, 549.99
G 2, 100, 2250, 84, 550.01
G 3, 100, 2280, 77, 549.98
G 4, 100, 2257, 88, 549.98
G 5, 100, 2055, 90, 549.98
G 6, 100, 2175, 89, 549.99
G 7, 100, 2182, 85, 549.95
T 1791056217 16 510908230534 76968 7431 
G 0, 100, 2085, 87, 549.98
G 1, 100, 2167, 88, 549.99
G 2, 100, 2265, 85, 549.99
G 3, 100, 2302, 77, 549.98
G 4, 100, 2212, 88, 549.98
G 5, 100, 2152, 90, 549.97
G 6, 100, 2227, 90, 550.00
G 7, 100, 2175, 85, 549.99
T 1791056222 16 511162742706 77020 7431 
G 0, 100, 2092, 87, 550.01
G 1, 100, 2175, 88, 549.99
G 2, 100, 2235, 85, 549.98
G 3, 100, 2295, 77, 549.98
G 4, 100, 2227, 88, 549.99
G 5, 100, 2130, 90, 550.00
G 6, 100, 2235, 90, 549.99
G 7, 100, 2077, 85, 550.00
T 1791056227 16 511433817646 77072 7431 
G 0, 100, 2137, 87, 549.99
G 1, 100, 2370, 88, 549.98
G 2, 100, 2137, 84, 549.98
G 3, 100, 2265, 77, 549.99
G 4, 100, 2167, 88, 550.00
G 5, 100, 2182, 89, 549.97
G 6, 100, 2220, 89, 549.99
G 7, 100, 2092, 85, 549.98
T 1791056233 16 511689636639 77124 7431 
G 0, 100, 2100, 87, 549.96
G 1, 100, 2235, 88, 549.98
G 2, 100, 2145, 84, 549.98
G 3, 100, 2250, 77, 549.99
G 4, 100, 2212, 88, 549.99
G 5, 100, 2205, 90, 549.98
G 6, 100, 2220, 90, 549.99
G 7, 100, 2212, 85, 549.97
T 1791056238 16 511956196925 77175 7431 
G 0, 100, 2175, 87, 550.00
G 1, 100, 2392, 88, 549.99
G 2, 100, 2197, 84, 549.98
G 3, 100, 2250, 77, 549.99
G 4, 100, 2220, 88, 549.97
G 5, 100, 2227, 90, 549.99
G 6, 100, 2197, 89, 549.99
G 7, 100, 2182, 85, 549.98
T 1791056243 16 512240981051 77227 7431 
G 0, 100, 2167, 87, 550.02
G 1, 100, 2265, 88, 549.99
G 2, 100, 2235, 84, 549.98
G 3, 100, 2310, 77, 549.98
G 4, 100, 2400, 88, 549.99
G 5, 100, 2220, 90, 549.99
G 6, 100, 2235, 89, 550.00
G 7, 100, 2160, 85, 549.99
T 1791056248 16 512479174543 77279 7431 
G 0, 100, 2287, 87, 550.00
G 1, 100, 2197, 88, 549.99
G 2, 100, 2220, 84, 549.98
G 3, 100, 2235, 77, 549.98
G 4, 100, 2175, 88, 549.99
G 5, 100, 2160, 90, 549.98
G 6, 100, 2235, 89, 549.97
G 7, 100, 2122, 85, 549.98
T 1791056253 16 512748054144 77331 7431 
G 0, 100, 2190, 87, 549.95
G 1, 100, 2265, 88, 549.99
G 2, 100, 2175, 84, 550.00
G 3, 100, 2340, 77, 549.99
G 4, 100, 2137, 88, 549.97
G 5, 100, 2062, 90, 549.99
G 6, 100, 2280, 89, 549.97
G 7, 100, 2280, 85, 549.97
T 1791056258 16 513038091674 77383 7431 
G 0, 100, 2145, 87, 550.00
G 1, 100, 2212, 88, 549.98
G 2, 100, 2227, 85, 549.98
G 3, 100, 2347, 77, 549.99
G 4, 100, 2257, 88, 549.99
G 5, 100, 2205, 90, 549.98
G 6, 100, 2167, 89, 549.99
G 7, 100, 2197, 85, 550.00
T 1791056264 16 513306400877 77435 7431 
G 0, 100, 2152, 87, 550.01
G 1, 100, 2205, 88, 549.99
G 2, 100, 2160, 84, 549.98
G 3, 100, 2302, 77, 549.99
G 4, 100, 2227, 88, 549.99
G 5, 100, 2182, 90, 549.97
G 6, 100, 2182, 89, 549.98
G 7, 100, 2197, 84, 550.00
T 1791056269 16 513578504150 77486 7431 
G 0, 100, 2130, 87, 549.99
G 1, 100, 2220, 88, 549.98
G 2, 100, 2295, 84, 550.01
G 3, 100, 2317, 78, 549.99
G 4, 100, 2265, 88, 549.99
G 5, 100, 2250, 90, 549.99
G 6, 100, 2235, 89, 549.99
G 7, 100, 2152, 84, 550.00
T 1791056274 16 513841251145 77538 7431 
G 0, 100, 2145, 87, 549.99
G 1, 100, 2212, 88, 549.98
G 2, 100, 2190, 84, 550.00
G 3, 100, 2505, 77, 549.98
G 4, 100, 2235, 88, 550.00
G 5, 100, 2160, 90, 549.99
G 6, 100, 2280, 89, 549.98
G 7, 100, 2145, 84, 549.99
T 1791056279 16 514086810984 77590 7431 
G 0, 100, 2152, 87, 549.99
G 1, 100, 2220, 88, 549.99
G 2, 100, 2190, 84, 550.00
G 3, 100, 2355, 78, 549.99
G 4, 100, 2220, 88, 550.00
G 5, 100, 2212, 90, 549.99
G 6, 100, 2205, 89, 549.99
G 7, 100, 2160, 85, 550.02
T 1791056284 16 514358341101 77642 7431 
G 0, 100, 2167, 87, 549.99
G 1, 100, 2227, 88, 549.99
G 2, 100, 2272, 84, 549.97
G 3, 100, 2310, 78, 549.99
G 4, 100, 2182, 88, 549.98
G 5, 100, 2107, 90, 549.99
G 6, 100, 2235, 89, 549.97
G 7, 100, 2220, 85, 549.98
T 1791056290 16 514602004921 77694 7431 
G 0, 100, 2175, 87, 550.02
G 1, 100, 2242, 88, 550.00
G 2, 100, 2175, 84, 549.98
G 3, 100, 2295, 77, 549.98
G 4, 100, 2167, 88, 550.00
G 5, 100, 2212, 90, 549.98
G 6, 100, 2190, 89, 549.99
G 7, 100, 2235, 85, 549.99
T 1791056295 16 514878814587 77745 7431 
G 0, 100, 2160, 87, 549.98
G 1, 100, 2212, 88, 550.00
G 2, 100, 2175, 84, 550.00
G 3, 100, 2340, 78, 549.98
G 4, 100, 2167, 88, 549.98
G 5, 100, 2182, 90, 550.00
G 6, 100, 2212, 89, 549.99
G 7, 100, 2205, 85, 549.99
T 1791056300 16 515130027619 77797 7431 
G 0, 100, 2130, 87, 550.00
G 1, 100, 2137, 88, 549.99
G 2, 100, 2242, 84, 550.00
G 3, 100, 2265, 77, 549.98
G 4, 100, 2242, 88, 549.98
G 5, 100, 2190, 90, 549.99
G 6, 100, 2212, 89, 550.00
G 7, 100, 2130, 85, 549.99
T 1791056305 16 515417818329 77849 7431 
G 0, 100, 2160, 87, 549.99
G 1, 100, 2250, 89, 549.99
G 2, 100, 2205, 84, 549.98
G 3, 100, 2377, 78, 549.99
G 4, 100, 2190, 88, 550.00
G 5, 100, 2205, 90, 549.99
G 6, 100, 2220, 89, 549.98
G 7, 100, 2190, 85, 549.99
T 1791056310 16 515685739615 77901 7431 
G 0, 100, 2085, 87, 550.00
G 1, 100, 2190, 89, 549.99
G 2, 100, 2280, 84, 550.01
G 3, 100, 2265, 78, 549.99
G 4, 100, 2190, 88, 550.00
G 5, 100, 2167, 89, 550.01
G 6, 100, 2175, 89, 549.98
G 7, 100, 2167, 85, 549.99
T 1791056315 16 515953919860 77952 7431 
G 0, 100, 2197, 87, 550.00
G 1, 100, 2287, 89, 549.97
G 2, 100, 2250, 84, 549.99
G 3, 100, 2347, 77, 549.99
G 4, 100, 2220, 88, 549.99
G 5, 100, 2130, 90, 549.98
G 6, 100, 2152, 89, 549.98
G 7, 100, 2265, 84, 549.96
T 1791056321 16 516228910410 78004 7431 
G 0, 100, 2197, 87, 549.99
G 1, 100, 2250, 88, 549.99
G 2, 100, 2250, 84, 549.99
G 3, 100, 2362, 78, 549.99
G 4, 100, 2332, 88, 549.99
G 5, 100, 2100, 90, 549.99
G 6, 100, 2175, 89, 549.98
G 7, 100, 2107, 84, 550.00
T 1791056326 16 516464902251 78056 7431 
G 0, 100, 2197, 87, 549.98
G 1, 100, 2287, 88, 549.99
G 2, 100, 2167, 84, 549.97
G 3, 100, 2362, 77, 549.98
G 4, 100, 2310, 88, 549.99
G 5, 100, 2190, 90, 549.99
G 6, 100, 2325, 89, 550.01
G 7, 100, 2137, 84, 549.99
T 1791056331 16 516732174519 78108 7431 
G 0, 100, 2122, 87, 549.99
G 1, 100, 2167, 89, 549.99
G 2, 100, 2227, 84, 549.98
G 3, 100, 2265, 77, 549.99
G 4, 100, 2152, 88, 549.99
G 5, 100, 2152, 90, 549.98
G 6, 100, 2205, 89, 550.01
G 7, 100, 2107, 84, 549.97
T 1791056336 16 516999075143 78160 7431 
G 0, 100, 2152, 87, 549.98
G 1, 100, 2190, 88, 549.99
G 2, 100, 2265, 84, 550.01
G 3, 100, 2235, 77, 549.99
G 4, 100, 2235, 88, 549.99
G 5, 100, 2190, 90, 549.99
G 6, 100, 2190, 89, 549.99
G 7, 100, 2145, 84, 549.98
T 1791056341 16 517226195250 78211 7431 
G 0, 100, 2115, 87, 550.01
G 1, 100, 2190, 88, 549.98
G 2, 100, 2152, 83, 549.98
G 3, 100, 2257, 77, 549.99
G 4, 100, 2212, 88, 549.99
G 5, 100, 2115, 90, 550.00
G 6, 100, 2175, 89, 550.00
G 7, 100, 2152, 84, 549.97
T 1791056347 16 517525657347 78263 7431 
G 0, 100, 2145, 87, 550.00
G 1, 100, 2250, 88, 549.99
G 2, 100, 2182, 84, 549.99
G 3, 100, 2265, 77, 549.99
G 4, 100, 2227, 88, 549.98
G 5, 100, 2152, 90, 549.98
G 6, 100, 2145, 89, 549.98
G 7, 100, 2220, 84, 549.97
T 1791056352 16 517831811017 78315 7431 
G 0, 100, 2145, 87, 549.98
G 1, 100, 2212, 89, 549.99
G 2, 100, 2205, 84, 549.97
G 3, 100, 2302, 77, 549.99
G 4, 100, 2235, 88, 550.00
G 5, 100, 2227, 90, 550.01
G 6, 100, 2205, 89, 549.99
G 7, 100, 2227, 84, 549.98
T 1791056357 16 518060320739 78367 7431 
G 0, 100, 2145, 87, 550.00
G 1, 100, 2212, 89, 549.99
G 2, 100, 2205, 84, 550.00
G 3, 100, 2310, 77, 549.99
G 4, 100, 2160, 88, 549.97
G 5, 100, 2272, 90, 549.99
G 6, 100, 2137, 89, 549.99
G 7, 100, 2145, 84, 549.96
T 1791056362 16 518325799473 78419 7431 
G 0, 100, 2317, 87, 550.00
G 1, 100, 2257, 89, 549.98
G 2, 100, 2287, 84, 550.01
G 3, 100, 2370, 77, 549.99
G 4, 100, 2175, 88, 549.98
G 5, 100, 2257, 90, 550.00
G 6, 100, 2227, 89, 549.97
G 7, 100, 2077, 84, 550.02
T 1791056367 16 518584955421 78471 7431 
G 0, 100, 2160, 87, 549.99
G 1, 100, 2197, 88, 549.99
G 2, 100, 2280, 84, 549.99
G 3, 100, 2265, 77, 549.99
G 4, 100, 2257, 88, 549.98
G 5, 100, 2137, 89, 550.01
G 6, 100, 2182, 89, 550.00
G 7, 100, 2107, 84, 549.98
T 1791056372 16 518866546746 78523 7431 
G 0, 100, 2167, 87, 549.99
G 1, 100, 2182, 89, 549.99
G 2, 100, 2280, 84, 549.98
G 3, 100, 2310, 77, 549.99
G 4, 100, 2257, 88, 549.97
G 5, 100, 2145, 90, 550.00
G 6, 100, 2220, 89, 550.00
G 7, 100, 2190, 84, 549.99
T 1791056378 16 519103234791 78574 7431 
G 0, 100, 2130, 87, 550.01
G 1, 100, 2212, 88, 549.99
G 2, 100, 2137, 84, 549.99
G 3, 100, 2257, 77, 549.99
G 4, 100, 2130, 88, 549.99
G 5, 100, 2190, 90, 549.98
G 6, 100, 2205, 89, 549.99
G 7, 100, 2167, 84, 550.00
T 1791056383 16 519384978053 78626 7431 
G 0, 100, 2152, 87, 549.97
G 1, 100, 2287, 89, 549.99
G 2, 100, 2190, 84, 549.98
G 3, 100, 2295, 78, 549.99
G 4, 100, 2182, 88, 549.98
G 5, 100, 2212, 90, 549.97
G 6, 100, 2167, 89, 549.97
G 7, 100, 2160, 84, 550.00
T 1791056388 16 519643181314 78678 7431 
G 0, 100, 2092, 87, 549.97
G 1, 100, 2280, 89, 549.99
G 2, 100, 2182, 84, 549.98
G 3, 100, 2280, 77, 549.99
G 4, 100, 2152, 88, 549.98
G 5, 100, 2055, 90, 549.98
G 6, 100, 2242, 89, 549.99
G 7, 100, 2190, 84, 549.97
T 1791056393 16 519920628271 78730 7431 
G 0, 100, 2137, 87, 549.99
G 1, 100, 2265, 89, 549.98
G 2, 100, 2302, 84, 549.98
G 3, 100, 2370, 77, 549.98
G 4, 100, 2152, 88, 549.97
G 5, 100, 2287, 90, 550.00
G 6, 100, 2250, 89, 549.98
G 7, 100, 2175, 84, 549.96
T 1791056398 16 520181321046 78782 7431 
G 0, 100, 2122, 87, 549.99
G 1, 100, 2227, 89, 549.98
G 2, 100, 2227, 84, 549.99
G 3, 100, 2295, 77, 549.99
G 4, 100, 2137, 88, 549.99
G 5, 100, 2227, 90, 550.01
G 6, 100, 2235, 89, 550.00
G 7, 100, 2190, 84, 549.99
T 1791056404 16 520459471225 78833 7431 
G 0, 100, 2190, 87, 550.00
G 1, 100, 2250, 88, 549.99
G 2, 100, 2160, 84, 550.00
G 3, 100, 2340, 78, 549.99
G 4, 100, 2197, 88, 549.97
G 5, 100, 2122, 90, 549.98
G 6, 100, 2227, 89, 550.01
G 7, 100, 2152, 84, 549.98
T 1791056409 16 520687241614 78886 7431 
G 0, 100, 2137, 87, 549.99
G 1, 100, 2227, 89, 549.99
G 2, 100, 2182, 84, 549.98
G 3, 100, 2325, 77, 549.99
G 4, 100, 2145, 88, 549.98
G 5, 100, 2212, 90, 550.00
G 6, 100, 2242, 89, 549.98
G 7, 100, 2160, 84, 549.98
T 1791056414 16 520955082964 78937 7431 
G 0, 100, 2182, 87, 549.99
G 1, 100, 2175, 89, 549.99
G 2, 100, 2227, 84, 550.01
G 3, 100, 2445, 77, 549.98
G 4, 100, 2145, 88, 549.98
G 5, 100, 2107, 90, 550.00
G 6, 100, 2242, 89, 549.98
G 7, 100, 2092, 84, 549.97
T 1791056419 16 521210190613 78989 7431 
G 0, 100, 2115, 87, 549.99
G 1, 100, 2235, 89, 549.99
G 2, 100, 2220, 84, 549.99
G 3, 100, 2295, 77, 549.98
G 4, 100, 2205, 88, 549.99
G 5, 100, 2205, 90, 550.00
G 6, 100, 2250, 89, 549.98
G 7, 100, 2115, 84, 549.99
T 1791056424 16 521470547347 79041 7431 
G 0, 100, 2130, 87, 549.98
G 1, 100, 2160, 89, 549.98
G 2, 100, 2220, 84, 550.00
G 3, 100, 2302, 77, 549.99
G 4, 100, 2220, 88, 549.99
G 5, 100, 2152, 90, 549.97
G 6, 100, 2212, 89, 549.98
G 7, 100, 2317, 84, 549.97
T 1791056429 16 521727192826 79093 7431 
G 0, 100, 2160, 87, 549.99
G 1, 100, 2242, 89, 550.00
G 2, 100, 2182, 84, 549.97
G 3, 100, 2242, 77, 549.99
G 4, 100, 2137, 88, 549.99
G 5, 100, 2280, 90, 550.00
G 6, 100, 2182, 89, 549.99
G 7, 100, 2182, 84, 549.98
T 1791056435 16 522015442222 79144 7431 
G 0, 100, 2137, 87, 549.99
G 1, 100, 2235, 88, 549.99
G 2, 100, 2250, 84, 550.01
G 3, 100, 2272, 77, 549.99
G 4, 100, 2175, 88, 549.99
G 5, 100, 2182, 90, 550.00
G 6, 100, 2160, 89, 549.98
G 7, 100, 2145, 84, 549.98
T 1791056440 16 522275677057 79196 7431 
G 0, 100, 2205, 87, 549.97
G 1, 100, 2182, 89, 549.99
G 2, 100, 2190, 84, 550.00
G 3, 100, 2287, 77, 549.98
G 4, 100, 2220, 88, 549.99
G 5, 100, 2175, 90, 549.99
G 6, 100, 2265, 89, 549.99
G 7, 100, 2205, 84, 550.01
T 1791056445 16 522537440601 79248 7431 
G 0, 100, 2137, 87, 550.01
G 1, 100, 2280, 89, 549.98
G 2, 100, 2227, 84, 549.98
G 3, 100, 2272, 77, 549.98
G 4, 100, 2242, 88, 549.99
G 5, 100, 2062, 90, 549.98
G 6, 100, 2280, 90, 549.99
G 7, 100, 2182, 85, 549.99
T 1791056450 16 522802901906 79300 7431 
G 0, 100, 2220, 87, 549.98
G 1, 100, 2175, 89, 549.99
G 2, 100, 2197, 84, 549.99
G 3, 100, 2272, 77, 549.99
G 4, 100, 2235, 88, 549.99
G 5, 100, 2212, 90, 550.00
G 6, 100, 2197, 89, 549.99
G 7, 100, 2152, 84, 550.00
T 1791056455 16 523028897235 79351 7431 
G 0, 100, 2160, 87, 549.99
G 1, 100, 2242, 88, 549.99
G 2, 100, 2235, 84, 549.99
G 3, 100, 2287, 77, 549.98
G 4, 100, 2107, 88, 550.00
G 5, 100, 2190, 90, 550.00
G 6, 100, 2130, 89, 549.98
G 7, 100, 2152, 84, 549.98
T 1791056461 16 523318152150 79403 7431 
G 0, 100, 2182, 87, 549.98
G 1, 100, 2175, 89, 549.99
G 2, 100, 2235, 84, 550.00
G 3, 100, 2242, 78, 549.99
G 4, 100, 2242, 88, 550.00
G 5, 100, 2175, 90, 550.00
G 6, 100, 2235, 89, 549.98
G 7, 100, 2220, 84, 549.99
T 1791056466 16 523580474904 79455 7431 
G 0, 100, 2115, 87, 550.00
G 1, 100, 2190, 89, 549.99
G 2, 100, 2257, 84, 550.00
G 3, 100, 2280, 78, 549.99
G 4, 100, 2227, 88, 549.97
G 5, 100, 2175, 90, 549.98
G 6, 100, 2152, 89, 549.99
G 7, 100, 2280, 84, 549.98
T 1791056471 16 523863563484 79507 7431 
G 0, 100, 2137, 87, 549.97
G 1, 100, 2205, 89, 549.99
G 2, 100, 2220, 84, 549.98
G 3, 100, 2287, 78, 549.98
G 4, 100, 2137, 88, 549.99
G 5, 100, 2190, 90, 550.01
G 6, 100, 2212, 90, 549.99
G 7, 100, 2235, 85, 549.98
T 1791056476 16 524103868041 79558 7431 
G 0, 100, 2130, 87, 549.99
G 1, 100, 2250, 88, 549.99
G 2, 100, 2205, 84, 549.99
G 3, 100, 2287, 77, 549.99
G 4, 100, 2212, 88, 549.99
G 5, 100, 2182, 90, 549.99
G 6, 100, 2272, 89, 549.99
G 7, 100, 2152, 84, 549.98
T 1791056481 16 524366570960 79610 7431 
G 0, 100, 2130, 87, 549.97
G 1, 100, 2212, 89, 549.98
G 2, 100, 2190, 84, 550.00
G 3, 100, 2220, 77, 549.99
G 4, 100, 2242, 88, 549.98
G 5, 100, 2115, 90, 550.02
G 6, 100, 2242, 89, 550.01
G 7, 100, 2227, 84, 549.99
T 1791056486 16 524648463151 79662 7431 
G 0, 100, 2160, 87, 549.99
G 1, 100, 2152, 88, 549.99
G 2, 100, 2175, 84, 549.98
G 3, 100, 2295, 77, 549.98
G 4, 100, 2295, 88, 549.99
G 5, 100, 2107, 90, 549.99
G 6, 100, 2242, 90, 549.98
G 7, 100, 2175, 84, 549.97
T 1791056492 16 524916168270 79714 7431 
G 0, 100, 2145, 87, 550.01
G 1, 100, 2265, 88, 550.00
G 2, 100, 2167, 84, 550.00
G 3, 100, 2272, 77, 549.98
G 4, 100, 2235, 88, 549.98
G 5, 100, 2197, 90, 549.99
G 6, 100, 2145, 90, 549.98
G 7, 100, 2325, 84, 549.99
T 1791056497 16 525178615685 79766 7431 
G 0, 100, 2175, 87, 549.97
G 1, 100, 2280, 89, 549.99
G 2, 100, 2235, 84, 549.99
G 3, 100, 2250, 77, 549.99
G 4, 100, 2167, 88, 549.99
G 5, 100, 2160, 90, 549.96
G 6, 100, 2167, 89, 550.00
G 7, 100, 2100, 84, 549.99
T 1791056502 16 525454607468 79817 7431 
G 0, 100, 2152, 87, 549.96
G 1, 100, 2265, 88, 549.97
G 2, 100, 2265, 84, 549.98
G 3, 100, 2272, 77, 549.98
G 4, 100, 2175, 88, 549.97
G 5, 100, 2167, 90, 549.97
G 6, 100, 2212, 89, 549.99
G 7, 100, 2272, 84, 549.97
T 1791056507 16 525684179197 79869 7431 
G 0, 100, 2197, 87, 550.00
G 1, 100, 2265, 89, 549.99
G 2, 100, 2122, 84, 550.01
G 3, 100, 2280, 77, 550.00
G 4, 100, 2160, 88, 549.98
G 5, 100, 2062, 90, 549.99
G 6, 100, 2212, 90, 549.99
G 7, 100, 2137, 84, 549.97
T 1791056512 16 526000971737 79921 7431 
G 0, 100, 2167, 87, 550.01
G 1, 100, 2242, 88, 549.98
G 2, 100, 2190, 84, 549.99
G 3, 100, 2370, 77, 549.98
G 4, 100, 2220, 88, 549.96
G 5, 100, 2062, 90, 549.98
G 6, 100, 2197, 89, 549.98
G 7, 100, 2197, 84, 549.98
T 1791056517 16 526239965986 79972 7431 
G 0, 100, 2130, 87, 549.97
G 1, 100, 2220, 88, 549.99
G 2, 100, 2137, 84, 549.99
G 3, 100, 2325, 77, 549.98
G 4, 100, 2227, 88, 550.00
G 5, 100, 2227, 90, 549.98
G 6, 100, 2265, 89, 549.99
G 7, 100, 2122, 84, 549.98
T 1791056523 16 526486583835 80024 7431 
G 0, 100, 2122, 87, 550.01
G 1, 100, 2265, 88, 549.99
G 2, 100, 2190, 83, 549.98
G 3, 100, 2287, 77, 549.99
G 4, 100, 2212, 88, 549.99
G 5, 100, 2205, 90, 549.98
G 6, 100, 2175, 89, 550.00
G 7, 100, 2175, 85, 549.99
T 1791056528 16 526745284598 80076 7431 
G 0, 100, 2122, 87, 550.00
G 1, 100, 2167, 89, 549.99
G 2, 100, 2205, 84, 550.01
G 3, 100, 2242, 77, 549.99
G 4, 100, 2220, 88, 550.00
G 5, 100, 2190, 90, 550.01
G 6, 100, 2272, 89, 549.99
G 7, 100, 2227, 85, 550.01
T 1791056533 16 527006218275 80128 7431 
G 0, 100, 2190, 87, 549.99
G 1, 100, 2227, 88, 549.99
G 2, 100, 2197, 84, 549.99
G 3, 100, 2377, 77, 549.99
G 4, 100, 2220, 88, 549.98
G 5, 100, 2190, 90, 550.00
G 6, 100, 2175, 89, 550.00
G 7, 100, 2182, 85, 549.99
T 1791056538 16 527283395625 80179 7431 
G 0, 100, 2152, 87, 549.98
G 1, 100, 2250, 88, 549.98
G 2, 100, 2265, 84, 549.99
G 3, 100, 2302, 77, 550.00
G 4, 100, 2167, 88, 549.98
G 5, 100, 2197, 90, 549.98
G 6, 100, 2197, 89, 550.00
G 7, 100, 2175, 84, 549.97
T 1791056543 16 527557922618 80231 7431 
G 0, 100, 2077, 87, 549.99
G 1, 100, 2205, 89, 550.00
G 2, 100, 2205, 84, 550.00
G 3, 100, 2302, 77, 549.98
G 4, 100, 2145, 88, 550.00
G 5, 100, 2092, 90, 549.99
G 6, 100, 2250, 89, 549.99
G 7, 100, 2100, 84, 550.00
T 1791056549 16 527810742005 80283 7431 
G 0, 100, 2175, 87, 549.98
G 1, 100, 2130, 89, 549.99
G 2, 100, 2280, 84, 549.97
G 3, 100, 2362, 77, 549.98
G 4, 100, 2227, 88, 549.98
G 5, 100, 2160, 90, 549.98
G 6, 100, 2175, 89, 549.99
G 7, 100, 2205, 84, 549.96
T 1791056554 16 528088769877 80335 7431 
G 0, 100, 2167, 87, 549.99
G 1, 100, 2220, 88, 549.99
G 2, 100, 2242, 84, 550.00
G 3, 100, 2257, 77, 549.98
G 4, 100, 2152, 88, 549.99
G 5, 100, 2167, 90, 549.97
G 6, 100, 2152, 89, 549.98
G 7, 100, 2100, 84, 549.98
T 1791056559 16 528335532760 80387 7431 
G 0, 100, 2265, 87, 549.97
G 1, 100, 2235, 88, 549.98
G 2, 100, 2235, 84, 549.99
G 3, 100, 2407, 77, 549.99
G 4, 100, 2197, 88, 549.99
G 5, 100, 2062, 90, 549.97
G 6, 100, 2265, 89, 549.99
G 7, 100, 2160, 84, 549.97
T 1791056564 16 528595525294 80438 7431 
G 0, 100, 2190, 87, 549.98
G 1, 100, 2272, 88, 550.00
G 2, 100, 2137, 84, 550.00
G 3, 100, 2272, 77, 549.99
G 4, 100, 2145, 88, 549.99
G 5, 100, 2212, 90, 550.00
G 6, 100, 2212, 89, 549.98
G 7, 100, 2167, 84, 549.99
T 1791056569 16 528847145621 80490 7431 
G 0, 100, 2190, 87, 549.99
G 1, 100, 2182, 88, 549.99
G 2, 100, 2220, 84, 550.00
G 3, 100, 2355, 77, 549.98
G 4, 100, 2175, 88, 549.99
G 5, 100, 2212, 90, 549.98
G 6, 100, 2197, 89, 549.98
G 7, 100, 2212, 84, 549.99
T 1791056574 16 529119935931 80542 7431 
G 0, 100, 2100, 87, 549.98
G 1, 100, 2235, 89, 549.98
G 2, 100, 2130, 84, 550.00
G 3, 100, 2310, 77, 549.97
G 4, 100, 2220, 88, 549.97
G 5, 100, 2182, 90, 550.00
G 6, 100, 2250, 89, 549.98
G 7, 100, 2175, 84, 549.97
T 1791056580 16 529387656524 80594 7431 
G 0, 100, 2190, 87, 549.99
G 1, 100, 2137, 88, 549.99
G 2, 100, 2220, 84, 549.97
G 3, 100, 2317, 77, 549.99
G 4, 100, 2227, 88, 550.00
G 5, 100, 2167, 90, 549.99
G 6, 100, 2190, 89, 550.00
G 7, 100, 2205, 84, 549.97
T 1791056585 16 529671944430 80646 7431 
G 0, 100, 2182, 87, 549.99
G 1, 100, 2242, 88, 549.99
G 2, 100, 2265, 84, 549.98
G 3, 100, 2317, 77, 549.99
G 4, 100, 2250, 88, 549.99
G 5, 100, 2190, 90, 550.00
G 6, 100, 2190, 89, 549.98
G 7, 100, 2212, 84, 549.99
T 1791056590 16 529921352511 80697 7431 
G 0, 100, 2205, 87, 549.99
G 1, 100, 2227, 88, 549.98
G 2, 100, 2362, 84, 549.99
G 3, 100, 2287, 77, 549.98
G 4, 100, 2212, 88, 549.99
G 5, 100, 2175, 90, 550.00
G 6, 100, 2100, 89, 549.97
G 7, 100, 2205, 84, 549.97
T 1791056595 16 530175254916 80749 7431 
G 0, 100, 2182, 87, 549.98
G 1, 100, 2227, 88, 549.99
G 2, 100, 2250, 84, 550.00
G 3, 100, 2400, 77, 549.98
G 4, 100, 2197, 88, 549.98
G 5, 100, 2197, 90, 550.00
G 6, 100, 2152, 89, 549.98
G 7, 100, 2250, 84, 549.99
T 1791056600 16 530443503117 80800 7431 
G 0, 100, 2152, 87, 549.98
G 1, 100, 2242, 88, 550.00
G 2, 100, 2227, 84, 549.99
G 3, 100, 2317, 77, 549.98
G 4, 100, 2242, 88, 549.99
G 5, 100, 2100, 90, 550.01
G 6, 100, 2130, 89, 549.98
G 7, 100, 2235, 84, 549.96
T 1791056605 16 530715563472 80852 7431 
G 0, 100, 2190, 87, 550.00
G 1, 100, 2265, 88, 549.98
G 2, 100, 2205, 84, 549.99
G 3, 100, 2295, 77, 550.00
G 4, 100, 2242, 88, 549.99
G 5, 100, 2107, 90, 549.98
G 6, 100, 2272, 89, 550.01
G 7, 100, 2227, 84, 549.98
T 1791056611 16 530954121570 80904 7431 
G 0, 100, 2190, 87, 549.99
G 1, 100, 2212, 88, 549.98
G 2, 100, 2220, 84, 549.95
G 3, 100, 2415, 77, 549.99
G 4, 100, 2167, 88, 549.99
G 5, 100, 2190, 90, 550.01
G 6, 100, 2220, 89, 549.99
G 7, 100, 2190, 84, 550.00
T 1791056616 16 531257055050 80955 7431 
G 0, 100, 2182, 87, 549.99
G 1, 100, 2190, 88, 549.99
G 2, 100, 2265, 84, 550.02
G 3, 100, 2287, 77, 549.99
G 4, 100, 2227, 88, 550.01
G 5, 100, 2145, 90, 550.00
G 6, 100, 2212, 90, 549.99
G 7, 100, 2235, 84, 550.01
T 1791056621 16 531490583302 81007 7431 
G 0, 100, 2085, 87, 549.99
G 1, 100, 2302, 88, 549.99
G 2, 100, 2205, 84, 549.96
G 3, 100, 2265, 77, 549.99
G 4, 100, 2257, 88, 550.00
G 5, 100, 2145, 90, 549.98
G 6, 100, 2272, 89, 549.99
G 7, 100, 2272, 84, 549.99
T 1791056626 16 531738944552 81059 7431 
G 0, 100, 2055, 87, 549.99
G 1, 100, 2265, 88, 550.00
G 2, 100, 2212, 84, 549.99
G 3, 100, 2317, 77, 549.98
G 4, 100, 2212, 88, 549.99
G 5, 100, 2115, 90, 550.01
G 6, 100, 2227, 89, 549.99
G 7, 100, 2197, 84, 549.97
T 1791056631 16 532033840974 81110 7431 
G 0, 100, 2115, 87, 549.95
G 1, 100, 2272, 88, 549.99
G 2, 100, 2197, 84, 549.99
G 3, 100, 2355, 77, 549.99
G 4, 100, 2265, 88, 550.00
G 5, 100, 2190, 90, 549.99
G 6, 100, 2265, 90, 549.98
G 7, 100, 2152, 84, 549.97
T 1791056636 16 532293396703 81162 7431 
G 0, 100, 2190, 87, 549.99
G 1, 100, 2325, 89, 549.99
G 2, 100, 2235, 84, 550.01
G 3, 100, 2340, 77, 549.98
G 4, 100, 2212, 88, 549.99
G 5, 100, 2145, 90, 549.98
G 6, 100, 2212, 89, 549.98
G 7, 100, 2160, 84, 549.99
T 1791056642 16 532535910428 81214 7431 
G 0, 100, 2175, 87, 550.00
G 1, 100, 2265, 89, 549.98
G 2, 100, 2280, 84, 549.99
G 3, 100, 2227, 77, 549.98
G 4, 100, 2212, 88, 549.99
G 5, 100, 2235, 90, 550.01
G 6, 100, 2167, 89, 550.01
G 7, 100, 2197, 84, 550.00
T 1791056647 16 532777943525 81266 7431 
G 0, 100, 2197, 87, 549.99
G 1, 100, 2295, 88, 549.98
G 2, 100, 2242, 84, 549.99
G 3, 100, 2310, 77, 549.99
G 4, 100, 2085, 88, 549.97
G 5, 100, 2160, 90, 550.00
G 6, 100, 2212, 89, 549.99
G 7, 100, 2115, 84, 549.98
T 1791056652 16 533071951583 81318 7431 
G 0, 100, 2092, 87, 549.99
G 1, 100, 2220, 89, 549.99
G 2, 100, 2257, 84, 549.98
G 3, 100, 2355, 77, 549.99
G 4, 100, 2160, 88, 549.99
G 5, 100, 2152, 90, 550.01
G 6, 100, 2227, 89, 550.00
G 7, 100, 2145, 84, 549.99
T 1791056657 16 533328486284 81370 7431 
G 0, 100, 2152, 87, 549.97
G 1, 100, 2212, 89, 549.98
G 2, 100, 2220, 84, 549.99
G 3, 100, 2265, 78, 549.99
G 4, 100, 2190, 88, 550.00
G 5, 100, 2152, 90, 549.97
G 6, 100, 2257, 89, 549.99
G 7, 100, 2220, 84, 549.99
T 1791056662 16 533588827571 81421 7431 
G 0, 100, 2182, 87, 550.00
G 1, 100, 2212, 89, 550.00
G 2, 100, 2235, 84, 549.98
G 3, 100, 2310, 78, 550.00
G 4, 100, 2287, 88, 549.97
G 5, 100, 2107, 90, 550.00
G 6, 100, 2182, 89, 549.99
G 7, 100, 2115, 84, 550.01
T 1791056668 16 533818379732 81473 7431 
G 0, 100, 2182, 87, 549.98
G 1, 100, 2265, 88, 549.99
G 2, 100, 2220, 84, 549.99
G 3, 100, 2325, 77, 549.99
G 4, 100, 2227, 88, 549.97
G 5, 100, 2070, 90, 550.00
G 6, 100, 2242, 89, 549.97
G 7, 100, 2175, 84, 549.98
T 1791056673 16 534103732952 81525 7431 
G 0, 100, 2197, 87, 549.99
G 1, 100, 2220, 88, 549.99
G 2, 100, 2347, 84, 549.98
G 3, 100, 2287, 77, 549.99
G 4, 100, 2235, 88, 550.01
G 5, 100, 2197, 90, 549.99
G 6, 100, 2227, 90, 549.99
G 7, 100, 2077, 84, 550.02
T 1791056678 16 534375493173 81577 7431 
G 0, 100, 2152, 87, 549.97
G 1, 100, 2280, 88, 549.99
G 2, 100, 2152, 84, 549.99
G 3, 100, 2272, 77, 549.99
G 4, 100, 2235, 88, 549.98
G 5, 100, 2160, 90, 549.96
G 6, 100, 2220, 89, 549.99
G 7, 100, 2167, 84, 549.99
T 1791056683 16 534605413871 81629 7431 
G 0, 100, 2235, 87, 549.98
G 1, 100, 2167, 88, 549.98
G 2, 100, 2190, 84, 549.99
G 3, 100, 2317, 77, 549.98
G 4, 100, 2227, 88, 549.98
G 5, 100, 2145, 90, 550.00
G 6, 100, 2100, 89, 549.98
G 7, 100, 2197, 84, 549.98
T 1791056688 16 534870419319 81681 7431 
G 0, 100, 2175, 87, 550.00
G 1, 100, 2160, 88, 549.99
G 2, 100, 2160, 84, 549.99
G 3, 100, 2317, 77, 549.99
G 4, 100, 2160, 88, 549.99
G 5, 100, 2227, 90, 549.99
G 6, 100, 2205, 89, 550.00
G 7, 100, 2197, 84, 550.00
T 1791056693 16 535154109506 81733 7431 
G 0, 100, 2115, 87, 549.99
G 1, 100, 2295, 88, 549.99
G 2, 100, 2235, 84, 549.99
G 3, 100, 2295, 77, 549.99
G 4, 100, 2197, 88, 549.99
G 5, 100, 2175, 90, 549.99
G 6, 100, 2205, 89, 549.98
G 7, 100, 2212, 84, 549.99
T 1791056699 16 535408098494 81784 7431 
G 0, 100, 2145, 87, 550.00
G 1, 100, 2220, 88, 549.99
G 2, 100, 2227, 84, 550.00
G 3, 100, 2325, 77, 550.01
G 4, 100, 2280, 88, 550.00
G 5, 100, 2130, 90, 549.99
G 6, 100, 2212, 89, 549.99
G 7, 100, 2220, 84, 550.02
T 1791056704 16 535625083836 81836 7431 
G 0, 100, 2122, 87, 550.00
G 1, 100, 2287, 88, 549.98
G 2, 100, 2265, 84, 549.99
G 3, 100, 2287, 77, 549.99
G 4, 100, 2197, 88, 549.99
G 5, 100, 2212, 90, 550.00
G 6, 100, 2175, 89, 549.99
G 7, 100, 2235, 84, 550.00
T 1791056709 16 535940854250 81888 7431 
G 0, 100, 2167, 87, 549.99
G 1, 100, 2227, 88, 549.98
G 2, 100, 2190, 84, 550.00
G 3, 100, 2272, 77, 549.99
G 4, 100, 2250, 88, 549.99
G 5, 100, 2182, 90, 549.99
G 6, 100, 2355, 89, 549.99
G 7, 100, 2332, 84, 549.99
T 1791056714 16 536185745771 81940 7431 
G 0, 100, 2055, 87, 550.01
G 1, 100, 2325, 88, 549.99
G 2, 100, 2212, 84, 550.01
G 3, 100, 2257, 77, 549.98
G 4, 100, 2227, 88, 549.97
G 5, 100, 2137, 90, 550.00
G 6, 100, 2235, 89, 549.98
G 7, 100, 2212, 84, 550.02
T 1791056719 16 536455045228 81992 7431 
G 0, 100, 2167, 87, 550.00
G 1, 100, 2175, 88, 549.98
G 2, 100, 2212, 84, 549.99
G 3, 100, 2205, 77, 549.99
G 4, 100, 2212, 88, 549.99
G 5, 100, 2175, 90, 549.97
G 6, 100, 2107, 89, 549.99
G 7, 100, 2242, 85, 549.97
T 1791056725 16 536739619535 82044 7431 
G 0, 100, 2070, 87, 549.99
G 1, 100, 2197, 88, 549.99
G 2, 100, 2130, 84, 550.00
G 3, 100, 2250, 77, 549.99
G 4, 100, 2250, 88, 549.99
G 5, 100, 2152, 90, 550.02
G 6, 100, 2220, 89, 550.00
G 7, 100, 2092, 84, 550.02
T 1791056730 16 536994980642 82095 7431 
G 0, 100, 2077, 87, 550.01
G 1, 100, 2205, 88, 549.99
G 2, 100, 2175, 84, 550.01
G 3, 100, 2310, 78, 549.99
G 4, 100, 2227, 88, 549.99
G 5, 100, 2152, 89, 549.99
G 6, 100, 2220, 89, 550.00
G 7, 100, 2197, 85, 550.00
T 1791056735 16 537253194523 82147 7431 
G 0, 100, 2122, 87, 550.00
G 1, 100, 2287, 88, 549.99
G 2, 100, 2190, 84, 549.98
G 3, 100, 2302, 78, 549.99
G 4, 100, 2145, 88, 550.00
G 5, 100, 2242, 90, 550.00
G 6, 100, 2265, 89, 550.00
G 7, 100, 2175, 84, 550.01
T 1791056740 16 537505700755 82199 7431 
G 0, 100, 2205, 87, 550.00
G 1, 100, 2340, 88, 549.98
G 2, 100, 2250, 84, 549.99
G 3, 100, 2242, 77, 549.99
G 4, 100, 2137, 88, 549.99
G 5, 100, 2175, 90, 549.97
G 6, 100, 2190, 89, 549.97
G 7, 100, 2257, 84, 550.00
T 1791056745 16 537793005432 82251 7431 
G 0, 100, 2115, 87, 549.96
G 1, 100, 2325, 89, 549.98
G 2, 100, 2190, 84, 550.00
G 3, 100, 2317, 77, 550.00
G 4, 100, 2242, 88, 549.99
G 5, 100, 2220, 90, 550.00
G 6, 100, 2212, 89, 549.99
G 7, 100, 2190, 84, 549.98
T 1791056750 16 538016579220 82303 7431 
G 0, 100, 2182, 87, 550.00
G 1, 100, 2212, 88, 549.99
G 2, 100, 2145, 84, 550.00
G 3, 100, 2295, 78, 550.00
G 4, 100, 2152, 88, 549.98
G 5, 100, 2272, 90, 550.01
G 6, 100, 2220, 89, 549.98
G 7, 100, 2197, 84, 549.96
T 1791056756 16 538265610214 82355 7431 
G 0, 100, 2070, 87, 549.98
G 1, 100, 2205, 89, 549.99
G 2, 100, 2242, 84, 550.01
G 3, 100, 2362, 78, 549.99
G 4, 100, 2122, 88, 549.99
G 5, 100, 2175, 90, 549.98
G 6, 100, 2182, 89, 549.99
G 7, 100, 2197, 84, 549.97
T 1791056761 16 538560139275 82406 7431 
G 0, 100, 2175, 87, 549.97
G 1, 100, 2250, 89, 549.99
G 2, 100, 2235, 84, 549.98
G 3, 100, 2280, 78, 549.97
G 4, 100, 2235, 88, 550.00
G 5, 100, 2212, 90, 550.01
G 6, 100, 2325, 89, 549.99
G 7, 100, 2190, 85, 549.97
T 1791056766 16 538804379129 82458 7431 
G 0, 100, 2257, 87, 550.00
G 1, 100, 2235, 89, 549.99
G 2, 100, 2160, 84, 549.97
G 3, 100, 2347, 78, 549.99
G 4, 100, 2212, 88, 549.98
G 5, 100, 2160, 89, 550.00
G 6, 100, 2115, 90, 549.98
G 7, 100, 2212, 84, 549.98
T 1791056771 16 539077086484 82510 7431 
G 0, 100, 2122, 87, 550.00
G 1, 100, 2250, 88, 549.99
G 2, 100, 2160, 84, 549.99
G 3, 100, 2227, 78, 549.99
G 4, 100, 2377, 88, 550.00
G 5, 100, 2197, 90, 549.98
G 6, 100, 2235, 89, 549.98
G 7, 100, 2182, 84, 550.00
T 1791056776 16 539357955355 82562 7431 
G 0, 100, 2212, 87, 549.98
G 1, 100, 2287, 88, 549.99
G 2, 100, 2227, 84, 549.96
G 3, 100, 2385, 78, 549.99
G 4, 100, 2220, 88, 550.00
G 5, 100, 2152, 90, 550.00
G 6, 100, 2212, 90, 550.00
G 7, 100, 2107, 84, 549.97
T 1791056782 16 539612217251 82614 7431 
G 0, 100, 2092, 87, 549.98
G 1, 100, 2272, 88, 549.99
G 2, 100, 2182, 84, 550.00
G 3, 100, 2257, 78, 549.99
G 4, 100, 2205, 88, 549.98
G 5, 100, 2145, 90, 550.00
G 6, 100, 2227, 89, 549.99
G 7, 100, 2077, 84, 550.01
T 1791056787 16 539917303402 82665 7431 
G 0, 100, 2160, 87, 549.99
G 1, 100, 2212, 88, 549.99
G 2, 100, 2250, 84, 550.00
G 3, 100, 2310, 78, 549.98
G 4, 100, 2242, 88, 549.99
G 5, 100, 2220, 90, 549.99
G 6, 100, 2212, 89, 549.98
G 7, 100, 2100, 84, 549.97
T 1791056792 16 540156696487 82717 7431 
G 0, 100, 2160, 87, 549.99
G 1, 100, 2227, 89, 549.99
G 2, 100, 2325, 84, 549.99
G 3, 100, 2272, 77, 549.99
G 4, 100, 2242, 88, 549.99
G 5, 100, 2220, 90, 549.99
G 6, 100, 2152, 89, 550.00
G 7, 100, 2235, 85, 549.98
T 1791056797 16 540434949485 82769 7431 
G 0, 100, 2182, 87, 550.02
G 1, 100, 2242, 89, 549.98
G 2, 100, 2250, 84, 550.00
G 3, 100, 2310, 78, 549.98
G 4, 100, 2197, 88, 549.99
G 5, 100, 2167, 90, 549.99
G 6, 100, 2242, 89, 550.00
G 7, 100, 2182, 85, 549.99
T 1791056802 16 540694528667 82821 7431 
G 0, 100, 2137, 87, 550.01
G 1, 100, 2250, 89, 549.99
G 2, 100, 2182, 84, 550.00
G 3, 100, 2302, 78, 549.99
G 4, 100, 2220, 88, 549.99
G 5, 100, 2152, 90, 549.97
G 6, 100, 2145, 89, 549.98
G 7, 100, 2167, 85, 549.97
T 1791056808 16 540944473641 82873 7431 
G 0, 100, 2145, 87, 550.04
G 1, 100, 2220, 89, 550.00
G 2, 100, 2220, 85, 549.98
G 3, 100, 2272, 78, 549.98
G 4, 100, 2175, 88, 549.98
G 5, 100, 2235, 90, 550.00
G 6, 100, 2205, 89, 549.97
G 7, 100, 2325, 85, 550.01
T 1791056813 16 541208745654 82924 7431 
G 0, 100, 2122, 87, 549.98
G 1, 100, 2220, 89, 549.99
G 2, 100, 2227, 84, 549.98
G 3, 100, 2265, 78, 549.99
G 4, 100, 2242, 88, 549.99
G 5, 100, 2160, 90, 549.98
G 6, 100, 2197, 90, 549.98
G 7, 100, 2250, 85, 550.00
T 1791056818 16 541466287688 82976 7431 
G 0, 100, 2122, 87, 549.99
G 1, 100, 2235, 88, 549.99
G 2, 100, 2250, 84, 550.00
G 3, 100, 2310, 78, 549.97
G 4, 100, 2197, 88, 549.99
G 5, 100, 2130, 90, 549.97
G 6, 100, 2212, 90, 549.97
G 7, 100, 2152, 85, 550.01
T 1791056823 16 541759977140 83028 7431 
G 0, 100, 2197, 87, 549.97
G 1, 100, 2280, 89, 549.98
G 2, 100, 2227, 84, 549.98
G 3, 100, 2287, 78, 549.99
G 4, 100, 2167, 88, 549.98
G 5, 100, 2085, 90, 549.95
G 6, 100, 2227, 89, 549.99
G 7, 100, 2197, 84, 549.97
T 1791056828 16 542013930396 83080 7431 
G 0, 100, 2152, 87, 549.96
G 1, 100, 2250, 89, 549.99
G 2, 100, 2212, 84, 549.98
G 3, 100, 2302, 78, 549.99
G 4, 100, 2220, 88, 549.98
G 5, 100, 2152, 90, 549.98
G 6, 100, 2227, 89, 549.99
G 7, 100, 2205, 84, 549.99
T 1791056833 16 542280095066 83131 7431 
G 0, 100, 2070, 87, 549.99
G 1, 100, 2190, 89, 549.98
G 2, 100, 2242, 84, 549.99
G 3, 100, 2205, 78, 549.98
G 4, 100, 2145, 88, 549.98
G 5, 100, 2122, 90, 550.01
G 6, 100, 2212, 90, 549.99
G 7, 100, 2160, 85, 549.99
T 1791056839 16 542553802937 83183 7431 
G 0, 100, 2235, 87, 549.96
G 1, 100, 2220, 89, 549.99
G 2, 100, 2220, 85, 549.99
G 3, 100, 2340, 78, 549.99
G 4, 100, 2137, 88, 549.98
G 5, 100, 2235, 90, 549.97
G 6, 100, 2250, 90, 549.99
G 7, 100, 2265, 85, 550.00
T 1791056844 16 542801359811 83235 7431 
G 0, 100, 2197, 87, 549.99
G 1, 100, 2250, 89, 549.99
G 2, 100, 2212, 84, 550.00
G 3, 100, 2310, 78, 549.99
G 4, 100, 2242, 88, 549.98
G 5, 100, 2100, 90, 549.99
G 6, 100, 2122, 89, 549.99
G 7, 100, 2205, 85, 550.00
T 1791056849 16 543052986831 83287 7431 
G 0, 100, 2175, 87, 550.00
G 1, 100, 2242, 89, 549.97
G 2, 100, 2205, 85, 549.98
G 3, 100, 2310, 78, 549.98
G 4, 100, 2257, 88, 549.98
G 5, 100, 2100, 90, 549.99
G 6, 100, 2197, 89, 549.99
G 7, 100, 2257, 85, 550.00
T 1791056854 16 543319714588 83339 7431 
G 0, 100, 2062, 87, 549.99
G 1, 100, 2212, 89, 549.98
G 2, 100, 2092, 84, 549.98
G 3, 100, 2220, 78, 549.99
G 4, 100, 2122, 88, 550.00
G 5, 100, 2145, 90, 549.99
G 6, 100, 2272, 89, 550.00
G 7, 100, 2295, 85, 549.98
T 1791056859 16 543598490626 83390 7431 
G 0, 100, 2145, 87, 550.00
G 1, 100, 2272, 89, 549.98
G 2, 100, 2392, 85, 550.00
G 3, 100, 2287, 78, 549.99
G 4, 100, 2130, 88, 549.99
G 5, 100, 2160, 90, 549.99
G 6, 100, 2205, 90, 549.99
G 7, 100, 2227, 85, 549.98
T 1791056864 16 543839388559 83442 7431 
G 0, 100, 2160, 87, 549.99
G 1, 100, 2197, 89, 549.98
G 2, 100, 2310, 85, 549.96
G 3, 100, 2325, 78, 549.98
G 4, 100, 2175, 88, 550.00
G 5, 100, 2167, 90, 549.99
G 6, 100, 2257, 90, 549.99
G 7, 100, 2137, 85, 549.97
T 1791056870 16 544097664498 83494 7431 
G 0, 100, 2182, 87, 549.98
G 1, 100, 2250, 89, 549.98
G 2, 100, 2205, 85, 550.00
G 3, 100, 2302, 78, 549.98
G 4, 100, 2175, 88, 549.98
G 5, 100, 2167, 90, 550.00
G 6, 100, 2205, 90, 549.99
G 7, 100, 2092, 85, 549.97
T 1791056875 16 544367436376 83546 7431 
G 0, 100, 2167, 87, 549.98
G 1, 100, 2212, 89, 549.97
G 2, 100, 2355, 85, 549.99
G 3, 100, 2295, 78, 549.98
G 4, 100, 2137, 88, 549.99
G 5, 100, 2167, 90, 550.00
G 6, 100, 2205, 89, 550.00
G 7, 100, 2152, 85, 549.99
T 1791056880 16 544600863001 83598 7431 
G 0, 100, 2175, 87, 549.99
G 1, 100, 2182, 89, 549.97
G 2, 100, 2362, 85, 549.98
G 3, 100, 2265, 78, 549.98
G 4, 100, 2220, 88, 550.00
G 5, 100, 2242, 90, 549.98
G 6, 100, 2250, 89, 549.99
G 7, 100, 2137, 85, 549.97
T 1791056885 16 544879080353 83650 7431 
G 0, 100, 2145, 87, 549.98
G 1, 100, 2250, 89, 549.99
G 2, 100, 2250, 85, 549.98
G 3, 100, 2287, 78, 549.99
G 4, 100, 2265, 88, 549.99
G 5, 100, 2205, 90, 550.00
G 6, 100, 2257, 89, 549.98
G 7, 100, 2115, 85, 549.99
T 1791056890 16 545125007519 83701 7431 
G 0, 100, 2182, 87, 549.98
G 1, 100, 2167, 89, 549.98
G 2, 100, 2227, 84, 549.99
G 3, 100, 2332, 78, 549.99
G 4, 100, 2280, 88, 549.99
G 5, 100, 2167, 90, 549.99
G 6, 100, 2212, 89, 549.98
G 7, 100, 2145, 85, 549.99
T 1791056896 16 545380474712 83753 7431 
G 0, 100, 2077, 87, 549.99
G 1, 100, 2385, 89, 549.99
G 2, 100, 2212, 84, 550.00
G 3, 100, 2272, 77, 549.99
G 4, 100, 2100, 88, 549.99
G 5, 100, 2160, 90, 549.99
G 6, 100, 2190, 89, 549.98
G 7, 100, 2272, 85, 550.00
T 1791056901 16 545642930220 83805 7431 
G 0, 100, 2152, 87, 549.99
G 1, 100, 2212, 89, 549.99
G 2, 100, 2212, 84, 549.99
G 3, 100, 2242, 77, 550.00
G 4, 100, 2317, 88, 549.99
G 5, 100, 2182, 90, 549.99
G 6, 100, 2220, 89, 549.99
G 7, 100, 2160, 85, 550.01
T 1791056906 16 545907077747 83857 7431 
G 0, 100, 2152, 87, 549.99
G 1, 100, 2287, 88, 549.98
G 2, 100, 2235, 84, 549.99
G 3, 100, 2272, 77, 550.00
G 4, 100, 2197, 88, 549.98
G 5, 100, 2257, 90, 549.97
G 6, 100, 2160, 89, 549.98
G 7, 100, 2160, 85, 550.01
T 1791056911 16 546144073757 83909 7431 
G 0, 100, 2235, 87, 549.99
G 1, 100, 2197, 89, 549.98
G 2, 100, 2182, 84, 550.01
G 3, 100, 2272, 77, 549.99
G 4, 100, 2227, 88, 549.99
G 5, 100, 2070, 90, 550.00
G 6, 100, 2190, 89, 549.99
G 7, 100, 2122, 85, 550.00
T 1791056916 16 546442345401 83960 7431 
G 0, 100, 2137, 87, 549.98
G 1, 100, 2205, 89, 549.99
G 2, 100, 2205, 84, 549.99
G 3, 100, 2310, 78, 549.98
G 4, 100, 2220, 88, 549.99
G 5, 100, 2190, 90, 549.99
G 6, 100, 2160, 89, 549.97
G 7, 100, 2205, 84, 549.99
T 1791056921 16 546700743100 84012 7431 
G 0, 100, 2190, 87, 549.98
G 1, 100, 2257, 89, 549.98
G 2, 100, 2250, 84, 549.99
G 3, 100, 2280, 77, 549.98
G 4, 100, 2152, 88, 549.99
G 5, 100, 2077, 90, 549.98
G 6, 100, 2175, 89, 549.97
G 7, 100, 2272, 85, 549.98
T 1791056927 16 546975837185 84064 7431 
G 0, 100, 2152, 87, 549.99
G 1, 100, 2227, 88, 549.99
G 2, 100, 2197, 84, 550.00
G 3, 100, 2257, 78, 549.98
G 4, 100, 2272, 88, 549.99
G 5, 100, 2167, 90, 549.99
G 6, 100, 2182, 89, 549.99
G 7, 100, 2160, 85, 549.97
T 1791056932 16 547236994314 84116 7431 
G 0, 100, 2190, 87, 549.98
G 1, 100, 2152, 89, 549.98
G 2, 100, 2235, 84, 549.98
G 3, 100, 2272, 78, 549.99
G 4, 100, 2272, 88, 549.98
G 5, 100, 2092, 90, 549.98
G 6, 100, 2167, 89, 549.99
G 7, 100, 2175, 85, 549.99
T 1791056937 16 547515599964 84168 7431 
G 0, 100, 2175, 87, 549.97
G 1, 100, 2205, 88, 549.99
G 2, 100, 2220, 84, 549.99
G 3, 100, 2497, 78, 549.99
G 4, 100, 2182, 88, 550.00
G 5, 100, 2227, 90, 549.98
G 6, 100, 2190, 89, 549.99
G 7, 100, 2137, 85, 550.01
T 1791056942 16 547777540343 84220 7431 
G 0, 100, 2197, 87, 550.00
G 1, 100, 2167, 88, 549.98
G 2, 100, 2227, 84, 549.98
G 3, 100, 2355, 78, 550.00
G 4, 100, 2182, 88, 549.97
G 5, 100, 2152, 90, 550.00
G 6, 100, 2152, 89, 549.97
G 7, 100, 2100, 84, 550.02
T 1791056947 16 548019171039 84271 7431 
G 0, 100, 2175, 87, 549.98
G 1, 100, 2242, 89, 549.99
G 2, 100, 2175, 84, 549.99
G 3, 100, 2280, 78, 549.98
G 4, 100, 2242, 88, 550.00
G 5, 100, 2137, 90, 550.00
G 6, 100, 2130, 89, 549.98
G 7, 100, 2212, 84, 549.99
T 1791056953 16 548290589576 84323 7431 
G 0, 100, 2175, 87, 549.97
G 1, 100, 2227, 89, 549.98
G 2, 100, 2175, 84, 549.99
G 3, 100, 2272, 78, 549.98
G 4, 100, 2115, 88, 549.98
G 5, 100, 2160, 90, 549.97
G 6, 100, 2212, 89, 549.98
G 7, 100, 2197, 84, 550.01
T 1791056958 16 548546197478 84375 7431 
G 0, 100, 2197, 87, 550.00
G 1, 100, 2235, 89, 549.99
G 2, 100, 2272, 84, 549.96
G 3, 100, 2257, 78, 550.00
G 4, 100, 2287, 88, 549.98
G 5, 100, 2100, 90, 549.96
G 6, 100, 2122, 89, 549.98
G 7, 100, 2197, 84, 550.01
T 1791056963 16 548800361012 84427 7431 
G 0, 100, 2167, 87, 549.99
G 1, 100, 2212, 89, 549.99
G 2, 100, 2197, 84, 550.01
G 3, 100, 2302, 78, 549.99
G 4, 100, 2107, 88, 550.01
G 5, 100, 2092, 90, 550.00
G 6, 100, 2190, 90, 549.99
G 7, 100, 2175, 84, 550.02
T 1791056968 16 549052598284 84479 7431 
G 0, 100, 2152, 87, 549.97
G 1, 100, 2212, 89, 549.99
G 2, 100, 2197, 84, 550.00
G 3, 100, 2235, 78, 549.99
G 4, 100, 2242, 88, 549.99
G 5, 100, 2175, 90, 549.99
G 6, 100, 2227, 89, 549.98
G 7, 100, 2145, 84, 549.98
T 1791056973 16 549324098095 84530 7431 
G 0, 100, 2160, 87, 550.00
G 1, 100, 2175, 89, 549.98
G 2, 100, 2212, 84, 550.00
G 3, 100, 2287, 78, 550.00
G 4, 100, 2160, 88, 549.98
G 5, 100, 2137, 90, 550.00
G 6, 100, 2227, 89, 549.98
G 7, 100, 2160, 84, 549.98
T 1791056978 16 549581024818 84582 7431 
G 0, 100, 2137, 87, 550.00
G 1, 100, 2242, 88, 549.99
G 2, 100, 2212, 84, 549.98
G 3, 100, 2295, 78, 549.99
G 4, 100, 2212, 88, 549.99
G 5, 100, 2175, 90, 550.00
G 6, 100, 2212, 89, 549.99
G 7, 100, 2115, 84, 549.98
T 1791056984 16 549855464399 84633 7431 
G 0, 100, 2182, 87, 550.01
G 1, 100, 2212, 89, 549.99
G 2, 100, 2220, 84, 549.98
G 3, 100, 2197, 78, 550.00
G 4, 100, 2152, 88, 549.99
G 5, 100, 2205, 90, 549.99
G 6, 100, 2175, 89, 549.97
G 7, 100, 2122, 84, 549.97
T 1791056989 16 550131755548 84685 7431 
G 0, 100, 2197, 87, 549.97
G 1, 100, 2235, 89, 549.99
G 2, 100, 2250, 84, 549.98
G 3, 100, 2280, 78, 549.98
G 4, 100, 2220, 88, 550.00
G 5, 100, 2137, 90, 550.02
G 6, 100, 2197, 89, 550.00
G 7, 100, 2160, 84, 550.00
T 1791056994 16 550370675060 84737 7431 
G 0, 100, 2160, 87, 549.97
G 1, 100, 2212, 89, 549.98
G 2, 100, 2272, 84, 549.99
G 3, 100, 2310, 78, 549.99
G 4, 100, 2160, 88, 549.97
G 5, 100, 2167, 90, 549.98
G 6, 100, 2190, 89, 550.00
G 7, 100, 2227, 84, 550.00
T 1791056999 16 550656153449 84788 7431 
G 0, 100, 2182, 87, 549.99
G 1, 100, 2242, 89, 549.98
G 2, 100, 2190, 84, 549.99
G 3, 100, 2340, 78, 549.99
G 4, 100, 2130, 88, 549.99
G 5, 100, 2175, 90, 550.00
G 6, 100, 2250, 90, 549.99
G 7, 100, 2175, 84, 549.99
T 1791057004 16 550896886006 84840 7431 
G 0, 100, 2212, 87, 549.98
G 1, 100, 2310, 89, 549.99
G 2, 100, 2227, 84, 549.97
G 3, 100, 2272, 78, 550.00
G 4, 100, 2212, 88, 549.99
G 5, 100, 2182, 90, 550.01
G 6, 100, 2160, 89, 549.99
G 7, 100, 2182, 85, 550.01
T 1791057009 16 551133657005 84892 7431 
G 0, 100, 2167, 87, 549.97
G 1, 100, 2340, 89, 549.99
G 2, 100, 2242, 84, 549.98
G 3, 100, 2280, 78, 549.98
G 4, 100, 2197, 88, 549.99
G 5, 100, 2205, 90, 549.98
G 6, 100, 2205, 90, 549.98
G 7, 100, 2175, 84, 549.98
T 1791057015 16 551415648050 84944 7431 
G 0, 100, 2205, 87, 549.97
G 1, 100, 2152, 88, 549.99
G 2, 100, 2107, 84, 549.99
G 3, 100, 2302, 78, 549.99
G 4, 100, 2182, 88, 550.00
G 5, 100, 2295, 90, 549.98
G 6, 100, 2235, 89, 550.00
G 7, 100, 2152, 85, 549.97
T 1791057020 16 551685342982 84996 7431 
G 0, 100, 2145, 87, 550.00
G 1, 100, 2167, 89, 549.99
G 2, 100, 2220, 84, 549.99
G 3, 100, 2242, 78, 549.98
G 4, 100, 2220, 88, 549.98
G 5, 100, 2182, 90, 549.98
G 6, 100, 2272, 90, 549.99
G 7, 100, 2205, 85, 550.00
T 1791057025 16 551935068357 85048 7431 
G 0, 100, 2115, 87, 549.98
G 1, 100, 2182, 89, 549.98
G 2, 100, 2250, 84, 549.99
G 3, 100, 2392, 78, 549.99
G 4, 100, 2182, 88, 549.98
G 5, 100, 2227, 90, 550.02
G 6, 100, 2175, 90, 549.98
G 7, 100, 2190, 85, 549.95
T 1791057030 16 552167854272 85099 7431 
G 0, 100, 2280, 87, 549.98
G 1, 100, 2265, 89, 550.00
G 2, 100, 2175, 84, 549.99
G 3, 100, 2347, 78, 549.98
G 4, 100, 2130, 88, 549.98
G 5, 100, 2107, 90, 549.99
G 6, 100, 2122, 89, 549.99
G 7, 100, 2190, 85, 550.01
T 1791057035 16 552439693487 85151 7431 
G 0, 100, 2145, 87, 550.01
G 1, 100, 2220, 89, 549.99
G 2, 100, 2295, 84, 549.98
G 3, 100, 2355, 78, 549.98
G 4, 100, 2220, 88, 549.98
G 5, 100, 2265, 90, 550.00
G 6, 100, 2220, 89, 549.99
G 7, 100, 2190, 85, 549.99
T 1791057041 16 552714497955 85203 7431 
G 0, 100, 2190, 87, 550.00
G 1, 100, 2137, 89, 549.99
G 2, 100, 2235, 84, 549.98
G 3, 100, 2295, 78, 549.98
G 4, 100, 2235, 88, 550.00
G 5, 100, 2077, 90, 550.00
G 6, 100, 2235, 89, 550.00
G 7, 100, 2182, 84, 550.01
T 1791057046 16 552961663802 85255 7431 
G 0, 100, 2070, 87, 550.00
G 1, 100, 2272, 89, 549.99
G 2, 100, 2250, 84, 550.01
G 3, 100, 2212, 78, 549.99
G 4, 100, 2287, 88, 550.01
G 5, 100, 2077, 90, 549.99
G 6, 100, 2130, 89, 549.99
G 7, 100, 2205, 84, 549.98
T 1791057051 16 553231922201 85306 7431 
G 0, 100, 2137, 87, 549.98
G 1, 100, 2197, 89, 549.98
G 2, 100, 2190, 84, 550.00
G 3, 100, 2280, 78, 549.99
G 4, 100, 2175, 88, 549.98
G 5, 100, 2107, 90, 550.01
G 6, 100, 2280, 89, 549.99
G 7, 100, 2220, 84, 550.00
T 1791057056 16 553476797151 85358 7431 
G 0, 100, 2152, 87, 549.99
G 1, 100, 2182, 89, 549.99
G 2, 100, 2152, 84, 549.98
G 3, 100, 2272, 78, 549.98
G 4, 100, 2182, 87, 549.99
G 5, 100, 2197, 90, 549.98
G 6, 100, 2235, 89, 549.98
G 7, 100, 2205, 85, 549.99
T 1791057061 16 553758338814 85410 7431 
G 0, 100, 2235, 87, 549.99
G 1, 100, 2257, 89, 549.98
G 2, 100, 2257, 84, 549.98
G 3, 100, 2347, 78, 549.99
G 4, 100, 2152, 88, 549.99
G 5, 100, 2182, 90, 549.99
G 6, 100, 2250, 90, 549.98
G 7, 100, 2197, 84, 549.98
T 1791057066 16 553993839772 85462 7431 
G 0, 100, 2205, 87, 549.97
G 1, 100, 2257, 89, 549.98
G 2, 100, 2205, 84, 549.99
G 3, 100, 2287, 78, 549.99
G 4, 100, 2190, 88, 550.00
G 5, 100, 2115, 90, 550.00
G 6, 100, 2190, 90, 549.97
G 7, 100, 2137, 85, 549.98
T 1791057072 16 554282409314 85513 7431 
G 0, 100, 2287, 87, 549.99
G 1, 100, 2280, 89, 549.98
G 2, 100, 2257, 84, 549.99
G 3, 100, 2370, 78, 550.00
G 4, 100, 2250, 88, 549.98
G 5, 100, 2175, 90, 550.01
G 6, 100, 2212, 89, 549.98
G 7, 100, 2175, 85, 550.00
T 1791057077 16 554531172146 85565 7431 
G 0, 100, 2212, 87, 550.02
G 1, 100, 2242, 88, 550.00
G 2, 100, 2272, 84, 549.98
G 3, 100, 2265, 78, 549.99
G 4, 100, 2205, 88, 549.99
G 5, 100, 2115, 90, 549.99
G 6, 100, 2160, 89, 549.99
G 7, 100, 2220, 84, 549.98
T 1791057082 16 554797330385 85617 7431 
G 0, 100, 2197, 87, 549.99
G 1, 100, 2250, 88, 550.00
G 2, 100, 2212, 84, 549.98
G 3, 100, 2295, 78, 549.99
G 4, 100, 2100, 88, 549.98
G 5, 100, 2130, 90, 550.00
G 6, 100, 2242, 89, 549.98
G 7, 100, 2175, 84, 549.99
T 1791057087 16 555022757750 85668 7431 
G 0, 100, 2175, 87, 549.97
G 1, 100, 2197, 88, 549.99
G 2, 100, 2122, 84, 549.99
G 3, 100, 2340, 78, 549.99
G 4, 100, 2190, 88, 550.00
G 5, 100, 2362, 90, 550.01
G 6, 100, 2212, 89, 549.98
G 7, 100, 2167, 84, 549.97
T 1791057092 16 555276158377 85720 7431 
G 0, 100, 2122, 87, 549.99
G 1, 100, 2190, 89, 549.99
G 2, 100, 2212, 84, 549.97
G 3, 100, 2227, 78, 549.99
G 4, 100, 2167, 88, 549.98
G 5, 100, 2122, 90, 549.99
G 6, 100, 2167, 89, 549.99
G 7, 100, 2190, 84, 549.98
T 1791057097 16 555547011478 85772 7431 
G 0, 100, 2167, 87, 549.98
G 1, 100, 2280, 89, 549.99
G 2, 100, 2295, 84, 549.98
G 3, 100, 2272, 78, 549.98
G 4, 100, 2122, 88, 549.98
G 5, 100, 2107, 90, 549.99
G 6, 100, 2197, 89, 549.99
G 7, 100, 2197, 84, 549.99
T 1791057103 16 555795565604 85824 7431 
G 0, 100, 2137, 87, 550.00
G 1, 100, 2235, 89, 549.99
G 2, 100, 2205, 84, 549.98
G 3, 100, 2302, 78, 550.00
G 4, 100, 2205, 88, 549.99
G 5, 100, 2085, 90, 549.98
G 6, 100, 2235, 89, 549.98
G 7, 100, 2212, 85, 550.00
T 1791057108 16 556075301688 85876 7431 
G 0, 100, 2107, 87, 550.00
G 1, 100, 2175, 88, 549.99
G 2, 100, 2220, 84, 549.97
G 3, 100, 2317, 78, 549.99
G 4, 100, 2175, 88, 550.00
G 5, 100, 2182, 90, 550.00
G 6, 100, 2220, 89, 550.00
G 7, 100, 2190, 84, 549.98
T 1791057113 16 556335905790 85928 7431 
G 0, 100, 2197, 87, 549.99
G 1, 100, 2317, 89, 549.99
G 2, 100, 2175, 84, 550.01
G 3, 100, 2347, 78, 550.00
G 4, 100, 2220, 88, 549.99
G 5, 100, 2190, 90, 550.00
G 6, 100, 2152, 89, 549.99
G 7, 100, 2175, 84, 549.98
T 1791057118 16 556592376636 85979 7431 
G 0, 100, 2092, 87, 550.00
G 1, 100, 2190, 89, 549.99
G 2, 100, 2242, 84, 550.02
G 3, 100, 2242, 78, 549.98
G 4, 100, 2137, 88, 549.98
G 5, 100, 2137, 90, 549.98
G 6, 100, 2235, 89, 549.99
G 7, 100, 2227, 84, 550.00
T 1791057123 16 556851879490 86031 7431 
G 0, 100, 2197, 87, 549.97
G 1, 100, 2212, 89, 549.99
G 2, 100, 2145, 84, 550.01
G 3, 100, 2295, 77, 549.98
G 4, 100, 2197, 88, 550.00
G 5, 100, 2175, 90, 550.00
G 6, 100, 2250, 89, 549.99
G 7, 100, 2152, 84, 549.99
T 1791057129 16 557136123201 86083 7431 
G 0, 100, 2197, 87, 549.99
G 1, 100, 2227, 89, 549.99
G 2, 100, 2175, 84, 550.01
G 3, 100, 2287, 77, 549.99
G 4, 100, 2235, 88, 550.00
G 5, 100, 2137, 89, 549.99
G 6, 100, 2220, 89, 550.00
G 7, 100, 2205, 84, 549.98
T 1791057134 16 557384885654 86135 7431 
G 0, 100, 2137, 87, 549.99
G 1, 100, 2212, 89, 549.99
G 2, 100, 2242, 84, 549.99
G 3, 100, 2295, 77, 549.99
G 4, 100, 2227, 88, 549.99
G 5, 100, 2152, 90, 549.99
G 6, 100, 2220, 89, 550.00
G 7, 100, 2197, 84, 549.98
T 1791057139 16 557641587748 86187 7431 
G 0, 100, 2092, 87, 550.00
G 1, 100, 2430, 89, 549.99
G 2, 100, 2190, 84, 549.99
G 3, 100, 2355, 77, 549.99
G 4, 100, 2167, 88, 549.98
G 5, 100, 2122, 90, 550.00
G 6, 100, 2242, 89, 549.99
G 7, 100, 2182, 84, 549.99
T 1791057144 16 557916301850 86238 7431 
G 0, 100, 2137, 87, 549.98
G 1, 100, 2242, 88, 549.99
G 2, 100, 2190, 84, 549.99
G 3, 100, 2257, 77, 549.99
G 4, 100, 2220, 88, 550.00
G 5, 100, 2152, 90, 549.99
G 6, 100, 2235, 89, 550.01
G 7, 100, 2190, 84, 549.99
T 1791057149 16 558185213725 86290 7431 
G 0, 100, 2175, 87, 549.99
G 1, 100, 2250, 88, 549.99
G 2, 100, 2175, 84, 550.01
G 3, 100, 2280, 77, 549.98
G 4, 100, 2227, 88, 549.99
G 5, 100, 2250, 90, 549.99
G 6, 100, 2205, 89, 549.99
G 7, 100, 2152, 84, 549.99
T 1791057154 16 558414091710 86342 7431 
G 0, 100, 2175, 87, 549.98
G 1, 100, 2310, 89, 549.99
G 2, 100, 2257, 84, 549.97
G 3, 100, 2332, 77, 549.99
G 4, 100, 2167, 88, 550.00
G 5, 100, 2160, 90, 549.98
G 6, 100, 2212, 89, 550.00
G 7, 100, 2122, 84, 549.98
T 1791057160 16 558671316476 86394 7431 
G 0, 100, 2160, 87, 549.98
G 1, 100, 2242, 89, 549.98
G 2, 100, 2167, 84, 550.02
G 3, 100, 2272, 77, 549.99
G 4, 100, 2130, 88, 549.98
G 5, 100, 2107, 90, 549.99
G 6, 100, 2122, 89, 549.99
G 7, 100, 2145, 84, 549.99
T 1791057165 16 558982670905 86446 7431 
G 0, 100, 2227, 87, 549.98
G 1, 100, 2220, 89, 549.99
G 2, 100, 2280, 84, 549.98
G 3, 100, 2317, 78, 549.98
G 4, 100, 2130, 88, 549.99
G 5, 100, 2115, 90, 549.98
G 6, 100, 2242, 89, 549.99
G 7, 100, 2197, 84, 550.03
T 1791057170 16 559230225873 86498 7431 
G 0, 100, 2115, 87, 549.99
G 1, 100, 2257, 89, 549.98
G 2, 100, 2257, 84, 550.00
G 3, 100, 2302, 78, 549.99
G 4, 100, 2175, 88, 549.99
G 5, 100, 2265, 90, 550.03
G 6, 100, 2152, 89, 549.99
G 7, 100, 2227, 84, 550.00
T 1791057175 16 559480205927 86550 7431 
G 0, 100, 2167, 87, 549.99
G 1, 100, 2265, 88, 549.99
G 2, 100, 2310, 84, 549.97
G 3, 100, 2280, 78, 549.99
G 4, 100, 2227, 88, 549.97
G 5, 100, 2160, 90, 549.99
G 6, 100, 2295, 89, 549.98
G 7, 100, 2235, 84, 549.96
T 1791057180 16 559768210204 86602 7431 
G 0, 100, 2175, 87, 549.98
G 1, 100, 2212, 89, 549.99
G 2, 100, 2272, 84, 549.98
G 3, 100, 2302, 78, 549.99
G 4, 100, 2227, 88, 549.97
G 5, 100, 2062, 90, 549.98
G 6, 100, 2190, 89, 549.98
G 7, 100, 2107, 84, 549.95
T 1791057186 16 560025759137 86654 7431 
G 0, 100, 2182, 87, 549.96
G 1, 100, 2160, 89, 549.99
G 2, 100, 2250, 84, 549.99
G 3, 100, 2302, 78, 549.99
G 4, 100, 2227, 88, 549.98
G 5, 100, 2122, 90, 550.01
G 6, 100, 2197, 89, 549.99
G 7, 100, 2280, 84, 549.97
T 1791057191 16 560276649683 86705 7431 
G 0, 100, 2107, 87, 549.98
G 1, 100, 2340, 88, 549.99
G 2, 100, 2130, 83, 549.98
G 3, 100, 2287, 78, 549.99
G 4, 100, 2160, 88, 549.98
G 5, 100, 2212, 90, 549.97
G 6, 100, 2197, 89, 549.98
G 7, 100, 2137, 84, 549.99
T 1791057196 16 560540789452 86757 7431 
G 0, 100, 2107, 87, 549.98
G 1, 100, 2242, 89, 549.98
G 2, 100, 2250, 83, 549.98
G 3, 100, 2235, 78, 550.00
G 4, 100, 2250, 88, 549.99
G 5, 100, 2257, 90, 549.97
G 6, 100, 2220, 89, 549.98
G 7, 100, 2182, 84, 549.94
T 1791057201 16 560790669568 86809 7431 
G 0, 100, 2167, 87, 549.99
G 1, 100, 2302, 88, 549.99
G 2, 100, 2145, 83, 550.00
G 3, 100, 2295, 77, 549.99
G 4, 100, 2272, 88, 550.00
G 5, 100, 2130, 90, 550.00
G 6, 100, 2220, 89, 550.00
G 7, 100, 2182, 84, 550.00
T 1791057206 16 561071145362 86860 7431 
G 0, 100, 2107, 87, 550.01
G 1, 100, 2280, 88, 550.00
G 2, 100, 2212, 83, 549.98
G 3, 100, 2302, 77, 549.99
G 4, 100, 2190, 88, 549.98
G 5, 100, 2167, 90, 550.00
G 6, 100, 2137, 89, 549.99
G 7, 100, 2085, 84, 549.99
T 1791057211 16 561336940424 86912 7431 
G 0, 100, 2160, 87, 549.99
G 1, 100, 2257, 89, 549.99
G 2, 100, 2197, 83, 549.98
G 3, 100, 2235, 77, 549.99
G 4, 100, 2272, 88, 549.99
G 5, 100, 2227, 90, 550.00
G 6, 100, 2212, 89, 549.98
G 7, 100, 2160, 84, 549.99
T 1791057217 16 561579384003 86964 7431 
G 0, 100, 2137, 87, 549.99
G 1, 100, 2182, 88, 549.99
G 2, 100, 2265, 83, 549.99
G 3, 100, 2265, 77, 549.99
G 4, 100, 2190, 88, 549.99
G 5, 100, 2175, 90, 549.97
G 6, 100, 2205, 89, 550.00
G 7, 100, 2205, 84, 549.98
T 1791057222 16 561853065331 87015 7431 
G 0, 100, 2115, 87, 550.01
G 1, 100, 2227, 88, 549.99
G 2, 100, 2197, 84, 549.98
G 3, 100, 2310, 77, 549.99
G 4, 100, 2220, 88, 550.00
G 5, 100, 2310, 90, 549.97
G 6, 100, 2265, 89, 549.98
G 7, 100, 2235, 84, 549.99
T 1791057227 16 562114487870 87067 7431 
G 0, 100, 2130, 87, 549.98
G 1, 100, 2242, 88, 549.98
G 2, 100, 2175, 83, 550.01
G 3, 100, 2332, 77, 549.99
G 4, 100, 2122, 88, 549.98
G 5, 100, 2310, 90, 550.02
G 6, 100, 2212, 89, 549.99
G 7, 100, 2160, 84, 549.98
T 1791057232 16 562357796287 87119 7431 
G 0, 100, 2145, 87, 549.99
G 1, 100, 2310, 88, 549.99
G 2, 100, 2250, 84, 550.01
G 3, 100, 2347, 77, 549.98
G 4, 100, 2205, 88, 549.98
G 5, 100, 2212, 90, 549.98
G 6, 100, 2190, 89, 549.99
G 7, 100, 2205, 84, 549.99
T 1791057237 16 562633832424 87171 7431 
G 0, 100, 2152, 87, 549.98
G 1, 100, 2197, 88, 549.98
G 2, 100, 2340, 84, 550.01
G 3, 100, 2332, 77, 549.98
G 4, 100, 2175, 88, 550.00
G 5, 100, 2197, 90, 549.99
G 6, 100, 2190, 89, 549.97
G 7, 100, 2190, 84, 550.01
T 1791057242 16 562901595467 87223 7431 
G 0, 100, 2145, 87, 549.98
G 1, 100, 2272, 88, 549.99
G 2, 100, 2160, 83, 549.98
G 3, 100, 2280, 77, 549.99
G 4, 100, 2130, 88, 549.99
G 5, 100, 2205, 90, 549.99
G 6, 100, 2325, 89, 550.00
G 7, 100, 2160, 84, 549.97
T 1791057248 16 563138163022 87275 7431 
G 0, 100, 2077, 87, 550.01
G 1, 100, 2227, 88, 549.98
G 2, 100, 2205, 84, 549.98
G 3, 100, 2460, 78, 549.99
G 4, 100, 2152, 88, 549.99
G 5, 100, 2145, 90, 549.98
G 6, 100, 2227, 89, 549.98
G 7, 100, 2205, 84, 550.00
T 1791057253 16 563413953449 87326 7431 
G 0, 100, 2167, 87, 549.98
G 1, 100, 2175, 88, 549.99
G 2, 100, 2265, 84, 549.98
G 3, 100, 2310, 77, 549.98
G 4, 100, 2272, 88, 549.98
G 5, 100, 2220, 89, 549.99
G 6, 100, 2182, 89, 549.99
G 7, 100, 2212, 84, 549.97
T 1791057258 16 563682671661 87378 7431 
G 0, 100, 2115, 87, 549.98
G 1, 100, 2257, 89, 549.98
G 2, 100, 2265, 84, 549.99
G 3, 100, 2317, 77, 549.98
G 4, 100, 2265, 88, 549.98
G 5, 100, 2152, 90, 549.99
G 6, 100, 2272, 89, 549.98
G 7, 100, 2220, 84, 549.97
T 1791057263 16 563922203148 87430 7431 
G 0, 100, 2160, 87, 550.02
G 1, 100, 2197, 88, 549.99
G 2, 100, 2280, 84, 549.98
G 3, 100, 2280, 77, 549.98
G 4, 100, 2197, 88, 550.00
G 5, 100, 2235, 90, 549.97
G 6, 100, 2280, 89, 549.99
G 7, 100, 2167, 84, 550.00
T 1791057268 16 564201751196 87481 7431 
G 0, 100, 2190, 87, 549.99
G 1, 100, 2235, 89, 549.99
G 2, 100, 2220, 84, 550.00
G 3, 100, 2272, 77, 549.99
G 4, 100, 2212, 88, 549.98
G 5, 100, 2265, 90, 550.00
G 6, 100, 2227, 89, 549.98
G 7, 100, 2280, 84, 549.99
T 1791057274 16 564443338409 87533 7431 
G 0, 100, 2107, 87, 550.00
G 1, 100, 2137, 89, 549.99
G 2, 100, 2220, 83, 549.99
G 3, 100, 2475, 78, 549.98
G 4, 100, 2220, 88, 550.01
G 5, 100, 2137, 90, 550.00
G 6, 100, 2212, 89, 550.01
G 7, 100, 2175, 84, 549.99
T 1791057279 16 564701248676 87585 7431 
G 0, 100, 2242, 87, 550.00
G 1, 100, 2190, 89, 549.98
G 2, 100, 2235, 84, 549.98
G 3, 100, 2310, 77, 550.00
G 4, 100, 2197, 88, 549.99
G 5, 100, 2205, 90, 549.97
G 6, 100, 2145, 89, 549.99
G 7, 100, 2220, 84, 550.00
T 1791057284 16 564963816074 87637 7431 
G 0, 100, 2160, 87, 549.96
G 1, 100, 2212, 88, 549.97
G 2, 100, 2265, 84, 550.00
G 3, 100, 2295, 77, 549.99
G 4, 100, 2235, 88, 549.99
G 5, 100, 2295, 90, 549.98
G 6, 100, 2197, 89, 549.97
G 7, 100, 2220, 84, 550.00
T 1791057289 16 565240395265 87689 7431 
G 0, 100, 2190, 87, 549.98
G 1, 100, 2272, 89, 549.98
G 2, 100, 2257, 83, 549.99
G 3, 100, 2317, 77, 549.98
G 4, 100, 2197, 88, 549.99
G 5, 100, 2167, 90, 549.99
G 6, 100, 2137, 89, 549.99
G 7, 100, 2152, 84, 549.98
T 1791057294 16 565460273650 87740 7431 
G 0, 100, 2152, 87, 549.99
G 1, 100, 2175, 88, 549.99
G 2, 100, 2197, 84, 549.97
G 3, 100, 2280, 77, 549.99
G 4, 100, 2145, 88, 549.98
G 5, 100, 2197, 90, 549.98
G 6, 100, 2160, 89, 549.99
G 7, 100, 2190, 84, 549.97
T 1791057299 16 565762020277 87792 7431 
G 0, 100, 2062, 87, 549.98
G 1, 100, 2280, 88, 549.99
G 2, 100, 2182, 83, 550.00
G 3, 100, 2287, 77, 549.98
G 4, 100, 2242, 88, 549.99
G 5, 100, 2077, 90, 549.98
G 6, 100, 2235, 89, 550.01
G 7, 100, 2152, 84, 550.00
T 1791057305 16 566032026750 87844 7431 
G 0, 100, 2160, 86, 550.01
G 1, 100, 2197, 88, 550.00
G 2, 100, 2235, 83, 549.99
G 3, 100, 2310, 77, 549.99
G 4, 100, 2235, 88, 549.99
G 5, 100, 2092, 90, 550.00
G 6, 100, 2265, 89, 549.97
G 7, 100, 2212, 84, 549.99
T 1791057310 16 566301004813 87896 7431 
G 0, 100, 2190, 87, 549.96
G 1, 100, 2220, 88, 549.98
G 2, 100, 2265, 84, 549.98
G 3, 100, 2355, 77, 549.97
G 4, 100, 2220, 88, 549.99
G 5, 100, 2137, 90, 550.00
G 6, 100, 2302, 89, 549.99
G 7, 100, 2145, 84, 549.99
T 1791057315 16 566555739019 87948 7431 
G 0, 100, 2152, 87, 549.99
G 1, 100, 2152, 88, 549.99
G 2, 100, 2280, 84, 550.01
G 3, 100, 2400, 77, 549.98
G 4, 100, 2182, 88, 550.00
G 5, 100, 2130, 90, 550.00
G 6, 100, 2235, 89, 549.99
G 7, 100, 2160, 84, 549.98
T 1791057320 16 566841241216 88000 7431 
G 0, 100, 2152, 87, 549.97
G 1, 100, 2250, 88, 549.99
G 2, 100, 2197, 83, 549.97
G 3, 100, 2295, 77, 549.98
G 4, 100, 2152, 88, 549.98
G 5, 100, 2205, 90, 549.98
G 6, 100, 2175, 90, 549.97
G 7, 100, 2167, 84, 549.98
T 1791057325 16 567120122345 88052 7431 
G 0, 100, 2160, 87, 549.98
G 1, 100, 2212, 88, 549.99
G 2, 100, 2220, 84, 549.96
G 3, 100, 2302, 77, 549.99
G 4, 100, 2400, 88, 549.98
G 5, 100, 2197, 90, 549.99
G 6, 100, 2205, 89, 549.98
G 7, 100, 2197, 84, 550.01
T 1791057331 16 567374003841 88103 7431 
G 0, 100, 2160, 87, 549.98
G 1, 100, 2227, 88, 549.99
G 2, 100, 2167, 84, 549.98
G 3, 100, 2362, 77, 549.99
G 4, 100, 2130, 88, 549.99
G 5, 100, 2220, 90, 550.00
G 6, 100, 2227, 89, 549.99
G 7, 100, 2122, 84, 550.00
T 1791057336 16 567654546358 88155 7431 
G 0, 100, 2197, 87, 550.00
G 1, 100, 2220, 89, 549.98
G 2, 100, 2302, 83, 549.98
G 3, 100, 2272, 77, 549.99
G 4, 100, 2182, 88, 549.98
G 5, 100, 2220, 90, 549.99
G 6, 100, 2212, 89, 549.99
G 7, 100, 2220, 84, 550.01
T 1791057341 16 567918359939 88207 7431 
G 0, 100, 2280, 87, 550.01
G 1, 100, 2257, 88, 549.98
G 2, 100, 2227, 84, 549.98
G 3, 100, 2257, 77, 549.99
G 4, 100, 2220, 88, 549.99
G 5, 100, 2160, 90, 549.98
G 6, 100, 2212, 90, 549.98
G 7, 100, 2220, 84, 549.97
T 1791057346 16 568197551057 88259 7431 
G 0, 100, 2152, 87, 549.99
G 1, 100, 2227, 88, 549.99
G 2, 100, 2220, 84, 549.99
G 3, 100, 2295, 77, 549.99
G 4, 100, 2160, 88, 549.99
G 5, 100, 2167, 90, 549.98
G 6, 100, 2235, 89, 550.00
G 7, 100, 2130, 84, 549.99
T 1791057351 16 568442426572 88311 7431 
G 0, 100, 2167, 87, 549.97
G 1, 100, 2257, 88, 549.99
G 2, 100, 2235, 83, 549.98
G 3, 100, 2257, 78, 550.00
G 4, 100, 2182, 88, 549.99
G 5, 100, 2115, 90, 550.00
G 6, 100, 2212, 90, 549.99
G 7, 100, 2287, 84, 549.98
T 1791057357 16 568692352773 88363 7431 
G 0, 100, 2077, 87, 549.98
G 1, 100, 2205, 88, 549.99
G 2, 100, 2205, 84, 549.97
G 3, 100, 2295, 78, 549.98
G 4, 100, 2212, 88, 549.99
G 5, 100, 2130, 90, 549.98
G 6, 100, 2160, 89, 550.00
G 7, 100, 2107, 84, 549.98
T 1791057362 16 568950998461 88415 7431 
G 0, 100, 2160, 87, 550.02
G 1, 100, 2242, 88, 550.00
G 2, 100, 2227, 84, 549.98
G 3, 100, 2242, 78, 549.99
G 4, 100, 2182, 88, 550.00
G 5, 100, 2325, 90, 549.97
G 6, 100, 2182, 89, 549.99
G 7, 100, 2190, 84, 549.99
T 1791057367 16 569220826084 88467 7431 
G 0, 100, 2167, 87, 549.99
G 1, 100, 2265, 88, 549.99
G 2, 100, 2145, 84, 550.00
G 3, 100, 2242, 78, 549.98
G 4, 100, 2220, 88, 549.99
G 5, 100, 2092, 90, 549.98
G 6, 100, 2227, 90, 549.98
G 7, 100, 2265, 84, 549.99
T 1791057372 16 569507909656 88518 7431 
G 0, 100, 2197, 87, 549.98
G 1, 100, 2257, 88, 549.99
G 2, 100, 2212, 84, 549.97
G 3, 100, 2317, 78, 549.98
G 4, 100, 2190, 88, 549.98
G 5, 100, 2145, 90, 549.98
G 6, 100, 2257, 89, 549.98
G 7, 100, 2220, 84, 549.98
T 1791057377 16 569747338663 88570 7431 
G 0, 100, 2167, 87, 550.01
G 1, 100, 2107, 88, 549.98
G 2, 100, 2250, 84, 550.00
G 3, 100, 2250, 78, 549.99
G 4, 100, 2152, 88, 549.99
G 5, 100, 2235, 90, 549.98
G 6, 100, 2280, 90, 550.01
G 7, 100, 2182, 84, 550.00
T 1791057382 16 570020314624 88622 7431 
G 0, 100, 2167, 87, 549.99
G 1, 100, 2175, 89, 549.98
G 2, 100, 2250, 84, 549.98
G 3, 100, 2340, 78, 550.00
G 4, 100, 2205, 88, 550.00
G 5, 100, 2115, 90, 550.00
G 6, 100, 2152, 90, 549.98
G 7, 100, 2167, 84, 549.99
T 1791057388 16 570254697432 88674 7431 
G 0, 100, 2152, 87, 549.99
G 1, 100, 2265, 89, 550.00
G 2, 100, 2265, 84, 549.99
G 3, 100, 2295, 78, 549.99
G 4, 100, 2220, 88, 549.99
G 5, 100, 2272, 90, 549.99
G 6, 100, 2212, 90, 550.00
G 7, 100, 2160, 84, 549.99
T 1791057393 16 570519668128 88726 7431 
G 0, 100, 2107, 87, 549.98
G 1, 100, 2220, 88, 549.98
G 2, 100, 2205, 84, 550.00
G 3, 100, 2340, 78, 549.98
G 4, 100, 2190, 88, 549.99
G 5, 100, 2167, 90, 549.97
G 6, 100, 2250, 90, 549.99
G 7, 100, 2287, 84, 550.00
T 1791057398 16 570768429649 88777 7431 
G 0, 100, 2122, 87, 549.96
G 1, 100, 2227, 89, 549.99
G 2, 100, 2227, 84, 549.99
G 3, 100, 2242, 78, 549.99
G 4, 100, 2122, 88, 550.00
G 5, 100, 2242, 90, 550.00
G 6, 100, 2242, 89, 549.99
G 7, 100, 2152, 84, 549.98
T 1791057403 16 571041758969 88829 7431 
G 0, 100, 2152, 87, 549.98
G 1, 100, 2227, 89, 549.99
G 2, 100, 2190, 84, 549.99
G 3, 100, 2310, 78, 549.98
G 4, 100, 2220, 88, 549.99
G 5, 100, 2107, 90, 549.98
G 6, 100, 2235, 89, 550.01
G 7, 100, 2092, 84, 549.98
T 1791057408 16 571310540025 88881 7431 
G 0, 100, 2152, 87, 549.99
G 1, 100, 2220, 88, 549.98
G 2, 100, 2220, 84, 549.99
G 3, 100, 2302, 77, 549.99
G 4, 100, 2160, 88, 549.99
G 5, 100, 2115, 90, 549.95
G 6, 100, 2205, 90, 549.98
G 7, 100, 2235, 84, 549.97
T 1791057413 16 571581114052 88932 7431 
G 0, 100, 2107, 87, 549.98
G 1, 100, 2220, 89, 549.98
G 2, 100, 2205, 84, 549.98
G 3, 100, 2280, 77, 549.98
G 4, 100, 2280, 88, 549.98
G 5, 100, 2130, 90, 549.99
G 6, 100, 2175, 89, 549.98
G 7, 100, 2077, 84, 549.98
T 1791057419 16 571872230653 88984 7431 
G 0, 100, 2167, 87, 549.99
G 1, 100, 2160, 89, 549.99
G 2, 100, 2250, 84, 549.99
G 3, 100, 2287, 77, 549.98
G 4, 100, 2167, 88, 549.99
G 5, 100, 2182, 90, 549.98
G 6, 100, 2205, 90, 549.99
G 7, 100, 2197, 84, 550.01
T 1791057424 16 572151564368 89036 7431 
G 0, 100, 2137, 87, 549.99
G 1, 100, 2280, 89, 550.00
G 2, 100, 2175, 84, 549.98
G 3, 100, 2310, 78, 549.99
G 4, 100, 2257, 88, 550.00
G 5, 100, 2137, 90, 549.99
G 6, 100, 2122, 89, 549.98
G 7, 100, 2175, 84, 550.00
T 1791057429 16 572401639041 89088 7431 
G 0, 100, 2152, 87, 549.98
G 1, 100, 2257, 89, 549.99
G 2, 100, 2242, 84, 550.00
G 3, 100, 2280, 78, 549.99
G 4, 100, 2130, 88, 550.01
G 5, 100, 2205, 90, 550.00
G 6, 100, 2182, 90, 549.99
G 7, 100, 2160, 85, 549.97
T 1791057434 16 572700250130 89140 7431 
G 0, 100, 2167, 87, 549.97
G 1, 100, 2242, 89, 549.99
G 2, 100, 2220, 84, 550.00
G 3, 100, 2287, 77, 549.99
G 4, 100, 2145, 88, 549.99
G 5, 100, 2100, 90, 550.01
G 6, 100, 2272, 90, 549.99
G 7, 100, 2145, 85, 549.99
T 1791057439 16 572924469415 89192 7431 
G 0, 100, 2107, 87, 549.99
G 1, 100, 2205, 89, 549.99
G 2, 100, 2197, 84, 550.00
G 3, 100, 2347, 78, 549.98
G 4, 100, 2212, 88, 549.98
G 5, 100, 2377, 90, 550.00
G 6, 100, 2122, 89, 550.01
G 7, 100, 2167, 85, 549.97
T 1791057445 16 573198681054 89243 7431 
G 0, 100, 2212, 87, 549.97
G 1, 100, 2235, 89, 549.99
G 2, 100, 2175, 84, 550.00
G 3, 100, 2302, 78, 549.98
G 4, 100, 2190, 88, 549.98
G 5, 100, 2310, 90, 549.99
G 6, 100, 2287, 89, 549.98
G 7, 100, 2092, 85, 550.00
T 1791057450 16 573456327028 89295 7431 
G 0, 100, 2085, 87, 550.00
G 1, 100, 2220, 88, 549.98
G 2, 100, 2175, 84, 549.99
G 3, 100, 2310, 77, 549.99
G 4, 100, 2242, 88, 549.97
G 5, 100, 2190, 90, 549.98
G 6, 100, 2182, 89, 549.99
G 7, 100, 2205, 85, 549.97
T 1791057455 16 573720498671 89347 7431 
G 0, 100, 2115, 87, 549.98
G 1, 100, 2242, 89, 549.99
G 2, 100, 2220, 84, 550.00
G 3, 100, 2332, 78, 549.99
G 4, 100, 2205, 88, 549.99
G 5, 100, 2190, 90, 550.00
G 6, 100, 2152, 89, 549.98
G 7, 100, 2235, 85, 549.99
T 1791057460 16 573964167101 89399 7431 
G 0, 100, 2160, 87, 550.00
G 1, 100, 2257, 88, 550.00
G 2, 100, 2220, 84, 549.99
G 3, 100, 2295, 78, 549.99
G 4, 100, 2197, 88, 549.98
G 5, 100, 2212, 90, 550.00
G 6, 100, 2235, 89, 550.00
G 7, 100, 2160, 85, 550.00
T 1791057465 16 574235386687 89450 7431 
G 0, 100, 2145, 87, 550.00
G 1, 100, 2265, 89, 549.99
G 2, 100, 2220, 84, 549.98
G 3, 100, 2205, 78, 549.98
G 4, 100, 2250, 88, 549.99
G 5, 100, 2160, 90, 550.00
G 6, 100, 2227, 89, 549.98
G 7, 100, 2235, 85, 549.99
T 1791057470 16 574516475771 89502 7431 
G 0, 100, 2145, 87, 549.98
G 1, 100, 2242, 89, 550.00
G 2, 100, 2310, 84, 549.99
G 3, 100, 2325, 78, 549.99
G 4, 100, 2257, 88, 549.99
G 5, 100, 2122, 90, 549.97
G 6, 100, 2220, 90, 550.00
G 7, 100, 2137, 85, 550.01
T 1791057476 16 574761954661 89554 7431 
G 0, 100, 2190, 87, 549.99
G 1, 100, 2212, 89, 549.99
G 2, 100, 2212, 84, 549.97
G 3, 100, 2377, 78, 549.99
G 4, 100, 2190, 88, 549.98
G 5, 100, 2175, 90, 550.01
G 6, 100, 2137, 89, 549.99
G 7, 100, 2205, 85, 549.98
T 1791057481 16 575003107695 89606 7431 
G 0, 100, 2167, 87, 549.99
G 1, 100, 2235, 89, 549.99
G 2, 100, 2227, 84, 549.99
G 3, 100, 2302, 78, 549.99
G 4, 100, 2227, 88, 549.97
G 5, 100, 2130, 90, 549.99
G 6, 100, 2287, 90, 549.98
G 7, 100, 2160, 85, 549.98
T 1791057486 16 575326996952 89658 7431 
G 0, 100, 2175, 87, 549.99
G 1, 100, 2167, 88, 549.99
G 2, 100, 2197, 84, 549.99
G 3, 100, 2310, 78, 549.99
G 4, 100, 2182, 88, 550.00
G 5, 100, 2152, 90, 549.98
G 6, 100, 2235, 89, 549.98
G 7, 100, 2122, 85, 550.01
T 1791057491 16 575565376051 89710 7431 
G 0, 100, 2205, 87, 550.01
G 1, 100, 2152, 89, 549.99
G 2, 100, 2257, 84, 549.99
G 3, 100, 2280, 78, 549.99
G 4, 100, 2227, 88, 549.97
G 5, 100, 2077, 90, 550.01
G 6, 100, 2265, 90, 549.98
G 7, 100, 2175, 84, 549.98
T 1791057496 16 575853936980 89761 7431 
G 0, 100, 2197, 87, 549.98
G 1, 100, 2182, 89, 549.99
G 2, 100, 2257, 84, 549.98
G 3, 100, 2332, 78, 549.99
G 4, 100, 2212, 88, 549.99
G 5, 100, 2182, 90, 550.00
G 6, 100, 2220, 89, 550.00
G 7, 100, 2092, 85, 550.00
T 1791057502 16 576083613796 89813 7431 
G 0, 100, 2175, 87, 549.98
G 1, 100, 2130, 88, 549.98
G 2, 100, 2257, 84, 549.99
G 3, 100, 2257, 78, 549.98
G 4, 100, 2265, 88, 549.99
G 5, 100, 2235, 90, 549.97
G 6, 100, 2242, 90, 549.98
G 7, 100, 2227, 84, 550.01
T 1791057507 16 576353024867 89865 7431 
G 0, 100, 2100, 87, 550.00
G 1, 100, 2182, 88, 549.99
G 2, 100, 2235, 84, 550.00
G 3, 100, 2295, 78, 549.99
G 4, 100, 2212, 88, 549.99
G 5, 100, 2152, 90, 549.99
G 6, 100, 2190, 90, 550.00
G 7, 100, 2107, 85, 549.99
T 1791057512 16 576599661187 89917 7431 
G 0, 100, 2130, 87, 550.00
G 1, 100, 2175, 89, 549.99
G 2, 100, 2182, 84, 550.01
G 3, 100, 2257, 78, 549.99
G 4, 100, 2220, 88, 549.99
G 5, 100, 2175, 90, 550.00
G 6, 100, 2197, 90, 550.01
G 7, 100, 2070, 84, 550.03
T 1791057517 16 576871216311 89969 7431 
G 0, 100, 2115, 87, 550.01
G 1, 100, 2197, 89, 549.99
G 2, 100, 2257, 84, 549.97
G 3, 100, 2347, 78, 549.99
G 4, 100, 2257, 88, 549.99
G 5, 100, 2100, 90, 549.98
G 6, 100, 2085, 90, 549.99
G 7, 100, 2145, 84, 549.99
T 1791057522 16 577152250622 90020 7431 
G 0, 100, 2145, 87, 549.97
G 1, 100, 2242, 89, 549.99
G 2, 100, 2235, 84, 549.98
G 3, 100, 2347, 77, 549.99
G 4, 100, 2167, 88, 549.99
G 5, 100, 2092, 90, 550.01
G 6, 100, 2115, 89, 550.00
G 7, 100, 2205, 84, 549.99
T 1791057527 16 577402105426 90072 7431 
G 0, 100, 2212, 87, 549.98
G 1, 100, 2235, 89, 550.00
G 2, 100, 2190, 84, 549.98
G 3, 100, 2400, 77, 550.00
G 4, 100, 2182, 88, 549.98
G 5, 100, 2205, 90, 550.01
G 6, 100, 2137, 89, 549.98
G 7, 100, 2212, 85, 549.99
T 1791057533 16 577648376875 90124 7431 
G 0, 100, 2130, 87, 549.97
G 1, 100, 2242, 89, 549.98
G 2, 100, 2152, 84, 549.98
G 3, 100, 2287, 77, 549.98
G 4, 100, 2175, 88, 549.99
G 5, 100, 2100, 90, 549.99
G 6, 100, 2205, 90, 550.00
G 7, 100, 2212, 85, 549.97
T 1791057538 16 577937968476 90176 7431 
G 0, 100, 2092, 87, 549.97
G 1, 100, 2250, 89, 549.99
G 2, 100, 2190, 84, 549.97
G 3, 100, 2287, 77, 549.99
G 4, 100, 2190, 88, 549.99
G 5, 100, 2197, 90, 550.00
G 6, 100, 2227, 90, 549.98
G 7, 100, 2092, 85, 549.96
T 1791057543 16 578200622092 90228 7431 
G 0, 100, 2205, 87, 550.01
G 1, 100, 2220, 89, 549.99
G 2, 100, 2220, 84, 550.00
G 3, 100, 2295, 77, 549.99
G 4, 100, 2197, 88, 550.00
G 5, 100, 2175, 90, 549.99
G 6, 100, 2220, 89, 549.98
G 7, 100, 2145, 85, 549.97
T 1791057548 16 578461097346 90279 7431 
G 0, 100, 2265, 87, 550.00
G 1, 100, 2190, 88, 549.99
G 2, 100, 2250, 84, 549.99
G 3, 100, 2347, 77, 549.99
G 4, 100, 2272, 88, 549.98
G 5, 100, 2182, 90, 550.00
G 6, 100, 2227, 90, 549.99
G 7, 100, 2235, 85, 549.97
T 1791057553 16 578685384777 90331 7431 
G 0, 100, 2167, 87, 550.00
G 1, 100, 2280, 89, 549.98
G 2, 100, 2280, 84, 549.97
G 3, 100, 2325, 77, 549.98
G 4, 100, 2340, 88, 549.99
G 5, 100, 2167, 90, 549.98
G 6, 100, 2197, 89, 549.98
G 7, 100, 2130, 84, 550.00
T 1791057558 16 578974351395 90383 7431 
G 0, 100, 2175, 87, 550.00
G 1, 100, 2167, 89, 549.99
G 2, 100, 2167, 84, 550.01
G 3, 100, 2272, 77, 550.01
G 4, 100, 2250, 88, 549.98
G 5, 100, 2107, 90, 549.98
G 6, 100, 2182, 90, 549.99
G 7, 100, 2212, 85, 549.98
T 1791057564 16 579259090712 90434 7431 
G 0, 100, 2077, 87, 549.99
G 1, 100, 2280, 89, 549.99
G 2, 100, 2167, 84, 549.98
G 3, 100, 2250, 78, 549.99
G 4, 100, 2175, 88, 549.99
G 5, 100, 2152, 90, 549.98
G 6, 100, 2220, 90, 549.99
G 7, 100, 2175, 85, 549.98
T 1791057569 16 579525060278 90486 7431 
G 0, 100, 2100, 87, 550.00
G 1, 100, 2197, 89, 549.99
G 2, 100, 2257, 85, 550.00
G 3, 100, 2265, 78, 549.99
G 4, 100, 2145, 88, 549.99
G 5, 100, 2175, 90, 550.00
G 6, 100, 2197, 90, 550.00
G 7, 100, 2100, 85, 550.00
T 1791057574 16 579782001631 90538 7431 
G 0, 100, 2257, 87, 550.03
G 1, 100, 2257, 89, 549.99
G 2, 100, 2175, 85, 549.99
G 3, 100, 2280, 78, 549.99
G 4, 100, 2287, 88, 549.98
G 5, 100, 2130, 90, 550.00
G 6, 100, 2265, 90, 549.99
G 7, 100, 2160, 85, 549.99
T 1791057579 16 580034360571 90590 7431 
G 0, 100, 2160, 87, 549.99
G 1, 100, 2272, 89, 549.98
G 2, 100, 2145, 85, 549.98
G 3, 100, 2347, 78, 549.99
G 4, 100, 2175, 88, 549.99
G 5, 100, 2182, 90, 550.00
G 6, 100, 2242, 90, 550.00
G 7, 100, 2145, 85, 549.96
T 1791057584 16 580296789148 90642 7431 
G 0, 100, 2197, 87, 549.99
G 1, 100, 2130, 88, 549.99
G 2, 100, 2182, 85, 549.99
G 3, 100, 2295, 78, 549.99
G 4, 100, 2152, 88, 549.98
G 5, 100, 2220, 90, 549.99
G 6, 100, 2242, 90, 549.97
G 7, 100, 2280, 85, 549.98
T 1791057590 16 580548849239 90694 7431 
G 0, 100, 2145, 87, 549.99
G 1, 100, 2242, 89, 549.99
G 2, 100, 2175, 85, 549.98
G 3, 100, 2332, 78, 549.99
G 4, 100, 2235, 88, 549.97
G 5, 100, 2137, 90, 549.98
G 6, 100, 2212, 90, 549.99
G 7, 100, 2107, 85, 549.96
T 1791057595 16 580811572713 90745 7431 
G 0, 100, 2190, 87, 549.99
G 1, 100, 2317, 89, 550.00
G 2, 100, 2205, 85, 549.99
G 3, 100, 2287, 78, 550.00
G 4, 100, 2122, 88, 549.99
G 5, 100, 2197, 90, 549.97
G 6, 100, 2242, 90, 550.00
G 7, 100, 2265, 85, 549.97
T 1791057600 16 581082643784 90797 7431 
G 0, 100, 2122, 87, 549.98
G 1, 100, 2257, 89, 549.98
G 2, 100, 2227, 85, 549.98
G 3, 100, 2265, 78, 549.98
G 4, 100, 2227, 88, 549.99
G 5, 100, 2145, 90, 549.98
G 6, 100, 2227, 89, 549.99
G 7, 100, 2092, 85, 550.01
T 1791057605 16 581342102107 90849 7431 
G 0, 100, 2197, 87, 549.99
G 1, 100, 2152, 89, 549.98
G 2, 100, 2212, 84, 549.99
G 3, 100, 2280, 78, 550.00
G 4, 100, 2197, 88, 549.98
G 5, 100, 2175, 90, 550.00
G 6, 100, 2182, 90, 550.01
G 7, 100, 2190, 85, 549.99
T 1791057610 16 581581857096 90901 7431 
G 0, 100, 2175, 87, 549.98
G 1, 100, 2130, 89, 550.00
G 2, 100, 2220, 85, 549.98
G 3, 100, 2362, 78, 549.98
G 4, 100, 2160, 88, 549.99
G 5, 100, 2197, 90, 550.00
G 6, 100, 2160, 90, 550.01
G 7, 100, 2182, 85, 550.01
T 1791057615 16 581867071242 90953 7431 
G 0, 100, 2160, 87, 550.00
G 1, 100, 2235, 89, 549.98
G 2, 100, 2205, 85, 549.97
G 3, 100, 2325, 78, 549.98
G 4, 100, 2295, 88, 550.00
G 5, 100, 2190, 90, 550.01
G 6, 100, 2257, 90, 549.99
G 7, 100, 2160, 85, 549.97
T 1791057621 16 582126502255 91004 7431 
G 0, 100, 2152, 87, 549.98
G 1, 100, 2220, 89, 549.99
G 2, 100, 2242, 85, 549.97
G 3, 100, 2370, 78, 549.99
G 4, 100, 2160, 88, 549.96
G 5, 100, 2160, 90, 549.99
G 6, 100, 2137, 90, 549.99
G 7, 100, 2190, 85, 549.98
T 1791057626 16 582421220209 91056 7431 
G 0, 100, 2175, 87, 549.98
G 1, 100, 2227, 89, 549.98
G 2, 100, 2220, 85, 550.00
G 3, 100, 2347, 79, 550.00
G 4, 100, 2212, 88, 549.99
G 5, 100, 2160, 90, 549.97
G 6, 100, 2190, 90, 549.98
G 7, 100, 2220, 85, 550.00
