388933086037 1
9723327150637 1
19057721215237 1
28392115279837 1
37726509344437 1
47060903409037 1
56395297473637 0
65729691538237 1
75064085602837 1
84398479667437 0
93732873732037 1
103067267796637 0
112401661861237 1
121736055925837 0
131070449990437 1
140404844055037 1
149739238119637 0
159073632184237 1
168408026248837 0
177742420313437 0
187076814378037 0
196411208442637 1
205745602507237 1
215079996571837 0
224414390636437 1
233748784701037 0
243083178765637 1
252417572830237 0
261751966894837 1
271086360959437 0
280420755024037 0
289755149088637 1
299089543153237 1
308423937217837 1
317758331282437 1
327092725347037 1
336427119411637 0
345761513476237 0
355095907540837 0
364430301605437 0
373764695670037 1
383099089734637 0
392433483799237 1
401767877863837 1
411102271928437 0
420436665993037 1
429771060057637 1
439105454122237 0
448439848186837 1
457774242251437 0
467108636316037 0
476443030380637 1
485777424445237 1
495111818509837 1
504446212574437 1
513780606639037 0
523115000703637 1
532449394768237 1
388933086073 1
9723327150673 1
19057721215273 1
28392115279873 1
37726509344473 0
47060903409073 1
56395297473673 0
65729691538273 1
75064085602873 0
84398479667473 1
93732873732073 0
103067267796673 1
112401661861273 1
121736055925873 0
131070449990473 0
140404844055073 1
149739238119673 1
159073632184273 0
168408026248873 1
177742420313473 0
187076814378073 1
196411208442673 0
205745602507273 1
215079996571873 0
224414390636473 1
233748784701073 0
243083178765673 1
252417572830273 1
261751966894873 0
271086360959473 1
280420755024073 1
289755149088673 0
299089543153273 1
308423937217873 0
317758331282473 0
327092725347073 1
336427119411673 0
345761513476273 1
355095907540873 1
364430301605473 1
373764695670073 1
383099089734673 0
392433483799273 0
401767877863873 1
411102271928473 0
420436665993073 1
429771060057673 1
439105454122273 1
448439848186873 0
457774242251473 1
467108636316073 0
476443030380673 1
485777424445273 1
495111818509873 0
504446212574473 0
513780606639073 0
523115000703673 1
532449394768273 1
388933086133 1
9723327150733 1
19057721215333 1
28392115279933 0
37726509344533 0
47060903409133 1
56395297473733 1
65729691538333 1
75064085602933 0
84398479667533 0
93732873732133 0
103067267796733 0
112401661861333 1
121736055925933 1
131070449990533 0
140404844055133 1
149739238119733 1
159073632184333 0
168408026248933 1
177742420313533 0
187076814378133 0
196411208442733 0
205745602507333 1
215079996571933 0
224414390636533 1
233748784701133 0
243083178765733 1
252417572830333 1
261751966894933 0
271086360959533 1
280420755024133 0
289755149088733 1
299089543153333 0
308423937217933 1
317758331282533 0
327092725347133 1
336427119411733 1
345761513476333 1
355095907540933 0
364430301605533 1
373764695670133 1
383099089734733 0
392433483799333 0
401767877863933 0
411102271928533 0
420436665993133 1
429771060057733 1
439105454122333 1
448439848186933 1
457774242251533 1
467108636316133 1
476443030380733 1
485777424445333 0
495111818509933 0
504446212574533 0
513780606639133 1
523115000703733 1
532449394768333 1
388933086217 1
9723327150817 1
19057721215417 1
28392115280017 0
37726509344617 1
47060903409217 1
56395297473817 0
65729691538417 1
75064085603017 0
84398479667617 0
93732873732217 0
103067267796817 1
112401661861417 1
121736055926017 1
131070449990617 0
140404844055217 1
149739238119817 0
159073632184417 0
168408026249017 1
177742420313617 0
187076814378217 1
196411208442817 1
205745602507417 1
215079996572017 1
224414390636617 0
233748784701217 1
243083178765817 1
252417572830417 1
261751966895017 0
271086360959617 0
280420755024217 0
289755149088817 0
299089543153417 0
308423937218017 1
317758331282617 1
327092725347217 1
336427119411817 0
345761513476417 1
355095907541017 0
364430301605617 1
373764695670217 1
383099089734817 1
392433483799417 0
401767877864017 0
411102271928617 1
420436665993217 1
429771060057817 1
439105454122417 0
448439848187017 0
457774242251617 1
467108636316217 1
476443030380817 1
485777424445417 0
495111818510017 1
504446212574617 1
513780606639217 1
523115000703817 1
532449394768417 1
388933086457 1
9723327151057 1
19057721215657 1
28392115280257 1
37726509344857 0
47060903409457 1
56395297474057 1
65729691538657 1
75064085603257 0
84398479667857 1
93732873732457 0
103067267797057 1
112401661861657 1
121736055926257 1
131070449990857 0
140404844055457 1
149739238120057 1
159073632184657 0
168408026249257 1
177742420313857 0
187076814378457 0
196411208443057 1
205745602507657 1
215079996572257 0
224414390636857 1
233748784701457 1
243083178766057 1
252417572830657 1
261751966895257 1
271086360959857 1
280420755024457 0
289755149089057 1
299089543153657 0
308423937218257 1
317758331282857 0
327092725347457 1
336427119412057 0
345761513476657 0
355095907541257 1
364430301605857 1
373764695670457 1
383099089735057 1
392433483799657 0
401767877864257 1
411102271928857 0
420436665993457 1
429771060058057 0
439105454122657 0
448439848187257 1
457774242251857 0
467108636316457 0
476443030381057 1
485777424445657 1
495111818510257 0
504446212574857 1
513780606639457 1
523115000704057 1
532449394768657 1
388933086613 1
9723327151213 1
19057721215813 1
28392115280413 1
37726509345013 0
47060903409613 1
56395297474213 0
65729691538813 1
75064085603413 0
84398479668013 1
93732873732613 1
103067267797213 1
112401661861813 1
121736055926413 1
131070449991013 0
140404844055613 1
149739238120213 0
159073632184813 0
168408026249413 1
177742420314013 0
187076814378613 1
196411208443213 1
205745602507813 1
215079996572413 0
224414390637013 1
233748784701613 1
243083178766213 1
252417572830813 0
261751966895413 1
271086360960013 1
280420755024613 1
289755149089213 1
299089543153813 1
308423937218413 0
317758331283013 0
327092725347613 1
336427119412213 0
345761513476813 1
355095907541413 0
364430301606013 1
373764695670613 1
383099089735213 1
392433483799813 0
401767877864413 0
411102271929013 0
420436665993613 0
429771060058213 1
439105454122813 0
448439848187413 0
457774242252013 1
467108636316613 1
476443030381213 1
485777424445813 0
495111818510413 1
504446212575013 1
513780606639613 1
523115000704213 1
532449394768813 1
388933086793 1
9723327151393 1
19057721215993 1
28392115280593 0
37726509345193 0
47060903409793 1
56395297474393 0
65729691538993 1
75064085603593 1
84398479668193 1
93732873732793 0
103067267797393 0
112401661861993 1
121736055926593 1
131070449991193 0
140404844055793 1
149739238120393 0
159073632184993 1
168408026249593 1
177742420314193 0
187076814378793 1
196411208443393 0
205745602507993 1
215079996572593 1
224414390637193 0
233748784701793 0
243083178766393 1
252417572830993 0
261751966895593 0
271086360960193 0
280420755024793 0
289755149089393 1
299089543153993 0
308423937218593 1
317758331283193 1
327092725347793 1
336427119412393 1
345761513476993 0
355095907541593 0
364430301606193 0
373764695670793 1
383099089735393 1
392433483799993 0
401767877864593 0
411102271929193 1
420436665993793 0
429771060058393 0
439105454122993 0
448439848187593 0
457774242252193 0
467108636316793 1
476443030381393 1
485777424445993 1
495111818510593 1
504446212575193 1
513780606639793 1
523115000704393 1
532449394768993 1
388933086997 1
9723327151597 1
19057721216197 1
28392115280797 0
37726509345397 0
47060903409997 1
56395297474597 0
65729691539197 1
75064085603797 0
84398479668397 1
93732873732997 0
103067267797597 1
112401661862197 1
121736055926797 1
131070449991397 0
140404844055997 1
149739238120597 1
159073632185197 1
168408026249797 1
177742420314397 0
187076814378997 1
196411208443597 0
205745602508197 1
215079996572797 0
224414390637397 1
233748784701997 1
243083178766597 1
252417572831197 1
261751966895797 0
271086360960397 0
280420755024997 1
289755149089597 1
299089543154197 0
308423937218797 0
317758331283397 0
327092725347997 1
336427119412597 1
345761513477197 1
355095907541797 0
364430301606397 1
373764695670997 1
383099089735597 0
392433483800197 1
401767877864797 0
411102271929397 1
420436665993997 0
429771060058597 1
439105454123197 0
448439848187797 1
457774242252397 1
467108636316997 1
476443030381597 1
485777424446197 1
495111818510797 0
504446212575397 0
513780606639997 1
523115000704597 1
532449394769197 1
388933087753 1
9723327152353 1
19057721216953 1
28392115281553 0
37726509346153 0
47060903410753 1
56395297475353 1
65729691539953 1
75064085604553 1
84398479669153 0
93732873733753 1
103067267798353 1
112401661862953 1
121736055927553 1
131070449992153 0
140404844056753 1
149739238121353 0
159073632185953 0
168408026250553 1
177742420315153 0
187076814379753 0
196411208444353 0
205745602508953 1
215079996573553 1
224414390638153 0
233748784702753 1
243083178767353 1
252417572831953 0
261751966896553 1
271086360961153 0
280420755025753 0
289755149090353 0
299089543154953 1
308423937219553 1
317758331284153 1
327092725348753 1
336427119413353 0
345761513477953 0
355095907542553 1
364430301607153 1
373764695671753 1
383099089736353 0
392433483800953 0
401767877865553 1
411102271930153 0
420436665994753 1
429771060059353 1
439105454123953 1
448439848188553 1
457774242253153 0
467108636317753 1
476443030382353 1
485777424446953 0
495111818511553 1
504446212576153 0
513780606640753 0
523115000705353 0
532449394769953 1
388933088053 1
9723327152653 1
19057721217253 1
28392115281853 1
37726509346453 0
47060903411053 1
56395297475653 0
65729691540253 1
75064085604853 1
84398479669453 0
93732873734053 0
103067267798653 1
112401661863253 1
121736055927853 1
131070449992453 1
140404844057053 1
149739238121653 1
159073632186253 1
168408026250853 0
177742420315453 1
187076814380053 0
196411208444653 0
205745602509253 1
215079996573853 1
224414390638453 0
233748784703053 1
243083178767653 1
252417572832253 1
261751966896853 0
271086360961453 1
280420755026053 0
289755149090653 0
299089543155253 0
308423937219853 1
317758331284453 1
327092725349053 1
336427119413653 0
345761513478253 1
355095907542853 0
364430301607453 0
373764695672053 1
383099089736653 0
392433483801253 1
401767877865853 0
411102271930453 1
420436665995053 1
429771060059653 0
439105454124253 1
448439848188853 0
457774242253453 1
467108636318053 0
476443030382653 1
485777424447253 0
495111818511853 0
504446212576453 1
513780606641053 0
523115000705653 1
532449394770253 1
388933088377 1
9723327152977 1
19057721217577 1
28392115282177 0
37726509346777 0
47060903411377 1
56395297475977 0
65729691540577 1
75064085605177 0
84398479669777 1
93732873734377 0
103067267798977 1
112401661863577 1
121736055928177 1
131070449992777 0
140404844057377 1
149739238121977 0
159073632186577 0
168408026251177 1
177742420315777 0
187076814380377 1
196411208444977 1
205745602509577 1
215079996574177 0
224414390638777 0
233748784703377 1
243083178767977 1
252417572832577 1
261751966897177 0
271086360961777 1
280420755026377 1
289755149090977 0
299089543155577 1
308423937220177 1
317758331284777 0
327092725349377 1
336427119413977 0
345761513478577 0
355095907543177 1
364430301607777 1
373764695672377 1
383099089736977 1
392433483801577 0
401767877866177 1
411102271930777 0
420436665995377 0
429771060059977 0
439105454124577 0
448439848189177 0
457774242253777 0
467108636318377 1
476443030382977 1
485777424447577 0
495111818512177 1
504446212576777 0
513780606641377 1
523115000705977 1
532449394770577 1
388933089097 1
9723327153697 1
19057721218297 1
28392115282897 1
37726509347497 1
47060903412097 1
56395297476697 1
65729691541297 1
75064085605897 0
84398479670497 0
93732873735097 1
103067267799697 1
112401661864297 1
121736055928897 0
131070449993497 0
140404844058097 1
149739238122697 1
159073632187297 0
168408026251897 1
177742420316497 1
187076814381097 0
196411208445697 0
205745602510297 1
215079996574897 0
224414390639497 0
233748784704097 0
243083178768697 1
252417572833297 1
261751966897897 0
271086360962497 0
280420755027097 0
289755149091697 0
299089543156297 1
308423937220897 0
317758331285497 1
327092725350097 1
336427119414697 0
345761513479297 1
355095907543897 0
364430301608497 1
373764695673097 1
383099089737697 1
392433483802297 1
401767877866897 1
411102271931497 0
420436665996097 1
429771060060697 1
439105454125297 1
448439848189897 0
457774242254497 1
467108636319097 1
476443030383697 1
485777424448297 1
495111818512897 1
504446212577497 1
513780606642097 0
523115000706697 1
532449394771297 1
388933089913 1
9723327154513 1
19057721219113 1
28392115283713 0
37726509348313 0
47060903412913 1
56395297477513 1
65729691542113 1
75064085606713 0
84398479671313 0
93732873735913 0
103067267800513 1
112401661865113 1
121736055929713 1
131070449994313 1
140404844058913 1
149739238123513 1
159073632188113 1
168408026252713 1
177742420317313 1
187076814381913 0
196411208446513 0
205745602511113 1
215079996575713 0
224414390640313 1
233748784704913 1
243083178769513 1
252417572834113 0
261751966898713 0
271086360963313 1
280420755027913 0
289755149092513 0
299089543157113 0
308423937221713 0
317758331286313 0
327092725350913 1
336427119415513 1
345761513480113 1
355095907544713 1
364430301609313 0
373764695673913 1
383099089738513 0
392433483803113 0
401767877867713 0
411102271932313 0
420436665996913 0
429771060061513 0
439105454126113 1
448439848190713 1
457774242255313 0
467108636319913 1
476443030384513 1
485777424449113 0
495111818513713 0
504446212578313 1
513780606642913 0
523115000707513 0
532449394772113 1
388933090357 1
9723327154957 1
19057721219557 1
28392115284157 0
37726509348757 1
47060903413357 1
56395297477957 1
65729691542557 1
75064085607157 1
84398479671757 0
93732873736357 0
103067267800957 0
112401661865557 1
121736055930157 0
131070449994757 0
140404844059357 1
149739238123957 0
159073632188557 1
168408026253157 1
177742420317757 0
187076814382357 0
196411208446957 0
205745602511557 1
215079996576157 0
224414390640757 0
233748784705357 1
243083178769957 1
252417572834557 1
261751966899157 1
271086360963757 1
280420755028357 0
289755149092957 1
299089543157557 0
308423937222157 0
317758331286757 1
327092725351357 1
336427119415957 1
345761513480557 1
355095907545157 1
364430301609757 1
373764695674357 1
383099089738957 0
392433483803557 0
401767877868157 1
411102271932757 1
420436665997357 0
429771060061957 1
439105454126557 1
448439848191157 1
457774242255757 0
467108636320357 0
476443030384957 1
485777424449557 0
495111818514157 1
504446212578757 1
513780606643357 0
523115000707957 0
532449394772557 1
388933091317 1
9723327155917 1
19057721220517 1
28392115285117 1
37726509349717 1
47060903414317 1
56395297478917 0
65729691543517 1
75064085608117 1
84398479672717 1
93732873737317 1
103067267801917 1
112401661866517 1
121736055931117 0
131070449995717 0
140404844060317 1
149739238124917 1
159073632189517 0
168408026254117 1
177742420318717 0
187076814383317 0
196411208447917 1
205745602512517 1
215079996577117 0
224414390641717 1
233748784706317 1
243083178770917 1
252417572835517 1
261751966900117 0
271086360964717 0
280420755029317 1
289755149093917 0
299089543158517 1
308423937223117 1
317758331287717 0
327092725352317 1
336427119416917 1
345761513481517 1
355095907546117 0
364430301610717 0
373764695675317 1
383099089739917 1
392433483804517 1
401767877869117 1
411102271933717 0
420436665998317 0
429771060062917 0
439105454127517 0
448439848192117 1
457774242256717 0
467108636321317 0
476443030385917 1
485777424450517 0
495111818515117 1
504446212579717 1
513780606644317 0
523115000708917 0
532449394773517 1
388933092937 1
9723327157537 1
19057721222137 1
28392115286737 0
37726509351337 1
47060903415937 1
56395297480537 1
65729691545137 1
75064085609737 0
84398479674337 0
93732873738937 0
103067267803537 0
112401661868137 1
121736055932737 1
131070449997337 0
140404844061937 1
149739238126537 0
159073632191137 1
168408026255737 1
177742420320337 0
187076814384937 0
196411208449537 0
205745602514137 1
215079996578737 1
224414390643337 1
233748784707937 0
243083178772537 1
252417572837137 1
261751966901737 1
271086360966337 1
280420755030937 1
289755149095537 1
299089543160137 1
308423937224737 0
317758331289337 0
327092725353937 1
336427119418537 0
345761513483137 1
355095907547737 1
364430301612337 1
373764695676937 1
383099089741537 1
392433483806137 1
401767877870737 0
411102271935337 1
420436665999937 1
429771060064537 1
439105454129137 1
448439848193737 0
457774242258337 0
467108636322937 1
476443030387537 1
485777424452137 0
495111818516737 0
504446212581337 0
513780606645937 0
523115000710537 0
532449394775137 1
388933094137 1
9723327158737 1
19057721223337 1
28392115287937 1
37726509352537 1
47060903417137 1
56395297481737 1
65729691546337 1
75064085610937 0
84398479675537 1
93732873740137 1
103067267804737 0
112401661869337 1
121736055933937 0
131070449998537 1
140404844063137 1
149739238127737 1
159073632192337 0
168408026256937 0
177742420321537 0
187076814386137 0
196411208450737 1
205745602515337 1
215079996579937 1
224414390644537 1
233748784709137 0
243083178773737 1
252417572838337 0
261751966902937 1
271086360967537 0
280420755032137 0
289755149096737 0
299089543161337 0
308423937225937 1
317758331290537 0
327092725355137 1
336427119419737 1
345761513484337 1
355095907548937 1
364430301613537 1
373764695678137 1
383099089742737 0
392433483807337 0
401767877871937 1
411102271936537 1
420436666001137 0
429771060065737 0
439105454130337 0
448439848194937 1
457774242259537 1
467108636324137 0
476443030388737 1
485777424453337 0
495111818517937 0
504446212582537 0
513780606647137 1
523115000711737 0
532449394776337 1
388933094773 1
9723327159373 1
19057721223973 1
28392115288573 0
37726509353173 1
47060903417773 1
56395297482373 0
65729691546973 1
75064085611573 0
84398479676173 0
93732873740773 1
103067267805373 0
112401661869973 1
121736055934573 1
131070449999173 1
140404844063773 1
149739238128373 0
159073632192973 0
168408026257573 1
177742420322173 1
187076814386773 1
196411208451373 1
205745602515973 1
215079996580573 0
224414390645173 0
233748784709773 0
243083178774373 1
252417572838973 1
261751966903573 0
271086360968173 1
280420755032773 0
289755149097373 0
299089543161973 0
308423937226573 0
317758331291173 0
327092725355773 1
336427119420373 0
345761513484973 0
355095907549573 1
364430301614173 1
373764695678773 1
383099089743373 1
392433483807973 0
401767877872573 1
411102271937173 0
420436666001773 1
429771060066373 1
439105454130973 1
448439848195573 0
457774242260173 1
467108636324773 0
476443030389373 1
485777424453973 1
495111818518573 1
504446212583173 1
513780606647773 1
523115000712373 1
532449394776973 1
388933095433 1
9723327160033 1
19057721224633 1
28392115289233 1
37726509353833 1
47060903418433 1
56395297483033 0
65729691547633 1
75064085612233 0
84398479676833 0
93732873741433 1
103067267806033 1
112401661870633 1
121736055935233 1
131070449999833 0
140404844064433 1
149739238129033 0
159073632193633 0
168408026258233 1
177742420322833 1
187076814387433 0
196411208452033 0
205745602516633 1
215079996581233 0
224414390645833 1
233748784710433 0
243083178775033 1
252417572839633 0
261751966904233 1
271086360968833 0
280420755033433 1
289755149098033 0
299089543162633 1
308423937227233 1
317758331291833 1
327092725356433 1
336427119421033 0
345761513485633 1
355095907550233 1
364430301614833 0
373764695679433 1
383099089744033 0
392433483808633 1
401767877873233 0
411102271937833 1
420436666002433 0
429771060067033 0
439105454131633 1
448439848196233 0
457774242260833 1
467108636325433 0
476443030390033 1
485777424454633 1
495111818519233 1
504446212583833 1
513780606648433 1
523115000713033 1
532449394777633 1
388933097557 1
9723327162157 1
19057721226757 1
28392115291357 0
37726509355957 1
47060903420557 1
56395297485157 1
65729691549757 1
75064085614357 1
84398479678957 0
93732873743557 1
103067267808157 1
112401661872757 1
121736055937357 0
131070450001957 0
140404844066557 1
149739238131157 1
159073632195757 0
168408026260357 1
177742420324957 0
187076814389557 1
196411208454157 0
205745602518757 1
215079996583357 1
224414390647957 1
233748784712557 1
243083178777157 1
252417572841757 0
261751966906357 1
271086360970957 0
280420755035557 1
289755149100157 0
299089543164757 1
308423937229357 0
317758331293957 1
327092725358557 1
336427119423157 1
345761513487757 1
355095907552357 1
364430301616957 0
373764695681557 1
383099089746157 0
392433483810757 1
401767877875357 1
411102271939957 0
420436666004557 0
429771060069157 1
439105454133757 0
448439848198357 1
457774242262957 0
467108636327557 0
476443030392157 1
485777424456757 0
495111818521357 0
504446212585957 0
513780606650557 0
523115000715157 1
532449394779757 1
388933098313 1
9723327162913 1
19057721227513 1
28392115292113 1
37726509356713 1
47060903421313 1
56395297485913 1
65729691550513 1
75064085615113 0
84398479679713 0
93732873744313 1
103067267808913 0
112401661873513 1
121736055938113 0
131070450002713 1
140404844067313 1
149739238131913 0
159073632196513 1
168408026261113 0
177742420325713 0
187076814390313 0
196411208454913 1
205745602519513 1
215079996584113 0
224414390648713 0
233748784713313 0
243083178777913 1
252417572842513 1
261751966907113 1
271086360971713 0
280420755036313 0
289755149100913 0
299089543165513 1
308423937230113 0
317758331294713 0
327092725359313 1
336427119423913 0
345761513488513 0
355095907553113 0
364430301617713 0
373764695682313 1
383099089746913 1
392433483811513 1
401767877876113 0
411102271940713 1
420436666005313 0
429771060069913 0
439105454134513 1
448439848199113 0
457774242263713 1
467108636328313 1
476443030392913 1
485777424457513 0
495111818522113 1
504446212586713 0
513780606651313 1
523115000715913 1
532449394780513 1
388933101577 1
9723327166177 1
19057721230777 1
28392115295377 1
37726509359977 1
47060903424577 1
56395297489177 1
65729691553777 1
75064085618377 1
84398479682977 1
93732873747577 1
103067267812177 0
112401661876777 1
121736055941377 1
131070450005977 0
140404844070577 1
149739238135177 1
159073632199777 0
168408026264377 0
177742420328977 0
187076814393577 1
196411208458177 1
205745602522777 1
215079996587377 1
224414390651977 0
233748784716577 1
243083178781177 1
252417572845777 0
261751966910377 0
271086360974977 0
280420755039577 0
289755149104177 0
299089543168777 1
308423937233377 1
317758331297977 0
327092725362577 1
336427119427177 0
345761513491777 1
355095907556377 1
364430301620977 1
373764695685577 1
383099089750177 0
392433483814777 0
401767877879377 0
411102271943977 1
420436666008577 0
429771060073177 0
439105454137777 1
448439848202377 0
457774242266977 0
467108636331577 0
476443030396177 1
485777424460777 1
495111818525377 0
504446212589977 1
513780606654577 0
523115000719177 1
532449394783777 1
388933102453 1
9723327167053 1
19057721231653 1
28392115296253 0
37726509360853 0
47060903425453 1
56395297490053 0
65729691554653 1
75064085619253 1
84398479683853 0
93732873748453 1
103067267813053 1
112401661877653 1
121736055942253 1
131070450006853 1
140404844071453 1
149739238136053 1
159073632200653 1
168408026265253 1
177742420329853 0
187076814394453 0
196411208459053 1
205745602523653 1
215079996588253 1
224414390652853 0
233748784717453 0
243083178782053 1
252417572846653 1
261751966911253 0
271086360975853 0
280420755040453 1
289755149105053 0
299089543169653 1
308423937234253 0
317758331298853 1
327092725363453 1
336427119428053 0
345761513492653 1
355095907557253 1
364430301621853 0
373764695686453 1
383099089751053 0
392433483815653 1
401767877880253 0
411102271944853 0
420436666009453 0
429771060074053 1
439105454138653 0
448439848203253 1
457774242267853 0
467108636332453 0
476443030397053 1
485777424461653 1
495111818526253 0
504446212590853 0
513780606655453 1
523115000720053 0
532449394784653 1
388933103353 1
9723327167953 1
19057721232553 1
28392115297153 1
37726509361753 1
47060903426353 1
56395297490953 0
65729691555553 1
75064085620153 1
84398479684753 0
93732873749353 0
103067267813953 1
112401661878553 1
121736055943153 1
131070450007753 0
140404844072353 1
149739238136953 1
159073632201553 1
168408026266153 1
177742420330753 0
187076814395353 1
196411208459953 1
205745602524553 1
215079996589153 1
224414390653753 1
233748784718353 1
243083178782953 1
252417572847553 0
261751966912153 1
271086360976753 0
280420755041353 1
289755149105953 1
299089543170553 0
308423937235153 0
317758331299753 0
327092725364353 1
336427119428953 1
345761513493553 0
355095907558153 1
364430301622753 0
373764695687353 1
383099089751953 0
392433483816553 0
401767877881153 0
411102271945753 1
420436666010353 1
429771060074953 1
439105454139553 1
448439848204153 0
457774242268753 0
467108636333353 0
476443030397953 1
485777424462553 1
495111818527153 1
504446212591753 0
513780606656353 1
523115000720953 1
532449394785553 1
388933104277 1
9723327168877 1
19057721233477 1
28392115298077 0
37726509362677 0
47060903427277 1
56395297491877 0
65729691556477 1
75064085621077 1
84398479685677 0
93732873750277 0
103067267814877 1
112401661879477 1
121736055944077 0
131070450008677 1
140404844073277 1
149739238137877 0
159073632202477 0
168408026267077 1
177742420331677 1
187076814396277 1
196411208460877 0
205745602525477 1
215079996590077 0
224414390654677 0
233748784719277 1
243083178783877 1
252417572848477 1
261751966913077 0
271086360977677 1
280420755042277 1
289755149106877 1
299089543171477 0
308423937236077 1
317758331300677 1
327092725365277 1
336427119429877 0
345761513494477 0
355095907559077 0
364430301623677 1
373764695688277 1
383099089752877 0
392433483817477 1
401767877882077 1
411102271946677 0
420436666011277 0
429771060075877 1
439105454140477 0
448439848205077 0
457774242269677 1
467108636334277 0
476443030398877 1
485777424463477 1
495111818528077 0
504446212592677 0
513780606657277 0
523115000721877 0
532449394786477 1
388933106197 1
9723327170797 1
19057721235397 1
28392115299997 0
37726509364597 0
47060903429197 1
56395297493797 1
65729691558397 1
75064085622997 0
84398479687597 0
93732873752197 1
103067267816797 1
112401661881397 1
121736055945997 1
131070450010597 1
140404844075197 1
149739238139797 1
159073632204397 0
168408026268997 1
177742420333597 0
187076814398197 1
196411208462797 0
205745602527397 1
215079996591997 0
224414390656597 1
233748784721197 0
243083178785797 1
252417572850397 1
261751966914997 1
271086360979597 0
280420755044197 0
289755149108797 0
299089543173397 1
308423937237997 1
317758331302597 0
327092725367197 1
336427119431797 0
345761513496397 1
355095907560997 1
364430301625597 1
373764695690197 1
383099089754797 1
392433483819397 1
401767877883997 1
411102271948597 0
420436666013197 0
429771060077797 0
439105454142397 0
448439848206997 1
457774242271597 0
467108636336197 0
476443030400797 1
485777424465397 0
495111818529997 0
504446212594597 0
513780606659197 1
523115000723797 1
532449394788397 1
388933107193 1
9723327171793 1
19057721236393 1
28392115300993 0
37726509365593 1
47060903430193 1
56395297494793 0
65729691559393 1
75064085623993 0
84398479688593 0
93732873753193 1
103067267817793 1
112401661882393 1
121736055946993 0
131070450011593 1
140404844076193 1
149739238140793 0
159073632205393 1
168408026269993 0
177742420334593 1
187076814399193 1
196411208463793 1
205745602528393 1
215079996592993 1
224414390657593 1
233748784722193 0
243083178786793 1
252417572851393 0
261751966915993 1
271086360980593 0
280420755045193 1
289755149109793 0
299089543174393 1
308423937238993 0
317758331303593 1
327092725368193 1
336427119432793 0
345761513497393 1
355095907561993 0
364430301626593 1
373764695691193 1
383099089755793 1
392433483820393 0
401767877884993 1
411102271949593 1
420436666014193 0
429771060078793 0
439105454143393 1
448439848207993 0
457774242272593 1
467108636337193 1
476443030401793 1
485777424466393 1
495111818530993 0
504446212595593 1
513780606660193 1
523115000724793 1
532449394789393 1
388933108213 1
9723327172813 1
19057721237413 1
28392115302013 1
37726509366613 1
47060903431213 1
56395297495813 1
65729691560413 1
75064085625013 1
84398479689613 0
93732873754213 0
103067267818813 0
112401661883413 1
121736055948013 0
131070450012613 1
140404844077213 1
149739238141813 0
159073632206413 1
168408026271013 0
177742420335613 1
187076814400213 1
196411208464813 0
205745602529413 1
215079996594013 1
224414390658613 0
233748784723213 1
243083178787813 1
252417572852413 1
261751966917013 0
271086360981613 0
280420755046213 0
289755149110813 0
299089543175413 1
308423937240013 0
317758331304613 1
327092725369213 1
336427119433813 1
345761513498413 1
355095907563013 1
364430301627613 1
373764695692213 1
383099089756813 0
392433483821413 0
401767877886013 0
411102271950613 0
420436666015213 0
429771060079813 0
439105454144413 1
448439848209013 0
457774242273613 0
467108636338213 0
476443030402813 1
485777424467413 0
495111818532013 1
504446212596613 0
513780606661213 0
523115000725813 0
532449394790413 1
388933112533 1
9723327177133 1
19057721241733 1
28392115306333 0
37726509370933 1
47060903435533 1
56395297500133 1
65729691564733 1
75064085629333 0
84398479693933 1
93732873758533 1
103067267823133 1
112401661887733 1
121736055952333 0
131070450016933 1
140404844081533 1
149739238146133 1
159073632210733 0
168408026275333 1
177742420339933 0
187076814404533 0
196411208469133 0
205745602533733 1
215079996598333 1
224414390662933 1
233748784727533 0
243083178792133 1
252417572856733 1
261751966921333 0
271086360985933 1
280420755050533 1
289755149115133 1
299089543179733 0
308423937244333 1
317758331308933 1
327092725373533 1
336427119438133 0
345761513502733 0
355095907567333 0
364430301631933 1
373764695696533 1
383099089761133 1
392433483825733 0
401767877890333 1
411102271954933 0
420436666019533 0
429771060084133 0
439105454148733 1
448439848213333 0
457774242277933 0
467108636342533 0
476443030407133 1
485777424471733 0
495111818536333 1
504446212600933 0
513780606665533 0
523115000730133 1
532449394794733 1
388933113673 1
9723327178273 1
19057721242873 1
28392115307473 0
37726509372073 0
47060903436673 1
56395297501273 0
65729691565873 1
75064085630473 1
84398479695073 1
93732873759673 1
103067267824273 0
112401661888873 1
121736055953473 1
131070450018073 0
140404844082673 1
149739238147273 0
159073632211873 1
168408026276473 0
177742420341073 1
187076814405673 1
196411208470273 0
205745602534873 1
215079996599473 0
224414390664073 0
233748784728673 1
243083178793273 1
252417572857873 1
261751966922473 0
271086360987073 0
280420755051673 1
289755149116273 1
299089543180873 0
308423937245473 1
317758331310073 0
327092725374673 1
336427119439273 1
345761513503873 0
355095907568473 0
364430301633073 0
373764695697673 1
383099089762273 1
392433483826873 0
401767877891473 1
411102271956073 1
420436666020673 1
429771060085273 1
439105454149873 1
448439848214473 0
457774242279073 0
467108636343673 0
476443030408273 1
485777424472873 0
495111818537473 1
504446212602073 0
513780606666673 0
523115000731273 1
532449394795873 1
388933114837 1
9723327179437 1
19057721244037 1
28392115308637 0
37726509373237 0
47060903437837 1
56395297502437 1
65729691567037 1
75064085631637 0
84398479696237 1
93732873760837 1
103067267825437 1
112401661890037 1
121736055954637 1
131070450019237 0
140404844083837 1
149739238148437 0
159073632213037 1
168408026277637 1
177742420342237 0
187076814406837 0
196411208471437 0
205745602536037 1
215079996600637 1
224414390665237 1
233748784729837 1
243083178794437 1
252417572859037 1
261751966923637 1
271086360988237 1
280420755052837 1
289755149117437 0
299089543182037 0
308423937246637 0
317758331311237 0
327092725375837 1
336427119440437 0
345761513505037 0
355095907569637 0
364430301634237 0
373764695698837 1
383099089763437 0
392433483828037 0
401767877892637 0
411102271957237 0
420436666021837 1
429771060086437 1
439105454151037 0
448439848215637 0
457774242280237 1
467108636344837 0
476443030409437 1
485777424474037 0
495111818538637 0
504446212603237 1
513780606667837 0
523115000732437 0
532449394797037 1
388933118473 1
9723327183073 1
19057721247673 1
28392115312273 1
37726509376873 1
47060903441473 1
56395297506073 0
65729691570673 1
75064085635273 0
84398479699873 0
93732873764473 0
103067267829073 0
112401661893673 1
121736055958273 1
131070450022873 1
140404844087473 1
149739238152073 0
159073632216673 1
168408026281273 0
177742420345873 1
187076814410473 1
196411208475073 1
205745602539673 1
215079996604273 0
224414390668873 1
233748784733473 0
243083178798073 1
252417572862673 0
261751966927273 1
271086360991873 1
280420755056473 1
289755149121073 1
299089543185673 0
308423937250273 1
317758331314873 1
327092725379473 1
336427119444073 0
345761513508673 0
355095907573273 1
364430301637873 1
373764695702473 1
383099089767073 0
392433483831673 1
401767877896273 0
411102271960873 1
420436666025473 1
429771060090073 1
439105454154673 1
448439848219273 0
457774242283873 1
467108636348473 0
476443030413073 1
485777424477673 0
495111818542273 1
504446212606873 0
513780606671473 1
523115000736073 0
532449394800673 1
388933119733 1
9723327184333 1
19057721248933 1
28392115313533 1
37726509378133 1
47060903442733 1
56395297507333 0
65729691571933 1
75064085636533 1
84398479701133 1
93732873765733 1
103067267830333 0
112401661894933 1
121736055959533 1
131070450024133 0
140404844088733 1
149739238153333 0
159073632217933 0
168408026282533 0
177742420347133 0
187076814411733 1
196411208476333 1
205745602540933 1
215079996605533 1
224414390670133 0
233748784734733 1
243083178799333 1
252417572863933 0
261751966928533 1
271086360993133 1
280420755057733 1
289755149122333 1
299089543186933 0
308423937251533 0
317758331316133 0
327092725380733 1
336427119445333 1
345761513509933 0
355095907574533 0
364430301639133 0
373764695703733 1
383099089768333 0
392433483832933 0
401767877897533 1
411102271962133 1
420436666026733 0
429771060091333 1
439105454155933 0
448439848220533 0
457774242285133 0
467108636349733 1
476443030414333 1
485777424478933 0
495111818543533 1
504446212608133 0
513780606672733 0
523115000737333 1
532449394801933 1
388933121017 1
9723327185617 1
19057721250217 1
28392115314817 1
37726509379417 0
47060903444017 1
56395297508617 1
65729691573217 1
75064085637817 1
84398479702417 0
93732873767017 1
103067267831617 0
112401661896217 1
121736055960817 0
131070450025417 0
140404844090017 1
149739238154617 1
159073632219217 1
168408026283817 1
177742420348417 1
187076814413017 0
196411208477617 0
205745602542217 1
215079996606817 1
224414390671417 1
233748784736017 1
243083178800617 1
252417572865217 1
261751966929817 0
271086360994417 0
280420755059017 1
289755149123617 0
299089543188217 1
308423937252817 0
317758331317417 0
327092725382017 1
336427119446617 0
345761513511217 1
355095907575817 0
364430301640417 0
373764695705017 1
383099089769617 1
392433483834217 0
401767877898817 1
411102271963417 1
420436666028017 0
429771060092617 1
439105454157217 0
448439848221817 0
457774242286417 1
467108636351017 0
476443030415617 1
485777424480217 1
495111818544817 0
504446212609417 1
513780606674017 0
523115000738617 1
532449394803217 1
388933123657 1
9723327188257 1
19057721252857 1
28392115317457 1
37726509382057 1
47060903446657 1
56395297511257 1
65729691575857 1
75064085640457 0
84398479705057 1
93732873769657 0
103067267834257 0
112401661898857 1
121736055963457 1
131070450028057 0
140404844092657 1
149739238157257 1
159073632221857 0
168408026286457 0
177742420351057 0
187076814415657 0
196411208480257 1
205745602544857 1
215079996609457 0
224414390674057 1
233748784738657 0
243083178803257 1
252417572867857 0
261751966932457 0
271086360997057 0
280420755061657 1
289755149126257 0
299089543190857 0
308423937255457 1
317758331320057 0
327092725384657 1
336427119449257 0
345761513513857 1
355095907578457 0
364430301643057 0
373764695707657 1
383099089772257 0
392433483836857 0
401767877901457 1
411102271966057 0
420436666030657 1
429771060095257 0
439105454159857 1
448439848224457 1
457774242289057 1
467108636353657 1
476443030418257 1
485777424482857 1
495111818547457 0
504446212612057 1
513780606676657 0
523115000741257 1
532449394805857 1
388933125013 1
9723327189613 1
19057721254213 1
28392115318813 1
37726509383413 1
47060903448013 1
56395297512613 0
65729691577213 1
75064085641813 0
84398479706413 0
93732873771013 1
103067267835613 1
112401661900213 1
121736055964813 1
131070450029413 1
140404844094013 1
149739238158613 0
159073632223213 0
168408026287813 1
177742420352413 1
187076814417013 0
196411208481613 0
205745602546213 1
215079996610813 1
224414390675413 1
233748784740013 1
243083178804613 1
252417572869213 0
261751966933813 0
271086360998413 1
280420755063013 0
289755149127613 0
299089543192213 1
308423937256813 1
317758331321413 1
327092725386013 1
336427119450613 0
345761513515213 0
355095907579813 1
364430301644413 1
373764695709013 1
383099089773613 0
392433483838213 0
401767877902813 1
411102271967413 1
420436666032013 0
429771060096613 1
439105454161213 0
448439848225813 1
457774242290413 0
467108636355013 0
476443030419613 1
485777424484213 0
495111818548813 1
504446212613413 0
513780606678013 1
523115000742613 0
532449394807213 1
388933127797 1
9723327192397 1
19057721256997 1
28392115321597 1
37726509386197 0
47060903450797 1
56395297515397 0
65729691579997 1
75064085644597 1
84398479709197 0
93732873773797 1
103067267838397 1
112401661902997 1
121736055967597 0
131070450032197 1
140404844096797 1
149739238161397 1
159073632225997 1
168408026290597 0
177742420355197 0
187076814419797 1
196411208484397 1
205745602548997 1
215079996613597 0
224414390678197 1
233748784742797 0
243083178807397 1
252417572871997 0
261751966936597 1
271086361001197 0
280420755065797 1
289755149130397 0
299089543194997 1
308423937259597 1
317758331324197 0
327092725388797 1
336427119453397 1
345761513517997 0
355095907582597 0
364430301647197 0
373764695711797 1
383099089776397 0
392433483840997 1
401767877905597 1
411102271970197 1
420436666034797 0
429771060099397 1
439105454163997 1
448439848228597 1
457774242293197 1
467108636357797 1
476443030422397 1
485777424486997 0
495111818551597 1
504446212616197 1
513780606680797 1
523115000745397 0
532449394809997 1
388933130677 1
9723327195277 1
19057721259877 1
28392115324477 0
37726509389077 0
47060903453677 1
56395297518277 0
65729691582877 1
75064085647477 1
84398479712077 1
93732873776677 0
103067267841277 0
112401661905877 1
121736055970477 0
131070450035077 1
140404844099677 1
149739238164277 0
159073632228877 0
168408026293477 0
177742420358077 0
187076814422677 1
196411208487277 0
205745602551877 1
215079996616477 0
224414390681077 0
233748784745677 0
243083178810277 1
252417572874877 0
261751966939477 0
271086361004077 0
280420755068677 1
289755149133277 0
299089543197877 0
308423937262477 1
317758331327077 1
327092725391677 1
336427119456277 0
345761513520877 0
355095907585477 0
364430301650077 0
373764695714677 1
383099089779277 1
392433483843877 1
401767877908477 1
411102271973077 0
420436666037677 1
429771060102277 1
439105454166877 0
448439848231477 0
457774242296077 0
467108636360677 1
476443030425277 1
485777424489877 0
495111818554477 0
504446212619077 0
513780606683677 0
523115000748277 0
532449394812877 1
388933132153 1
9723327196753 1
19057721261353 1
28392115325953 0
37726509390553 1
47060903455153 1
56395297519753 1
65729691584353 1
75064085648953 0
84398479713553 0
93732873778153 1
103067267842753 0
112401661907353 1
121736055971953 0
131070450036553 0
140404844101153 1
149739238165753 0
159073632230353 1
168408026294953 1
177742420359553 0
187076814424153 0
196411208488753 1
205745602553353 1
215079996617953 1
224414390682553 1
233748784747153 0
243083178811753 1
252417572876353 0
261751966940953 0
271086361005553 0
280420755070153 0
289755149134753 1
299089543199353 1
308423937263953 1
317758331328553 0
327092725393153 1
336427119457753 1
345761513522353 0
355095907586953 0
364430301651553 0
373764695716153 1
383099089780753 1
392433483845353 1
401767877909953 0
411102271974553 0
420436666039153 1
429771060103753 1
439105454168353 0
448439848232953 0
457774242297553 1
467108636362153 0
476443030426753 1
485777424491353 1
495111818555953 1
504446212620553 1
513780606685153 0
523115000749753 0
532449394814353 1
388933133653 1
9723327198253 1
19057721262853 1
28392115327453 0
37726509392053 0
47060903456653 1
56395297521253 1
65729691585853 1
75064085650453 1
84398479715053 0
93732873779653 0
103067267844253 0
112401661908853 1
121736055973453 0
131070450038053 0
140404844102653 1
149739238167253 0
159073632231853 0
168408026296453 1
177742420361053 0
187076814425653 0
196411208490253 1
205745602554853 1
215079996619453 0
224414390684053 0
233748784748653 1
243083178813253 1
252417572877853 1
261751966942453 0
271086361007053 0
280420755071653 1
289755149136253 0
299089543200853 0
308423937265453 0
317758331330053 1
327092725394653 1
336427119459253 1
345761513523853 1
355095907588453 1
364430301653053 0
373764695717653 1
383099089782253 0
392433483846853 0
401767877911453 1
411102271976053 1
420436666040653 1
429771060105253 0
439105454169853 0
448439848234453 1
457774242299053 0
467108636363653 0
476443030428253 1
485777424492853 0
495111818557453 1
504446212622053 0
513780606686653 1
523115000751253 0
532449394815853 1
388933135177 1
9723327199777 1
19057721264377 1
28392115328977 0
37726509393577 0
47060903458177 1
56395297522777 1
65729691587377 1
75064085651977 0
84398479716577 0
93732873781177 0
103067267845777 1
112401661910377 1
121736055974977 0
131070450039577 0
140404844104177 1
149739238168777 1
159073632233377 1
168408026297977 1
177742420362577 1
187076814427177 0
196411208491777 0
205745602556377 1
215079996620977 1
224414390685577 1
233748784750177 0
243083178814777 1
252417572879377 0
261751966943977 1
271086361008577 1
280420755073177 1
289755149137777 1
299089543202377 1
308423937266977 1
317758331331577 0
327092725396177 1
336427119460777 1
345761513525377 1
355095907589977 1
364430301654577 0
373764695719177 1
383099089783777 0
392433483848377 1
401767877912977 1
411102271977577 1
420436666042177 0
429771060106777 0
439105454171377 0
448439848235977 1
457774242300577 1
467108636365177 0
476443030429777 1
485777424494377 1
495111818558977 0
504446212623577 0
513780606688177 0
523115000752777 1
532449394817377 1
388933139893 1
9723327204493 1
19057721269093 1
28392115333693 0
37726509398293 1
47060903462893 1
56395297527493 1
65729691592093 1
75064085656693 1
84398479721293 1
93732873785893 0
103067267850493 0
112401661915093 1
121736055979693 1
131070450044293 1
140404844108893 1
149739238173493 0
159073632238093 1
168408026302693 0
177742420367293 0
187076814431893 1
196411208496493 1
205745602561093 1
215079996625693 0
224414390690293 1
233748784754893 1
243083178819493 1
252417572884093 0
261751966948693 1
271086361013293 0
280420755077893 1
289755149142493 1
299089543207093 1
308423937271693 0
317758331336293 0
327092725400893 1
336427119465493 0
345761513530093 1
355095907594693 0
364430301659293 1
373764695723893 1
383099089788493 0
392433483853093 0
401767877917693 0
411102271982293 1
420436666046893 1
429771060111493 0
439105454176093 1
448439848240693 0
457774242305293 1
467108636369893 0
476443030434493 1
485777424499093 1
495111818563693 1
504446212628293 0
513780606692893 1
523115000757493 0
532449394822093 1
388933146517 1
9723327211117 1
19057721275717 1
28392115340317 0
37726509404917 1
47060903469517 1
56395297534117 0
65729691598717 1
75064085663317 1
84398479727917 1
93732873792517 0
103067267857117 1
112401661921717 1
121736055986317 1
131070450050917 0
140404844115517 1
149739238180117 0
159073632244717 0
168408026309317 0
177742420373917 1
187076814438517 0
196411208503117 0
205745602567717 1
215079996632317 0
224414390696917 0
233748784761517 1
243083178826117 1
252417572890717 0
261751966955317 1
271086361019917 0
280420755084517 1
289755149149117 1
299089543213717 0
308423937278317 0
317758331342917 1
327092725407517 1
336427119472117 1
345761513536717 0
355095907601317 1
364430301665917 0
373764695730517 1
383099089795117 1
392433483859717 0
401767877924317 1
411102271988917 1
420436666053517 1
429771060118117 1
439105454182717 0
448439848247317 0
457774242311917 0
467108636376517 1
476443030441117 1
485777424505717 0
495111818570317 1
504446212634917 0
513780606699517 0
523115000764117 1
532449394828717 1
388933148233 1
9723327212833 1
19057721277433 1
28392115342033 0
37726509406633 0
47060903471233 1
56395297535833 0
65729691600433 1
75064085665033 0
84398479729633 0
93732873794233 0
103067267858833 0
112401661923433 1
121736055988033 1
131070450052633 0
140404844117233 1
149739238181833 0
159073632246433 1
168408026311033 0
177742420375633 0
187076814440233 1
196411208504833 1
205745602569433 1
215079996634033 0
224414390698633 0
233748784763233 1
243083178827833 1
252417572892433 0
261751966957033 0
271086361021633 0
280420755086233 1
289755149150833 1
299089543215433 0
308423937280033 0
317758331344633 0
327092725409233 1
336427119473833 1
345761513538433 1
355095907603033 0
364430301667633 0
373764695732233 1
383099089796833 0
392433483861433 1
401767877926033 0
411102271990633 1
420436666055233 0
429771060119833 1
439105454184433 0
448439848249033 0
457774242313633 0
467108636378233 0
476443030442833 1
485777424507433 0
495111818572033 0
504446212636633 1
513780606701233 0
523115000765833 1
532449394830433 1
388933149973 1
9723327214573 1
19057721279173 1
28392115343773 1
37726509408373 0
47060903472973 1
56395297537573 1
65729691602173 1
75064085666773 1
84398479731373 1
93732873795973 1
103067267860573 0
112401661925173 1
121736055989773 1
131070450054373 1
140404844118973 1
149739238183573 0
159073632248173 1
168408026312773 1
177742420377373 0
187076814441973 1
196411208506573 1
205745602571173 1
215079996635773 0
224414390700373 0
233748784764973 0
243083178829573 1
252417572894173 1
261751966958773 1
271086361023373 0
280420755087973 0
289755149152573 0
299089543217173 0
308423937281773 0
317758331346373 1
327092725410973 1
336427119475573 1
345761513540173 0
355095907604773 1
364430301669373 1
373764695733973 1
383099089798573 0
392433483863173 1
401767877927773 0
411102271992373 0
420436666056973 1
429771060121573 0
439105454186173 0
448439848250773 0
457774242315373 1
467108636379973 1
476443030444573 1
485777424509173 0
495111818573773 1
504446212638373 1
513780606702973 0
523115000767573 0
532449394832173 1
388933151737 1
9723327216337 1
19057721280937 1
28392115345537 1
37726509410137 0
47060903474737 1
56395297539337 1
65729691603937 1
75064085668537 1
84398479733137 0
93732873797737 0
103067267862337 0
112401661926937 1
121736055991537 0
131070450056137 0
140404844120737 1
149739238185337 0
159073632249937 0
168408026314537 1
177742420379137 0
187076814443737 1
196411208508337 1
205745602572937 1
215079996637537 0
224414390702137 0
233748784766737 0
243083178831337 1
252417572895937 0
261751966960537 1
271086361025137 0
280420755089737 1
289755149154337 1
299089543218937 0
308423937283537 1
317758331348137 0
327092725412737 1
336427119477337 0
345761513541937 1
355095907606537 0
364430301671137 0
373764695735737 1
383099089800337 0
392433483864937 0
401767877929537 0
411102271994137 1
420436666058737 1
429771060123337 1
439105454187937 1
448439848252537 1
457774242317137 1
467108636381737 0
476443030446337 1
485777424510937 1
495111818575537 0
504446212640137 1
513780606704737 1
523115000769337 0
532449394833937 1
388933155337 1
9723327219937 1
19057721284537 1
28392115349137 0
37726509413737 0
47060903478337 1
56395297542937 1
65729691607537 1
75064085672137 0
84398479736737 1
93732873801337 1
103067267865937 1
112401661930537 1
121736055995137 1
131070450059737 0
140404844124337 1
149739238188937 0
159073632253537 1
168408026318137 0
177742420382737 0
187076814447337 1
196411208511937 1
205745602576537 1
215079996641137 0
224414390705737 1
233748784770337 0
243083178834937 1
252417572899537 0
261751966964137 0
271086361028737 0
280420755093337 0
289755149157937 0
299089543222537 1
308423937287137 0
317758331351737 1
327092725416337 1
336427119480937 0
345761513545537 0
355095907610137 0
364430301674737 1
373764695739337 1
383099089803937 1
392433483868537 0
401767877933137 0
411102271997737 1
420436666062337 1
429771060126937 0
439105454191537 0
448439848256137 0
457774242320737 0
467108636385337 1
476443030449937 1
485777424514537 0
495111818579137 0
504446212643737 1
513780606708337 0
523115000772937 1
532449394837537 1
388933159033 1
9723327223633 1
19057721288233 1
28392115352833 1
37726509417433 1
47060903482033 1
56395297546633 0
65729691611233 1
75064085675833 0
84398479740433 1
93732873805033 1
103067267869633 0
112401661934233 1
121736055998833 0
131070450063433 1
140404844128033 1
149739238192633 1
159073632257233 0
168408026321833 1
177742420386433 1
187076814451033 1
196411208515633 1
205745602580233 1
215079996644833 0
224414390709433 1
233748784774033 1
243083178838633 1
252417572903233 0
261751966967833 1
271086361032433 0
280420755097033 0
289755149161633 1
299089543226233 1
308423937290833 0
317758331355433 0
327092725420033 1
336427119484633 0
345761513549233 1
355095907613833 1
364430301678433 0
373764695743033 1
383099089807633 1
392433483872233 1
401767877936833 0
411102272001433 0
420436666066033 1
429771060130633 0
439105454195233 0
448439848259833 1
457774242324433 0
467108636389033 1
476443030453633 1
485777424518233 0
495111818582833 0
504446212647433 0
513780606712033 0
523115000776633 0
532449394841233 1
388933160917 1
9723327225517 1
19057721290117 1
28392115354717 0
37726509419317 1
47060903483917 1
56395297548517 0
65729691613117 1
75064085677717 1
84398479742317 0
93732873806917 0
103067267871517 0
112401661936117 1
121736056000717 0
131070450065317 1
140404844129917 1
149739238194517 0
159073632259117 1
168408026323717 0
177742420388317 0
187076814452917 0
196411208517517 0
205745602582117 1
215079996646717 1
224414390711317 0
233748784775917 1
243083178840517 1
252417572905117 0
261751966969717 0
271086361034317 1
280420755098917 1
289755149163517 0
299089543228117 0
308423937292717 0
317758331357317 0
327092725421917 1
336427119486517 0
345761513551117 0
355095907615717 1
364430301680317 0
373764695744917 1
383099089809517 0
392433483874117 1
401767877938717 1
411102272003317 1
420436666067917 1
429771060132517 1
439105454197117 0
448439848261717 0
457774242326317 0
467108636390917 0
476443030455517 1
485777424520117 0
495111818584717 0
504446212649317 0
513780606713917 1
523115000778517 1
532449394843117 1
388933164757 1
9723327229357 1
19057721293957 1
28392115358557 1
37726509423157 1
47060903487757 1
56395297552357 0
65729691616957 1
75064085681557 0
84398479746157 1
93732873810757 1
103067267875357 0
112401661939957 1
121736056004557 0
131070450069157 0
140404844133757 1
149739238198357 1
159073632262957 0
168408026327557 0
177742420392157 1
187076814456757 1
196411208521357 0
205745602585957 1
215079996650557 1
224414390715157 0
233748784779757 0
243083178844357 1
252417572908957 1
261751966973557 0
271086361038157 0
280420755102757 1
289755149167357 1
299089543231957 0
308423937296557 1
317758331361157 0
327092725425757 1
336427119490357 0
345761513554957 1
355095907619557 1
364430301684157 1
373764695748757 1
383099089813357 0
392433483877957 0
401767877942557 1
411102272007157 1
420436666071757 0
429771060136357 1
439105454200957 1
448439848265557 1
457774242330157 0
467108636394757 1
476443030459357 1
485777424523957 0
495111818588557 0
504446212653157 1
513780606717757 1
523115000782357 1
532449394846957 1
388933166713 1
9723327231313 1
19057721295913 1
28392115360513 0
37726509425113 0
47060903489713 1
56395297554313 1
65729691618913 1
75064085683513 1
84398479748113 1
93732873812713 0
103067267877313 1
112401661941913 1
121736056006513 0
131070450071113 1
140404844135713 1
149739238200313 1
159073632264913 1
168408026329513 1
177742420394113 0
187076814458713 1
196411208523313 1
205745602587913 1
215079996652513 0
224414390717113 0
233748784781713 0
243083178846313 1
252417572910913 0
261751966975513 1
271086361040113 0
280420755104713 0
289755149169313 1
299089543233913 1
308423937298513 0
317758331363113 1
327092725427713 1
336427119492313 0
345761513556913 0
355095907621513 1
364430301686113 1
373764695750713 1
383099089815313 1
392433483879913 1
401767877944513 0
411102272009113 1
420436666073713 1
429771060138313 0
439105454202913 1
448439848267513 1
457774242332113 1
467108636396713 0
476443030461313 1
485777424525913 0
495111818590513 1
504446212655113 0
513780606719713 0
523115000784313 0
532449394848913 1
388933168693 1
9723327233293 1
19057721297893 1
28392115362493 0
37726509427093 1
47060903491693 1
56395297556293 0
65729691620893 1
75064085685493 0
84398479750093 0
93732873814693 0
103067267879293 0
112401661943893 1
121736056008493 1
131070450073093 1
140404844137693 1
149739238202293 1
159073632266893 1
168408026331493 0
177742420396093 1
187076814460693 1
196411208525293 0
205745602589893 1
215079996654493 1
224414390719093 0
233748784783693 0
243083178848293 1
252417572912893 1
261751966977493 0
271086361042093 1
280420755106693 1
289755149171293 0
299089543235893 1
308423937300493 0
317758331365093 1
327092725429693 1
336427119494293 1
345761513558893 0
355095907623493 0
364430301688093 0
373764695752693 1
383099089817293 0
392433483881893 0
401767877946493 1
411102272011093 1
420436666075693 0
429771060140293 0
439105454204893 1
448439848269493 1
457774242334093 0
467108636398693 0
476443030463293 1
485777424527893 0
495111818592493 0
504446212657093 1
513780606721693 0
523115000786293 0
532449394850893 1
388933170697 1
9723327235297 1
19057721299897 1
28392115364497 1
37726509429097 1
47060903493697 1
56395297558297 0
65729691622897 1
75064085687497 0
84398479752097 0
93732873816697 1
103067267881297 0
112401661945897 1
121736056010497 0
131070450075097 0
140404844139697 1
149739238204297 0
159073632268897 1
168408026333497 1
177742420398097 0
187076814462697 0
196411208527297 1
205745602591897 1
215079996656497 1
224414390721097 1
233748784785697 0
243083178850297 1
252417572914897 1
261751966979497 1
271086361044097 0
280420755108697 1
289755149173297 1
299089543237897 0
308423937302497 1
317758331367097 0
327092725431697 1
336427119496297 1
345761513560897 0
355095907625497 0
364430301690097 0
373764695754697 1
383099089819297 0
392433483883897 0
401767877948497 1
411102272013097 0
420436666077697 1
429771060142297 0
439105454206897 1
448439848271497 0
457774242336097 1
467108636400697 0
476443030465297 1
485777424529897 1
495111818594497 1
504446212659097 0
513780606723697 0
523115000788297 0
532449394852897 1
388933174777 1
9723327239377 1
19057721303977 1
28392115368577 0
37726509433177 0
47060903497777 1
56395297562377 0
65729691626977 1
75064085691577 1
84398479756177 1
93732873820777 1
103067267885377 0
112401661949977 1
121736056014577 0
131070450079177 1
140404844143777 1
149739238208377 1
159073632272977 1
168408026337577 1
177742420402177 1
187076814466777 1
196411208531377 1
205745602595977 1
215079996660577 0
224414390725177 0
233748784789777 0
243083178854377 1
252417572918977 1
261751966983577 0
271086361048177 0
280420755112777 1
289755149177377 1
299089543241977 1
308423937306577 1
317758331371177 1
327092725435777 1
336427119500377 0
345761513564977 0
355095907629577 0
364430301694177 1
373764695758777 1
383099089823377 0
392433483887977 1
401767877952577 1
411102272017177 1
420436666081777 1
429771060146377 1
439105454210977 0
448439848275577 1
457774242340177 1
467108636404777 0
476443030469377 1
485777424533977 1
495111818598577 1
504446212663177 0
513780606727777 1
523115000792377 1
532449394856977 1
388933181077 1
9723327245677 1
19057721310277 1
28392115374877 1
37726509439477 0
47060903504077 1
56395297568677 0
65729691633277 1
75064085697877 0
84398479762477 0
93732873827077 1
103067267891677 1
112401661956277 1
121736056020877 0
131070450085477 1
140404844150077 1
149739238214677 1
159073632279277 1
168408026343877 0
177742420408477 1
187076814473077 0
196411208537677 1
205745602602277 1
215079996666877 0
224414390731477 0
233748784796077 0
243083178860677 1
252417572925277 0
261751966989877 1
271086361054477 0
280420755119077 0
289755149183677 1
299089543248277 0
308423937312877 1
317758331377477 1
327092725442077 1
336427119506677 0
345761513571277 0
355095907635877 0
364430301700477 1
373764695765077 1
383099089829677 0
392433483894277 1
401767877958877 1
411102272023477 0
420436666088077 1
429771060152677 0
439105454217277 1
448439848281877 1
457774242346477 1
467108636411077 0
476443030475677 1
485777424540277 1
495111818604877 0
504446212669477 0
513780606734077 1
523115000798677 1
532449394863277 1
388933185397 1
9723327249997 1
19057721314597 1
28392115379197 1
37726509443797 0
47060903508397 1
56395297572997 1
65729691637597 1
75064085702197 0
84398479766797 1
93732873831397 0
103067267895997 0
112401661960597 1
121736056025197 1
131070450089797 0
140404844154397 1
149739238218997 1
159073632283597 1
168408026348197 0
177742420412797 0
187076814477397 0
196411208541997 1
205745602606597 1
215079996671197 0
224414390735797 1
233748784800397 0
243083178864997 1
252417572929597 0
261751966994197 0
271086361058797 1
280420755123397 1
289755149187997 0
299089543252597 1
308423937317197 0
317758331381797 1
327092725446397 1
336427119510997 0
345761513575597 1
355095907640197 0
364430301704797 0
373764695769397 1
383099089833997 0
392433483898597 1
401767877963197 1
411102272027797 0
420436666092397 1
429771060156997 1
439105454221597 1
448439848286197 1
457774242350797 0
467108636415397 1
476443030479997 1
485777424544597 1
495111818609197 1
504446212673797 1
513780606738397 1
523115000802997 0
532449394867597 1
388933189813 1
9723327254413 1
19057721319013 1
28392115383613 0
37726509448213 0
47060903512813 1
56395297577413 0
65729691642013 1
75064085706613 1
84398479771213 1
93732873835813 0
103067267900413 1
112401661965013 1
121736056029613 0
131070450094213 0
140404844158813 1
149739238223413 0
159073632288013 1
168408026352613 0
177742420417213 0
187076814481813 1
196411208546413 1
205745602611013 1
215079996675613 1
224414390740213 0
233748784804813 1
243083178869413 1
252417572934013 0
261751966998613 0
271086361063213 1
280420755127813 0
289755149192413 0
299089543257013 1
308423937321613 1
317758331386213 1
327092725450813 1
336427119515413 0
345761513580013 0
355095907644613 1
364430301709213 0
373764695773813 1
383099089838413 1
392433483903013 0
401767877967613 1
411102272032213 1
420436666096813 0
429771060161413 0
439105454226013 0
448439848290613 0
457774242355213 1
467108636419813 0
476443030484413 1
485777424549013 0
495111818613613 1
504446212678213 1
513780606742813 0
523115000807413 1
532449394872013 1
388933192057 1
9723327256657 1
19057721321257 1
28392115385857 0
37726509450457 0
47060903515057 1
56395297579657 1
65729691644257 1
75064085708857 0
84398479773457 0
93732873838057 1
103067267902657 1
112401661967257 1
121736056031857 1
131070450096457 0
140404844161057 1
149739238225657 1
159073632290257 1
168408026354857 0
177742420419457 1
187076814484057 0
196411208548657 0
205745602613257 1
215079996677857 0
224414390742457 1
233748784807057 0
243083178871657 1
252417572936257 0
261751967000857 0
271086361065457 0
280420755130057 1
289755149194657 0
299089543259257 1
308423937323857 1
317758331388457 1
327092725453057 1
336427119517657 1
345761513582257 1
355095907646857 1
364430301711457 0
373764695776057 1
383099089840657 0
392433483905257 1
401767877969857 0
411102272034457 0
420436666099057 0
429771060163657 0
439105454228257 1
448439848292857 1
457774242357457 0
467108636422057 0
476443030486657 1
485777424551257 1
495111818615857 0
504446212680457 1
513780606745057 0
523115000809657 1
532449394874257 1
388933196617 1
9723327261217 1
19057721325817 1
28392115390417 1
37726509455017 0
47060903519617 1
56395297584217 0
65729691648817 1
75064085713417 1
84398479778017 1
93732873842617 0
103067267907217 1
112401661971817 1
121736056036417 0
131070450101017 0
140404844165617 1
149739238230217 0
159073632294817 1
168408026359417 0
177742420424017 1
187076814488617 0
196411208553217 0
205745602617817 1
215079996682417 0
224414390747017 0
233748784811617 0
243083178876217 1
252417572940817 0
261751967005417 0
271086361070017 0
280420755134617 1
289755149199217 0
299089543263817 0
308423937328417 1
317758331393017 1
327092725457617 1
336427119522217 1
345761513586817 1
355095907651417 1
364430301716017 0
373764695780617 1
383099089845217 0
392433483909817 0
401767877974417 0
411102272039017 1
420436666103617 0
429771060168217 1
439105454232817 1
448439848297417 0
457774242362017 0
467108636426617 1
476443030491217 1
485777424555817 0
495111818620417 0
504446212685017 0
513780606749617 1
523115000814217 1
532449394878817 1
388933198933 1
9723327263533 1
19057721328133 1
28392115392733 0
37726509457333 0
47060903521933 1
56395297586533 1
65729691651133 1
75064085715733 0
84398479780333 1
93732873844933 1
103067267909533 0
112401661974133 1
121736056038733 0
131070450103333 1
140404844167933 1
149739238232533 1
159073632297133 1
168408026361733 0
177742420426333 1
187076814490933 0
196411208555533 1
205745602620133 1
215079996684733 0
224414390749333 0
233748784813933 0
243083178878533 1
252417572943133 1
261751967007733 1
271086361072333 0
280420755136933 1
289755149201533 0
299089543266133 0
308423937330733 1
317758331395333 0
327092725459933 1
336427119524533 1
345761513589133 1
355095907653733 0
364430301718333 0
373764695782933 1
383099089847533 1
392433483912133 0
401767877976733 0
411102272041333 1
420436666105933 0
429771060170533 0
439105454235133 0
448439848299733 0
457774242364333 0
467108636428933 0
476443030493533 1
485777424558133 0
495111818622733 0
504446212687333 1
513780606751933 1
523115000816533 1
532449394881133 1
388933201273 1
9723327265873 1
19057721330473 1
28392115395073 1
37726509459673 1
47060903524273 1
56395297588873 0
65729691653473 1
75064085718073 0
84398479782673 1
93732873847273 0
103067267911873 1
112401661976473 1
121736056041073 0
131070450105673 0
140404844170273 1
149739238234873 0
159073632299473 0
168408026364073 0
177742420428673 1
187076814493273 0
196411208557873 0
205745602622473 1
215079996687073 1
224414390751673 0
233748784816273 0
243083178880873 1
252417572945473 1
261751967010073 1
271086361074673 1
280420755139273 0
289755149203873 1
299089543268473 1
308423937333073 0
317758331397673 1
327092725462273 1
336427119526873 0
345761513591473 0
355095907656073 0
364430301720673 0
373764695785273 1
383099089849873 0
392433483914473 1
401767877979073 0
411102272043673 1
420436666108273 0
429771060172873 1
439105454237473 0
448439848302073 0
457774242366673 0
467108636431273 1
476443030495873 1
485777424560473 1
495111818625073 0
504446212689673 0
513780606754273 0
523115000818873 0
532449394883473 1
388933208437 1
9723327273037 1
19057721337637 1
28392115402237 1
37726509466837 0
47060903531437 1
56395297596037 0
65729691660637 1
75064085725237 0
84398479789837 1
93732873854437 1
103067267919037 1
112401661983637 1
121736056048237 0
131070450112837 0
140404844177437 1
149739238242037 0
159073632306637 0
168408026371237 0
177742420435837 1
187076814500437 0
196411208565037 0
205745602629637 1
215079996694237 1
224414390758837 1
233748784823437 1
243083178888037 1
252417572952637 1
261751967017237 0
271086361081837 1
280420755146437 1
289755149211037 0
299089543275637 0
308423937340237 0
317758331404837 0
327092725469437 1
336427119534037 1
345761513598637 1
355095907663237 0
364430301727837 1
373764695792437 1
383099089857037 0
392433483921637 1
401767877986237 0
411102272050837 0
420436666115437 1
429771060180037 0
439105454244637 1
448439848309237 0
457774242373837 1
467108636438437 1
476443030503037 1
485777424567637 1
495111818632237 1
504446212696837 0
513780606761437 1
523115000826037 0
532449394890637 1
388933213333 1
9723327277933 1
19057721342533 1
28392115407133 0
37726509471733 0
47060903536333 1
56395297600933 0
65729691665533 1
75064085730133 0
84398479794733 1
93732873859333 0
103067267923933 0
112401661988533 1
121736056053133 0
131070450117733 0
140404844182333 1
149739238246933 1
159073632311533 0
168408026376133 0
177742420440733 0
187076814505333 1
196411208569933 1
205745602634533 1
215079996699133 0
224414390763733 1
233748784828333 1
243083178892933 1
252417572957533 1
261751967022133 0
271086361086733 0
280420755151333 0
289755149215933 1
299089543280533 1
308423937345133 0
317758331409733 0
327092725474333 1
336427119538933 1
345761513603533 1
355095907668133 1
364430301732733 1
373764695797333 1
383099089861933 1
392433483926533 0
401767877991133 1
411102272055733 0
420436666120333 1
429771060184933 1
439105454249533 1
448439848314133 1
457774242378733 0
467108636443333 0
476443030507933 1
485777424572533 0
495111818637133 1
504446212701733 1
513780606766333 0
523115000830933 0
532449394895533 1
388933215817 1
9723327280417 1
19057721345017 1
28392115409617 0
37726509474217 0
47060903538817 1
56395297603417 1
65729691668017 1
75064085732617 0
84398479797217 0
93732873861817 0
103067267926417 0
112401661991017 1
121736056055617 0
131070450120217 1
140404844184817 1
149739238249417 0
159073632314017 1
168408026378617 1
177742420443217 0
187076814507817 0
196411208572417 0
205745602637017 1
215079996701617 1
224414390766217 0
233748784830817 0
243083178895417 1
252417572960017 1
261751967024617 0
271086361089217 1
280420755153817 0
289755149218417 0
299089543283017 1
308423937347617 1
317758331412217 1
327092725476817 1
336427119541417 1
345761513606017 1
355095907670617 0
364430301735217 1
373764695799817 1
383099089864417 1
392433483929017 0
401767877993617 0
411102272058217 1
420436666122817 0
429771060187417 1
439105454252017 0
448439848316617 0
457774242381217 0
467108636445817 1
476443030510417 1
485777424575017 0
495111818639617 0
504446212704217 1
513780606768817 1
523115000833417 0
532449394898017 1
388933220857 1
9723327285457 1
19057721350057 1
28392115414657 0
37726509479257 0
47060903543857 1
56395297608457 1
65729691673057 1
75064085737657 0
84398479802257 0
93732873866857 0
103067267931457 0
112401661996057 1
121736056060657 1
131070450125257 1
140404844189857 1
149739238254457 0
159073632319057 1
168408026383657 0
177742420448257 0
187076814512857 1
196411208577457 0
205745602642057 1
215079996706657 1
224414390771257 1
233748784835857 0
243083178900457 1
252417572965057 0
261751967029657 0
271086361094257 1
280420755158857 0
289755149223457 0
299089543288057 1
308423937352657 0
317758331417257 0
327092725481857 1
336427119546457 1
345761513611057 0
355095907675657 1
364430301740257 1
373764695804857 1
383099089869457 1
392433483934057 0
401767877998657 0
411102272063257 1
420436666127857 1
429771060192457 0
439105454257057 0
448439848321657 0
457774242386257 0
467108636450857 0
476443030515457 1
485777424580057 1
495111818644657 0
504446212709257 1
513780606773857 0
523115000838457 0
532449394903057 1
388933223413 1
9723327288013 1
19057721352613 1
28392115417213 0
37726509481813 0
47060903546413 1
56395297611013 0
65729691675613 1
75064085740213 0
84398479804813 1
93732873869413 1
103067267934013 0
112401661998613 1
121736056063213 0
131070450127813 1
140404844192413 1
149739238257013 0
159073632321613 0
168408026386213 0
177742420450813 0
187076814515413 0
196411208580013 0
205745602644613 1
215079996709213 0
224414390773813 0
233748784838413 1
243083178903013 1
252417572967613 1
261751967032213 1
271086361096813 1
280420755161413 0
289755149226013 0
299089543290613 1
308423937355213 1
317758331419813 0
327092725484413 1
336427119549013 0
345761513613613 0
355095907678213 0
364430301742813 1
373764695807413 1
383099089872013 1
392433483936613 1
401767878001213 1
411102272065813 1
420436666130413 1
429771060195013 0
439105454259613 0
448439848324213 1
457774242388813 0
467108636453413 0
476443030518013 1
485777424582613 0
495111818647213 0
504446212711813 1
513780606776413 0
523115000841013 0
532449394905613 1
388933225993 1
9723327290593 1
19057721355193 1
28392115419793 0
37726509484393 1
47060903548993 1
56395297613593 0
65729691678193 1
75064085742793 0
84398479807393 0
93732873871993 0
103067267936593 1
112401662001193 1
121736056065793 1
131070450130393 1
140404844194993 1
149739238259593 0
159073632324193 1
168408026388793 0
177742420453393 0
187076814517993 1
196411208582593 1
205745602647193 1
215079996711793 0
224414390776393 1
233748784840993 0
243083178905593 1
252417572970193 1
261751967034793 0
271086361099393 0
280420755163993 1
289755149228593 0
299089543293193 0
308423937357793 0
317758331422393 0
327092725486993 1
336427119551593 1
345761513616193 1
355095907680793 1
364430301745393 0
373764695809993 1
383099089874593 1
392433483939193 0
401767878003793 0
411102272068393 0
420436666132993 1
429771060197593 1
439105454262193 1
448439848326793 1
457774242391393 1
467108636455993 1
476443030520593 1
485777424585193 1
495111818649793 0
504446212714393 0
513780606778993 1
523115000843593 1
532449394908193 1
388933228597 1
9723327293197 1
19057721357797 1
28392115422397 0
37726509486997 1
47060903551597 1
56395297616197 0
65729691680797 1
75064085745397 0
84398479809997 1
93732873874597 0
103067267939197 0
112401662003797 1
121736056068397 1
131070450132997 1
140404844197597 1
149739238262197 0
159073632326797 1
168408026391397 1
177742420455997 1
187076814520597 0
196411208585197 1
205745602649797 1
215079996714397 0
224414390778997 0
233748784843597 1
243083178908197 1
252417572972797 0
261751967037397 0
271086361101997 0
280420755166597 1
289755149231197 1
299089543295797 0
308423937360397 0
317758331424997 1
327092725489597 1
336427119554197 1
345761513618797 1
355095907683397 1
364430301747997 1
373764695812597 1
383099089877197 1
392433483941797 0
401767878006397 1
411102272070997 0
420436666135597 0
429771060200197 1
439105454264797 0
448439848329397 1
457774242393997 0
467108636458597 1
476443030523197 1
485777424587797 0
495111818652397 1
504446212716997 1
513780606781597 1
523115000846197 0
532449394910797 1
388933233877 1
9723327298477 1
19057721363077 1
28392115427677 0
37726509492277 1
47060903556877 1
56395297621477 1
65729691686077 1
75064085750677 1
84398479815277 0
93732873879877 1
103067267944477 0
112401662009077 1
121736056073677 0
131070450138277 1
140404844202877 1
149739238267477 0
159073632332077 0
168408026396677 0
177742420461277 1
187076814525877 0
196411208590477 1
205745602655077 1
215079996719677 0
224414390784277 1
233748784848877 0
243083178913477 1
252417572978077 0
261751967042677 1
271086361107277 0
280420755171877 1
289755149236477 1
299089543301077 0
308423937365677 1
317758331430277 1
327092725494877 1
336427119559477 1
345761513624077 1
355095907688677 0
364430301753277 0
373764695817877 1
383099089882477 0
392433483947077 0
401767878011677 1
411102272076277 0
420436666140877 1
429771060205477 0
439105454270077 0
448439848334677 0
457774242399277 0
467108636463877 0
476443030528477 1
485777424593077 1
495111818657677 0
504446212722277 1
513780606786877 0
523115000851477 1
532449394916077 1
388933236553 1
9723327301153 1
19057721365753 1
28392115430353 0
37726509494953 0
47060903559553 1
56395297624153 0
65729691688753 1
75064085753353 0
84398479817953 1
93732873882553 1
103067267947153 1
112401662011753 1
121736056076353 1
131070450140953 0
140404844205553 1
149739238270153 1
159073632334753 1
168408026399353 0
177742420463953 1
187076814528553 1
196411208593153 1
205745602657753 1
215079996722353 1
224414390786953 0
233748784851553 1
243083178916153 1
252417572980753 1
261751967045353 0
271086361109953 0
280420755174553 0
289755149239153 0
299089543303753 1
308423937368353 0
317758331432953 0
327092725497553 1
336427119562153 1
345761513626753 0
355095907691353 1
364430301755953 0
373764695820553 1
383099089885153 0
392433483949753 1
401767878014353 0
411102272078953 0
420436666143553 1
429771060208153 1
439105454272753 0
448439848337353 0
457774242401953 1
467108636466553 1
476443030531153 1
485777424595753 1
495111818660353 0
504446212724953 0
513780606789553 1
523115000854153 1
532449394918753 1
388933239253 1
9723327303853 1
19057721368453 1
28392115433053 1
37726509497653 0
47060903562253 1
56395297626853 0
65729691691453 1
75064085756053 0
84398479820653 1
93732873885253 0
103067267949853 1
112401662014453 1
121736056079053 1
131070450143653 0
140404844208253 1
149739238272853 0
159073632337453 1
168408026402053 1
177742420466653 1
187076814531253 1
196411208595853 1
205745602660453 1
215079996725053 0
224414390789653 0
233748784854253 1
243083178918853 1
252417572983453 0
261751967048053 0
271086361112653 0
280420755177253 0
289755149241853 1
299089543306453 0
308423937371053 1
317758331435653 0
327092725500253 1
336427119564853 1
345761513629453 0
355095907694053 1
364430301758653 0
373764695823253 1
383099089887853 0
392433483952453 1
401767878017053 0
411102272081653 0
420436666146253 0
429771060210853 1
439105454275453 1
448439848340053 0
457774242404653 0
467108636469253 1
476443030533853 1
485777424598453 1
495111818663053 0
504446212727653 0
513780606792253 0
523115000856853 0
532449394921453 1
388933241977 1
9723327306577 1
19057721371177 1
28392115435777 0
37726509500377 0
47060903564977 1
56395297629577 1
65729691694177 1
75064085758777 0
84398479823377 0
93732873887977 0
103067267952577 0
112401662017177 1
121736056081777 1
131070450146377 0
140404844210977 1
149739238275577 0
159073632340177 0
168408026404777 0
177742420469377 0
187076814533977 1
196411208598577 1
205745602663177 1
215079996727777 0
224414390792377 1
233748784856977 0
243083178921577 1
252417572986177 0
261751967050777 1
271086361115377 1
280420755179977 0
289755149244577 0
299089543309177 1
308423937373777 0
317758331438377 0
327092725502977 1
336427119567577 0
345761513632177 1
355095907696777 1
364430301761377 0
373764695825977 1
383099089890577 1
392433483955177 0
401767878019777 0
411102272084377 0
420436666148977 0
429771060213577 0
439105454278177 0
448439848342777 0
457774242407377 1
467108636471977 0
476443030536577 1
485777424601177 1
495111818665777 1
504446212730377 0
513780606794977 1
523115000859577 0
532449394924177 1
388933250293 1
9723327314893 1
19057721379493 1
28392115444093 1
37726509508693 0
47060903573293 1
56395297637893 0
65729691702493 1
75064085767093 0
84398479831693 1
93732873896293 0
103067267960893 0
112401662025493 1
121736056090093 0
131070450154693 0
140404844219293 1
149739238283893 1
159073632348493 1
168408026413093 1
177742420477693 0
187076814542293 0
196411208606893 0
205745602671493 1
215079996736093 1
224414390800693 0
233748784865293 1
243083178929893 1
252417572994493 1
261751967059093 0
271086361123693 1
280420755188293 1
289755149252893 0
299089543317493 0
308423937382093 1
317758331446693 1
327092725511293 1
336427119575893 0
345761513640493 1
355095907705093 1
364430301769693 0
373764695834293 1
383099089898893 1
392433483963493 0
401767878028093 0
411102272092693 0
420436666157293 1
429771060221893 0
439105454286493 1
448439848351093 1
457774242415693 0
467108636480293 1
476443030544893 1
485777424609493 1
495111818674093 0
504446212738693 1
513780606803293 1
523115000867893 1
532449394932493 1
388933253113 1
9723327317713 1
19057721382313 1
28392115446913 0
37726509511513 0
47060903576113 1
56395297640713 0
65729691705313 1
75064085769913 1
84398479834513 0
93732873899113 0
103067267963713 0
112401662028313 1
121736056092913 1
131070450157513 1
140404844222113 1
149739238286713 0
159073632351313 1
168408026415913 1
177742420480513 1
187076814545113 0
196411208609713 0
205745602674313 1
215079996738913 0
224414390803513 1
233748784868113 0
243083178932713 1
252417572997313 0
261751967061913 0
271086361126513 1
280420755191113 0
289755149255713 1
299089543320313 1
308423937384913 0
317758331449513 1
327092725514113 1
336427119578713 0
345761513643313 1
355095907707913 1
364430301772513 1
373764695837113 1
383099089901713 1
392433483966313 1
401767878030913 0
411102272095513 0
420436666160113 0
429771060224713 0
439105454289313 0
448439848353913 1
457774242418513 0
467108636483113 1
476443030547713 1
485777424612313 0
495111818676913 1
504446212741513 0
513780606806113 1
523115000870713 0
532449394935313 1
388933264633 1
9723327329233 1
19057721393833 1
28392115458433 0
37726509523033 0
47060903587633 1
56395297652233 0
65729691716833 1
75064085781433 1
84398479846033 1
93732873910633 1
103067267975233 0
112401662039833 1
121736056104433 1
131070450169033 0
140404844233633 1
149739238298233 0
159073632362833 0
168408026427433 1
177742420492033 1
187076814556633 0
196411208621233 0
205745602685833 1
215079996750433 1
224414390815033 1
233748784879633 0
243083178944233 1
252417573008833 0
261751967073433 1
271086361138033 0
280420755202633 1
289755149267233 0
299089543331833 1
308423937396433 0
317758331461033 1
327092725525633 1
336427119590233 1
345761513654833 1
355095907719433 0
364430301784033 1
373764695848633 1
383099089913233 0
392433483977833 1
401767878042433 1
411102272107033 1
420436666171633 0
429771060236233 1
439105454300833 0
448439848365433 1
457774242430033 1
467108636494633 1
476443030559233 1
485777424623833 0
495111818688433 1
504446212753033 1
513780606817633 1
523115000882233 1
532449394946833 1
388933267573 1
9723327332173 1
19057721396773 1
28392115461373 0
37726509525973 0
47060903590573 1
56395297655173 0
65729691719773 1
75064085784373 0
84398479848973 1
93732873913573 0
103067267978173 0
112401662042773 1
121736056107373 1
131070450171973 0
140404844236573 1
149739238301173 1
159073632365773 1
168408026430373 0
177742420494973 1
187076814559573 1
196411208624173 1
205745602688773 1
215079996753373 0
224414390817973 0
233748784882573 0
243083178947173 1
252417573011773 1
261751967076373 0
271086361140973 0
280420755205573 0
289755149270173 1
299089543334773 0
308423937399373 1
317758331463973 1
327092725528573 1
336427119593173 1
345761513657773 0
355095907722373 1
364430301786973 1
373764695851573 1
383099089916173 0
392433483980773 0
401767878045373 0
411102272109973 0
420436666174573 0
429771060239173 0
439105454303773 1
448439848368373 1
457774242432973 0
467108636497573 1
476443030562173 1
485777424626773 1
495111818691373 0
504446212755973 1
513780606820573 0
523115000885173 1
532449394949773 1
388933270537 1
9723327335137 1
19057721399737 1
28392115464337 0
37726509528937 1
47060903593537 1
56395297658137 1
65729691722737 1
75064085787337 1
84398479851937 1
93732873916537 0
103067267981137 1
112401662045737 1
121736056110337 0
131070450174937 0
140404844239537 1
149739238304137 1
159073632368737 0
168408026433337 1
177742420497937 1
187076814562537 1
196411208627137 0
205745602691737 1
215079996756337 0
224414390820937 1
233748784885537 0
243083178950137 1
252417573014737 1
261751967079337 1
271086361143937 1
280420755208537 0
289755149273137 0
299089543337737 1
308423937402337 0
317758331466937 0
327092725531537 1
336427119596137 1
345761513660737 1
355095907725337 1
364430301789937 1
373764695854537 1
383099089919137 0
392433483983737 1
401767878048337 1
411102272112937 1
420436666177537 0
429771060242137 1
439105454306737 0
448439848371337 0
457774242435937 0
467108636500537 0
476443030565137 1
485777424629737 0
495111818694337 0
504446212758937 1
513780606823537 1
523115000888137 0
532449394952737 1
388933276537 1
9723327341137 1
19057721405737 1
28392115470337 1
37726509534937 1
47060903599537 1
56395297664137 0
65729691728737 1
75064085793337 1
84398479857937 1
93732873922537 1
103067267987137 0
112401662051737 1
121736056116337 0
131070450180937 0
140404844245537 1
149739238310137 1
159073632374737 0
168408026439337 0
177742420503937 0
187076814568537 0
196411208633137 0
205745602697737 1
215079996762337 0
224414390826937 0
233748784891537 0
243083178956137 1
252417573020737 1
261751967085337 1
271086361149937 0
280420755214537 0
289755149279137 0
299089543343737 1
308423937408337 1
317758331472937 0
327092725537537 1
336427119602137 0
345761513666737 1
355095907731337 0
364430301795937 0
373764695860537 1
383099089925137 0
392433483989737 0
401767878054337 0
411102272118937 1
420436666183537 0
429771060248137 0
439105454312737 1
448439848377337 0
457774242441937 1
467108636506537 1
476443030571137 1
485777424635737 0
495111818700337 1
504446212764937 1
513780606829537 1
523115000894137 1
532449394958737 1
388933279573 1
9723327344173 1
19057721408773 1
28392115473373 1
37726509537973 0
47060903602573 1
56395297667173 0
65729691731773 1
75064085796373 1
84398479860973 0
93732873925573 0
103067267990173 1
112401662054773 1
121736056119373 0
131070450183973 0
140404844248573 1
149739238313173 1
159073632377773 1
168408026442373 1
177742420506973 0
187076814571573 1
196411208636173 1
205745602700773 1
215079996765373 0
224414390829973 1
233748784894573 0
243083178959173 1
252417573023773 0
261751967088373 0
271086361152973 1
280420755217573 0
289755149282173 1
299089543346773 0
308423937411373 0
317758331475973 1
327092725540573 1
336427119605173 1
345761513669773 1
355095907734373 0
364430301798973 0
373764695863573 1
383099089928173 0
392433483992773 1
401767878057373 0
411102272121973 0
420436666186573 1
429771060251173 0
439105454315773 0
448439848380373 0
457774242444973 1
467108636509573 0
476443030574173 1
485777424638773 0
495111818703373 0
504446212767973 1
513780606832573 1
523115000897173 1
532449394961773 1
388933282633 1
9723327347233 1
19057721411833 1
28392115476433 1
37726509541033 0
47060903605633 1
56395297670233 1
65729691734833 1
75064085799433 1
84398479864033 0
93732873928633 0
103067267993233 0
112401662057833 1
121736056122433 0
131070450187033 1
140404844251633 1
149739238316233 0
159073632380833 0
168408026445433 0
177742420510033 0
187076814574633 1
196411208639233 1
205745602703833 1
215079996768433 1
224414390833033 1
233748784897633 1
243083178962233 1
252417573026833 1
261751967091433 0
271086361156033 1
280420755220633 1
289755149285233 1
299089543349833 0
308423937414433 1
317758331479033 0
327092725543633 1
336427119608233 0
345761513672833 1
355095907737433 1
364430301802033 1
373764695866633 1
383099089931233 1
392433483995833 0
401767878060433 1
411102272125033 1
420436666189633 0
429771060254233 0
439105454318833 0
448439848383433 1
457774242448033 0
467108636512633 0
476443030577233 1
485777424641833 0
495111818706433 0
504446212771033 1
513780606835633 1
523115000900233 0
532449394964833 1
388933285717 1
9723327350317 1
19057721414917 1
28392115479517 0
37726509544117 0
47060903608717 1
56395297673317 1
65729691737917 1
75064085802517 0
84398479867117 1
93732873931717 0
103067267996317 1
112401662060917 1
121736056125517 0
131070450190117 1
140404844254717 1
149739238319317 0
159073632383917 0
168408026448517 1
177742420513117 0
187076814577717 0
196411208642317 1
205745602706917 1
215079996771517 0
224414390836117 0
233748784900717 0
243083178965317 1
252417573029917 0
261751967094517 1
271086361159117 0
280420755223717 1
289755149288317 0
299089543352917 0
308423937417517 0
317758331482117 0
327092725546717 1
336427119611317 1
345761513675917 1
355095907740517 0
364430301805117 1
373764695869717 1
383099089934317 0
392433483998917 0
401767878063517 1
411102272128117 1
420436666192717 1
429771060257317 0
439105454321917 1
448439848386517 0
457774242451117 1
467108636515717 1
476443030580317 1
485777424644917 1
495111818709517 1
504446212774117 0
513780606838717 1
523115000903317 1
532449394967917 1
388933291957 1
9723327356557 1
19057721421157 1
28392115485757 1
37726509550357 0
47060903614957 1
56395297679557 0
65729691744157 1
75064085808757 0
84398479873357 0
93732873937957 1
103067268002557 0
112401662067157 1
121736056131757 0
131070450196357 0
140404844260957 1
149739238325557 1
159073632390157 0
168408026454757 0
177742420519357 0
187076814583957 0
196411208648557 0
205745602713157 1
215079996777757 0
224414390842357 1
233748784906957 1
243083178971557 1
252417573036157 0
261751967100757 0
271086361165357 0
280420755229957 1
289755149294557 0
299089543359157 0
308423937423757 1
317758331488357 1
327092725552957 1
336427119617557 1
345761513682157 1
355095907746757 1
364430301811357 1
373764695875957 1
383099089940557 0
392433484005157 0
401767878069757 0
411102272134357 1
420436666198957 0
429771060263557 1
439105454328157 1
448439848392757 0
457774242457357 1
467108636521957 0
476443030586557 1
485777424651157 0
495111818715757 0
504446212780357 1
513780606844957 1
523115000909557 0
532449394974157 1
388933298293 1
9723327362893 1
19057721427493 1
28392115492093 1
37726509556693 1
47060903621293 1
56395297685893 1
65729691750493 1
75064085815093 0
84398479879693 0
93732873944293 1
103067268008893 0
112401662073493 1
121736056138093 1
131070450202693 0
140404844267293 1
149739238331893 0
159073632396493 1
168408026461093 0
177742420525693 1
187076814590293 0
196411208654893 1
205745602719493 1
215079996784093 1
224414390848693 1
233748784913293 1
243083178977893 1
252417573042493 0
261751967107093 0
271086361171693 1
280420755236293 0
289755149300893 1
299089543365493 0
308423937430093 0
317758331494693 0
327092725559293 1
336427119623893 0
345761513688493 0
355095907753093 0
364430301817693 0
373764695882293 1
383099089946893 0
392433484011493 0
401767878076093 0
411102272140693 0
420436666205293 0
429771060269893 0
439105454334493 0
448439848399093 1
457774242463693 1
467108636528293 0
476443030592893 1
485777424657493 1
495111818722093 1
504446212786693 0
513780606851293 0
523115000915893 1
532449394980493 1
388933301497 1
9723327366097 1
19057721430697 1
28392115495297 1
37726509559897 0
47060903624497 1
56395297689097 0
65729691753697 1
75064085818297 1
84398479882897 0
93732873947497 1
103067268012097 1
112401662076697 1
121736056141297 0
131070450205897 1
140404844270497 1
149739238335097 1
159073632399697 1
168408026464297 1
177742420528897 0
187076814593497 0
196411208658097 0
205745602722697 1
215079996787297 1
224414390851897 0
233748784916497 0
243083178981097 1
252417573045697 1
261751967110297 1
271086361174897 1
280420755239497 1
289755149304097 0
299089543368697 1
308423937433297 0
317758331497897 1
327092725562497 1
336427119627097 0
345761513691697 0
355095907756297 0
364430301820897 0
373764695885497 1
383099089950097 1
392433484014697 1
401767878079297 1
411102272143897 0
420436666208497 1
429771060273097 1
439105454337697 1
448439848402297 0
457774242466897 1
467108636531497 1
476443030596097 1
485777424660697 0
495111818725297 1
504446212789897 0
513780606854497 0
523115000919097 0
532449394983697 1
388933311253 1
9723327375853 1
19057721440453 1
28392115505053 0
37726509569653 1
47060903634253 1
56395297698853 0
65729691763453 1
75064085828053 0
84398479892653 1
93732873957253 1
103067268021853 1
112401662086453 1
121736056151053 0
131070450215653 0
140404844280253 1
149739238344853 0
159073632409453 0
168408026474053 1
177742420538653 0
187076814603253 0
196411208667853 1
205745602732453 1
215079996797053 1
224414390861653 0
233748784926253 1
243083178990853 1
252417573055453 1
261751967120053 0
271086361184653 0
280420755249253 0
289755149313853 1
299089543378453 1
308423937443053 0
317758331507653 0
327092725572253 1
336427119636853 1
345761513701453 0
355095907766053 1
364430301830653 1
373764695895253 1
383099089959853 1
392433484024453 1
401767878089053 0
411102272153653 1
420436666218253 0
429771060282853 0
439105454347453 0
448439848412053 0
457774242476653 0
467108636541253 1
476443030605853 1
485777424670453 0
495111818735053 1
504446212799653 0
513780606864253 0
523115000928853 0
532449394993453 1
388933317877 1
9723327382477 1
19057721447077 1
28392115511677 0
37726509576277 0
47060903640877 1
56395297705477 0
65729691770077 1
75064085834677 0
84398479899277 1
93732873963877 0
103067268028477 0
112401662093077 1
121736056157677 1
131070450222277 0
140404844286877 1
149739238351477 0
159073632416077 0
168408026480677 1
177742420545277 1
187076814609877 1
196411208674477 0
205745602739077 1
215079996803677 1
224414390868277 0
233748784932877 0
243083178997477 1
252417573062077 0
261751967126677 0
271086361191277 0
280420755255877 0
289755149320477 1
299089543385077 0
308423937449677 0
317758331514277 1
327092725578877 1
336427119643477 1
345761513708077 1
355095907772677 0
364430301837277 0
373764695901877 1
383099089966477 0
392433484031077 1
401767878095677 0
411102272160277 0
420436666224877 1
429771060289477 0
439105454354077 1
448439848418677 1
457774242483277 1
467108636547877 0
476443030612477 1
485777424677077 0
495111818741677 0
504446212806277 0
513780606870877 1
523115000935477 1
532449395000077 1
388933324597 1
9723327389197 1
19057721453797 1
28392115518397 0
37726509582997 0
47060903647597 1
56395297712197 0
65729691776797 1
75064085841397 1
84398479905997 0
93732873970597 1
103067268035197 0
112401662099797 1
121736056164397 0
131070450228997 1
140404844293597 1
149739238358197 0
159073632422797 0
168408026487397 0
177742420551997 1
187076814616597 0
196411208681197 1
205745602745797 1
215079996810397 0
224414390874997 0
233748784939597 0
243083179004197 1
252417573068797 0
261751967133397 0
271086361197997 1
280420755262597 0
289755149327197 1
299089543391797 1
308423937456397 0
317758331520997 1
327092725585597 1
336427119650197 0
345761513714797 1
355095907779397 1
364430301843997 1
373764695908597 1
383099089973197 1
392433484037797 0
401767878102397 0
411102272166997 1
420436666231597 0
429771060296197 0
439105454360797 1
448439848425397 0
457774242489997 1
467108636554597 0
476443030619197 1
485777424683797 0
495111818748397 0
504446212812997 1
513780606877597 1
523115000942197 1
532449395006797 1
388933327993 1
9723327392593 1
19057721457193 1
28392115521793 1
37726509586393 0
47060903650993 1
56395297715593 1
65729691780193 1
75064085844793 0
84398479909393 0
93732873973993 1
103067268038593 1
112401662103193 1
121736056167793 0
131070450232393 0
140404844296993 1
149739238361593 1
159073632426193 1
168408026490793 1
177742420555393 0
187076814619993 0
196411208684593 0
205745602749193 1
215079996813793 1
224414390878393 1
233748784942993 1
243083179007593 1
252417573072193 0
261751967136793 0
271086361201393 1
280420755265993 1
289755149330593 0
299089543395193 1
308423937459793 0
317758331524393 1
327092725588993 1
336427119653593 1
345761513718193 0
355095907782793 1
364430301847393 0
373764695911993 1
383099089976593 0
392433484041193 1
401767878105793 1
411102272170393 1
420436666234993 1
429771060299593 0
439105454364193 1
448439848428793 1
457774242493393 0
467108636557993 0
476443030622593 1
485777424687193 1
495111818751793 0
504446212816393 1
513780606880993 1
523115000945593 1
532449395010193 1
388933334857 1
9723327399457 1
19057721464057 1
28392115528657 0
37726509593257 0
47060903657857 1
56395297722457 1
65729691787057 1
75064085851657 1
84398479916257 1
93732873980857 0
103067268045457 1
112401662110057 1
121736056174657 1
131070450239257 1
140404844303857 1
149739238368457 0
159073632433057 0
168408026497657 1
177742420562257 1
187076814626857 0
196411208691457 0
205745602756057 1
215079996820657 0
224414390885257 1
233748784949857 1
243083179014457 1
252417573079057 0
261751967143657 0
271086361208257 0
280420755272857 1
289755149337457 1
299089543402057 1
308423937466657 1
317758331531257 1
327092725595857 1
336427119660457 1
345761513725057 1
355095907789657 0
364430301854257 0
373764695918857 1
383099089983457 0
392433484048057 1
401767878112657 1
411102272177257 0
420436666241857 0
429771060306457 1
439105454371057 0
448439848435657 1
457774242500257 1
467108636564857 0
476443030629457 1
485777424694057 1
495111818758657 0
504446212823257 0
513780606887857 0
523115000952457 1
532449395017057 1
388933341817 1
9723327406417 1
19057721471017 1
28392115535617 0
37726509600217 0
47060903664817 1
56395297729417 0
65729691794017 1
75064085858617 0
84398479923217 0
93732873987817 0
103067268052417 1
112401662117017 1
121736056181617 1
131070450246217 1
140404844310817 1
149739238375417 1
159073632440017 1
168408026504617 1
177742420569217 0
187076814633817 0
196411208698417 0
205745602763017 1
215079996827617 0
224414390892217 0
233748784956817 1
243083179021417 1
252417573086017 1
261751967150617 1
271086361215217 1
280420755279817 0
289755149344417 1
299089543409017 0
308423937473617 0
317758331538217 0
327092725602817 1
336427119667417 0
345761513732017 0
355095907796617 0
364430301861217 1
373764695925817 1
383099089990417 1
392433484055017 1
401767878119617 0
411102272184217 0
420436666248817 0
429771060313417 1
439105454378017 1
448439848442617 1
457774242507217 1
467108636571817 1
476443030636417 1
485777424701017 0
495111818765617 1
504446212830217 1
513780606894817 1
523115000959417 0
532449395024017 1
388933345333 1
9723327409933 1
19057721474533 1
28392115539133 0
37726509603733 0
47060903668333 1
56395297732933 0
65729691797533 1
75064085862133 0
84398479926733 0
93732873991333 0
103067268055933 1
112401662120533 1
121736056185133 1
131070450249733 1
140404844314333 1
149739238378933 1
159073632443533 0
168408026508133 0
177742420572733 1
187076814637333 0
196411208701933 0
205745602766533 1
215079996831133 0
224414390895733 0
233748784960333 0
243083179024933 1
252417573089533 0
261751967154133 1
271086361218733 0
280420755283333 0
289755149347933 0
299089543412533 0
308423937477133 1
317758331541733 0
327092725606333 1
336427119670933 0
345761513735533 0
355095907800133 1
364430301864733 1
373764695929333 1
383099089993933 1
392433484058533 0
401767878123133 1
411102272187733 1
420436666252333 1
429771060316933 1
439105454381533 1
448439848446133 1
457774242510733 1
467108636575333 1
476443030639933 1
485777424704533 0
495111818769133 1
504446212833733 0
513780606898333 0
523115000962933 0
532449395027533 1
388933348873 1
9723327413473 1
19057721478073 1
28392115542673 0
37726509607273 0
47060903671873 1
56395297736473 1
65729691801073 1
75064085865673 1
84398479930273 0
93732873994873 1
103067268059473 1
112401662124073 1
121736056188673 0
131070450253273 1
140404844317873 1
149739238382473 0
159073632447073 1
168408026511673 1
177742420576273 0
187076814640873 0
196411208705473 0
205745602770073 1
215079996834673 0
224414390899273 1
233748784963873 0
243083179028473 1
252417573093073 0
261751967157673 1
271086361222273 1
280420755286873 0
289755149351473 1
299089543416073 0
308423937480673 0
317758331545273 0
327092725609873 1
336427119674473 1
345761513739073 0
355095907803673 1
364430301868273 1
373764695932873 1
383099089997473 0
392433484062073 0
401767878126673 1
411102272191273 1
420436666255873 1
429771060320473 1
439105454385073 1
448439848449673 1
457774242514273 1
467108636578873 1
476443030643473 1
485777424708073 1
495111818772673 1
504446212837273 0
513780606901873 1
523115000966473 0
532449395031073 1
388933352437 1
9723327417037 1
19057721481637 1
28392115546237 0
37726509610837 1
47060903675437 1
56395297740037 1
65729691804637 1
75064085869237 0
84398479933837 0
93732873998437 0
103067268063037 0
112401662127637 1
121736056192237 1
131070450256837 0
140404844321437 1
149739238386037 1
159073632450637 1
168408026515237 1
177742420579837 0
187076814644437 1
196411208709037 0
205745602773637 1
215079996838237 1
224414390902837 1
233748784967437 1
243083179032037 1
252417573096637 1
261751967161237 1
271086361225837 1
280420755290437 0
289755149355037 0
299089543419637 0
308423937484237 1
317758331548837 0
327092725613437 1
336427119678037 0
345761513742637 0
355095907807237 1
364430301871837 1
373764695936437 1
383099090001037 0
392433484065637 0
401767878130237 0
411102272194837 0
420436666259437 1
429771060324037 1
439105454388637 1
448439848453237 0
457774242517837 0
467108636582437 0
476443030647037 1
485777424711637 1
495111818776237 0
504446212840837 1
513780606905437 1
523115000970037 1
532449395034637 1
388933359637 1
9723327424237 1
19057721488837 1
28392115553437 1
37726509618037 1
47060903682637 1
56395297747237 1
65729691811837 1
75064085876437 0
84398479941037 0
93732874005637 0
103067268070237 0
112401662134837 1
121736056199437 1
131070450264037 0
140404844328637 1
149739238393237 0
159073632457837 1
168408026522437 1
177742420587037 0
187076814651637 0
196411208716237 1
205745602780837 1
215079996845437 0
224414390910037 0
233748784974637 0
243083179039237 1
252417573103837 1
261751967168437 1
271086361233037 0
280420755297637 0
289755149362237 0
299089543426837 1
308423937491437 0
317758331556037 0
327092725620637 1
336427119685237 0
345761513749837 0
355095907814437 0
364430301879037 1
373764695943637 1
383099090008237 1
392433484072837 0
401767878137437 0
411102272202037 0
420436666266637 0
429771060331237 0
439105454395837 0
448439848460437 1
457774242525037 1
467108636589637 0
476443030654237 1
485777424718837 1
495111818783437 1
504446212848037 0
513780606912637 0
523115000977237 0
532449395041837 1
388933363273 1
9723327427873 1
19057721492473 1
28392115557073 1
37726509621673 0
47060903686273 1
56395297750873 0
65729691815473 1
75064085880073 0
84398479944673 1
93732874009273 1
103067268073873 1
112401662138473 1
121736056203073 0
131070450267673 0
140404844332273 1
149739238396873 0
159073632461473 0
168408026526073 0
177742420590673 1
187076814655273 0
196411208719873 0
205745602784473 1
215079996849073 1
224414390913673 0
233748784978273 1
243083179042873 1
252417573107473 0
261751967172073 0
271086361236673 1
280420755301273 1
289755149365873 1
299089543430473 0
308423937495073 0
317758331559673 0
327092725624273 1
336427119688873 0
345761513753473 1
355095907818073 1
364430301882673 0
373764695947273 1
383099090011873 1
392433484076473 0
401767878141073 0
411102272205673 0
420436666270273 1
429771060334873 1
439105454399473 1
448439848464073 0
457774242528673 0
467108636593273 0
476443030657873 1
485777424722473 0
495111818787073 1
504446212851673 1
513780606916273 1
523115000980873 1
532449395045473 1
388933378057 1
9723327442657 1
19057721507257 1
28392115571857 1
37726509636457 1
47060903701057 1
56395297765657 0
65729691830257 1
75064085894857 1
84398479959457 1
93732874024057 1
103067268088657 0
112401662153257 1
121736056217857 1
131070450282457 1
140404844347057 1
149739238411657 0
159073632476257 1
168408026540857 0
177742420605457 0
187076814670057 1
196411208734657 1
205745602799257 1
215079996863857 0
224414390928457 1
233748784993057 1
243083179057657 1
252417573122257 0
261751967186857 0
271086361251457 0
280420755316057 0
289755149380657 1
299089543445257 0
308423937509857 1
317758331574457 1
327092725639057 1
336427119703657 1
345761513768257 0
355095907832857 1
364430301897457 0
373764695962057 1
383099090026657 0
392433484091257 0
401767878155857 1
411102272220457 0
420436666285057 1
429771060349657 1
439105454414257 1
448439848478857 1
457774242543457 0
467108636608057 0
476443030672657 1
485777424737257 1
495111818801857 1
504446212866457 0
513780606931057 0
523115000995657 0
532449395060257 1
388933381813 1
9723327446413 1
19057721511013 1
28392115575613 1
37726509640213 0
47060903704813 1
56395297769413 0
65729691834013 1
75064085898613 0
84398479963213 0
93732874027813 0
103067268092413 1
112401662157013 1
121736056221613 0
131070450286213 0
140404844350813 1
149739238415413 1
159073632480013 1
168408026544613 1
177742420609213 1
187076814673813 0
196411208738413 1
205745602803013 1
215079996867613 0
224414390932213 0
233748784996813 1
243083179061413 1
252417573126013 1
261751967190613 1
271086361255213 1
280420755319813 0
289755149384413 1
299089543449013 1
308423937513613 0
317758331578213 1
327092725642813 1
336427119707413 1
345761513772013 1
355095907836613 0
364430301901213 1
373764695965813 1
383099090030413 0
392433484095013 1
401767878159613 1
411102272224213 1
420436666288813 1
429771060353413 0
439105454418013 0
448439848482613 1
457774242547213 0
467108636611813 0
476443030676413 1
485777424741013 0
495111818805613 0
504446212870213 1
513780606934813 1
523115000999413 0
532449395064013 1
388933385593 1
9723327450193 1
19057721514793 1
28392115579393 0
37726509643993 0
47060903708593 1
56395297773193 0
65729691837793 1
75064085902393 0
84398479966993 0
93732874031593 0
103067268096193 1
112401662160793 1
121736056225393 1
131070450289993 1
140404844354593 1
149739238419193 1
159073632483793 0
168408026548393 0
177742420612993 1
187076814677593 1
196411208742193 0
205745602806793 1
215079996871393 0
224414390935993 0
233748785000593 0
243083179065193 1
252417573129793 0
261751967194393 0
271086361258993 0
280420755323593 0
289755149388193 1
299089543452793 1
308423937517393 0
317758331581993 1
327092725646593 1
336427119711193 1
345761513775793 1
355095907840393 1
364430301904993 1
373764695969593 1
383099090034193 1
392433484098793 1
401767878163393 1
411102272227993 1
420436666292593 1
429771060357193 1
439105454421793 1
448439848486393 1
457774242550993 0
467108636615593 0
476443030680193 1
485777424744793 0
495111818809393 0
504446212873993 1
513780606938593 0
523115001003193 0
532449395067793 1
388933389397 1
9723327453997 1
19057721518597 1
28392115583197 1
37726509647797 1
47060903712397 1
56395297776997 0
65729691841597 1
75064085906197 0
84398479970797 0
93732874035397 1
103067268099997 0
112401662164597 1
121736056229197 1
131070450293797 1
140404844358397 1
149739238422997 1
159073632487597 0
168408026552197 1
177742420616797 1
187076814681397 1
196411208745997 1
205745602810597 1
215079996875197 0
224414390939797 0
233748785004397 0
243083179068997 1
252417573133597 0
261751967198197 0
271086361262797 0
280420755327397 0
289755149391997 0
299089543456597 1
308423937521197 0
317758331585797 1
327092725650397 1
336427119714997 0
345761513779597 0
355095907844197 0
364430301908797 1
373764695973397 1
383099090037997 0
392433484102597 0
401767878167197 0
411102272231797 1
420436666296397 0
429771060360997 1
439105454425597 0
448439848490197 1
457774242554797 1
467108636619397 1
476443030683997 1
485777424748597 0
495111818813197 0
504446212877797 1
513780606942397 0
523115001006997 0
532449395071597 1
388933400953 1
9723327465553 1
19057721530153 1
28392115594753 0
37726509659353 1
47060903723953 1
56395297788553 1
65729691853153 1
75064085917753 0
84398479982353 1
93732874046953 1
103067268111553 0
112401662176153 1
121736056240753 0
131070450305353 1
140404844369953 1
149739238434553 1
159073632499153 1
168408026563753 0
177742420628353 0
187076814692953 0
196411208757553 0
205745602822153 1
215079996886753 0
224414390951353 0
233748785015953 1
243083179080553 1
252417573145153 1
261751967209753 1
271086361274353 1
280420755338953 0
289755149403553 0
299089543468153 1
308423937532753 0
317758331597353 0
327092725661953 1
336427119726553 0
345761513791153 0
355095907855753 0
364430301920353 1
373764695984953 1
383099090049553 1
392433484114153 1
401767878178753 0
411102272243353 0
420436666307953 0
429771060372553 0
439105454437153 1
448439848501753 1
457774242566353 1
467108636630953 0
476443030695553 1
485777424760153 1
495111818824753 1
504446212889353 0
513780606953953 0
523115001018553 0
532449395083153 1
388933404853 1
9723327469453 1
19057721534053 1
28392115598653 1
37726509663253 1
47060903727853 1
56395297792453 1
65729691857053 1
75064085921653 0
84398479986253 1
93732874050853 0
103067268115453 1
112401662180053 1
121736056244653 1
131070450309253 0
140404844373853 1
149739238438453 0
159073632503053 0
168408026567653 1
177742420632253 0
187076814696853 0
196411208761453 1
205745602826053 1
215079996890653 1
224414390955253 1
233748785019853 0
243083179084453 1
252417573149053 0
261751967213653 0
271086361278253 0
280420755342853 0
289755149407453 0
299089543472053 1
308423937536653 1
317758331601253 0
327092725665853 1
336427119730453 0
345761513795053 0
355095907859653 0
364430301924253 1
373764695988853 1
383099090053453 0
392433484118053 1
401767878182653 0
411102272247253 0
420436666311853 0
429771060376453 0
439105454441053 1
448439848505653 0
457774242570253 0
467108636634853 0
476443030699453 1
485777424764053 0
495111818828653 0
504446212893253 1
513780606957853 0
523115001022453 0
532449395087053 1
388933408777 1
9723327473377 1
19057721537977 1
28392115602577 1
37726509667177 0
47060903731777 1
56395297796377 1
65729691860977 1
75064085925577 0
84398479990177 1
93732874054777 0
103067268119377 0
112401662183977 1
121736056248577 1
131070450313177 0
140404844377777 1
149739238442377 1
159073632506977 1
168408026571577 1
177742420636177 0
187076814700777 0
196411208765377 1
205745602829977 1
215079996894577 0
224414390959177 0
233748785023777 0
243083179088377 1
252417573152977 0
261751967217577 1
271086361282177 0
280420755346777 0
289755149411377 1
299089543475977 0
308423937540577 0
317758331605177 1
327092725669777 1
336427119734377 1
345761513798977 1
355095907863577 0
364430301928177 1
373764695992777 1
383099090057377 0
392433484121977 1
401767878186577 1
411102272251177 1
420436666315777 0
429771060380377 1
439105454444977 1
448439848509577 1
457774242574177 0
467108636638777 0
476443030703377 1
485777424767977 0
495111818832577 0
504446212897177 0
513780606961777 0
523115001026377 1
532449395090977 1
388933416697 1
9723327481297 1
19057721545897 1
28392115610497 0
37726509675097 0
47060903739697 1
56395297804297 0
65729691868897 1
75064085933497 0
84398479998097 1
93732874062697 1
103067268127297 0
112401662191897 1
121736056256497 0
131070450321097 0
140404844385697 1
149739238450297 1
159073632514897 1
168408026579497 1
177742420644097 0
187076814708697 0
196411208773297 0
205745602837897 1
215079996902497 1
224414390967097 0
233748785031697 1
243083179096297 1
252417573160897 0
261751967225497 0
271086361290097 1
280420755354697 1
289755149419297 0
299089543483897 0
308423937548497 0
317758331613097 0
327092725677697 1
336427119742297 1
345761513806897 0
355095907871497 0
364430301936097 0
373764696000697 1
383099090065297 0
392433484129897 1
401767878194497 0
411102272259097 0
420436666323697 0
429771060388297 0
439105454452897 1
448439848517497 1
457774242582097 1
467108636646697 0
476443030711297 1
485777424775897 0
495111818840497 1
504446212905097 0
513780606969697 0
523115001034297 0
532449395098897 1
388933420693 1
9723327485293 1
19057721549893 1
28392115614493 0
37726509679093 0
47060903743693 1
56395297808293 1
65729691872893 1
75064085937493 1
84398480002093 0
93732874066693 0
103067268131293 1
112401662195893 1
121736056260493 0
131070450325093 1
140404844389693 1
149739238454293 0
159073632518893 1
168408026583493 1
177742420648093 1
187076814712693 0
196411208777293 0
205745602841893 1
215079996906493 1
224414390971093 1
233748785035693 0
243083179100293 1
252417573164893 1
261751967229493 0
271086361294093 0
280420755358693 1
289755149423293 0
299089543487893 0
308423937552493 1
317758331617093 0
327092725681693 1
336427119746293 1
345761513810893 1
355095907875493 1
364430301940093 0
373764696004693 1
383099090069293 0
392433484133893 0
401767878198493 1
411102272263093 1
420436666327693 1
429771060392293 1
439105454456893 1
448439848521493 0
457774242586093 1
467108636650693 1
476443030715293 1
485777424779893 0
495111818844493 0
504446212909093 0
513780606973693 0
523115001038293 0
532449395102893 1
388933424713 1
9723327489313 1
19057721553913 1
28392115618513 1
37726509683113 1
47060903747713 1
56395297812313 0
65729691876913 1
75064085941513 0
84398480006113 0
93732874070713 1
103067268135313 1
112401662199913 1
121736056264513 1
131070450329113 1
140404844393713 1
149739238458313 1
159073632522913 1
168408026587513 1
177742420652113 1
187076814716713 0
196411208781313 1
205745602845913 1
215079996910513 0
224414390975113 1
233748785039713 1
243083179104313 1
252417573168913 1
261751967233513 0
271086361298113 1
280420755362713 0
289755149427313 0
299089543491913 0
308423937556513 0
317758331621113 0
327092725685713 1
336427119750313 0
345761513814913 1
355095907879513 0
364430301944113 1
373764696008713 1
383099090073313 1
392433484137913 0
401767878202513 0
411102272267113 0
420436666331713 0
429771060396313 0
439105454460913 0
448439848525513 1
457774242590113 1
467108636654713 0
476443030719313 1
485777424783913 0
495111818848513 0
504446212913113 1
513780606977713 0
523115001042313 1
532449395106913 1
388933428757 1
9723327493357 1
19057721557957 1
28392115622557 0
37726509687157 1
47060903751757 1
56395297816357 1
65729691880957 1
75064085945557 1
84398480010157 0
93732874074757 0
103067268139357 0
112401662203957 1
121736056268557 0
131070450333157 1
140404844397757 1
149739238462357 0
159073632526957 0
168408026591557 1
177742420656157 1
187076814720757 0
196411208785357 1
205745602849957 1
215079996914557 0
224414390979157 1
233748785043757 0
243083179108357 1
252417573172957 0
261751967237557 0
271086361302157 1
280420755366757 0
289755149431357 0
299089543495957 1
308423937560557 1
317758331625157 1
327092725689757 1
336427119754357 0
345761513818957 0
355095907883557 0
364430301948157 0
373764696012757 1
383099090077357 0
392433484141957 0
401767878206557 1
411102272271157 0
420436666335757 1
429771060400357 0
439105454464957 0
448439848529557 1
457774242594157 0
467108636658757 1
476443030723357 1
485777424787957 0
495111818852557 0
504446212917157 1
513780606981757 1
523115001046357 1
532449395110957 1
388933436917 1
9723327501517 1
19057721566117 1
28392115630717 0
37726509695317 1
47060903759917 1
56395297824517 1
65729691889117 1
75064085953717 1
84398480018317 0
93732874082917 0
103067268147517 0
112401662212117 1
121736056276717 0
131070450341317 0
140404844405917 1
149739238470517 1
159073632535117 0
168408026599717 0
177742420664317 1
187076814728917 0
196411208793517 1
205745602858117 1
215079996922717 0
224414390987317 1
233748785051917 0
243083179116517 1
252417573181117 0
261751967245717 1
271086361310317 1
280420755374917 0
289755149439517 1
299089543504117 0
308423937568717 0
317758331633317 0
327092725697917 1
336427119762517 0
345761513827117 1
355095907891717 0
364430301956317 0
373764696020917 1
383099090085517 1
392433484150117 1
401767878214717 0
411102272279317 1
420436666343917 1
429771060408517 0
439105454473117 0
448439848537717 1
457774242602317 1
467108636666917 0
476443030731517 1
485777424796117 0
495111818860717 1
504446212925317 1
513780606989917 0
523115001054517 0
532449395119117 1
388933441033 1
9723327505633 1
19057721570233 1
28392115634833 1
37726509699433 0
47060903764033 1
56395297828633 0
65729691893233 1
75064085957833 0
84398480022433 1
93732874087033 1
103067268151633 1
112401662216233 1
121736056280833 0
131070450345433 0
140404844410033 1
149739238474633 1
159073632539233 1
168408026603833 1
177742420668433 0
187076814733033 0
196411208797633 1
205745602862233 1
215079996926833 1
224414390991433 1
233748785056033 0
243083179120633 1
252417573185233 0
261751967249833 0
271086361314433 1
280420755379033 0
289755149443633 1
299089543508233 1
308423937572833 1
317758331637433 0
327092725702033 1
336427119766633 0
345761513831233 1
355095907895833 1
364430301960433 1
373764696025033 1
383099090089633 1
392433484154233 0
401767878218833 1
411102272283433 0
420436666348033 1
429771060412633 0
439105454477233 0
448439848541833 1
457774242606433 1
467108636671033 0
476443030735633 1
485777424800233 1
495111818864833 0
504446212929433 0
513780606994033 1
523115001058633 0
532449395123233 1
388933445173 1
9723327509773 1
19057721574373 1
28392115638973 1
37726509703573 1
47060903768173 1
56395297832773 0
65729691897373 1
75064085961973 0
84398480026573 0
93732874091173 1
103067268155773 0
112401662220373 1
121736056284973 1
131070450349573 1
140404844414173 1
149739238478773 1
159073632543373 0
168408026607973 1
177742420672573 1
187076814737173 1
196411208801773 0
205745602866373 1
215079996930973 0
224414390995573 1
233748785060173 1
243083179124773 1
252417573189373 1
261751967253973 0
271086361318573 0
280420755383173 1
289755149447773 1
299089543512373 0
308423937576973 0
317758331641573 1
327092725706173 1
336427119770773 0
345761513835373 0
355095907899973 1
364430301964573 0
373764696029173 1
383099090093773 0
392433484158373 0
401767878222973 1
411102272287573 0
420436666352173 1
429771060416773 1
439105454481373 1
448439848545973 0
457774242610573 1
467108636675173 0
476443030739773 1
485777424804373 1
495111818868973 0
504446212933573 0
513780606998173 0
523115001062773 0
532449395127373 1
388933461973 1
9723327526573 1
19057721591173 1
28392115655773 0
37726509720373 1
47060903784973 1
56395297849573 1
65729691914173 1
75064085978773 0
84398480043373 0
93732874107973 1
103067268172573 0
112401662237173 1
121736056301773 1
131070450366373 1
140404844430973 1
149739238495573 1
159073632560173 1
168408026624773 0
177742420689373 0
187076814753973 0
196411208818573 1
205745602883173 1
215079996947773 0
224414391012373 0
233748785076973 1
243083179141573 1
252417573206173 0
261751967270773 1
271086361335373 0
280420755399973 0
289755149464573 0
299089543529173 0
308423937593773 0
317758331658373 1
327092725722973 1
336427119787573 1
345761513852173 1
355095907916773 0
364430301981373 1
373764696045973 1
383099090110573 0
392433484175173 1
401767878239773 0
411102272304373 1
420436666368973 1
429771060433573 1
439105454498173 0
448439848562773 0
457774242627373 0
467108636691973 0
476443030756573 1
485777424821173 1
495111818885773 1
504446212950373 1
513780607014973 0
523115001079573 1
532449395144173 1
388933466233 1
9723327530833 1
19057721595433 1
28392115660033 0
37726509724633 1
47060903789233 1
56395297853833 0
65729691918433 1
75064085983033 1
84398480047633 0
93732874112233 0
103067268176833 1
112401662241433 1
121736056306033 1
131070450370633 1
140404844435233 1
149739238499833 1
159073632564433 0
168408026629033 0
177742420693633 0
187076814758233 0
196411208822833 0
205745602887433 1
215079996952033 0
224414391016633 0
233748785081233 1
243083179145833 1
252417573210433 1
261751967275033 1
271086361339633 1
280420755404233 0
289755149468833 0
299089543533433 1
308423937598033 0
317758331662633 1
327092725727233 1
336427119791833 1
345761513856433 1
355095907921033 0
364430301985633 0
373764696050233 1
383099090114833 0
392433484179433 1
401767878244033 1
411102272308633 0
420436666373233 0
429771060437833 1
439105454502433 1
448439848567033 1
457774242631633 0
467108636696233 0
476443030760833 1
485777424825433 1
495111818890033 0
504446212954633 1
513780607019233 0
523115001083833 0
532449395148433 1
388933470517 1
9723327535117 1
19057721599717 1
28392115664317 0
37726509728917 0
47060903793517 1
56395297858117 0
65729691922717 1
75064085987317 0
84398480051917 1
93732874116517 1
103067268181117 1
112401662245717 1
121736056310317 0
131070450374917 0
140404844439517 1
149739238504117 0
159073632568717 0
168408026633317 1
177742420697917 0
187076814762517 1
196411208827117 1
205745602891717 1
215079996956317 1
224414391020917 0
233748785085517 1
243083179150117 1
252417573214717 1
261751967279317 0
271086361343917 0
280420755408517 0
289755149473117 0
299089543537717 0
308423937602317 0
317758331666917 1
327092725731517 1
336427119796117 0
345761513860717 1
355095907925317 1
364430301989917 0
373764696054517 1
383099090119117 1
392433484183717 1
401767878248317 1
411102272312917 0
420436666377517 0
429771060442117 1
439105454506717 1
448439848571317 1
457774242635917 1
467108636700517 1
476443030765117 1
485777424829717 1
495111818894317 1
504446212958917 0
513780607023517 0
523115001088117 0
532449395152717 1
388933479157 1
9723327543757 1
19057721608357 1
28392115672957 0
37726509737557 1
47060903802157 1
56395297866757 1
65729691931357 1
75064085995957 1
84398480060557 1
93732874125157 0
103067268189757 1
112401662254357 1
121736056318957 1
131070450383557 1
140404844448157 1
149739238512757 0
159073632577357 0
168408026641957 1
177742420706557 0
187076814771157 0
196411208835757 0
205745602900357 1
215079996964957 0
224414391029557 1
233748785094157 0
243083179158757 1
252417573223357 1
261751967287957 1
271086361352557 0
280420755417157 0
289755149481757 1
299089543546357 1
308423937610957 0
317758331675557 0
327092725740157 1
336427119804757 1
345761513869357 1
355095907933957 1
364430301998557 1
373764696063157 1
383099090127757 0
392433484192357 0
401767878256957 1
411102272321557 0
420436666386157 0
429771060450757 0
439105454515357 1
448439848579957 0
457774242644557 1
467108636709157 1
476443030773757 1
485777424838357 0
495111818902957 0
504446212967557 0
513780607032157 1
523115001096757 1
532449395161357 1
388933483513 1
9723327548113 1
19057721612713 1
28392115677313 1
37726509741913 0
47060903806513 1
56395297871113 0
65729691935713 1
75064086000313 1
84398480064913 1
93732874129513 1
103067268194113 0
112401662258713 1
121736056323313 0
131070450387913 1
140404844452513 1
149739238517113 1
159073632581713 0
168408026646313 1
177742420710913 0
187076814775513 0
196411208840113 0
205745602904713 1
215079996969313 1
224414391033913 0
233748785098513 0
243083179163113 1
252417573227713 0
261751967292313 1
271086361356913 0
280420755421513 1
289755149486113 0
299089543550713 0
308423937615313 0
317758331679913 1
327092725744513 1
336427119809113 1
345761513873713 0
355095907938313 0
364430302002913 1
373764696067513 1
383099090132113 0
392433484196713 1
401767878261313 0
411102272325913 0
420436666390513 0
429771060455113 0
439105454519713 0
448439848584313 0
457774242648913 0
467108636713513 1
476443030778113 1
485777424842713 1
495111818907313 0
504446212971913 0
513780607036513 1
523115001101113 0
532449395165713 1
388933487893 1
9723327552493 1
19057721617093 1
28392115681693 0
37726509746293 0
47060903810893 1
56395297875493 0
65729691940093 1
75064086004693 1
84398480069293 0
93732874133893 1
103067268198493 1
112401662263093 1
121736056327693 0
131070450392293 1
140404844456893 1
149739238521493 1
159073632586093 1
168408026650693 0
177742420715293 0
187076814779893 0
196411208844493 1
205745602909093 1
215079996973693 0
224414391038293 0
233748785102893 1
243083179167493 1
252417573232093 1
261751967296693 1
271086361361293 1
280420755425893 1
289755149490493 0
299089543555093 1
308423937619693 1
317758331684293 0
327092725748893 1
336427119813493 0
345761513878093 1
355095907942693 1
364430302007293 0
373764696071893 1
383099090136493 0
392433484201093 1
401767878265693 0
411102272330293 1
420436666394893 1
429771060459493 0
439105454524093 1
448439848588693 0
457774242653293 1
467108636717893 0
476443030782493 1
485777424847093 0
495111818911693 1
504446212976293 1
513780607040893 0
523115001105493 0
532449395170093 1
388933501177 1
9723327565777 1
19057721630377 1
28392115694977 0
37726509759577 0
47060903824177 1
56395297888777 1
65729691953377 1
75064086017977 0
84398480082577 1
93732874147177 1
103067268211777 0
112401662276377 1
121736056340977 1
131070450405577 0
140404844470177 1
149739238534777 1
159073632599377 1
168408026663977 1
177742420728577 0
187076814793177 0
196411208857777 0
205745602922377 1
215079996986977 1
224414391051577 0
233748785116177 0
243083179180777 1
252417573245377 0
261751967309977 0
271086361374577 0
280420755439177 1
289755149503777 0
299089543568377 1
308423937632977 0
317758331697577 0
327092725762177 1
336427119826777 1
345761513891377 0
355095907955977 0
364430302020577 1
373764696085177 1
383099090149777 0
392433484214377 1
401767878278977 1
411102272343577 1
420436666408177 1
429771060472777 1
439105454537377 1
448439848601977 0
457774242666577 1
467108636731177 0
476443030795777 1
485777424860377 1
495111818924977 0
504446212989577 0
513780607054177 1
523115001118777 1
532449395183377 1
388933510153 1
9723327574753 1
19057721639353 1
28392115703953 0
37726509768553 0
47060903833153 1
56395297897753 1
65729691962353 1
75064086026953 1
84398480091553 0
93732874156153 0
103067268220753 0
112401662285353 1
121736056349953 1
131070450414553 0
140404844479153 1
149739238543753 1
159073632608353 0
168408026672953 1
177742420737553 1
187076814802153 1
196411208866753 0
205745602931353 1
215079996995953 0
224414391060553 1
233748785125153 1
243083179189753 1
252417573254353 1
261751967318953 1
271086361383553 1
280420755448153 0
289755149512753 0
299089543577353 1
308423937641953 0
317758331706553 1
327092725771153 1
336427119835753 0
345761513900353 0
355095907964953 1
364430302029553 0
373764696094153 1
383099090158753 0
392433484223353 1
401767878287953 1
411102272352553 0
420436666417153 0
429771060481753 1
439105454546353 1
448439848610953 0
457774242675553 0
467108636740153 0
476443030804753 1
485777424869353 1
495111818933953 1
504446212998553 0
513780607063153 1
523115001127753 0
532449395192353 1
388933514677 1
9723327579277 1
19057721643877 1
28392115708477 1
37726509773077 1
47060903837677 1
56395297902277 0
65729691966877 1
75064086031477 0
84398480096077 0
93732874160677 0
103067268225277 1
112401662289877 1
121736056354477 0
131070450419077 1
140404844483677 1
149739238548277 1
159073632612877 1
168408026677477 1
177742420742077 1
187076814806677 0
196411208871277 0
205745602935877 1
215079997000477 0
224414391065077 0
233748785129677 0
243083179194277 1
252417573258877 0
261751967323477 0
271086361388077 1
280420755452677 0
289755149517277 0
299089543581877 0
308423937646477 0
317758331711077 0
327092725775677 1
336427119840277 0
345761513904877 1
355095907969477 0
364430302034077 0
373764696098677 1
383099090163277 1
392433484227877 0
401767878292477 1
411102272357077 1
420436666421677 1
429771060486277 0
439105454550877 1
448439848615477 1
457774242680077 1
467108636744677 1
476443030809277 1
485777424873877 1
495111818938477 0
504446213003077 1
513780607067677 0
523115001132277 1
532449395196877 1
388933523797 1
9723327588397 1
19057721652997 1
28392115717597 1
37726509782197 0
47060903846797 1
56395297911397 1
65729691975997 1
75064086040597 0
84398480105197 1
93732874169797 1
103067268234397 0
112401662298997 1
121736056363597 1
131070450428197 1
140404844492797 1
149739238557397 1
159073632621997 1
168408026686597 0
177742420751197 0
187076814815797 1
196411208880397 0
205745602944997 1
215079997009597 1
224414391074197 0
233748785138797 0
243083179203397 1
252417573267997 1
261751967332597 0
271086361397197 0
280420755461797 1
289755149526397 1
299089543590997 1
308423937655597 0
317758331720197 0
327092725784797 1
336427119849397 1
345761513913997 1
355095907978597 0
364430302043197 0
373764696107797 1
383099090172397 0
392433484236997 0
401767878301597 1
411102272366197 0
420436666430797 1
429771060495397 0
439105454559997 1
448439848624597 0
457774242689197 0
467108636753797 0
476443030818397 1
485777424882997 0
495111818947597 0
504446213012197 0
513780607076797 1
523115001141397 1
532449395205997 1
388933528393 1
9723327592993 1
19057721657593 1
28392115722193 0
37726509786793 0
47060903851393 1
56395297915993 1
65729691980593 1
75064086045193 0
84398480109793 0
93732874174393 1
103067268238993 0
112401662303593 1
121736056368193 0
131070450432793 0
140404844497393 1
149739238561993 1
159073632626593 1
168408026691193 1
177742420755793 0
187076814820393 1
196411208884993 1
205745602949593 1
215079997014193 1
224414391078793 1
233748785143393 0
243083179207993 1
252417573272593 0
261751967337193 1
271086361401793 0
280420755466393 0
289755149530993 0
299089543595593 0
308423937660193 1
317758331724793 0
327092725789393 1
336427119853993 1
345761513918593 0
355095907983193 1
364430302047793 0
373764696112393 1
383099090176993 1
392433484241593 0
401767878306193 0
411102272370793 1
420436666435393 0
429771060499993 0
439105454564593 0
448439848629193 0
457774242693793 0
467108636758393 0
476443030822993 1
485777424887593 1
495111818952193 1
504446213016793 0
513780607081393 1
523115001145993 0
532449395210593 1
388933533013 1
9723327597613 1
19057721662213 1
28392115726813 1
37726509791413 1
47060903856013 1
56395297920613 0
65729691985213 1
75064086049813 1
84398480114413 0
93732874179013 0
103067268243613 0
112401662308213 1
121736056372813 1
131070450437413 1
140404844502013 1
149739238566613 1
159073632631213 1
168408026695813 0
177742420760413 0
187076814825013 1
196411208889613 0
205745602954213 1
215079997018813 0
224414391083413 1
233748785148013 1
243083179212613 1
252417573277213 0
261751967341813 1
271086361406413 0
280420755471013 0
289755149535613 0
299089543600213 0
308423937664813 0
317758331729413 1
327092725794013 1
336427119858613 0
345761513923213 0
355095907987813 1
364430302052413 1
373764696117013 1
383099090181613 0
392433484246213 0
401767878310813 0
411102272375413 0
420436666440013 0
429771060504613 1
439105454569213 1
448439848633813 1
457774242698413 1
467108636763013 0
476443030827613 1
485777424892213 0
495111818956813 1
504446213021413 1
513780607086013 1
523115001150613 1
532449395215213 1
388933537657 1
9723327602257 1
19057721666857 1
28392115731457 1
37726509796057 0
47060903860657 1
56395297925257 1
65729691989857 1
75064086054457 1
84398480119057 1
93732874183657 0
103067268248257 0
112401662312857 1
121736056377457 0
131070450442057 1
140404844506657 1
149739238571257 0
159073632635857 0
168408026700457 1
177742420765057 1
187076814829657 0
196411208894257 1
205745602958857 1
215079997023457 0
224414391088057 0
233748785152657 1
243083179217257 1
252417573281857 0
261751967346457 1
271086361411057 1
280420755475657 0
289755149540257 0
299089543604857 0
308423937669457 0
317758331734057 0
327092725798657 1
336427119863257 0
345761513927857 0
355095907992457 1
364430302057057 0
373764696121657 1
383099090186257 1
392433484250857 1
401767878315457 1
411102272380057 0
420436666444657 1
429771060509257 0
439105454573857 0
448439848638457 1
457774242703057 1
467108636767657 1
476443030832257 1
485777424896857 1
495111818961457 1
504446213026057 0
513780607090657 0
523115001155257 1
532449395219857 1
388933547017 1
9723327611617 1
19057721676217 1
28392115740817 0
37726509805417 1
47060903870017 1
56395297934617 0
65729691999217 1
75064086063817 1
84398480128417 0
93732874193017 1
103067268257617 0
112401662322217 1
121736056386817 1
131070450451417 1
140404844516017 1
149739238580617 1
159073632645217 1
168408026709817 0
177742420774417 1
187076814839017 1
196411208903617 1
205745602968217 1
215079997032817 0
224414391097417 0
233748785162017 1
243083179226617 1
252417573291217 0
261751967355817 1
271086361420417 1
280420755485017 0
289755149549617 0
299089543614217 1
308423937678817 0
317758331743417 0
327092725808017 1
336427119872617 1
345761513937217 0
355095908001817 0
364430302066417 1
373764696131017 1
383099090195617 0
392433484260217 0
401767878324817 0
411102272389417 0
420436666454017 0
429771060518617 1
439105454583217 0
448439848647817 0
457774242712417 1
467108636777017 1
476443030841617 1
485777424906217 0
495111818970817 0
504446213035417 0
513780607100017 0
523115001164617 0
532449395229217 1
388933551733 1
9723327616333 1
19057721680933 1
28392115745533 1
37726509810133 0
47060903874733 1
56395297939333 0
65729692003933 1
75064086068533 1
84398480133133 1
93732874197733 1
103067268262333 0
112401662326933 1
121736056391533 0
131070450456133 1
140404844520733 1
149739238585333 1
159073632649933 1
168408026714533 1
177742420779133 0
187076814843733 0
196411208908333 1
205745602972933 1
215079997037533 0
224414391102133 0
233748785166733 0
243083179231333 1
252417573295933 0
261751967360533 0
271086361425133 0
280420755489733 0
289755149554333 0
299089543618933 1
308423937683533 1
317758331748133 0
327092725812733 1
336427119877333 1
345761513941933 0
355095908006533 0
364430302071133 0
373764696135733 1
383099090200333 0
392433484264933 1
401767878329533 0
411102272394133 1
420436666458733 1
429771060523333 0
439105454587933 1
448439848652533 0
457774242717133 1
467108636781733 1
476443030846333 1
485777424910933 0
495111818975533 1
504446213040133 0
513780607104733 1
523115001169333 0
532449395233933 1
388933561237 1
9723327625837 1
19057721690437 1
28392115755037 0
37726509819637 0
47060903884237 1
56395297948837 0
65729692013437 1
75064086078037 0
84398480142637 1
93732874207237 0
103067268271837 0
112401662336437 1
121736056401037 1
131070450465637 1
140404844530237 1
149739238594837 1
159073632659437 0
168408026724037 0
177742420788637 1
187076814853237 1
196411208917837 0
205745602982437 1
215079997047037 0
224414391111637 0
233748785176237 0
243083179240837 1
252417573305437 1
261751967370037 0
271086361434637 1
280420755499237 0
289755149563837 1
299089543628437 0
308423937693037 0
317758331757637 0
327092725822237 1
336427119886837 0
345761513951437 1
355095908016037 1
364430302080637 0
373764696145237 1
383099090209837 0
392433484274437 1
401767878339037 1
411102272403637 0
420436666468237 0
429771060532837 1
439105454597437 1
448439848662037 1
457774242726637 0
467108636791237 0
476443030855837 1
485777424920437 0
495111818985037 1
504446213049637 0
513780607114237 1
523115001178837 0
532449395243437 1
388933570837 1
9723327635437 1
19057721700037 1
28392115764637 0
37726509829237 0
47060903893837 1
56395297958437 0
65729692023037 1
75064086087637 1
84398480152237 1
93732874216837 1
103067268281437 0
112401662346037 1
121736056410637 0
131070450475237 0
140404844539837 1
149739238604437 0
159073632669037 0
168408026733637 0
177742420798237 0
187076814862837 0
196411208927437 0
205745602992037 1
215079997056637 0
224414391121237 1
233748785185837 0
243083179250437 1
252417573315037 1
261751967379637 1
271086361444237 1
280420755508837 1
289755149573437 1
299089543638037 1
308423937702637 1
317758331767237 0
327092725831837 1
336427119896437 1
345761513961037 0
355095908025637 0
364430302090237 0
373764696154837 1
383099090219437 0
392433484284037 0
401767878348637 1
411102272413237 1
420436666477837 0
429771060542437 1
439105454607037 0
448439848671637 1
457774242736237 0
467108636800837 1
476443030865437 1
485777424930037 0
495111818994637 0
504446213059237 1
513780607123837 0
523115001188437 0
532449395253037 1
388933575673 1
9723327640273 1
19057721704873 1
28392115769473 0
37726509834073 1
47060903898673 1
56395297963273 1
65729692027873 1
75064086092473 0
84398480157073 1
93732874221673 0
103067268286273 0
112401662350873 1
121736056415473 0
131070450480073 1
140404844544673 1
149739238609273 0
159073632673873 0
168408026738473 0
177742420803073 1
187076814867673 0
196411208932273 0
205745602996873 1
215079997061473 1
224414391126073 1
233748785190673 1
243083179255273 1
252417573319873 1
261751967384473 1
271086361449073 0
280420755513673 0
289755149578273 0
299089543642873 0
308423937707473 1
317758331772073 0
327092725836673 1
336427119901273 1
345761513965873 0
355095908030473 0
364430302095073 0
373764696159673 1
383099090224273 1
392433484288873 0
401767878353473 0
411102272418073 0
420436666482673 0
429771060547273 0
439105454611873 1
448439848676473 1
457774242741073 0
467108636805673 1
476443030870273 1
485777424934873 0
495111818999473 1
504446213064073 0
513780607128673 0
523115001193273 1
532449395257873 1
388933595257 1
9723327659857 1
19057721724457 1
28392115789057 1
37726509853657 1
47060903918257 1
56395297982857 1
65729692047457 1
75064086112057 1
84398480176657 0
93732874241257 1
103067268305857 1
112401662370457 1
121736056435057 0
131070450499657 0
140404844564257 1
149739238628857 1
159073632693457 1
168408026758057 0
177742420822657 0
187076814887257 0
196411208951857 0
205745603016457 1
215079997081057 1
224414391145657 0
233748785210257 0
243083179274857 1
252417573339457 1
261751967404057 0
271086361468657 1
280420755533257 0
289755149597857 1
299089543662457 1
308423937727057 1
317758331791657 0
327092725856257 1
336427119920857 1
345761513985457 0
355095908050057 1
364430302114657 1
373764696179257 1
383099090243857 0
392433484308457 0
401767878373057 1
411102272437657 1
420436666502257 0
429771060566857 1
439105454631457 0
448439848696057 1
457774242760657 0
467108636825257 0
476443030889857 1
485777424954457 1
495111819019057 1
504446213083657 0
513780607148257 1
523115001212857 1
532449395277457 1
388933605193 1
9723327669793 1
19057721734393 1
28392115798993 0
37726509863593 1
47060903928193 1
56395297992793 1
65729692057393 1
75064086121993 1
84398480186593 0
93732874251193 0
103067268315793 0
112401662380393 1
121736056444993 0
131070450509593 0
140404844574193 1
149739238638793 0
159073632703393 1
168408026767993 1
177742420832593 1
187076814897193 1
196411208961793 1
205745603026393 1
215079997090993 0
224414391155593 0
233748785220193 1
243083179284793 1
252417573349393 1
261751967413993 0
271086361478593 1
280420755543193 0
289755149607793 0
299089543672393 1
308423937736993 0
317758331801593 0
327092725866193 1
336427119930793 1
345761513995393 0
355095908059993 1
364430302124593 1
373764696189193 1
383099090253793 1
392433484318393 0
401767878382993 0
411102272447593 0
420436666512193 0
429771060576793 0
439105454641393 1
448439848705993 0
457774242770593 0
467108636835193 1
476443030899793 1
485777424964393 0
495111819028993 0
504446213093593 0
513780607158193 0
523115001222793 0
532449395287393 1
388933620277 1
9723327684877 1
19057721749477 1
28392115814077 0
37726509878677 1
47060903943277 1
56395298007877 1
65729692072477 1
75064086137077 0
84398480201677 0
93732874266277 0
103067268330877 0
112401662395477 1
121736056460077 0
131070450524677 0
140404844589277 1
149739238653877 1
159073632718477 1
168408026783077 1
177742420847677 1
187076814912277 0
196411208976877 0
205745603041477 1
215079997106077 1
224414391170677 0
233748785235277 0
243083179299877 1
252417573364477 0
261751967429077 1
271086361493677 1
280420755558277 1
289755149622877 0
299089543687477 0
308423937752077 0
317758331816677 1
327092725881277 1
336427119945877 1
345761514010477 1
355095908075077 1
364430302139677 1
373764696204277 1
383099090268877 1
392433484333477 0
401767878398077 0
411102272462677 0
420436666527277 1
429771060591877 0
439105454656477 0
448439848721077 0
457774242785677 0
467108636850277 0
476443030914877 1
485777424979477 1
495111819044077 0
504446213108677 0
513780607173277 1
523115001237877 0
532449395302477 1
388933625353 1
9723327689953 1
19057721754553 1
28392115819153 1
37726509883753 1
47060903948353 1
56395298012953 0
65729692077553 1
75064086142153 1
84398480206753 0
93732874271353 1
103067268335953 0
112401662400553 1
121736056465153 1
131070450529753 1
140404844594353 1
149739238658953 0
159073632723553 1
168408026788153 0
177742420852753 1
187076814917353 0
196411208981953 0
205745603046553 1
215079997111153 0
224414391175753 0
233748785240353 0
243083179304953 1
252417573369553 1
261751967434153 0
271086361498753 0
280420755563353 0
289755149627953 1
299089543692553 0
308423937757153 0
317758331821753 1
327092725886353 1
336427119950953 0
345761514015553 0
355095908080153 0
364430302144753 0
373764696209353 1
383099090273953 1
392433484338553 1
401767878403153 0
411102272467753 1
420436666532353 0
429771060596953 0
439105454661553 0
448439848726153 0
457774242790753 0
467108636855353 1
476443030919953 1
485777424984553 0
495111819049153 0
504446213113753 1
513780607178353 1
523115001242953 1
532449395307553 1
388933630453 1
9723327695053 1
19057721759653 1
28392115824253 1
37726509888853 0
47060903953453 1
56395298018053 1
65729692082653 1
75064086147253 0
84398480211853 0
93732874276453 1
103067268341053 1
112401662405653 1
121736056470253 1
131070450534853 0
140404844599453 1
149739238664053 1
159073632728653 1
168408026793253 1
177742420857853 0
187076814922453 1
196411208987053 1
205745603051653 1
215079997116253 0
224414391180853 0
233748785245453 0
243083179310053 1
252417573374653 1
261751967439253 1
271086361503853 0
280420755568453 0
289755149633053 0
299089543697653 1
308423937762253 1
317758331826853 0
327092725891453 1
336427119956053 0
345761514020653 1
355095908085253 0
364430302149853 1
373764696214453 1
383099090279053 0
392433484343653 0
401767878408253 0
411102272472853 1
420436666537453 1
429771060602053 0
439105454666653 0
448439848731253 1
457774242795853 1
467108636860453 0
476443030925053 1
485777424989653 0
495111819054253 0
504446213118853 1
513780607183453 0
523115001248053 1
532449395312653 1
388933635577 1
9723327700177 1
19057721764777 1
28392115829377 0
37726509893977 0
47060903958577 1
56395298023177 0
65729692087777 1
75064086152377 0
84398480216977 1
93732874281577 1
103067268346177 1
112401662410777 1
121736056475377 1
131070450539977 1
140404844604577 1
149739238669177 0
159073632733777 1
168408026798377 1
177742420862977 0
187076814927577 0
196411208992177 0
205745603056777 1
215079997121377 1
224414391185977 1
233748785250577 0
243083179315177 1
252417573379777 1
261751967444377 1
271086361508977 0
280420755573577 1
289755149638177 0
299089543702777 1
308423937767377 0
317758331831977 0
327092725896577 1
336427119961177 1
345761514025777 0
355095908090377 1
364430302154977 1
373764696219577 1
383099090284177 1
392433484348777 1
401767878413377 1
411102272477977 0
420436666542577 0
429771060607177 0
439105454671777 1
448439848736377 0
457774242800977 0
467108636865577 1
476443030930177 1
485777424994777 0
495111819059377 1
504446213123977 0
513780607188577 1
523115001253177 0
532449395317777 1
388933645897 1
9723327710497 1
19057721775097 1
28392115839697 1
37726509904297 0
47060903968897 1
56395298033497 1
65729692098097 1
75064086162697 1
84398480227297 0
93732874291897 0
103067268356497 0
112401662421097 1
121736056485697 0
131070450550297 0
140404844614897 1
149739238679497 1
159073632744097 1
168408026808697 1
177742420873297 1
187076814937897 1
196411209002497 0
205745603067097 1
215079997131697 0
224414391196297 1
233748785260897 0
243083179325497 1
252417573390097 0
261751967454697 0
271086361519297 1
280420755583897 0
289755149648497 0
299089543713097 1
308423937777697 1
317758331842297 0
327092725906897 1
336427119971497 1
345761514036097 0
355095908100697 1
364430302165297 1
373764696229897 1
383099090294497 0
392433484359097 0
401767878423697 0
411102272488297 1
420436666552897 1
429771060617497 1
439105454682097 1
448439848746697 0
457774242811297 1
467108636875897 1
476443030940497 1
485777425005097 0
495111819069697 1
504446213134297 1
513780607198897 0
523115001263497 1
532449395328097 1
388933651093 1
9723327715693 1
19057721780293 1
28392115844893 1
37726509909493 1
47060903974093 1
56395298038693 0
65729692103293 1
75064086167893 1
84398480232493 0
93732874297093 1
103067268361693 0
112401662426293 1
121736056490893 1
131070450555493 0
140404844620093 1
149739238684693 1
159073632749293 1
168408026813893 1
177742420878493 1
187076814943093 0
196411209007693 0
205745603072293 1
215079997136893 1
224414391201493 1
233748785266093 0
243083179330693 1
252417573395293 0
261751967459893 0
271086361524493 1
280420755589093 0
289755149653693 1
299089543718293 0
308423937782893 0
317758331847493 1
327092725912093 1
336427119976693 0
345761514041293 1
355095908105893 0
364430302170493 0
373764696235093 1
383099090299693 0
392433484364293 0
401767878428893 0
411102272493493 1
420436666558093 0
429771060622693 0
439105454687293 0
448439848751893 1
457774242816493 0
467108636881093 1
476443030945693 1
485777425010293 1
495111819074893 0
504446213139493 0
513780607204093 1
523115001268693 0
532449395333293 1
388933656313 1
9723327720913 1
19057721785513 1
28392115850113 0
37726509914713 0
47060903979313 1
56395298043913 0
65729692108513 1
75064086173113 1
84398480237713 0
93732874302313 1
103067268366913 1
112401662431513 1
121736056496113 0
131070450560713 0
140404844625313 1
149739238689913 0
159073632754513 1
168408026819113 1
177742420883713 0
187076814948313 1
196411209012913 1
205745603077513 1
215079997142113 1
224414391206713 0
233748785271313 0
243083179335913 1
252417573400513 0
261751967465113 1
271086361529713 1
280420755594313 1
289755149658913 0
299089543723513 1
308423937788113 0
317758331852713 0
327092725917313 1
336427119981913 0
345761514046513 0
355095908111113 1
364430302175713 1
373764696240313 1
383099090304913 1
392433484369513 0
401767878434113 1
411102272498713 0
420436666563313 0
429771060627913 1
439105454692513 0
448439848757113 1
457774242821713 0
467108636886313 0
476443030950913 1
485777425015513 0
495111819080113 0
504446213144713 0
513780607209313 1
523115001273913 0
532449395338513 1
388933661557 1
9723327726157 1
19057721790757 1
28392115855357 0
37726509919957 0
47060903984557 1
56395298049157 0
65729692113757 1
75064086178357 0
84398480242957 0
93732874307557 0
103067268372157 0
112401662436757 1
121736056501357 0
131070450565957 0
140404844630557 1
149739238695157 0
159073632759757 1
168408026824357 0
177742420888957 1
187076814953557 1
196411209018157 1
205745603082757 1
215079997147357 1
224414391211957 0
233748785276557 0
243083179341157 1
252417573405757 0
261751967470357 0
271086361534957 1
280420755599557 0
289755149664157 0
299089543728757 1
308423937793357 0
317758331857957 0
327092725922557 1
336427119987157 0
345761514051757 0
355095908116357 1
364430302180957 1
373764696245557 1
383099090310157 1
392433484374757 1
401767878439357 0
411102272503957 0
420436666568557 1
429771060633157 1
439105454697757 1
448439848762357 1
457774242826957 0
467108636891557 1
476443030956157 1
485777425020757 1
495111819085357 0
504446213149957 0
513780607214557 1
523115001279157 0
532449395343757 1
388933677433 1
9723327742033 1
19057721806633 1
28392115871233 0
37726509935833 0
47060904000433 1
56395298065033 0
65729692129633 1
75064086194233 0
84398480258833 0
93732874323433 1
103067268388033 0
112401662452633 1
121736056517233 0
131070450581833 0
140404844646433 1
149739238711033 0
159073632775633 1
168408026840233 0
177742420904833 1
187076814969433 0
196411209034033 0
205745603098633 1
215079997163233 1
224414391227833 0
233748785292433 1
243083179357033 1
252417573421633 1
261751967486233 1
271086361550833 0
280420755615433 1
289755149680033 1
299089543744633 0
308423937809233 1
317758331873833 1
327092725938433 1
336427120003033 1
345761514067633 0
355095908132233 1
364430302196833 0
373764696261433 1
383099090326033 0
392433484390633 0
401767878455233 1
411102272519833 1
420436666584433 1
429771060649033 1
439105454713633 1
448439848778233 0
457774242842833 0
467108636907433 1
476443030972033 1
485777425036633 0
495111819101233 1
504446213165833 1
513780607230433 1
523115001295033 1
532449395359633 1
388933682773 1
9723327747373 1
19057721811973 1
28392115876573 0
37726509941173 0
47060904005773 1
56395298070373 0
65729692134973 1
75064086199573 0
84398480264173 1
93732874328773 0
103067268393373 0
112401662457973 1
121736056522573 0
131070450587173 0
140404844651773 1
149739238716373 0
159073632780973 0
168408026845573 1
177742420910173 0
187076814974773 1
196411209039373 0
205745603103973 1
215079997168573 0
224414391233173 0
233748785297773 1
243083179362373 1
252417573426973 0
261751967491573 1
271086361556173 1
280420755620773 1
289755149685373 0
299089543749973 0
308423937814573 1
317758331879173 1
327092725943773 1
336427120008373 0
345761514072973 0
355095908137573 0
364430302202173 0
373764696266773 1
383099090331373 1
392433484395973 0
401767878460573 1
411102272525173 1
420436666589773 0
429771060654373 0
439105454718973 0
448439848783573 0
457774242848173 0
467108636912773 0
476443030977373 1
485777425041973 1
495111819106573 1
504446213171173 1
513780607235773 1
523115001300373 1
532449395364973 1
388933688137 1
9723327752737 1
19057721817337 1
28392115881937 0
37726509946537 1
47060904011137 1
56395298075737 0
65729692140337 1
75064086204937 0
84398480269537 1
93732874334137 0
103067268398737 1
112401662463337 1
121736056527937 0
131070450592537 1
140404844657137 1
149739238721737 1
159073632786337 0
168408026850937 1
177742420915537 1
187076814980137 0
196411209044737 0
205745603109337 1
215079997173937 0
224414391238537 0
233748785303137 0
243083179367737 1
252417573432337 1
261751967496937 1
271086361561537 1
280420755626137 0
289755149690737 1
299089543755337 0
308423937819937 1
317758331884537 0
327092725949137 1
336427120013737 0
345761514078337 0
355095908142937 0
364430302207537 0
373764696272137 1
383099090336737 0
392433484401337 1
401767878465937 0
411102272530537 0
420436666595137 0
429771060659737 0
439105454724337 1
448439848788937 1
457774242853537 1
467108636918137 1
476443030982737 1
485777425047337 0
495111819111937 1
504446213176537 0
513780607241137 0
523115001305737 0
532449395370337 1
388933698937 1
9723327763537 1
19057721828137 1
28392115892737 0
37726509957337 1
47060904021937 1
56395298086537 1
65729692151137 1
75064086215737 1
84398480280337 1
93732874344937 0
103067268409537 1
112401662474137 1
121736056538737 0
131070450603337 1
140404844667937 1
149739238732537 1
159073632797137 1
168408026861737 0
177742420926337 1
187076814990937 0
196411209055537 0
205745603120137 1
215079997184737 0
224414391249337 0
233748785313937 1
243083179378537 1
252417573443137 0
261751967507737 0
271086361572337 0
280420755636937 1
289755149701537 1
299089543766137 0
308423937830737 1
317758331895337 0
327092725959937 1
336427120024537 0
345761514089137 1
355095908153737 1
364430302218337 0
373764696282937 1
383099090347537 0
392433484412137 0
401767878476737 0
411102272541337 1
420436666605937 0
429771060670537 1
439105454735137 1
448439848799737 0
457774242864337 0
467108636928937 0
476443030993537 1
485777425058137 0
495111819122737 0
504446213187337 0
513780607251937 0
523115001316537 0
532449395381137 1
388933704373 1
9723327768973 1
19057721833573 1
28392115898173 1
37726509962773 1
47060904027373 1
56395298091973 1
65729692156573 1
75064086221173 0
84398480285773 0
93732874350373 1
103067268414973 0
112401662479573 1
121736056544173 0
131070450608773 0
140404844673373 1
149739238737973 1
159073632802573 0
168408026867173 0
177742420931773 0
187076814996373 0
196411209060973 1
205745603125573 1
215079997190173 1
224414391254773 1
233748785319373 1
243083179383973 1
252417573448573 1
261751967513173 0
271086361577773 1
280420755642373 0
289755149706973 1
299089543771573 1
308423937836173 1
317758331900773 0
327092725965373 1
336427120029973 0
345761514094573 0
355095908159173 1
364430302223773 1
373764696288373 1
383099090352973 0
392433484417573 1
401767878482173 1
411102272546773 0
420436666611373 1
429771060675973 0
439105454740573 1
448439848805173 1
457774242869773 0
467108636934373 1
476443030998973 1
485777425063573 1
495111819128173 0
504446213192773 1
513780607257373 1
523115001321973 0
532449395386573 1
388933709833 1
9723327774433 1
19057721839033 1
28392115903633 1
37726509968233 0
47060904032833 1
56395298097433 0
65729692162033 1
75064086226633 1
84398480291233 1
93732874355833 1
103067268420433 1
112401662485033 1
121736056549633 1
131070450614233 1
140404844678833 1
149739238743433 0
159073632808033 0
168408026872633 0
177742420937233 0
187076815001833 1
196411209066433 1
205745603131033 1
215079997195633 0
224414391260233 0
233748785324833 1
243083179389433 1
252417573454033 0
261751967518633 0
271086361583233 1
280420755647833 0
289755149712433 0
299089543777033 0
308423937841633 0
317758331906233 1
327092725970833 1
336427120035433 1
345761514100033 1
355095908164633 1
364430302229233 1
373764696293833 1
383099090358433 1
392433484423033 1
401767878487633 1
411102272552233 1
420436666616833 0
429771060681433 0
439105454746033 1
448439848810633 0
457774242875233 1
467108636939833 1
476443031004433 1
485777425069033 1
495111819133633 0
504446213198233 1
513780607262833 0
523115001327433 0
532449395392033 1
388933715317 1
9723327779917 1
19057721844517 1
28392115909117 1
37726509973717 0
47060904038317 1
56395298102917 0
65729692167517 1
75064086232117 0
84398480296717 1
93732874361317 1
103067268425917 0
112401662490517 1
121736056555117 0
131070450619717 0
140404844684317 1
149739238748917 0
159073632813517 0
168408026878117 0
177742420942717 0
187076815007317 1
196411209071917 0
205745603136517 1
215079997201117 0
224414391265717 1
233748785330317 1
243083179394917 1
252417573459517 0
261751967524117 0
271086361588717 0
280420755653317 1
289755149717917 1
299089543782517 0
308423937847117 0
317758331911717 1
327092725976317 1
336427120040917 1
345761514105517 0
355095908170117 1
364430302234717 0
373764696299317 1
383099090363917 1
392433484428517 1
401767878493117 1
411102272557717 0
420436666622317 0
429771060686917 1
439105454751517 1
448439848816117 0
457774242880717 1
467108636945317 0
476443031009917 1
485777425074517 0
495111819139117 0
504446213203717 0
513780607268317 1
523115001332917 1
532449395397517 1
388933737493 1
9723327802093 1
19057721866693 1
28392115931293 1
37726509995893 0
47060904060493 1
56395298125093 0
65729692189693 1
75064086254293 1
84398480318893 0
93732874383493 0
103067268448093 0
112401662512693 1
121736056577293 1
131070450641893 0
140404844706493 1
149739238771093 1
159073632835693 0
168408026900293 0
177742420964893 0
187076815029493 1
196411209094093 0
205745603158693 1
215079997223293 1
224414391287893 0
233748785352493 0
243083179417093 1
252417573481693 1
261751967546293 0
271086361610893 1
280420755675493 0
289755149740093 0
299089543804693 1
308423937869293 0
317758331933893 0
327092725998493 1
336427120063093 0
345761514127693 0
355095908192293 0
364430302256893 1
373764696321493 1
383099090386093 1
392433484450693 1
401767878515293 1
411102272579893 1
420436666644493 1
429771060709093 1
439105454773693 1
448439848838293 1
457774242902893 1
467108636967493 0
476443031032093 1
485777425096693 1
495111819161293 0
504446213225893 0
513780607290493 0
523115001355093 1
532449395419693 1
388933743097 1
9723327807697 1
19057721872297 1
28392115936897 1
37726510001497 0
47060904066097 1
56395298130697 0
65729692195297 1
75064086259897 1
84398480324497 1
93732874389097 0
103067268453697 0
112401662518297 1
121736056582897 1
131070450647497 1
140404844712097 1
149739238776697 0
159073632841297 0
168408026905897 1
177742420970497 0
187076815035097 0
196411209099697 1
205745603164297 1
215079997228897 0
224414391293497 1
233748785358097 0
243083179422697 1
252417573487297 0
261751967551897 0
271086361616497 1
280420755681097 0
289755149745697 1
299089543810297 0
308423937874897 0
317758331939497 0
327092726004097 1
336427120068697 1
345761514133297 1
355095908197897 1
364430302262497 0
373764696327097 1
383099090391697 0
392433484456297 1
401767878520897 0
411102272585497 0
420436666650097 0
429771060714697 1
439105454779297 1
448439848843897 0
457774242908497 0
467108636973097 1
476443031037697 1
485777425102297 1
495111819166897 0
504446213231497 0
513780607296097 1
523115001360697 1
532449395425297 1
388933754377 1
9723327818977 1
19057721883577 1
28392115948177 0
37726510012777 1
47060904077377 1
56395298141977 0
65729692206577 1
75064086271177 0
84398480335777 1
93732874400377 1
103067268464977 0
112401662529577 1
121736056594177 0
131070450658777 1
140404844723377 1
149739238787977 0
159073632852577 1
168408026917177 0
177742420981777 0
187076815046377 1
196411209110977 1
205745603175577 1
215079997240177 0
224414391304777 0
233748785369377 0
243083179433977 1
252417573498577 0
261751967563177 1
271086361627777 0
280420755692377 0
289755149756977 1
299089543821577 1
308423937886177 1
317758331950777 1
327092726015377 1
336427120079977 0
345761514144577 0
355095908209177 1
364430302273777 0
373764696338377 1
383099090402977 0
392433484467577 0
401767878532177 0
411102272596777 0
420436666661377 1
429771060725977 0
439105454790577 1
448439848855177 1
457774242919777 1
467108636984377 1
476443031048977 1
485777425113577 0
495111819178177 1
504446213242777 0
513780607307377 0
523115001371977 0
532449395436577 1
388933760053 1
9723327824653 1
19057721889253 1
28392115953853 0
37726510018453 1
47060904083053 1
56395298147653 0
65729692212253 1
75064086276853 0
84398480341453 1
93732874406053 1
103067268470653 1
112401662535253 1
121736056599853 1
131070450664453 1
140404844729053 1
149739238793653 1
159073632858253 0
168408026922853 1
177742420987453 0
187076815052053 0
196411209116653 0
205745603181253 1
215079997245853 1
224414391310453 0
233748785375053 1
243083179439653 1
252417573504253 1
261751967568853 0
271086361633453 1
280420755698053 0
289755149762653 0
299089543827253 0
308423937891853 0
317758331956453 1
327092726021053 1
336427120085653 1
345761514150253 1
355095908214853 1
364430302279453 1
373764696344053 1
383099090408653 0
392433484473253 1
401767878537853 0
411102272602453 1
420436666667053 1
429771060731653 1
439105454796253 1
448439848860853 1
457774242925453 0
467108636990053 0
476443031054653 1
485777425119253 0
495111819183853 1
504446213248453 1
513780607313053 1
523115001377653 0
532449395442253 1
388933771477 1
9723327836077 1
19057721900677 1
28392115965277 1
37726510029877 1
47060904094477 1
56395298159077 0
65729692223677 1
75064086288277 0
84398480352877 1
93732874417477 1
103067268482077 1
112401662546677 1
121736056611277 1
131070450675877 0
140404844740477 1
149739238805077 0
159073632869677 1
168408026934277 1
177742420998877 1
187076815063477 0
196411209128077 0
205745603192677 1
215079997257277 0
224414391321877 0
233748785386477 1
243083179451077 1
252417573515677 0
261751967580277 0
271086361644877 1
280420755709477 1
289755149774077 1
299089543838677 1
308423937903277 1
317758331967877 0
327092726032477 1
336427120097077 1
345761514161677 0
355095908226277 0
364430302290877 1
373764696355477 1
383099090420077 1
392433484484677 0
401767878549277 0
411102272613877 0
420436666678477 1
429771060743077 0
439105454807677 1
448439848872277 1
457774242936877 1
467108637001477 1
476443031066077 1
485777425130677 0
495111819195277 1
504446213259877 1
513780607324477 0
523115001389077 1
532449395453677 1
388933782997 1
9723327847597 1
19057721912197 1
28392115976797 0
37726510041397 0
47060904105997 1
56395298170597 0
65729692235197 1
75064086299797 1
84398480364397 0
93732874428997 1
103067268493597 0
112401662558197 1
121736056622797 0
131070450687397 1
140404844751997 1
149739238816597 1
159073632881197 0
168408026945797 1
177742421010397 1
187076815074997 0
196411209139597 1
205745603204197 1
215079997268797 0
224414391333397 1
233748785397997 1
243083179462597 1
252417573527197 1
261751967591797 1
271086361656397 1
280420755720997 1
289755149785597 0
299089543850197 0
308423937914797 0
317758331979397 0
327092726043997 1
336427120108597 1
345761514173197 0
355095908237797 0
364430302302397 0
373764696366997 1
383099090431597 1
392433484496197 1
401767878560797 1
411102272625397 1
420436666689997 0
429771060754597 1
439105454819197 1
448439848883797 1
457774242948397 1
467108637012997 0
476443031077597 1
485777425142197 0
495111819206797 0
504446213271397 0
513780607335997 0
523115001400597 0
532449395465197 1
388933794613 1
9723327859213 1
19057721923813 1
28392115988413 1
37726510053013 0
47060904117613 1
56395298182213 1
65729692246813 1
75064086311413 0
84398480376013 0
93732874440613 1
103067268505213 1
112401662569813 1
121736056634413 1
131070450699013 1
140404844763613 1
149739238828213 0
159073632892813 1
168408026957413 1
177742421022013 0
187076815086613 0
196411209151213 1
205745603215813 1
215079997280413 1
224414391345013 0
233748785409613 0
243083179474213 1
252417573538813 0
261751967603413 1
271086361668013 0
280420755732613 1
289755149797213 0
299089543861813 0
308423937926413 0
317758331991013 0
327092726055613 1
336427120120213 1
345761514184813 0
355095908249413 0
364430302314013 1
373764696378613 1
383099090443213 1
392433484507813 0
401767878572413 1
411102272637013 0
420436666701613 0
429771060766213 0
439105454830813 0
448439848895413 0
457774242960013 0
467108637024613 0
476443031089213 1
485777425153813 1
495111819218413 1
504446213283013 0
513780607347613 1
523115001412213 0
532449395476813 1
388933800457 1
9723327865057 1
19057721929657 1
28392115994257 0
37726510058857 1
47060904123457 1
56395298188057 1
65729692252657 1
75064086317257 0
84398480381857 0
93732874446457 0
103067268511057 1
112401662575657 1
121736056640257 0
131070450704857 0
140404844769457 1
149739238834057 0
159073632898657 0
168408026963257 0
177742421027857 0
187076815092457 1
196411209157057 1
205745603221657 1
215079997286257 0
224414391350857 1
233748785415457 1
243083179480057 1
252417573544657 1
261751967609257 1
271086361673857 0
280420755738457 0
289755149803057 0
299089543867657 0
308423937932257 1
317758331996857 0
327092726061457 1
336427120126057 0
345761514190657 1
355095908255257 0
364430302319857 0
373764696384457 1
383099090449057 0
392433484513657 1
401767878578257 0
411102272642857 0
420436666707457 1
429771060772057 0
439105454836657 1
448439848901257 1
457774242965857 0
467108637030457 1
476443031095057 1
485777425159657 0
495111819224257 0
504446213288857 0
513780607353457 0
523115001418057 0
532449395482657 1
388933812217 1
9723327876817 1
19057721941417 1
28392116006017 0
37726510070617 0
47060904135217 1
56395298199817 0
65729692264417 1
75064086329017 1
84398480393617 1
93732874458217 0
103067268522817 0
112401662587417 1
121736056652017 0
131070450716617 0
140404844781217 1
149739238845817 1
159073632910417 0
168408026975017 1
177742421039617 0
187076815104217 0
196411209168817 0
205745603233417 1
215079997298017 0
224414391362617 0
233748785427217 0
243083179491817 1
252417573556417 0
261751967621017 1
271086361685617 0
280420755750217 0
289755149814817 1
299089543879417 1
308423937944017 0
317758332008617 0
327092726073217 1
336427120137817 0
345761514202417 1
355095908267017 1
364430302331617 1
373764696396217 1
383099090460817 1
392433484525417 1
401767878590017 0
411102272654617 1
420436666719217 0
429771060783817 0
439105454848417 0
448439848913017 0
457774242977617 1
467108637042217 0
476443031106817 1
485777425171417 1
495111819236017 0
504446213300617 1
513780607365217 0
523115001429817 1
532449395494417 1
388933818133 1
9723327882733 1
19057721947333 1
28392116011933 0
37726510076533 1
47060904141133 1
56395298205733 0
65729692270333 1
75064086334933 1
84398480399533 1
93732874464133 1
103067268528733 1
112401662593333 1
121736056657933 1
131070450722533 0
140404844787133 1
149739238851733 1
159073632916333 1
168408026980933 1
177742421045533 0
187076815110133 0
196411209174733 1
205745603239333 1
215079997303933 1
224414391368533 0
233748785433133 0
243083179497733 1
252417573562333 0
261751967626933 0
271086361691533 1
280420755756133 0
289755149820733 1
299089543885333 1
308423937949933 0
317758332014533 0
327092726079133 1
336427120143733 0
345761514208333 1
355095908272933 0
364430302337533 0
373764696402133 1
383099090466733 0
392433484531333 1
401767878595933 0
411102272660533 1
420436666725133 0
429771060789733 1
439105454854333 1
448439848918933 1
457774242983533 1
467108637048133 1
476443031112733 1
485777425177333 0
495111819241933 1
504446213306533 0
513780607371133 0
523115001435733 0
532449395500333 1
388933824073 1
9723327888673 1
19057721953273 1
28392116017873 1
37726510082473 1
47060904147073 1
56395298211673 1
65729692276273 1
75064086340873 1
84398480405473 1
93732874470073 1
103067268534673 0
112401662599273 1
121736056663873 0
131070450728473 0
140404844793073 1
149739238857673 1
159073632922273 1
168408026986873 0
177742421051473 0
187076815116073 1
196411209180673 1
205745603245273 1
215079997309873 0
224414391374473 1
233748785439073 0
243083179503673 1
252417573568273 1
261751967632873 1
271086361697473 1
280420755762073 1
289755149826673 0
299089543891273 0
308423937955873 0
317758332020473 1
327092726085073 1
336427120149673 1
345761514214273 1
355095908278873 1
364430302343473 0
373764696408073 1
383099090472673 1
392433484537273 0
401767878601873 1
411102272666473 1
420436666731073 1
429771060795673 0
439105454860273 0
448439848924873 0
457774242989473 0
467108637054073 1
476443031118673 1
485777425183273 0
495111819247873 1
504446213312473 0
513780607377073 0
523115001441673 0
532449395506273 1
388933830037 1
9723327894637 1
19057721959237 1
28392116023837 1
37726510088437 0
47060904153037 1
56395298217637 1
65729692282237 1
75064086346837 1
84398480411437 0
93732874476037 0
103067268540637 0
112401662605237 1
121736056669837 1
131070450734437 1
140404844799037 1
149739238863637 0
159073632928237 1
168408026992837 1
177742421057437 0
187076815122037 0
196411209186637 1
205745603251237 1
215079997315837 0
224414391380437 1
233748785445037 0
243083179509637 1
252417573574237 1
261751967638837 0
271086361703437 0
280420755768037 0
289755149832637 0
299089543897237 0
308423937961837 0
317758332026437 0
327092726091037 1
336427120155637 0
345761514220237 1
355095908284837 0
364430302349437 0
373764696414037 1
383099090478637 1
392433484543237 0
401767878607837 1
411102272672437 0
420436666737037 0
429771060801637 0
439105454866237 0
448439848930837 1
457774242995437 1
467108637060037 1
476443031124637 1
485777425189237 0
495111819253837 0
504446213318437 1
513780607383037 0
523115001447637 1
532449395512237 1
388933842037 1
9723327906637 1
19057721971237 1
28392116035837 1
37726510100437 0
47060904165037 1
56395298229637 0
65729692294237 1
75064086358837 0
84398480423437 0
93732874488037 1
103067268552637 0
112401662617237 1
121736056681837 0
131070450746437 1
140404844811037 1
149739238875637 0
159073632940237 1
168408027004837 1
177742421069437 0
187076815134037 0
196411209198637 1
205745603263237 1
215079997327837 0
224414391392437 1
233748785457037 0
243083179521637 1
252417573586237 0
261751967650837 0
271086361715437 1
280420755780037 1
289755149844637 0
299089543909237 0
308423937973837 1
317758332038437 1
327092726103037 1
336427120167637 0
345761514232237 1
355095908296837 1
364430302361437 1
373764696426037 1
383099090490637 0
392433484555237 0
401767878619837 1
411102272684437 0
420436666749037 0
429771060813637 1
439105454878237 1
448439848942837 1
457774243007437 0
467108637072037 0
476443031136637 1
485777425201237 0
495111819265837 0
504446213330437 1
513780607395037 0
523115001459637 0
532449395524237 1
388933848073 1
9723327912673 1
19057721977273 1
28392116041873 0
37726510106473 0
47060904171073 1
56395298235673 1
65729692300273 1
75064086364873 0
84398480429473 0
93732874494073 1
103067268558673 1
112401662623273 1
121736056687873 0
131070450752473 0
140404844817073 1
149739238881673 1
159073632946273 1
168408027010873 1
177742421075473 1
187076815140073 1
196411209204673 1
205745603269273 1
215079997333873 1
224414391398473 0
233748785463073 0
243083179527673 1
252417573592273 0
261751967656873 1
271086361721473 1
280420755786073 0
289755149850673 1
299089543915273 1
308423937979873 1
317758332044473 1
327092726109073 1
336427120173673 1
345761514238273 0
355095908302873 0
364430302367473 1
373764696432073 1
383099090496673 0
392433484561273 1
401767878625873 0
411102272690473 0
420436666755073 1
429771060819673 0
439105454884273 1
448439848948873 0
457774243013473 0
467108637078073 0
476443031142673 1
485777425207273 0
495111819271873 0
504446213336473 1
513780607401073 0
523115001465673 1
532449395530273 1
388933860217 1
9723327924817 1
19057721989417 1
28392116054017 0
37726510118617 0
47060904183217 1
56395298247817 0
65729692312417 1
75064086377017 1
84398480441617 1
93732874506217 1
103067268570817 0
112401662635417 1
121736056700017 0
131070450764617 1
140404844829217 1
149739238893817 1
159073632958417 1
168408027023017 0
177742421087617 0
187076815152217 0
196411209216817 1
205745603281417 1
215079997346017 0
224414391410617 0
233748785475217 1
243083179539817 1
252417573604417 0
261751967669017 0
271086361733617 0
280420755798217 0
289755149862817 0
299089543927417 1
308423937992017 0
317758332056617 1
327092726121217 1
336427120185817 1
345761514250417 1
355095908315017 1
364430302379617 1
373764696444217 1
383099090508817 0
392433484573417 1
401767878638017 1
411102272702617 1
420436666767217 1
429771060831817 0
439105454896417 1
448439848961017 1
457774243025617 1
467108637090217 0
476443031154817 1
485777425219417 0
495111819284017 1
504446213348617 1
513780607413217 1
523115001477817 1
532449395542417 1
388933872457 1
9723327937057 1
19057722001657 1
28392116066257 1
37726510130857 0
47060904195457 1
56395298260057 0
65729692324657 1
75064086389257 0
84398480453857 1
93732874518457 1
103067268583057 1
112401662647657 1
121736056712257 0
131070450776857 1
140404844841457 1
149739238906057 1
159073632970657 0
168408027035257 0
177742421099857 0
187076815164457 1
196411209229057 1
205745603293657 1
215079997358257 1
224414391422857 0
233748785487457 1
243083179552057 1
252417573616657 0
261751967681257 0
271086361745857 0
280420755810457 1
289755149875057 0
299089543939657 0
308423938004257 0
317758332068857 1
327092726133457 1
336427120198057 1
345761514262657 0
355095908327257 0
364430302391857 0
373764696456457 1
383099090521057 1
392433484585657 0
401767878650257 0
411102272714857 0
420436666779457 0
429771060844057 0
439105454908657 1
448439848973257 1
457774243037857 1
467108637102457 0
476443031167057 1
485777425231657 1
495111819296257 0
504446213360857 0
513780607425457 1
523115001490057 1
532449395554657 1
388933878613 1
9723327943213 1
19057722007813 1
28392116072413 0
37726510137013 0
47060904201613 1
56395298266213 1
65729692330813 1
75064086395413 0
84398480460013 1
93732874524613 0
103067268589213 1
112401662653813 1
121736056718413 1
131070450783013 1
140404844847613 1
149739238912213 0
159073632976813 1
168408027041413 1
177742421106013 1
187076815170613 1
196411209235213 0
205745603299813 1
215079997364413 1
224414391429013 1
233748785493613 0
243083179558213 1
252417573622813 1
261751967687413 1
271086361752013 1
280420755816613 0
289755149881213 1
299089543945813 0
308423938010413 0
317758332075013 0
327092726139613 1
336427120204213 0
345761514268813 0
355095908333413 1
364430302398013 0
373764696462613 1
383099090527213 1
392433484591813 0
401767878656413 0
411102272721013 0
420436666785613 0
429771060850213 1
439105454914813 1
448439848979413 1
457774243044013 1
467108637108613 0
476443031173213 1
485777425237813 1
495111819302413 1
504446213367013 1
513780607431613 0
523115001496213 1
532449395560813 1
388933884793 1
9723327949393 1
19057722013993 1
28392116078593 0
37726510143193 1
47060904207793 1
56395298272393 1
65729692336993 1
75064086401593 1
84398480466193 1
93732874530793 1
103067268595393 0
112401662659993 1
121736056724593 1
131070450789193 0
140404844853793 1
149739238918393 1
159073632982993 1
168408027047593 1
177742421112193 1
187076815176793 0
196411209241393 1
205745603305993 1
215079997370593 1
224414391435193 1
233748785499793 1
243083179564393 1
252417573628993 0
261751967693593 0
271086361758193 1
280420755822793 0
289755149887393 1
299089543951993 1
308423938016593 1
317758332081193 1
327092726145793 1
336427120210393 1
345761514274993 1
355095908339593 0
364430302404193 1
373764696468793 1
383099090533393 1
392433484597993 1
401767878662593 1
411102272727193 0
420436666791793 1
429771060856393 1
439105454920993 0
448439848985593 1
457774243050193 0
467108637114793 1
476443031179393 1
485777425243993 0
495111819308593 1
504446213373193 0
513780607437793 1
523115001502393 1
532449395566993 1
388933890997 1
9723327955597 1
19057722020197 1
28392116084797 1
37726510149397 1
47060904213997 1
56395298278597 1
65729692343197 1
75064086407797 1
84398480472397 0
93732874536997 0
103067268601597 1
112401662666197 1
121736056730797 0
131070450795397 1
140404844859997 1
149739238924597 0
159073632989197 0
168408027053797 1
177742421118397 1
187076815182997 0
196411209247597 1
205745603312197 1
215079997376797 1
224414391441397 1
233748785505997 0
243083179570597 1
252417573635197 1
261751967699797 1
271086361764397 1
280420755828997 1
289755149893597 1
299089543958197 1
308423938022797 1
317758332087397 1
327092726151997 1
336427120216597 0
345761514281197 0
355095908345797 0
364430302410397 1
373764696474997 1
383099090539597 0
392433484604197 0
401767878668797 0
411102272733397 1
420436666797997 0
429771060862597 1
439105454927197 1
448439848991797 1
457774243056397 1
467108637120997 0
476443031185597 1
485777425250197 1
495111819314797 0
504446213379397 0
513780607443997 1
523115001508597 0
532449395573197 1
388933909753 1
9723327974353 1
19057722038953 1
28392116103553 1
37726510168153 0
47060904232753 1
56395298297353 0
65729692361953 1
75064086426553 1
84398480491153 1
93732874555753 1
103067268620353 0
112401662684953 1
121736056749553 1
131070450814153 1
140404844878753 1
149739238943353 1
159073633007953 1
168408027072553 1
177742421137153 0
187076815201753 1
196411209266353 1
205745603330953 1
215079997395553 0
224414391460153 0
233748785524753 0
243083179589353 1
252417573653953 0
261751967718553 0
271086361783153 1
280420755847753 0
289755149912353 0
299089543976953 0
308423938041553 0
317758332106153 1
327092726170753 1
336427120235353 1
345761514299953 1
355095908364553 1
364430302429153 0
373764696493753 1
383099090558353 0
392433484622953 0
401767878687553 1
411102272752153 0
420436666816753 0
429771060881353 1
439105454945953 0
448439849010553 1
457774243075153 1
467108637139753 1
476443031204353 1
485777425268953 0
495111819333553 1
504446213398153 1
513780607462753 1
523115001527353 1
532449395591953 1
388933916053 1
9723327980653 1
19057722045253 1
28392116109853 0
37726510174453 0
47060904239053 1
56395298303653 0
65729692368253 1
75064086432853 0
84398480497453 1
93732874562053 1
103067268626653 1
112401662691253 1
121736056755853 1
131070450820453 1
140404844885053 1
149739238949653 1
159073633014253 0
168408027078853 1
177742421143453 1
187076815208053 1
196411209272653 0
205745603337253 1
215079997401853 0
224414391466453 0
233748785531053 0
243083179595653 1
252417573660253 1
261751967724853 1
271086361789453 1
280420755854053 1
289755149918653 1
299089543983253 1
308423938047853 1
317758332112453 1
327092726177053 1
336427120241653 0
345761514306253 1
355095908370853 0
364430302435453 1
373764696500053 1
383099090564653 0
392433484629253 1
401767878693853 0
411102272758453 0
420436666823053 0
429771060887653 0
439105454952253 0
448439849016853 0
457774243081453 0
467108637146053 0
476443031210653 1
485777425275253 0
495111819339853 1
504446213404453 1
513780607469053 1
523115001533653 1
532449395598253 1
388933935097 1
9723327999697 1
19057722064297 1
28392116128897 1
37726510193497 1
47060904258097 1
56395298322697 0
65729692387297 1
75064086451897 1
84398480516497 0
93732874581097 1
103067268645697 1
112401662710297 1
121736056774897 0
131070450839497 1
140404844904097 1
149739238968697 1
159073633033297 0
168408027097897 1
177742421162497 0
187076815227097 0
196411209291697 1
205745603356297 1
215079997420897 1
224414391485497 1
233748785550097 0
243083179614697 1
252417573679297 1
261751967743897 0
271086361808497 0
280420755873097 1
289755149937697 1
299089544002297 0
308423938066897 1
317758332131497 0
327092726196097 1
336427120260697 0
345761514325297 1
355095908389897 0
364430302454497 1
373764696519097 1
383099090583697 0
392433484648297 1
401767878712897 0
411102272777497 0
420436666842097 1
429771060906697 0
439105454971297 0
448439849035897 1
457774243100497 1
467108637165097 0
476443031229697 1
485777425294297 0
495111819358897 1
504446213423497 0
513780607488097 0
523115001552697 1
532449395617297 1
388933941493 1
9723328006093 1
19057722070693 1
28392116135293 1
37726510199893 0
47060904264493 1
56395298329093 1
65729692393693 1
75064086458293 0
84398480522893 0
93732874587493 0
103067268652093 0
112401662716693 1
121736056781293 0
131070450845893 1
140404844910493 1
149739238975093 1
159073633039693 1
168408027104293 1
177742421168893 0
187076815233493 1
196411209298093 0
205745603362693 1
215079997427293 1
224414391491893 0
233748785556493 1
243083179621093 1
252417573685693 1
261751967750293 0
271086361814893 1
280420755879493 0
289755149944093 1
299089544008693 0
308423938073293 0
317758332137893 1
327092726202493 1
336427120267093 1
345761514331693 0
355095908396293 0
364430302460893 0
373764696525493 1
383099090590093 0
392433484654693 1
401767878719293 0
411102272783893 1
420436666848493 0
429771060913093 0
439105454977693 1
448439849042293 1
457774243106893 0
467108637171493 1
476443031236093 1
485777425300693 1
495111819365293 0
504446213429893 0
513780607494493 0
523115001559093 1
532449395623693 1
388933947913 1
9723328012513 1
19057722077113 1
28392116141713 1
37726510206313 1
47060904270913 1
56395298335513 1
65729692400113 1
75064086464713 0
84398480529313 0
93732874593913 1
103067268658513 1
112401662723113 1
121736056787713 0
131070450852313 0
140404844916913 1
149739238981513 1
159073633046113 1
168408027110713 1
177742421175313 1
187076815239913 0
196411209304513 1
205745603369113 1
215079997433713 0
224414391498313 1
233748785562913 1
243083179627513 1
252417573692113 1
261751967756713 1
271086361821313 0
280420755885913 1
289755149950513 1
299089544015113 0
308423938079713 0
317758332144313 1
327092726208913 1
336427120273513 0
345761514338113 1
355095908402713 1
364430302467313 1
373764696531913 1
383099090596513 0
392433484661113 1
401767878725713 0
411102272790313 0
420436666854913 1
429771060919513 0
439105454984113 1
448439849048713 1
457774243113313 0
467108637177913 1
476443031242513 1
485777425307113 1
495111819371713 0
504446213436313 1
513780607500913 0
523115001565513 1
532449395630113 1
388933954357 1
9723328018957 1
19057722083557 1
28392116148157 1
37726510212757 0
47060904277357 1
56395298341957 1
65729692406557 1
75064086471157 1
84398480535757 1
93732874600357 0
103067268664957 0
112401662729557 1
121736056794157 1
131070450858757 1
140404844923357 1
149739238987957 1
159073633052557 1
168408027117157 0
177742421181757 1
187076815246357 0
196411209310957 1
205745603375557 1
215079997440157 0
224414391504757 0
233748785569357 1
243083179633957 1
252417573698557 1
261751967763157 1
271086361827757 0
280420755892357 0
289755149956957 0
299089544021557 0
308423938086157 0
317758332150757 1
327092726215357 1
336427120279957 0
345761514344557 1
355095908409157 0
364430302473757 1
373764696538357 1
383099090602957 1
392433484667557 0
401767878732157 0
411102272796757 1
420436666861357 0
429771060925957 1
439105454990557 0
448439849055157 0
457774243119757 1
467108637184357 1
476443031248957 1
485777425313557 0
495111819378157 1
504446213442757 0
513780607507357 1
523115001571957 0
532449395636557 1
388933967317 1
9723328031917 1
19057722096517 1
28392116161117 1
37726510225717 0
47060904290317 1
56395298354917 0
65729692419517 1
75064086484117 1
84398480548717 0
93732874613317 0
103067268677917 1
112401662742517 1
121736056807117 1
131070450871717 1
140404844936317 1
149739239000917 0
159073633065517 1
168408027130117 0
177742421194717 1
187076815259317 0
196411209323917 0
205745603388517 1
215079997453117 0
224414391517717 0
233748785582317 1
243083179646917 1
252417573711517 0
261751967776117 0
271086361840717 0
280420755905317 0
289755149969917 1
299089544034517 0
308423938099117 0
317758332163717 0
327092726228317 1
336427120292917 1
345761514357517 0
355095908422117 1
364430302486717 0
373764696551317 1
383099090615917 1
392433484680517 0
401767878745117 0
411102272809717 1
420436666874317 1
429771060938917 0
439105455003517 1
448439849068117 0
457774243132717 1
467108637197317 1
476443031261917 1
485777425326517 0
495111819391117 0
504446213455717 0
513780607520317 1
523115001584917 0
532449395649517 1
388933980373 1
9723328044973 1
19057722109573 1
28392116174173 0
37726510238773 0
47060904303373 1
56395298367973 0
65729692432573 1
75064086497173 1
84398480561773 0
93732874626373 0
103067268690973 0
112401662755573 1
121736056820173 1
131070450884773 1
140404844949373 1
149739239013973 0
159073633078573 1
168408027143173 0
177742421207773 1
187076815272373 1
196411209336973 1
205745603401573 1
215079997466173 1
224414391530773 0
233748785595373 1
243083179659973 1
252417573724573 0
261751967789173 1
271086361853773 0
280420755918373 0
289755149982973 1
299089544047573 1
308423938112173 0
317758332176773 0
327092726241373 1
336427120305973 1
345761514370573 0
355095908435173 1
364430302499773 1
373764696564373 1
383099090628973 1
392433484693573 0
401767878758173 0
411102272822773 0
420436666887373 0
429771060951973 1
439105455016573 1
448439849081173 1
457774243145773 0
467108637210373 1
476443031274973 1
485777425339573 0
495111819404173 1
504446213468773 1
513780607533373 1
523115001597973 1
532449395662573 1
388933986937 1
9723328051537 1
19057722116137 1
28392116180737 1
37726510245337 0
47060904309937 1
56395298374537 0
65729692439137 1
75064086503737 1
84398480568337 0
93732874632937 1
103067268697537 1
112401662762137 1
121736056826737 0
131070450891337 0
140404844955937 1
149739239020537 0
159073633085137 1
168408027149737 0
177742421214337 1
187076815278937 1
196411209343537 0
205745603408137 1
215079997472737 1
224414391537337 1
233748785601937 0
243083179666537 1
252417573731137 0
261751967795737 0
271086361860337 1
280420755924937 1
289755149989537 1
299089544054137 1
308423938118737 0
317758332183337 1
327092726247937 1
336427120312537 0
345761514377137 0
355095908441737 0
364430302506337 0
373764696570937 1
383099090635537 0
392433484700137 1
401767878764737 0
411102272829337 0
420436666893937 0
429771060958537 1
439105455023137 1
448439849087737 1
457774243152337 1
467108637216937 0
476443031281537 1
485777425346137 0
495111819410737 1
504446213475337 0
513780607539937 1
523115001604537 1
532449395669137 1
388934006773 1
9723328071373 1
19057722135973 1
28392116200573 0
37726510265173 1
47060904329773 1
56395298394373 0
65729692458973 1
75064086523573 0
84398480588173 0
93732874652773 1
103067268717373 1
112401662781973 1
121736056846573 0
131070450911173 1
140404844975773 1
149739239040373 1
159073633104973 1
168408027169573 0
177742421234173 1
187076815298773 0
196411209363373 1
205745603427973 1
215079997492573 1
224414391557173 1
233748785621773 1
243083179686373 1
252417573750973 1
261751967815573 1
271086361880173 1
280420755944773 0
289755150009373 0
299089544073973 1
308423938138573 1
317758332203173 1
327092726267773 1
336427120332373 0
345761514396973 0
355095908461573 0
364430302526173 0
373764696590773 1
383099090655373 1
392433484719973 1
401767878784573 1
411102272849173 1
420436666913773 0
429771060978373 1
439105455042973 0
448439849107573 0
457774243172173 0
467108637236773 0
476443031301373 1
485777425365973 0
495111819430573 1
504446213495173 1
513780607559773 1
523115001624373 1
532449395688973 1
388934013433 1
9723328078033 1
19057722142633 1
28392116207233 0
37726510271833 1
47060904336433 1
56395298401033 0
65729692465633 1
75064086530233 1
84398480594833 1
93732874659433 0
103067268724033 0
112401662788633 1
121736056853233 1
131070450917833 0
140404844982433 1
149739239047033 0
159073633111633 0
168408027176233 1
177742421240833 0
187076815305433 1
196411209370033 1
205745603434633 1
215079997499233 0
224414391563833 1
233748785628433 1
243083179693033 1
252417573757633 1
261751967822233 1
271086361886833 1
280420755951433 0
289755150016033 1
299089544080633 1
308423938145233 0
317758332209833 0
327092726274433 1
336427120339033 1
345761514403633 0
355095908468233 0
364430302532833 1
373764696597433 1
383099090662033 1
392433484726633 0
401767878791233 0
411102272855833 0
420436666920433 0
429771060985033 0
439105455049633 1
448439849114233 1
457774243178833 1
467108637243433 1
476443031308033 1
485777425372633 1
495111819437233 0
504446213501833 1
513780607566433 1
523115001631033 1
532449395695633 1
388934020117 1
9723328084717 1
19057722149317 1
28392116213917 1
37726510278517 1
47060904343117 1
56395298407717 0
65729692472317 1
75064086536917 0
84398480601517 1
93732874666117 1
103067268730717 1
112401662795317 1
121736056859917 0
131070450924517 0
140404844989117 1
149739239053717 0
159073633118317 1
168408027182917 1
177742421247517 0
187076815312117 0
196411209376717 0
205745603441317 1
215079997505917 0
224414391570517 1
233748785635117 0
243083179699717 1
252417573764317 0
261751967828917 1
271086361893517 1
280420755958117 1
289755150022717 0
299089544087317 0
308423938151917 0
317758332216517 1
327092726281117 1
336427120345717 0
345761514410317 0
355095908474917 0
364430302539517 1
373764696604117 1
383099090668717 0
392433484733317 1
401767878797917 0
411102272862517 0
420436666927117 1
429771060991717 0
439105455056317 1
448439849120917 1
457774243185517 0
467108637250117 0
476443031314717 1
485777425379317 1
495111819443917 0
504446213508517 1
513780607573117 1
523115001637717 1
532449395702317 1
388934033557 1
9723328098157 1
19057722162757 1
28392116227357 0
37726510291957 0
47060904356557 1
56395298421157 0
65729692485757 1
75064086550357 0
84398480614957 1
93732874679557 1
103067268744157 0
112401662808757 1
121736056873357 0
131070450937957 0
140404845002557 1
149739239067157 1
159073633131757 1
168408027196357 1
177742421260957 1
187076815325557 1
196411209390157 1
205745603454757 1
215079997519357 0
224414391583957 0
233748785648557 0
243083179713157 1
252417573777757 0
261751967842357 1
271086361906957 0
280420755971557 0
289755150036157 0
299089544100757 1
308423938165357 0
317758332229957 0
327092726294557 1
336427120359157 1
345761514423757 1
355095908488357 1
364430302552957 0
373764696617557 1
383099090682157 0
392433484746757 1
401767878811357 0
411102272875957 0
420436666940557 0
429771061005157 1
439105455069757 0
448439849134357 0
457774243198957 0
467108637263557 0
476443031328157 1
485777425392757 0
495111819457357 1
504446213521957 0
513780607586557 0
523115001651157 0
532449395715757 1
388934040313 1
9723328104913 1
19057722169513 1
28392116234113 1
37726510298713 1
47060904363313 1
56395298427913 0
65729692492513 1
75064086557113 1
84398480621713 1
93732874686313 0
103067268750913 0
112401662815513 1
121736056880113 0
131070450944713 1
140404845009313 1
149739239073913 1
159073633138513 0
168408027203113 1
177742421267713 0
187076815332313 1
196411209396913 0
205745603461513 1
215079997526113 1
224414391590713 1
233748785655313 1
243083179719913 1
252417573784513 0
261751967849113 0
271086361913713 1
280420755978313 1
289755150042913 1
299089544107513 0
308423938172113 1
317758332236713 0
327092726301313 1
336427120365913 0
345761514430513 1
355095908495113 0
364430302559713 1
373764696624313 1
383099090688913 0
392433484753513 1
401767878818113 0
411102272882713 0
420436666947313 0
429771061011913 0
439105455076513 1
448439849141113 0
457774243205713 0
467108637270313 0
476443031334913 1
485777425399513 0
495111819464113 0
504446213528713 0
513780607593313 1
523115001657913 0
532449395722513 1
388934047093 1
9723328111693 1
19057722176293 1
28392116240893 1
37726510305493 1
47060904370093 1
56395298434693 0
65729692499293 1
75064086563893 0
84398480628493 1
93732874693093 0
103067268757693 0
112401662822293 1
121736056886893 1
131070450951493 1
140404845016093 1
149739239080693 1
159073633145293 1
168408027209893 0
177742421274493 1
187076815339093 1
196411209403693 1
205745603468293 1
215079997532893 0
224414391597493 1
233748785662093 1
243083179726693 1
252417573791293 0
261751967855893 1
271086361920493 1
280420755985093 1
289755150049693 0
299089544114293 0
308423938178893 0
317758332243493 0
327092726308093 1
336427120372693 0
345761514437293 0
355095908501893 1
364430302566493 0
373764696631093 1
383099090695693 0
392433484760293 1
401767878824893 1
411102272889493 0
420436666954093 1
429771061018693 0
439105455083293 0
448439849147893 0
457774243212493 1
467108637277093 1
476443031341693 1
485777425406293 1
495111819470893 1
504446213535493 0
513780607600093 0
523115001664693 1
532449395729293 1
388934053897 1
9723328118497 1
19057722183097 1
28392116247697 0
37726510312297 0
47060904376897 1
56395298441497 0
65729692506097 1
75064086570697 0
84398480635297 1
93732874699897 1
103067268764497 1
112401662829097 1
121736056893697 0
131070450958297 1
140404845022897 1
149739239087497 1
159073633152097 0
168408027216697 1
177742421281297 0
187076815345897 0
196411209410497 0
205745603475097 1
215079997539697 1
224414391604297 0
233748785668897 1
243083179733497 1
252417573798097 1
261751967862697 1
271086361927297 0
280420755991897 1
289755150056497 0
299089544121097 1
308423938185697 0
317758332250297 0
327092726314897 1
336427120379497 1
345761514444097 1
355095908508697 1
364430302573297 1
373764696637897 1
383099090702497 1
392433484767097 1
401767878831697 1
411102272896297 1
420436666960897 0
429771061025497 1
439105455090097 0
448439849154697 1
457774243219297 0
467108637283897 1
476443031348497 1
485777425413097 1
495111819477697 0
504446213542297 1
513780607606897 0
523115001671497 1
532449395736097 1
388934074453 1
9723328139053 1
19057722203653 1
28392116268253 1
37726510332853 1
47060904397453 1
56395298462053 1
65729692526653 1
75064086591253 1
84398480655853 0
93732874720453 0
103067268785053 1
112401662849653 1
121736056914253 1
131070450978853 0
140404845043453 1
149739239108053 1
159073633172653 1
168408027237253 0
177742421301853 0
187076815366453 1
196411209431053 0
205745603495653 1
215079997560253 1
224414391624853 0
233748785689453 0
243083179754053 1
252417573818653 1
261751967883253 0
271086361947853 0
280420756012453 1
289755150077053 0
299089544141653 1
308423938206253 1
317758332270853 0
327092726335453 1
336427120400053 0
345761514464653 0
355095908529253 0
364430302593853 1
373764696658453 1
383099090723053 1
392433484787653 1
401767878852253 1
411102272916853 1
420436666981453 0
429771061046053 0
439105455110653 0
448439849175253 0
457774243239853 0
467108637304453 1
476443031369053 1
485777425433653 0
495111819498253 0
504446213562853 1
513780607627453 0
523115001692053 0
532449395756653 1
388934081353 1
9723328145953 1
19057722210553 1
28392116275153 0
37726510339753 1
47060904404353 1
56395298468953 0
65729692533553 1
75064086598153 1
84398480662753 1
93732874727353 0
103067268791953 1
112401662856553 1
121736056921153 1
131070450985753 1
140404845050353 1
149739239114953 0
159073633179553 0
168408027244153 1
177742421308753 1
187076815373353 1
196411209437953 1
205745603502553 1
215079997567153 0
224414391631753 1
233748785696353 0
243083179760953 1
252417573825553 1
261751967890153 0
271086361954753 0
280420756019353 0
289755150083953 1
299089544148553 1
308423938213153 1
317758332277753 0
327092726342353 1
336427120406953 1
345761514471553 1
355095908536153 0
364430302600753 0
373764696665353 1
383099090729953 1
392433484794553 0
401767878859153 0
411102272923753 0
420436666988353 0
429771061052953 1
439105455117553 0
448439849182153 0
457774243246753 0
467108637311353 1
476443031375953 1
485777425440553 0
495111819505153 0
504446213569753 1
513780607634353 1
523115001698953 1
532449395763553 1
388934102197 1
9723328166797 1
19057722231397 1
28392116295997 0
37726510360597 1
47060904425197 1
56395298489797 0
65729692554397 1
75064086618997 0
84398480683597 1
93732874748197 0
103067268812797 0
112401662877397 1
121736056941997 1
131070451006597 0
140404845071197 1
149739239135797 0
159073633200397 0
168408027264997 0
177742421329597 0
187076815394197 0
196411209458797 1
205745603523397 1
215079997587997 1
224414391652597 0
233748785717197 0
243083179781797 1
252417573846397 0
261751967910997 1
271086361975597 0
280420756040197 1
289755150104797 1
299089544169397 1
308423938233997 1
317758332298597 0
327092726363197 1
336427120427797 1
345761514492397 1
355095908556997 1
364430302621597 1
373764696686197 1
383099090750797 1
392433484815397 1
401767878879997 1
411102272944597 1
420436667009197 0
429771061073797 1
439105455138397 0
448439849202997 0
457774243267597 1
467108637332197 1
476443031396797 1
485777425461397 0
495111819525997 1
504446213590597 1
513780607655197 1
523115001719797 1
532449395784397 1
388934109193 1
9723328173793 1
19057722238393 1
28392116302993 1
37726510367593 0
47060904432193 1
56395298496793 0
65729692561393 1
75064086625993 1
84398480690593 0
93732874755193 1
103067268819793 0
112401662884393 1
121736056948993 1
131070451013593 0
140404845078193 1
149739239142793 1
159073633207393 1
168408027271993 0
177742421336593 1
187076815401193 1
196411209465793 1
205745603530393 1
215079997594993 0
224414391659593 0
233748785724193 0
243083179788793 1
252417573853393 1
261751967917993 0
271086361982593 0
280420756047193 1
289755150111793 0
299089544176393 1
308423938240993 1
317758332305593 0
327092726370193 1
336427120434793 0
345761514499393 0
355095908563993 0
364430302628593 0
373764696693193 1
383099090757793 1
392433484822393 1
401767878886993 1
411102272951593 0
420436667016193 1
429771061080793 0
439105455145393 0
448439849209993 0
457774243274593 0
467108637339193 0
476443031403793 1
485777425468393 0
495111819532993 1
504446213597593 1
513780607662193 1
523115001726793 0
532449395791393 1
388934116213 1
9723328180813 1
19057722245413 1
28392116310013 1
37726510374613 1
47060904439213 1
56395298503813 0
65729692568413 1
75064086633013 0
84398480697613 1
93732874762213 0
103067268826813 1
112401662891413 1
121736056956013 1
131070451020613 1
140404845085213 1
149739239149813 0
159073633214413 1
168408027279013 0
177742421343613 1
187076815408213 1
196411209472813 0
205745603537413 1
215079997602013 0
224414391666613 0
233748785731213 0
243083179795813 1
252417573860413 0
261751967925013 0
271086361989613 1
280420756054213 1
289755150118813 1
299089544183413 0
308423938248013 1
317758332312613 1
327092726377213 1
336427120441813 0
345761514506413 1
355095908571013 1
364430302635613 0
373764696700213 1
383099090764813 1
392433484829413 1
401767878894013 1
411102272958613 0
420436667023213 1
429771061087813 1
439105455152413 0
448439849217013 0
457774243281613 0
467108637346213 0
476443031410813 1
485777425475413 1
495111819540013 1
504446213604613 0
513780607669213 0
523115001733813 1
532449395798413 1
388934123257 1
9723328187857 1
19057722252457 1
28392116317057 0
37726510381657 1
47060904446257 1
56395298510857 1
65729692575457 1
75064086640057 1
84398480704657 1
93732874769257 0
103067268833857 0
112401662898457 1
121736056963057 1
131070451027657 0
140404845092257 1
149739239156857 0
159073633221457 1
168408027286057 1
177742421350657 0
187076815415257 0
196411209479857 0
205745603544457 1
215079997609057 0
224414391673657 0
233748785738257 1
243083179802857 1
252417573867457 0
261751967932057 0
271086361996657 1
280420756061257 1
289755150125857 0
299089544190457 1
308423938255057 0
317758332319657 0
327092726384257 1
336427120448857 0
345761514513457 0
355095908578057 0
364430302642657 1
373764696707257 1
383099090771857 0
392433484836457 1
401767878901057 0
411102272965657 1
420436667030257 1
429771061094857 1
439105455159457 1
448439849224057 1
457774243288657 0
467108637353257 1
476443031417857 1
485777425482457 0
495111819547057 1
504446213611657 0
513780607676257 0
523115001740857 0
532449395805457 1
388934137417 1
9723328202017 1
19057722266617 1
28392116331217 1
37726510395817 1
47060904460417 1
56395298525017 0
65729692589617 1
75064086654217 1
84398480718817 0
93732874783417 0
103067268848017 0
112401662912617 1
121736056977217 0
131070451041817 1
140404845106417 1
149739239171017 1
159073633235617 1
168408027300217 0
177742421364817 0
187076815429417 1
196411209494017 1
205745603558617 1
215079997623217 0
224414391687817 0
233748785752417 0
243083179817017 1
252417573881617 0
261751967946217 0
271086362010817 1
280420756075417 1
289755150140017 1
299089544204617 1
308423938269217 0
317758332333817 0
327092726398417 1
336427120463017 0
345761514527617 1
355095908592217 0
364430302656817 1
373764696721417 1
383099090786017 1
392433484850617 0
401767878915217 1
411102272979817 0
420436667044417 1
429771061109017 1
439105455173617 0
448439849238217 0
457774243302817 1
467108637367417 1
476443031432017 1
485777425496617 0
495111819561217 1
504446213625817 1
513780607690417 0
523115001755017 0
532449395819617 1
388934151673 1
9723328216273 1
19057722280873 1
28392116345473 1
37726510410073 0
47060904474673 1
56395298539273 0
65729692603873 1
75064086668473 0
84398480733073 1
93732874797673 0
103067268862273 0
112401662926873 1
121736056991473 0
131070451056073 0
140404845120673 1
149739239185273 1
159073633249873 0
168408027314473 1
177742421379073 1
187076815443673 0
196411209508273 1
205745603572873 1
215079997637473 0
224414391702073 1
233748785766673 1
243083179831273 1
252417573895873 1
261751967960473 0
271086362025073 0
280420756089673 1
289755150154273 0
299089544218873 0
308423938283473 1
317758332348073 0
327092726412673 1
336427120477273 0
345761514541873 0
355095908606473 1
364430302671073 1
373764696735673 1
383099090800273 1
392433484864873 1
401767878929473 0
411102272994073 1
420436667058673 0
429771061123273 0
439105455187873 0
448439849252473 0
457774243317073 0
467108637381673 1
476443031446273 1
485777425510873 1
495111819575473 0
504446213640073 0
513780607704673 1
523115001769273 1
532449395833873 1
388934173237 1
9723328237837 1
19057722302437 1
28392116367037 0
37726510431637 0
47060904496237 1
56395298560837 1
65729692625437 1
75064086690037 0
84398480754637 0
93732874819237 0
103067268883837 0
112401662948437 1
121736057013037 1
131070451077637 1
140404845142237 1
149739239206837 1
159073633271437 0
168408027336037 1
177742421400637 1
187076815465237 1
196411209529837 0
205745603594437 1
215079997659037 1
224414391723637 0
233748785788237 1
243083179852837 1
252417573917437 1
261751967982037 1
271086362046637 0
280420756111237 1
289755150175837 0
299089544240437 1
308423938305037 1
317758332369637 0
327092726434237 1
336427120498837 1
345761514563437 1
355095908628037 0
364430302692637 1
373764696757237 1
383099090821837 0
392433484886437 0
401767878951037 0
411102273015637 0
420436667080237 0
429771061144837 0
439105455209437 0
448439849274037 1
457774243338637 0
467108637403237 0
476443031467837 1
485777425532437 0
495111819597037 0
504446213661637 0
513780607726237 1
523115001790837 0
532449395855437 1
388934180473 1
9723328245073 1
19057722309673 1
28392116374273 1
37726510438873 1
47060904503473 1
56395298568073 0
65729692632673 1
75064086697273 0
84398480761873 0
93732874826473 0
103067268891073 1
112401662955673 1
121736057020273 1
131070451084873 0
140404845149473 1
149739239214073 1
159073633278673 1
168408027343273 1
177742421407873 0
187076815472473 0
196411209537073 1
205745603601673 1
215079997666273 1
224414391730873 1
233748785795473 1
243083179860073 1
252417573924673 1
261751967989273 1
271086362053873 1
280420756118473 0
289755150183073 0
299089544247673 0
308423938312273 1
317758332376873 1
327092726441473 1
336427120506073 0
345761514570673 0
355095908635273 1
364430302699873 1
373764696764473 1
383099090829073 0
392433484893673 0
401767878958273 1
411102273022873 0
420436667087473 0
429771061152073 1
439105455216673 1
448439849281273 0
457774243345873 1
467108637410473 0
476443031475073 1
485777425539673 0
495111819604273 0
504446213668873 0
513780607733473 1
523115001798073 1
532449395862673 1
388934187733 1
9723328252333 1
19057722316933 1
28392116381533 1
37726510446133 1
47060904510733 1
56395298575333 1
65729692639933 1
75064086704533 1
84398480769133 1
93732874833733 0
103067268898333 1
112401662962933 1
121736057027533 1
131070451092133 0
140404845156733 1
149739239221333 1
159073633285933 0
168408027350533 1
177742421415133 0
187076815479733 0
196411209544333 0
205745603608933 1
215079997673533 0
224414391738133 1
233748785802733 0
243083179867333 1
252417573931933 1
261751967996533 1
271086362061133 0
280420756125733 0
289755150190333 0
299089544254933 0
308423938319533 1
317758332384133 1
327092726448733 1
336427120513333 0
345761514577933 0
355095908642533 1
364430302707133 1
373764696771733 1
383099090836333 0
392433484900933 0
401767878965533 1
411102273030133 1
420436667094733 0
429771061159333 0
439105455223933 0
448439849288533 1
457774243353133 0
467108637417733 0
476443031482333 1
485777425546933 1
495111819611533 1
504446213676133 0
513780607740733 0
523115001805333 0
532449395869933 1
388934195017 1
9723328259617 1
19057722324217 1
28392116388817 1
37726510453417 1
47060904518017 1
56395298582617 1
65729692647217 1
75064086711817 0
84398480776417 0
93732874841017 0
103067268905617 0
112401662970217 1
121736057034817 0
131070451099417 1
140404845164017 1
149739239228617 1
159073633293217 0
168408027357817 0
177742421422417 0
187076815487017 1
196411209551617 0
205745603616217 1
215079997680817 0
224414391745417 1
233748785810017 1
243083179874617 1
252417573939217 0
261751968003817 0
271086362068417 0
280420756133017 1
289755150197617 1
299089544262217 1
308423938326817 1
317758332391417 1
327092726456017 1
336427120520617 1
345761514585217 0
355095908649817 0
364430302714417 1
373764696779017 1
383099090843617 0
392433484908217 0
401767878972817 1
411102273037417 1
420436667102017 0
429771061166617 1
439105455231217 0
448439849295817 1
457774243360417 0
467108637425017 1
476443031489617 1
485777425554217 0
495111819618817 0
504446213683417 0
513780607748017 0
523115001812617 1
532449395877217 1
388934217013 1
9723328281613 1
19057722346213 1
28392116410813 0
37726510475413 1
47060904540013 1
56395298604613 1
65729692669213 1
75064086733813 0
84398480798413 1
93732874863013 1
103067268927613 1
112401662992213 1
121736057056813 0
131070451121413 1
140404845186013 1
149739239250613 1
159073633315213 1
168408027379813 0
177742421444413 1
187076815509013 1
196411209573613 1
205745603638213 1
215079997702813 0
224414391767413 0
233748785832013 0
243083179896613 1
252417573961213 0
261751968025813 0
271086362090413 0
280420756155013 0
289755150219613 1
299089544284213 0
308423938348813 1
317758332413413 1
327092726478013 1
336427120542613 0
345761514607213 1
355095908671813 1
364430302736413 1
373764696801013 1
383099090865613 1
392433484930213 1
401767878994813 1
411102273059413 1
420436667124013 1
429771061188613 1
439105455253213 0
448439849317813 1
457774243382413 0
467108637447013 1
476443031511613 1
485777425576213 0
495111819640813 0
504446213705413 1
513780607770013 0
523115001834613 0
532449395899213 1
388934231797 1
9723328296397 1
19057722360997 1
28392116425597 1
37726510490197 0
47060904554797 1
56395298619397 0
65729692683997 1
75064086748597 0
84398480813197 0
93732874877797 0
103067268942397 1
112401663006997 1
121736057071597 0
131070451136197 0
140404845200797 1
149739239265397 0
159073633329997 0
168408027394597 1
177742421459197 0
187076815523797 0
196411209588397 1
205745603652997 1
215079997717597 0
224414391782197 0
233748785846797 0
243083179911397 1
252417573975997 1
261751968040597 0
271086362105197 0
280420756169797 1
289755150234397 0
299089544298997 0
308423938363597 0
317758332428197 1
327092726492797 1
336427120557397 1
345761514621997 0
355095908686597 0
364430302751197 0
373764696815797 1
383099090880397 1
392433484944997 0
401767879009597 0
411102273074197 0
420436667138797 1
429771061203397 1
439105455267997 1
448439849332597 1
457774243397197 0
467108637461797 1
476443031526397 1
485777425590997 0
495111819655597 1
504446213720197 1
513780607784797 1
523115001849397 1
532449395913997 1
388934246677 1
9723328311277 1
19057722375877 1
28392116440477 1
37726510505077 0
47060904569677 1
56395298634277 0
65729692698877 1
75064086763477 1
84398480828077 0
93732874892677 0
103067268957277 1
112401663021877 1
121736057086477 1
131070451151077 0
140404845215677 1
149739239280277 0
159073633344877 1
168408027409477 0
177742421474077 0
187076815538677 1
196411209603277 0
205745603667877 1
215079997732477 0
224414391797077 0
233748785861677 0
243083179926277 1
252417573990877 1
261751968055477 0
271086362120077 1
280420756184677 0
289755150249277 1
299089544313877 0
308423938378477 0
317758332443077 1
327092726507677 1
336427120572277 0
345761514636877 0
355095908701477 1
364430302766077 0
373764696830677 1
383099090895277 0
392433484959877 1
401767879024477 1
411102273089077 0
420436667153677 1
429771061218277 1
439105455282877 0
448439849347477 0
457774243412077 1
467108637476677 1
476443031541277 1
485777425605877 1
495111819670477 0
504446213735077 0
513780607799677 1
523115001864277 1
532449395928877 1
388934254153 1
9723328318753 1
19057722383353 1
28392116447953 0
37726510512553 1
47060904577153 1
56395298641753 1
65729692706353 1
75064086770953 1
84398480835553 0
9373287490015